calendar_year,station_name,day_type,hour,average_daily_station_alightings,average_daily_station_boardings,hour_24
2023,22nd Street Station,Sunday/Holiday,3:00 to 4:00 PM,393,450,15
2023,22nd Street Station,Sunday/Holiday,3:00 to 4:00 AM,0,0,3
2023,22nd Street Station,Sunday/Holiday,2:00 to 3:00 PM,363,460,14
2023,22nd Street Station,Sunday/Holiday,2:00 to 3:00 AM,0,0,2
2023,22nd Street Station,Sunday/Holiday,12:00 to 1:00 PM,306,421,12
2023,22nd Street Station,Sunday/Holiday,12:00 to 1:00 AM,67,51,0
2023,22nd Street Station,Sunday/Holiday,11:00 PM to 12:00 AM,163,166,23
2023,22nd Street Station,Sunday/Holiday,11:00 AM to 12:00 PM,251,389,11
2023,22nd Street Station,Sunday/Holiday,10:00 to 11:00 PM,220,213,22
2023,22nd Street Station,Sunday/Holiday,10:00 to 11:00 AM,249,362,10
2023,22nd Street Station,Sunday/Holiday,1:00 to 2:00 PM,364,453,13
2023,22nd Street Station,Sunday/Holiday,1:00 to 2:00 AM,3,2,1
2023,22nd Street Station,Saturday,9:00 to 10:00 PM,369,251,21
2023,22nd Street Station,Saturday,9:00 to 10:00 AM,262,382,9
2023,22nd Street Station,Weekday,1:00 to 2:00 AM,25,22,1
2023,22nd Street Station,Weekday,1:00 to 2:00 PM,452,431,13
2023,22nd Street Station,Weekday,10:00 to 11:00 AM,241,408,10
2023,22nd Street Station,Weekday,10:00 to 11:00 PM,308,262,22
2023,22nd Street Station,Weekday,11:00 AM to 12:00 PM,280,430,11
2023,22nd Street Station,Weekday,11:00 PM to 12:00 AM,204,211,23
2023,22nd Street Station,Weekday,12:00 to 1:00 AM,119,99,0
2023,22nd Street Station,Weekday,12:00 to 1:00 PM,381,436,12
2023,22nd Street Station,Weekday,2:00 to 3:00 AM,0,0,2
2023,22nd Street Station,Weekday,2:00 to 3:00 PM,523,511,14
2023,22nd Street Station,Weekday,3:00 to 4:00 AM,0,0,3
2023,22nd Street Station,Weekday,3:00 to 4:00 PM,771,785,15
2023,22nd Street Station,Weekday,4:00 to 5:00 AM,0,0,4
2023,22nd Street Station,Weekday,4:00 to 5:00 PM,924,1025,16
2023,22nd Street Station,Weekday,5:00 to 6:00 AM,386,256,5
2023,22nd Street Station,Weekday,5:00 to 6:00 PM,1001,962,17
2023,22nd Street Station,Weekday,6:00 to 7:00 AM,874,827,6
2023,22nd Street Station,Weekday,6:00 to 7:00 PM,834,672,18
2023,22nd Street Station,Weekday,7:00 to 8:00 AM,836,1005,7
2023,22nd Street Station,Weekday,7:00 to 8:00 PM,538,385,19
2023,22nd Street Station,Weekday,8:00 to 9:00 AM,582,882,8
2023,22nd Street Station,Weekday,8:00 to 9:00 PM,440,276,20
2023,22nd Street Station,Weekday,9:00 to 10:00 AM,312,589,9
2023,22nd Street Station,Weekday,9:00 to 10:00 PM,437,239,21
2023,22nd Street Station,Saturday,1:00 to 2:00 AM,51,26,1
2023,22nd Street Station,Saturday,1:00 to 2:00 PM,397,475,13
2023,22nd Street Station,Saturday,10:00 to 11:00 AM,253,396,10
2023,22nd Street Station,Saturday,10:00 to 11:00 PM,318,258,22
2023,22nd Street Station,Saturday,11:00 AM to 12:00 PM,292,440,11
2023,22nd Street Station,Saturday,11:00 PM to 12:00 AM,241,226,23
2023,22nd Street Station,Saturday,12:00 to 1:00 AM,162,103,0
2023,22nd Street Station,Saturday,12:00 to 1:00 PM,353,463,12
2023,22nd Street Station,Saturday,2:00 to 3:00 PM,419,519,14
2023,22nd Street Station,Saturday,3:00 to 4:00 PM,469,540,15
2023,22nd Street Station,Saturday,4:00 to 5:00 PM,521,526,16
2023,22nd Street Station,Saturday,5:00 to 6:00 AM,0,0,5
2023,22nd Street Station,Saturday,5:00 to 6:00 PM,524,535,17
2023,22nd Street Station,Saturday,6:00 to 7:00 AM,203,306,6
2023,22nd Street Station,Saturday,6:00 to 7:00 PM,514,438,18
2023,22nd Street Station,Saturday,7:00 to 8:00 AM,304,408,7
2023,22nd Street Station,Saturday,7:00 to 8:00 PM,443,335,19
2023,22nd Street Station,Saturday,8:00 to 9:00 AM,285,402,8
2023,22nd Street Station,Saturday,8:00 to 9:00 PM,368,286,20
2023,22nd Street Station,Sunday/Holiday,4:00 to 5:00 AM,0,0,4
2023,22nd Street Station,Sunday/Holiday,4:00 to 5:00 PM,442,422,16
2023,22nd Street Station,Sunday/Holiday,5:00 to 6:00 AM,11,7,5
2023,22nd Street Station,Sunday/Holiday,5:00 to 6:00 PM,465,391,17
2023,22nd Street Station,Sunday/Holiday,6:00 to 7:00 AM,26,29,6
2023,22nd Street Station,Sunday/Holiday,6:00 to 7:00 PM,459,354,18
2023,22nd Street Station,Sunday/Holiday,7:00 to 8:00 AM,223,326,7
2023,22nd Street Station,Sunday/Holiday,7:00 to 8:00 PM,425,278,19
2023,22nd Street Station,Sunday/Holiday,8:00 to 9:00 AM,244,292,8
2023,22nd Street Station,Sunday/Holiday,8:00 to 9:00 PM,318,240,20
2023,22nd Street Station,Sunday/Holiday,9:00 to 10:00 AM,235,317,9
2023,22nd Street Station,Sunday/Holiday,9:00 to 10:00 PM,287,211,21
2023,29th Avenue Station,Saturday,7:00 to 8:00 PM,375,207,19
2023,29th Avenue Station,Saturday,2:00 to 3:00 PM,364,411,14
2023,29th Avenue Station,Saturday,8:00 to 9:00 AM,126,329,8
2023,29th Avenue Station,Weekday,7:00 to 8:00 PM,439,204,19
2023,29th Avenue Station,Weekday,2:00 to 3:00 PM,381,333,14
2023,29th Avenue Station,Sunday/Holiday,5:00 to 6:00 PM,436,270,17
2023,29th Avenue Station,Saturday,12:00 to 1:00 PM,253,421,12
2023,29th Avenue Station,Sunday/Holiday,3:00 to 4:00 AM,0,0,3
2023,29th Avenue Station,Sunday/Holiday,3:00 to 4:00 PM,378,366,15
2023,29th Avenue Station,Saturday,1:00 to 2:00 PM,307,429,13
2023,29th Avenue Station,Saturday,6:00 to 7:00 AM,36,96,6
2023,29th Avenue Station,Weekday,4:00 to 5:00 PM,766,406,16
2023,29th Avenue Station,Saturday,3:00 to 4:00 PM,413,413,15
2023,29th Avenue Station,Sunday/Holiday,8:00 to 9:00 AM,88,227,8
2023,29th Avenue Station,Saturday,3:00 to 4:00 AM,0,0,3
2023,29th Avenue Station,Saturday,2:00 to 3:00 AM,0,0,2
2023,29th Avenue Station,Weekday,3:00 to 4:00 AM,0,0,3
2023,29th Avenue Station,Weekday,8:00 to 9:00 PM,373,142,20
2023,29th Avenue Station,Saturday,8:00 to 9:00 PM,337,165,20
2023,29th Avenue Station,Sunday/Holiday,6:00 to 7:00 AM,4,13,6
2023,29th Avenue Station,Sunday/Holiday,7:00 to 8:00 AM,49,141,7
2023,29th Avenue Station,Sunday/Holiday,7:00 to 8:00 PM,370,149,19
2023,29th Avenue Station,Saturday,7:00 to 8:00 AM,85,234,7
2023,29th Avenue Station,Sunday/Holiday,11:00 PM to 12:00 AM,157,59,23
2023,29th Avenue Station,Weekday,10:00 to 11:00 AM,164,365,10
2023,29th Avenue Station,Weekday,11:00 AM to 12:00 PM,184,359,11
2023,29th Avenue Station,Saturday,4:00 to 5:00 PM,474,410,16
2023,29th Avenue Station,Saturday,5:00 to 6:00 PM,497,374,17
2023,29th Avenue Station,Saturday,6:00 to 7:00 PM,474,312,18
2023,29th Avenue Station,Saturday,11:00 AM to 12:00 PM,207,418,11
2023,29th Avenue Station,Weekday,9:00 to 10:00 AM,161,519,9
2023,29th Avenue Station,Weekday,2:00 to 3:00 AM,0,0,2
2023,29th Avenue Station,Saturday,11:00 PM to 12:00 AM,226,95,23
2023,29th Avenue Station,Sunday/Holiday,6:00 to 7:00 PM,406,218,18
2023,29th Avenue Station,Sunday/Holiday,9:00 to 10:00 PM,250,105,21
2023,29th Avenue Station,Weekday,1:00 to 2:00 PM,286,336,13
2023,29th Avenue Station,Weekday,1:00 to 2:00 AM,32,4,1
2023,29th Avenue Station,Sunday/Holiday,8:00 to 9:00 PM,279,114,20
2023,29th Avenue Station,Saturday,9:00 to 10:00 AM,158,396,9
2023,29th Avenue Station,Sunday/Holiday,9:00 to 10:00 AM,124,301,9
2023,29th Avenue Station,Sunday/Holiday,1:00 to 2:00 PM,271,384,13
2023,29th Avenue Station,Sunday/Holiday,1:00 to 2:00 AM,2,1,1
2023,29th Avenue Station,Weekday,5:00 to 6:00 AM,26,108,5
2023,29th Avenue Station,Weekday,5:00 to 6:00 PM,852,384,17
2023,29th Avenue Station,Saturday,10:00 to 11:00 AM,187,409,10
2023,29th Avenue Station,Sunday/Holiday,2:00 to 3:00 PM,322,389,14
2023,29th Avenue Station,Weekday,6:00 to 7:00 PM,645,322,18
2023,29th Avenue Station,Saturday,10:00 to 11:00 PM,285,116,22
2023,29th Avenue Station,Saturday,12:00 to 1:00 AM,162,43,0
2023,29th Avenue Station,Weekday,7:00 to 8:00 AM,177,636,7
2023,29th Avenue Station,Saturday,5:00 to 6:00 AM,0,0,5
2023,29th Avenue Station,Weekday,8:00 to 9:00 AM,227,855,8
2023,29th Avenue Station,Sunday/Holiday,4:00 to 5:00 PM,417,336,16
2023,29th Avenue Station,Sunday/Holiday,12:00 to 1:00 AM,60,14,0
2023,29th Avenue Station,Sunday/Holiday,11:00 AM to 12:00 PM,180,385,11
2023,29th Avenue Station,Sunday/Holiday,2:00 to 3:00 AM,0,0,2
2023,29th Avenue Station,Sunday/Holiday,10:00 to 11:00 AM,159,378,10
2023,29th Avenue Station,Weekday,12:00 to 1:00 AM,105,22,0
2023,29th Avenue Station,Weekday,9:00 to 10:00 PM,377,113,21
2023,29th Avenue Station,Sunday/Holiday,5:00 to 6:00 AM,1,3,5
2023,29th Avenue Station,Weekday,6:00 to 7:00 AM,103,468,6
2023,29th Avenue Station,Sunday/Holiday,10:00 to 11:00 PM,200,81,22
2023,29th Avenue Station,Saturday,9:00 to 10:00 PM,330,143,21
2023,29th Avenue Station,Weekday,3:00 to 4:00 PM,580,457,15
2023,29th Avenue Station,Weekday,11:00 PM to 12:00 AM,178,55,23
2023,29th Avenue Station,Weekday,10:00 to 11:00 PM,258,88,22
2023,29th Avenue Station,Saturday,1:00 to 2:00 AM,57,7,1
2023,29th Avenue Station,Weekday,12:00 to 1:00 PM,243,342,12
2023,29th Avenue Station,Sunday/Holiday,12:00 to 1:00 PM,243,391,12
2023,Aberdeen Station,Weekday,5:00 to 6:00 AM,21,22,5
2023,Aberdeen Station,Weekday,5:00 to 6:00 PM,361,383,17
2023,Aberdeen Station,Sunday/Holiday,8:00 to 9:00 AM,90,46,8
2023,Aberdeen Station,Sunday/Holiday,8:00 to 9:00 PM,80,140,20
2023,Aberdeen Station,Sunday/Holiday,9:00 to 10:00 AM,157,83,9
2023,Aberdeen Station,Sunday/Holiday,9:00 to 10:00 PM,58,109,21
2023,Aberdeen Station,Weekday,6:00 to 7:00 AM,98,66,6
2023,Aberdeen Station,Weekday,6:00 to 7:00 PM,275,332,18
2023,Aberdeen Station,Weekday,7:00 to 8:00 AM,143,135,7
2023,Aberdeen Station,Weekday,7:00 to 8:00 PM,147,220,19
2023,Aberdeen Station,Weekday,8:00 to 9:00 AM,222,173,8
2023,Aberdeen Station,Weekday,8:00 to 9:00 PM,90,141,20
2023,Aberdeen Station,Weekday,9:00 to 10:00 AM,235,135,9
2023,Aberdeen Station,Weekday,9:00 to 10:00 PM,62,98,21
2023,Aberdeen Station,Saturday,1:00 to 2:00 AM,6,1,1
2023,Aberdeen Station,Saturday,1:00 to 2:00 PM,382,328,13
2023,Aberdeen Station,Saturday,10:00 to 11:00 AM,310,144,10
2023,Aberdeen Station,Saturday,10:00 to 11:00 PM,59,84,22
2023,Aberdeen Station,Saturday,11:00 AM to 12:00 PM,366,200,11
2023,Aberdeen Station,Saturday,11:00 PM to 12:00 AM,48,42,23
2023,Aberdeen Station,Saturday,12:00 to 1:00 AM,25,21,0
2023,Aberdeen Station,Saturday,12:00 to 1:00 PM,375,276,12
2023,Aberdeen Station,Saturday,2:00 to 3:00 AM,0,0,2
2023,Aberdeen Station,Saturday,2:00 to 3:00 PM,358,380,14
2023,Aberdeen Station,Saturday,3:00 to 4:00 AM,0,0,3
2023,Aberdeen Station,Saturday,3:00 to 4:00 PM,365,406,15
2023,Aberdeen Station,Saturday,4:00 to 5:00 AM,0,2,4
2023,Aberdeen Station,Saturday,4:00 to 5:00 PM,359,405,16
2023,Aberdeen Station,Saturday,5:00 to 6:00 AM,12,16,5
2023,Aberdeen Station,Saturday,5:00 to 6:00 PM,330,376,17
2023,Aberdeen Station,Saturday,6:00 to 7:00 AM,29,31,6
2023,Aberdeen Station,Saturday,6:00 to 7:00 PM,261,352,18
2023,Aberdeen Station,Saturday,7:00 to 8:00 AM,66,46,7
2023,Aberdeen Station,Saturday,7:00 to 8:00 PM,156,261,19
2023,Aberdeen Station,Saturday,8:00 to 9:00 AM,131,64,8
2023,Aberdeen Station,Weekday,1:00 to 2:00 AM,2,1,1
2023,Aberdeen Station,Weekday,1:00 to 2:00 PM,250,256,13
2023,Aberdeen Station,Weekday,10:00 to 11:00 AM,278,130,10
2023,Aberdeen Station,Weekday,10:00 to 11:00 PM,24,31,22
2023,Aberdeen Station,Weekday,11:00 AM to 12:00 PM,260,167,11
2023,Aberdeen Station,Weekday,11:00 PM to 12:00 AM,13,12,23
2023,Aberdeen Station,Weekday,12:00 to 1:00 AM,8,5,0
2023,Aberdeen Station,Weekday,12:00 to 1:00 PM,261,220,12
2023,Aberdeen Station,Saturday,8:00 to 9:00 PM,106,201,20
2023,Aberdeen Station,Saturday,9:00 to 10:00 AM,216,109,9
2023,Aberdeen Station,Saturday,9:00 to 10:00 PM,83,146,21
2023,Aberdeen Station,Sunday/Holiday,1:00 to 2:00 AM,3,1,1
2023,Aberdeen Station,Sunday/Holiday,1:00 to 2:00 PM,331,290,13
2023,Aberdeen Station,Sunday/Holiday,10:00 to 11:00 AM,270,121,10
2023,Aberdeen Station,Sunday/Holiday,10:00 to 11:00 PM,40,60,22
2023,Aberdeen Station,Sunday/Holiday,11:00 AM to 12:00 PM,310,168,11
2023,Aberdeen Station,Sunday/Holiday,11:00 PM to 12:00 AM,25,24,23
2023,Aberdeen Station,Weekday,2:00 to 3:00 AM,0,0,2
2023,Aberdeen Station,Weekday,2:00 to 3:00 PM,268,284,14
2023,Aberdeen Station,Weekday,4:00 to 5:00 PM,350,338,16
2023,Aberdeen Station,Sunday/Holiday,7:00 to 8:00 PM,128,223,19
2023,Aberdeen Station,Weekday,3:00 to 4:00 AM,0,0,3
2023,Aberdeen Station,Weekday,3:00 to 4:00 PM,323,331,15
2023,Aberdeen Station,Sunday/Holiday,12:00 to 1:00 AM,11,13,0
2023,Aberdeen Station,Sunday/Holiday,12:00 to 1:00 PM,325,228,12
2023,Aberdeen Station,Sunday/Holiday,2:00 to 3:00 AM,1,1,2
2023,Aberdeen Station,Sunday/Holiday,7:00 to 8:00 AM,50,43,7
2023,Aberdeen Station,Sunday/Holiday,6:00 to 7:00 PM,192,280,18
2023,Aberdeen Station,Sunday/Holiday,6:00 to 7:00 AM,25,32,6
2023,Aberdeen Station,Sunday/Holiday,5:00 to 6:00 PM,269,297,17
2023,Aberdeen Station,Weekday,4:00 to 5:00 AM,0,2,4
2023,Aberdeen Station,Sunday/Holiday,2:00 to 3:00 PM,312,332,14
2023,Aberdeen Station,Sunday/Holiday,3:00 to 4:00 AM,0,0,3
2023,Aberdeen Station,Sunday/Holiday,3:00 to 4:00 PM,304,343,15
2023,Aberdeen Station,Sunday/Holiday,4:00 to 5:00 AM,0,2,4
2023,Aberdeen Station,Sunday/Holiday,4:00 to 5:00 PM,295,320,16
2023,Aberdeen Station,Sunday/Holiday,5:00 to 6:00 AM,11,14,5
2023,Braid Station,Sunday/Holiday,8:00 to 9:00 AM,100,59,8
2023,Braid Station,Sunday/Holiday,8:00 to 9:00 PM,91,84,20
2023,Braid Station,Sunday/Holiday,9:00 to 10:00 AM,92,84,9
2023,Braid Station,Sunday/Holiday,9:00 to 10:00 PM,76,69,21
2023,Braid Station,Saturday,8:00 to 9:00 AM,122,108,8
2023,Braid Station,Saturday,8:00 to 9:00 PM,107,113,20
2023,Braid Station,Saturday,9:00 to 10:00 AM,116,109,9
2023,Braid Station,Saturday,9:00 to 10:00 PM,96,93,21
2023,Braid Station,Sunday/Holiday,1:00 to 2:00 AM,1,1,1
2023,Braid Station,Sunday/Holiday,1:00 to 2:00 PM,137,127,13
2023,Braid Station,Sunday/Holiday,10:00 to 11:00 AM,105,97,10
2023,Braid Station,Sunday/Holiday,10:00 to 11:00 PM,58,63,22
2023,Braid Station,Sunday/Holiday,11:00 AM to 12:00 PM,100,107,11
2023,Braid Station,Sunday/Holiday,11:00 PM to 12:00 AM,40,35,23
2023,Braid Station,Sunday/Holiday,12:00 to 1:00 AM,20,8,0
2023,Braid Station,Sunday/Holiday,12:00 to 1:00 PM,112,121,12
2023,Braid Station,Sunday/Holiday,2:00 to 3:00 AM,0,0,2
2023,Braid Station,Sunday/Holiday,2:00 to 3:00 PM,133,134,14
2023,Braid Station,Sunday/Holiday,3:00 to 4:00 AM,0,0,3
2023,Braid Station,Sunday/Holiday,3:00 to 4:00 PM,139,145,15
2023,Braid Station,Sunday/Holiday,7:00 to 8:00 PM,159,115,19
2023,Braid Station,Sunday/Holiday,4:00 to 5:00 AM,0,0,4
2023,Braid Station,Sunday/Holiday,7:00 to 8:00 AM,106,118,7
2023,Braid Station,Sunday/Holiday,4:00 to 5:00 PM,132,154,16
2023,Braid Station,Sunday/Holiday,5:00 to 6:00 AM,4,3,5
2023,Braid Station,Sunday/Holiday,5:00 to 6:00 PM,129,165,17
2023,Braid Station,Sunday/Holiday,6:00 to 7:00 AM,14,15,6
2023,Braid Station,Sunday/Holiday,6:00 to 7:00 PM,127,156,18
2023,Braid Station,Weekday,1:00 to 2:00 AM,12,5,1
2023,Braid Station,Weekday,1:00 to 2:00 PM,186,157,13
2023,Braid Station,Weekday,10:00 to 11:00 AM,111,128,10
2023,Braid Station,Weekday,10:00 to 11:00 PM,76,78,22
2023,Braid Station,Weekday,11:00 AM to 12:00 PM,114,145,11
2023,Braid Station,Weekday,11:00 PM to 12:00 AM,51,52,23
2023,Braid Station,Weekday,12:00 to 1:00 AM,30,14,0
2023,Braid Station,Weekday,12:00 to 1:00 PM,144,148,12
2023,Braid Station,Weekday,2:00 to 3:00 AM,0,0,2
2023,Braid Station,Weekday,2:00 to 3:00 PM,185,210,14
2023,Braid Station,Weekday,3:00 to 4:00 AM,0,0,3
2023,Braid Station,Weekday,3:00 to 4:00 PM,262,341,15
2023,Braid Station,Weekday,4:00 to 5:00 AM,0,0,4
2023,Braid Station,Weekday,4:00 to 5:00 PM,324,427,16
2023,Braid Station,Weekday,5:00 to 6:00 AM,137,119,5
2023,Braid Station,Weekday,5:00 to 6:00 PM,319,421,17
2023,Braid Station,Weekday,6:00 to 7:00 AM,407,314,6
2023,Braid Station,Weekday,6:00 to 7:00 PM,257,235,18
2023,Braid Station,Weekday,7:00 to 8:00 AM,371,316,7
2023,Braid Station,Weekday,7:00 to 8:00 PM,209,118,19
2023,Braid Station,Weekday,8:00 to 9:00 AM,250,245,8
2023,Braid Station,Weekday,8:00 to 9:00 PM,116,90,20
2023,Braid Station,Weekday,9:00 to 10:00 AM,138,163,9
2023,Braid Station,Weekday,9:00 to 10:00 PM,109,93,21
2023,Braid Station,Saturday,1:00 to 2:00 AM,24,9,1
2023,Braid Station,Saturday,1:00 to 2:00 PM,165,167,13
2023,Braid Station,Saturday,10:00 to 11:00 AM,115,119,10
2023,Braid Station,Saturday,10:00 to 11:00 PM,85,83,22
2023,Braid Station,Saturday,11:00 AM to 12:00 PM,124,129,11
2023,Braid Station,Saturday,11:00 PM to 12:00 AM,62,53,23
2023,Braid Station,Saturday,12:00 to 1:00 AM,41,19,0
2023,Braid Station,Saturday,12:00 to 1:00 PM,143,143,12
2023,Braid Station,Saturday,2:00 to 3:00 AM,0,0,2
2023,Braid Station,Saturday,2:00 to 3:00 PM,170,169,14
2023,Braid Station,Saturday,3:00 to 4:00 PM,182,201,15
2023,Braid Station,Saturday,4:00 to 5:00 AM,0,0,4
2023,Braid Station,Saturday,4:00 to 5:00 PM,178,200,16
2023,Braid Station,Saturday,5:00 to 6:00 AM,0,0,5
2023,Braid Station,Saturday,5:00 to 6:00 PM,163,236,17
2023,Braid Station,Saturday,6:00 to 7:00 AM,105,126,6
2023,Braid Station,Saturday,6:00 to 7:00 PM,153,202,18
2023,Braid Station,Saturday,7:00 to 8:00 AM,115,102,7
2023,Braid Station,Saturday,7:00 to 8:00 PM,178,125,19
2023,Brentwood Town Centre Station,Saturday,2:00 to 3:00 AM,0,0,2
2023,Brentwood Town Centre Station,Saturday,12:00 to 1:00 PM,321,335,12
2023,Brentwood Town Centre Station,Saturday,12:00 to 1:00 AM,89,86,0
2023,Brentwood Town Centre Station,Saturday,11:00 PM to 12:00 AM,153,126,23
2023,Brentwood Town Centre Station,Saturday,11:00 AM to 12:00 PM,280,280,11
2023,Brentwood Town Centre Station,Saturday,10:00 to 11:00 PM,191,168,22
2023,Brentwood Town Centre Station,Saturday,10:00 to 11:00 AM,245,230,10
2023,Brentwood Town Centre Station,Saturday,1:00 to 2:00 PM,367,363,13
2023,Brentwood Town Centre Station,Saturday,1:00 to 2:00 AM,39,28,1
2023,Brentwood Town Centre Station,Weekday,9:00 to 10:00 PM,215,200,21
2023,Brentwood Town Centre Station,Weekday,9:00 to 10:00 AM,344,311,9
2023,Brentwood Town Centre Station,Weekday,8:00 to 9:00 PM,255,223,20
2023,Brentwood Town Centre Station,Weekday,8:00 to 9:00 AM,540,576,8
2023,Brentwood Town Centre Station,Weekday,7:00 to 8:00 PM,338,291,19
2023,Brentwood Town Centre Station,Weekday,7:00 to 8:00 AM,483,461,7
2023,Brentwood Town Centre Station,Weekday,6:00 to 7:00 PM,566,436,18
2023,Brentwood Town Centre Station,Weekday,6:00 to 7:00 AM,374,241,6
2023,Brentwood Town Centre Station,Weekday,5:00 to 6:00 PM,809,655,17
2023,Brentwood Town Centre Station,Weekday,5:00 to 6:00 AM,56,64,5
2023,Brentwood Town Centre Station,Weekday,4:00 to 5:00 PM,640,721,16
2023,Brentwood Town Centre Station,Weekday,4:00 to 5:00 AM,0,0,4
2023,Brentwood Town Centre Station,Weekday,3:00 to 4:00 PM,503,600,15
2023,Brentwood Town Centre Station,Weekday,3:00 to 4:00 AM,0,0,3
2023,Brentwood Town Centre Station,Weekday,2:00 to 3:00 PM,368,419,14
2023,Brentwood Town Centre Station,Weekday,2:00 to 3:00 AM,0,0,2
2023,Brentwood Town Centre Station,Weekday,12:00 to 1:00 PM,297,308,12
2023,Brentwood Town Centre Station,Weekday,12:00 to 1:00 AM,48,46,0
2023,Brentwood Town Centre Station,Weekday,11:00 PM to 12:00 AM,103,86,23
2023,Brentwood Town Centre Station,Weekday,11:00 AM to 12:00 PM,256,254,11
2023,Brentwood Town Centre Station,Weekday,10:00 to 11:00 PM,162,130,22
2023,Brentwood Town Centre Station,Weekday,10:00 to 11:00 AM,260,224,10
2023,Brentwood Town Centre Station,Weekday,1:00 to 2:00 PM,307,331,13
2023,Brentwood Town Centre Station,Weekday,1:00 to 2:00 AM,15,10,1
2023,Brentwood Town Centre Station,Sunday/Holiday,9:00 to 10:00 PM,149,141,21
2023,Brentwood Town Centre Station,Sunday/Holiday,9:00 to 10:00 AM,153,162,9
2023,Brentwood Town Centre Station,Sunday/Holiday,8:00 to 9:00 PM,185,162,20
2023,Brentwood Town Centre Station,Sunday/Holiday,8:00 to 9:00 AM,104,118,8
2023,Brentwood Town Centre Station,Sunday/Holiday,7:00 to 8:00 PM,245,226,19
2023,Brentwood Town Centre Station,Sunday/Holiday,7:00 to 8:00 AM,62,74,7
2023,Brentwood Town Centre Station,Sunday/Holiday,6:00 to 7:00 PM,298,268,18
2023,Brentwood Town Centre Station,Sunday/Holiday,6:00 to 7:00 AM,7,6,6
2023,Brentwood Town Centre Station,Sunday/Holiday,5:00 to 6:00 PM,343,304,17
2023,Brentwood Town Centre Station,Sunday/Holiday,5:00 to 6:00 AM,2,2,5
2023,Brentwood Town Centre Station,Sunday/Holiday,4:00 to 5:00 PM,362,337,16
2023,Brentwood Town Centre Station,Sunday/Holiday,3:00 to 4:00 PM,352,339,15
2023,Brentwood Town Centre Station,Sunday/Holiday,2:00 to 3:00 PM,342,315,14
2023,Brentwood Town Centre Station,Sunday/Holiday,2:00 to 3:00 AM,0,0,2
2023,Brentwood Town Centre Station,Sunday/Holiday,12:00 to 1:00 PM,268,269,12
2023,Brentwood Town Centre Station,Sunday/Holiday,12:00 to 1:00 AM,33,25,0
2023,Brentwood Town Centre Station,Sunday/Holiday,11:00 PM to 12:00 AM,81,77,23
2023,Brentwood Town Centre Station,Sunday/Holiday,11:00 AM to 12:00 PM,250,237,11
2023,Brentwood Town Centre Station,Sunday/Holiday,10:00 to 11:00 PM,118,106,22
2023,Brentwood Town Centre Station,Sunday/Holiday,10:00 to 11:00 AM,208,201,10
2023,Brentwood Town Centre Station,Sunday/Holiday,1:00 to 2:00 PM,323,301,13
2023,Brentwood Town Centre Station,Sunday/Holiday,1:00 to 2:00 AM,2,1,1
2023,Brentwood Town Centre Station,Saturday,9:00 to 10:00 PM,214,222,21
2023,Brentwood Town Centre Station,Saturday,9:00 to 10:00 AM,207,201,9
2023,Brentwood Town Centre Station,Saturday,8:00 to 9:00 PM,248,244,20
2023,Brentwood Town Centre Station,Saturday,8:00 to 9:00 AM,195,159,8
2023,Brentwood Town Centre Station,Saturday,7:00 to 8:00 PM,330,278,19
2023,Brentwood Town Centre Station,Saturday,7:00 to 8:00 AM,114,105,7
2023,Brentwood Town Centre Station,Saturday,6:00 to 7:00 PM,398,365,18
2023,Brentwood Town Centre Station,Saturday,6:00 to 7:00 AM,39,56,6
2023,Brentwood Town Centre Station,Saturday,5:00 to 6:00 PM,451,409,17
2023,Brentwood Town Centre Station,Saturday,4:00 to 5:00 PM,456,429,16
2023,Brentwood Town Centre Station,Saturday,3:00 to 4:00 PM,419,426,15
2023,Brentwood Town Centre Station,Saturday,2:00 to 3:00 PM,384,401,14
2023,Bridgeport Station,Saturday,4:00 to 5:00 AM,1,7,4
2023,Bridgeport Station,Saturday,4:00 to 5:00 PM,606,582,16
2023,Bridgeport Station,Saturday,5:00 to 6:00 AM,84,59,5
2023,Bridgeport Station,Saturday,5:00 to 6:00 PM,696,603,17
2023,Bridgeport Station,Saturday,6:00 to 7:00 AM,121,135,6
2023,Bridgeport Station,Saturday,6:00 to 7:00 PM,638,495,18
2023,Bridgeport Station,Saturday,7:00 to 8:00 AM,256,206,7
2023,Bridgeport Station,Saturday,7:00 to 8:00 PM,590,401,19
2023,Bridgeport Station,Saturday,8:00 to 9:00 AM,270,264,8
2023,Bridgeport Station,Saturday,8:00 to 9:00 PM,443,342,20
2023,Bridgeport Station,Saturday,9:00 to 10:00 AM,323,423,9
2023,Bridgeport Station,Saturday,9:00 to 10:00 PM,342,444,21
2023,Bridgeport Station,Sunday/Holiday,1:00 to 2:00 AM,23,6,1
2023,Bridgeport Station,Sunday/Holiday,1:00 to 2:00 PM,495,495,13
2023,Bridgeport Station,Sunday/Holiday,10:00 to 11:00 AM,338,408,10
2023,Bridgeport Station,Sunday/Holiday,10:00 to 11:00 PM,184,292,22
2023,Bridgeport Station,Sunday/Holiday,11:00 AM to 12:00 PM,405,504,11
2023,Bridgeport Station,Sunday/Holiday,11:00 PM to 12:00 AM,150,188,23
2023,Bridgeport Station,Sunday/Holiday,12:00 to 1:00 AM,75,59,0
2023,Bridgeport Station,Sunday/Holiday,12:00 to 1:00 PM,441,425,12
2023,Bridgeport Station,Sunday/Holiday,2:00 to 3:00 AM,1,0,2
2023,Bridgeport Station,Sunday/Holiday,2:00 to 3:00 PM,522,445,14
2023,Bridgeport Station,Sunday/Holiday,3:00 to 4:00 AM,0,0,3
2023,Bridgeport Station,Sunday/Holiday,3:00 to 4:00 PM,586,514,15
2023,Bridgeport Station,Sunday/Holiday,4:00 to 5:00 AM,1,4,4
2023,Bridgeport Station,Sunday/Holiday,4:00 to 5:00 PM,554,462,16
2023,Bridgeport Station,Sunday/Holiday,5:00 to 6:00 AM,74,56,5
2023,Bridgeport Station,Sunday/Holiday,5:00 to 6:00 PM,568,488,17
2023,Bridgeport Station,Sunday/Holiday,6:00 to 7:00 AM,91,133,6
2023,Bridgeport Station,Sunday/Holiday,6:00 to 7:00 PM,526,406,18
2023,Bridgeport Station,Sunday/Holiday,7:00 to 8:00 AM,200,170,7
2023,Bridgeport Station,Sunday/Holiday,7:00 to 8:00 PM,487,368,19
2023,Bridgeport Station,Sunday/Holiday,8:00 to 9:00 AM,215,206,8
2023,Bridgeport Station,Sunday/Holiday,8:00 to 9:00 PM,324,318,20
2023,Bridgeport Station,Sunday/Holiday,9:00 to 10:00 AM,290,347,9
2023,Bridgeport Station,Sunday/Holiday,9:00 to 10:00 PM,248,383,21
2023,Bridgeport Station,Saturday,3:00 to 4:00 PM,619,613,15
2023,Bridgeport Station,Saturday,3:00 to 4:00 AM,0,0,3
2023,Bridgeport Station,Saturday,2:00 to 3:00 PM,542,551,14
2023,Bridgeport Station,Saturday,2:00 to 3:00 AM,1,1,2
2023,Bridgeport Station,Saturday,12:00 to 1:00 PM,451,496,12
2023,Bridgeport Station,Saturday,12:00 to 1:00 AM,161,89,0
2023,Bridgeport Station,Saturday,11:00 PM to 12:00 AM,305,283,23
2023,Bridgeport Station,Saturday,11:00 AM to 12:00 PM,436,602,11
2023,Bridgeport Station,Saturday,10:00 to 11:00 PM,360,335,22
2023,Bridgeport Station,Saturday,10:00 to 11:00 AM,343,461,10
2023,Bridgeport Station,Saturday,1:00 to 2:00 PM,493,597,13
2023,Bridgeport Station,Saturday,1:00 to 2:00 AM,61,8,1
2023,Bridgeport Station,Weekday,9:00 to 10:00 PM,407,254,21
2023,Bridgeport Station,Weekday,9:00 to 10:00 AM,309,625,9
2023,Bridgeport Station,Weekday,8:00 to 9:00 PM,369,225,20
2023,Bridgeport Station,Weekday,8:00 to 9:00 AM,405,1070,8
2023,Bridgeport Station,Weekday,7:00 to 8:00 PM,514,316,19
2023,Bridgeport Station,Weekday,7:00 to 8:00 AM,439,1057,7
2023,Bridgeport Station,Weekday,6:00 to 7:00 PM,816,452,18
2023,Bridgeport Station,Weekday,6:00 to 7:00 AM,273,533,6
2023,Bridgeport Station,Weekday,5:00 to 6:00 PM,1224,668,17
2023,Bridgeport Station,Weekday,5:00 to 6:00 AM,116,215,5
2023,Bridgeport Station,Weekday,4:00 to 5:00 PM,1090,648,16
2023,Bridgeport Station,Weekday,4:00 to 5:00 AM,1,14,4
2023,Bridgeport Station,Weekday,3:00 to 4:00 PM,828,536,15
2023,Bridgeport Station,Weekday,3:00 to 4:00 AM,0,0,3
2023,Bridgeport Station,Weekday,2:00 to 3:00 PM,565,431,14
2023,Bridgeport Station,Weekday,2:00 to 3:00 AM,1,1,2
2023,Bridgeport Station,Weekday,12:00 to 1:00 PM,397,391,12
2023,Bridgeport Station,Weekday,12:00 to 1:00 AM,148,66,0
2023,Bridgeport Station,Weekday,11:00 PM to 12:00 AM,286,171,23
2023,Bridgeport Station,Weekday,11:00 AM to 12:00 PM,334,481,11
2023,Bridgeport Station,Weekday,10:00 to 11:00 PM,417,261,22
2023,Bridgeport Station,Weekday,10:00 to 11:00 AM,287,463,10
2023,Bridgeport Station,Weekday,1:00 to 2:00 PM,449,436,13
2023,Bridgeport Station,Weekday,1:00 to 2:00 AM,44,6,1
2023,Broadway-City Hall Station,Weekday,6:00 to 7:00 PM,692,777,18
2023,Broadway-City Hall Station,Weekday,7:00 to 8:00 AM,762,512,7
2023,Broadway-City Hall Station,Weekday,7:00 to 8:00 PM,421,522,19
2023,Broadway-City Hall Station,Weekday,8:00 to 9:00 AM,1146,678,8
2023,Broadway-City Hall Station,Weekday,8:00 to 9:00 PM,301,367,20
2023,Broadway-City Hall Station,Weekday,9:00 to 10:00 AM,733,474,9
2023,Broadway-City Hall Station,Weekday,9:00 to 10:00 PM,267,305,21
2023,Broadway-City Hall Station,Saturday,1:00 to 2:00 AM,35,13,1
2023,Broadway-City Hall Station,Saturday,1:00 to 2:00 PM,608,611,13
2023,Broadway-City Hall Station,Saturday,10:00 to 11:00 AM,437,382,10
2023,Broadway-City Hall Station,Saturday,10:00 to 11:00 PM,236,211,22
2023,Broadway-City Hall Station,Saturday,11:00 AM to 12:00 PM,504,481,11
2023,Broadway-City Hall Station,Saturday,11:00 PM to 12:00 AM,170,144,23
2023,Broadway-City Hall Station,Saturday,12:00 to 1:00 AM,114,71,0
2023,Broadway-City Hall Station,Saturday,12:00 to 1:00 PM,544,540,12
2023,Broadway-City Hall Station,Saturday,2:00 to 3:00 AM,1,1,2
2023,Broadway-City Hall Station,Saturday,2:00 to 3:00 PM,608,650,14
2023,Broadway-City Hall Station,Saturday,3:00 to 4:00 AM,0,0,3
2023,Broadway-City Hall Station,Saturday,3:00 to 4:00 PM,631,717,15
2023,Broadway-City Hall Station,Saturday,4:00 to 5:00 AM,2,10,4
2023,Broadway-City Hall Station,Saturday,4:00 to 5:00 PM,637,688,16
2023,Broadway-City Hall Station,Saturday,5:00 to 6:00 AM,43,56,5
2023,Broadway-City Hall Station,Saturday,5:00 to 6:00 PM,578,636,17
2023,Broadway-City Hall Station,Saturday,6:00 to 7:00 AM,143,109,6
2023,Broadway-City Hall Station,Saturday,6:00 to 7:00 PM,520,547,18
2023,Broadway-City Hall Station,Saturday,7:00 to 8:00 AM,186,172,7
2023,Broadway-City Hall Station,Saturday,7:00 to 8:00 PM,371,420,19
2023,Broadway-City Hall Station,Saturday,8:00 to 9:00 AM,289,206,8
2023,Broadway-City Hall Station,Saturday,8:00 to 9:00 PM,290,309,20
2023,Broadway-City Hall Station,Saturday,9:00 to 10:00 AM,413,311,9
2023,Broadway-City Hall Station,Saturday,9:00 to 10:00 PM,268,273,21
2023,Broadway-City Hall Station,Sunday/Holiday,1:00 to 2:00 AM,17,7,1
2023,Broadway-City Hall Station,Sunday/Holiday,1:00 to 2:00 PM,514,513,13
2023,Broadway-City Hall Station,Sunday/Holiday,10:00 to 11:00 AM,374,313,10
2023,Broadway-City Hall Station,Sunday/Holiday,10:00 to 11:00 PM,168,149,22
2023,Broadway-City Hall Station,Sunday/Holiday,11:00 AM to 12:00 PM,405,398,11
2023,Broadway-City Hall Station,Sunday/Holiday,11:00 PM to 12:00 AM,106,80,23
2023,Broadway-City Hall Station,Sunday/Holiday,12:00 to 1:00 AM,61,33,0
2023,Broadway-City Hall Station,Sunday/Holiday,12:00 to 1:00 PM,453,459,12
2023,Broadway-City Hall Station,Sunday/Holiday,2:00 to 3:00 AM,0,1,2
2023,Broadway-City Hall Station,Sunday/Holiday,2:00 to 3:00 PM,530,541,14
2023,Broadway-City Hall Station,Sunday/Holiday,3:00 to 4:00 AM,1,1,3
2023,Broadway-City Hall Station,Sunday/Holiday,3:00 to 4:00 PM,556,583,15
2023,Broadway-City Hall Station,Sunday/Holiday,4:00 to 5:00 AM,1,8,4
2023,Broadway-City Hall Station,Sunday/Holiday,4:00 to 5:00 PM,547,535,16
2023,Broadway-City Hall Station,Sunday/Holiday,5:00 to 6:00 AM,38,44,5
2023,Broadway-City Hall Station,Sunday/Holiday,5:00 to 6:00 PM,507,496,17
2023,Broadway-City Hall Station,Sunday/Holiday,6:00 to 7:00 AM,121,97,6
2023,Broadway-City Hall Station,Sunday/Holiday,6:00 to 7:00 PM,441,409,18
2023,Broadway-City Hall Station,Sunday/Holiday,7:00 to 8:00 AM,142,149,7
2023,Broadway-City Hall Station,Sunday/Holiday,7:00 to 8:00 PM,323,321,19
2023,Broadway-City Hall Station,Sunday/Holiday,8:00 to 9:00 AM,188,160,8
2023,Broadway-City Hall Station,Sunday/Holiday,8:00 to 9:00 PM,239,251,20
2023,Broadway-City Hall Station,Sunday/Holiday,9:00 to 10:00 AM,275,228,9
2023,Broadway-City Hall Station,Sunday/Holiday,9:00 to 10:00 PM,220,205,21
2023,Broadway-City Hall Station,Weekday,6:00 to 7:00 AM,327,276,6
2023,Broadway-City Hall Station,Weekday,5:00 to 6:00 PM,957,1259,17
2023,Broadway-City Hall Station,Weekday,5:00 to 6:00 AM,83,79,5
2023,Broadway-City Hall Station,Weekday,4:00 to 5:00 PM,893,1317,16
2023,Broadway-City Hall Station,Weekday,4:00 to 5:00 AM,2,11,4
2023,Broadway-City Hall Station,Weekday,3:00 to 4:00 PM,746,973,15
2023,Broadway-City Hall Station,Weekday,3:00 to 4:00 AM,0,0,3
2023,Broadway-City Hall Station,Weekday,2:00 to 3:00 PM,623,686,14
2023,Broadway-City Hall Station,Weekday,2:00 to 3:00 AM,1,1,2
2023,Broadway-City Hall Station,Weekday,12:00 to 1:00 PM,570,531,12
2023,Broadway-City Hall Station,Weekday,12:00 to 1:00 AM,67,42,0
2023,Broadway-City Hall Station,Weekday,11:00 PM to 12:00 AM,115,116,23
2023,Broadway-City Hall Station,Weekday,11:00 AM to 12:00 PM,498,467,11
2023,Broadway-City Hall Station,Weekday,10:00 to 11:00 PM,184,199,22
2023,Broadway-City Hall Station,Weekday,10:00 to 11:00 AM,539,415,10
2023,Broadway-City Hall Station,Weekday,1:00 to 2:00 PM,599,565,13
2023,Broadway-City Hall Station,Weekday,1:00 to 2:00 AM,18,9,1
2023,Burquitlam Station,Saturday,6:00 to 7:00 AM,12,51,6
2023,Burquitlam Station,Saturday,5:00 to 6:00 PM,286,225,17
2023,Burquitlam Station,Saturday,5:00 to 6:00 AM,0,2,5
2023,Burquitlam Station,Saturday,4:00 to 5:00 PM,271,237,16
2023,Burquitlam Station,Saturday,4:00 to 5:00 AM,0,1,4
2023,Burquitlam Station,Saturday,3:00 to 4:00 PM,238,250,15
2023,Burquitlam Station,Saturday,3:00 to 4:00 AM,0,1,3
2023,Burquitlam Station,Saturday,2:00 to 3:00 PM,206,282,14
2023,Burquitlam Station,Saturday,2:00 to 3:00 AM,0,1,2
2023,Burquitlam Station,Saturday,12:00 to 1:00 PM,147,255,12
2023,Burquitlam Station,Saturday,12:00 to 1:00 AM,95,18,0
2023,Burquitlam Station,Saturday,11:00 PM to 12:00 AM,137,38,23
2023,Burquitlam Station,Saturday,11:00 AM to 12:00 PM,120,243,11
2023,Burquitlam Station,Saturday,10:00 to 11:00 AM,93,226,10
2023,Burquitlam Station,Saturday,1:00 to 2:00 PM,176,300,13
2023,Burquitlam Station,Saturday,1:00 to 2:00 AM,48,5,1
2023,Burquitlam Station,Weekday,9:00 to 10:00 PM,210,64,21
2023,Burquitlam Station,Weekday,9:00 to 10:00 AM,155,277,9
2023,Burquitlam Station,Weekday,8:00 to 9:00 PM,217,84,20
2023,Burquitlam Station,Weekday,8:00 to 9:00 AM,191,459,8
2023,Burquitlam Station,Weekday,7:00 to 8:00 PM,288,135,19
2023,Burquitlam Station,Weekday,7:00 to 8:00 AM,189,470,7
2023,Burquitlam Station,Weekday,6:00 to 7:00 PM,433,225,18
2023,Burquitlam Station,Weekday,6:00 to 7:00 AM,382,265,6
2023,Burquitlam Station,Weekday,5:00 to 6:00 PM,541,400,17
2023,Burquitlam Station,Weekday,5:00 to 6:00 AM,18,108,5
2023,Burquitlam Station,Saturday,6:00 to 7:00 PM,273,179,18
2023,Burquitlam Station,Saturday,7:00 to 8:00 AM,66,116,7
2023,Burquitlam Station,Saturday,7:00 to 8:00 PM,241,126,19
2023,Burquitlam Station,Saturday,8:00 to 9:00 AM,132,179,8
2023,Burquitlam Station,Saturday,8:00 to 9:00 PM,195,96,20
2023,Burquitlam Station,Saturday,9:00 to 10:00 AM,88,206,9
2023,Burquitlam Station,Saturday,9:00 to 10:00 PM,178,80,21
2023,Burquitlam Station,Sunday/Holiday,1:00 to 2:00 AM,2,1,1
2023,Burquitlam Station,Sunday/Holiday,1:00 to 2:00 PM,151,218,13
2023,Burquitlam Station,Sunday/Holiday,10:00 to 11:00 AM,83,201,10
2023,Burquitlam Station,Sunday/Holiday,10:00 to 11:00 PM,109,41,22
2023,Burquitlam Station,Sunday/Holiday,11:00 AM to 12:00 PM,101,205,11
2023,Burquitlam Station,Sunday/Holiday,11:00 PM to 12:00 AM,85,21,23
2023,Burquitlam Station,Sunday/Holiday,12:00 to 1:00 AM,39,7,0
2023,Burquitlam Station,Sunday/Holiday,12:00 to 1:00 PM,124,216,12
2023,Burquitlam Station,Sunday/Holiday,2:00 to 3:00 AM,0,0,2
2023,Burquitlam Station,Sunday/Holiday,2:00 to 3:00 PM,176,210,14
2023,Burquitlam Station,Sunday/Holiday,3:00 to 4:00 AM,0,0,3
2023,Burquitlam Station,Sunday/Holiday,3:00 to 4:00 PM,208,196,15
2023,Burquitlam Station,Sunday/Holiday,4:00 to 5:00 AM,0,0,4
2023,Burquitlam Station,Sunday/Holiday,4:00 to 5:00 PM,224,177,16
2023,Burquitlam Station,Sunday/Holiday,5:00 to 6:00 AM,0,2,5
2023,Burquitlam Station,Sunday/Holiday,5:00 to 6:00 PM,242,152,17
2023,Burquitlam Station,Sunday/Holiday,6:00 to 7:00 AM,3,12,6
2023,Burquitlam Station,Sunday/Holiday,6:00 to 7:00 PM,238,121,18
2023,Burquitlam Station,Saturday,10:00 to 11:00 PM,169,59,22
2023,Burquitlam Station,Weekday,4:00 to 5:00 PM,449,384,16
2023,Burquitlam Station,Weekday,4:00 to 5:00 AM,0,0,4
2023,Burquitlam Station,Weekday,3:00 to 4:00 PM,371,461,15
2023,Burquitlam Station,Weekday,3:00 to 4:00 AM,0,0,3
2023,Burquitlam Station,Weekday,2:00 to 3:00 PM,237,277,14
2023,Burquitlam Station,Weekday,2:00 to 3:00 AM,0,0,2
2023,Burquitlam Station,Weekday,12:00 to 1:00 PM,172,228,12
2023,Burquitlam Station,Weekday,12:00 to 1:00 AM,52,9,0
2023,Burquitlam Station,Weekday,11:00 PM to 12:00 AM,103,24,23
2023,Burquitlam Station,Weekday,11:00 AM to 12:00 PM,153,217,11
2023,Burquitlam Station,Weekday,10:00 to 11:00 PM,150,44,22
2023,Burquitlam Station,Weekday,10:00 to 11:00 AM,143,214,10
2023,Burquitlam Station,Weekday,1:00 to 2:00 PM,203,232,13
2023,Burquitlam Station,Weekday,1:00 to 2:00 AM,22,3,1
2023,Burquitlam Station,Sunday/Holiday,7:00 to 8:00 AM,22,78,7
2023,Burquitlam Station,Sunday/Holiday,7:00 to 8:00 PM,204,87,19
2023,Burquitlam Station,Sunday/Holiday,8:00 to 9:00 AM,47,109,8
2023,Burquitlam Station,Sunday/Holiday,8:00 to 9:00 PM,163,72,20
2023,Burquitlam Station,Sunday/Holiday,9:00 to 10:00 AM,59,167,9
2023,Burquitlam Station,Sunday/Holiday,9:00 to 10:00 PM,136,57,21
2023,Burrard Station,Sunday/Holiday,10:00 to 11:00 AM,733,276,10
2023,Burrard Station,Sunday/Holiday,10:00 to 11:00 PM,214,535,22
2023,Burrard Station,Sunday/Holiday,11:00 AM to 12:00 PM,714,331,11
2023,Burrard Station,Sunday/Holiday,11:00 PM to 12:00 AM,134,430,23
2023,Burrard Station,Sunday/Holiday,12:00 to 1:00 AM,33,104,0
2023,Burrard Station,Sunday/Holiday,12:00 to 1:00 PM,682,429,12
2023,Burrard Station,Sunday/Holiday,2:00 to 3:00 AM,1,0,2
2023,Burrard Station,Sunday/Holiday,2:00 to 3:00 PM,821,587,14
2023,Burrard Station,Sunday/Holiday,3:00 to 4:00 AM,0,0,3
2023,Burrard Station,Sunday/Holiday,3:00 to 4:00 PM,784,753,15
2023,Burrard Station,Sunday/Holiday,4:00 to 5:00 AM,0,0,4
2023,Burrard Station,Sunday/Holiday,4:00 to 5:00 PM,699,910,16
2023,Burrard Station,Sunday/Holiday,5:00 to 6:00 AM,8,3,5
2023,Burrard Station,Sunday/Holiday,5:00 to 6:00 PM,584,1002,17
2023,Burrard Station,Sunday/Holiday,6:00 to 7:00 AM,36,10,6
2023,Burrard Station,Sunday/Holiday,6:00 to 7:00 PM,503,877,18
2023,Burrard Station,Sunday/Holiday,7:00 to 8:00 AM,464,168,7
2023,Burrard Station,Sunday/Holiday,7:00 to 8:00 PM,365,737,19
2023,Burrard Station,Sunday/Holiday,8:00 to 9:00 AM,686,191,8
2023,Burrard Station,Sunday/Holiday,8:00 to 9:00 PM,255,639,20
2023,Burrard Station,Sunday/Holiday,9:00 to 10:00 AM,594,204,9
2023,Burrard Station,Sunday/Holiday,9:00 to 10:00 PM,231,609,21
2023,Burrard Station,Sunday/Holiday,1:00 to 2:00 PM,752,473,13
2023,Burrard Station,Sunday/Holiday,1:00 to 2:00 AM,2,4,1
2023,Burrard Station,Saturday,9:00 to 10:00 PM,479,787,21
2023,Burrard Station,Saturday,9:00 to 10:00 AM,777,244,9
2023,Burrard Station,Saturday,8:00 to 9:00 PM,517,779,20
2023,Burrard Station,Saturday,8:00 to 9:00 AM,795,234,8
2023,Burrard Station,Saturday,7:00 to 8:00 PM,656,828,19
2023,Burrard Station,Saturday,7:00 to 8:00 AM,665,233,7
2023,Burrard Station,Saturday,6:00 to 7:00 PM,807,1005,18
2023,Burrard Station,Saturday,6:00 to 7:00 AM,280,80,6
2023,Burrard Station,Saturday,5:00 to 6:00 PM,862,1154,17
2023,Burrard Station,Weekday,12:00 to 1:00 AM,54,281,0
2023,Burrard Station,Weekday,1:00 to 2:00 AM,12,40,1
2023,Burrard Station,Weekday,1:00 to 2:00 PM,785,675,13
2023,Burrard Station,Weekday,10:00 to 11:00 AM,938,325,10
2023,Burrard Station,Weekday,10:00 to 11:00 PM,250,641,22
2023,Burrard Station,Weekday,11:00 AM to 12:00 PM,850,443,11
2023,Burrard Station,Weekday,11:00 PM to 12:00 AM,142,539,23
2023,Burrard Station,Weekday,12:00 to 1:00 PM,759,554,12
2023,Burrard Station,Weekday,2:00 to 3:00 AM,1,1,2
2023,Burrard Station,Weekday,2:00 to 3:00 PM,906,1035,14
2023,Burrard Station,Weekday,3:00 to 4:00 AM,0,0,3
2023,Burrard Station,Weekday,3:00 to 4:00 PM,923,1749,15
2023,Burrard Station,Weekday,4:00 to 5:00 AM,0,0,4
2023,Burrard Station,Weekday,4:00 to 5:00 PM,1102,2950,16
2023,Burrard Station,Weekday,5:00 to 6:00 AM,267,133,5
2023,Burrard Station,Weekday,5:00 to 6:00 PM,1056,3024,17
2023,Burrard Station,Weekday,6:00 to 7:00 AM,1192,334,6
2023,Burrard Station,Weekday,6:00 to 7:00 PM,763,1621,18
2023,Burrard Station,Weekday,7:00 to 8:00 AM,2523,537,7
2023,Burrard Station,Weekday,7:00 to 8:00 PM,445,1012,19
2023,Burrard Station,Weekday,8:00 to 9:00 AM,3819,526,8
2023,Burrard Station,Weekday,8:00 to 9:00 PM,311,860,20
2023,Burrard Station,Weekday,9:00 to 10:00 AM,1830,340,9
2023,Burrard Station,Weekday,9:00 to 10:00 PM,299,895,21
2023,Burrard Station,Saturday,1:00 to 2:00 AM,25,86,1
2023,Burrard Station,Saturday,1:00 to 2:00 PM,880,555,13
2023,Burrard Station,Saturday,10:00 to 11:00 AM,746,307,10
2023,Burrard Station,Saturday,10:00 to 11:00 PM,361,774,22
2023,Burrard Station,Saturday,11:00 AM to 12:00 PM,815,404,11
2023,Burrard Station,Saturday,11:00 PM to 12:00 AM,202,771,23
2023,Burrard Station,Saturday,12:00 to 1:00 AM,105,513,0
2023,Burrard Station,Saturday,12:00 to 1:00 PM,805,480,12
2023,Burrard Station,Saturday,2:00 to 3:00 AM,0,0,2
2023,Burrard Station,Saturday,2:00 to 3:00 PM,954,698,14
2023,Burrard Station,Saturday,3:00 to 4:00 AM,0,0,3
2023,Burrard Station,Saturday,3:00 to 4:00 PM,957,911,15
2023,Burrard Station,Saturday,4:00 to 5:00 AM,0,0,4
2023,Burrard Station,Saturday,4:00 to 5:00 PM,914,1059,16
2023,Burrard Station,Saturday,5:00 to 6:00 AM,0,0,5
2023,Columbia Station,Weekday,2:00 to 3:00 PM,200,228,14
2023,Columbia Station,Weekday,3:00 to 4:00 PM,277,303,15
2023,Columbia Station,Weekday,4:00 to 5:00 AM,0,0,4
2023,Columbia Station,Weekday,4:00 to 5:00 PM,358,317,16
2023,Columbia Station,Weekday,5:00 to 6:00 AM,34,114,5
2023,Columbia Station,Weekday,5:00 to 6:00 PM,396,322,17
2023,Columbia Station,Weekday,6:00 to 7:00 AM,107,306,6
2023,Columbia Station,Weekday,6:00 to 7:00 PM,299,220,18
2023,Columbia Station,Weekday,7:00 to 8:00 AM,155,438,7
2023,Columbia Station,Weekday,7:00 to 8:00 PM,200,146,19
2023,Columbia Station,Weekday,8:00 to 9:00 AM,281,387,8
2023,Columbia Station,Weekday,2:00 to 3:00 AM,0,0,2
2023,Columbia Station,Weekday,12:00 to 1:00 PM,152,198,12
2023,Columbia Station,Weekday,12:00 to 1:00 AM,42,24,0
2023,Columbia Station,Weekday,11:00 PM to 12:00 AM,77,51,23
2023,Columbia Station,Weekday,11:00 AM to 12:00 PM,163,185,11
2023,Columbia Station,Weekday,1:00 to 2:00 AM,19,8,1
2023,Columbia Station,Weekday,1:00 to 2:00 PM,143,181,13
2023,Columbia Station,Weekday,10:00 to 11:00 AM,111,160,10
2023,Columbia Station,Sunday/Holiday,9:00 to 10:00 PM,90,88,21
2023,Columbia Station,Sunday/Holiday,9:00 to 10:00 AM,70,123,9
2023,Columbia Station,Sunday/Holiday,8:00 to 9:00 PM,110,99,20
2023,Columbia Station,Sunday/Holiday,8:00 to 9:00 AM,57,95,8
2023,Columbia Station,Sunday/Holiday,7:00 to 8:00 PM,145,100,19
2023,Columbia Station,Sunday/Holiday,7:00 to 8:00 AM,28,88,7
2023,Columbia Station,Sunday/Holiday,6:00 to 7:00 PM,161,125,18
2023,Columbia Station,Sunday/Holiday,6:00 to 7:00 AM,3,8,6
2023,Columbia Station,Sunday/Holiday,5:00 to 6:00 PM,172,147,17
2023,Columbia Station,Sunday/Holiday,5:00 to 6:00 AM,1,3,5
2023,Columbia Station,Sunday/Holiday,4:00 to 5:00 PM,168,165,16
2023,Columbia Station,Sunday/Holiday,4:00 to 5:00 AM,0,0,4
2023,Columbia Station,Sunday/Holiday,3:00 to 4:00 PM,154,175,15
2023,Columbia Station,Sunday/Holiday,3:00 to 4:00 AM,0,0,3
2023,Columbia Station,Sunday/Holiday,2:00 to 3:00 PM,153,174,14
2023,Columbia Station,Sunday/Holiday,2:00 to 3:00 AM,0,0,2
2023,Columbia Station,Sunday/Holiday,12:00 to 1:00 PM,112,190,12
2023,Columbia Station,Sunday/Holiday,12:00 to 1:00 AM,35,17,0
2023,Columbia Station,Sunday/Holiday,11:00 PM to 12:00 AM,61,43,23
2023,Columbia Station,Sunday/Holiday,11:00 AM to 12:00 PM,107,168,11
2023,Columbia Station,Sunday/Holiday,10:00 to 11:00 PM,77,73,22
2023,Columbia Station,Sunday/Holiday,10:00 to 11:00 AM,98,165,10
2023,Columbia Station,Sunday/Holiday,1:00 to 2:00 PM,137,181,13
2023,Columbia Station,Sunday/Holiday,1:00 to 2:00 AM,2,1,1
2023,Columbia Station,Saturday,9:00 to 10:00 PM,133,121,21
2023,Columbia Station,Weekday,10:00 to 11:00 PM,105,85,22
2023,Columbia Station,Weekday,8:00 to 9:00 PM,140,133,20
2023,Columbia Station,Weekday,9:00 to 10:00 AM,161,203,9
2023,Columbia Station,Weekday,9:00 to 10:00 PM,124,115,21
2023,Columbia Station,Saturday,1:00 to 2:00 AM,39,15,1
2023,Columbia Station,Saturday,1:00 to 2:00 PM,167,214,13
2023,Columbia Station,Saturday,10:00 to 11:00 AM,107,177,10
2023,Columbia Station,Saturday,10:00 to 11:00 PM,122,113,22
2023,Columbia Station,Saturday,11:00 AM to 12:00 PM,130,205,11
2023,Columbia Station,Saturday,11:00 PM to 12:00 AM,96,77,23
2023,Columbia Station,Saturday,12:00 to 1:00 AM,68,45,0
2023,Columbia Station,Saturday,12:00 to 1:00 PM,144,210,12
2023,Columbia Station,Saturday,2:00 to 3:00 AM,0,0,2
2023,Columbia Station,Saturday,2:00 to 3:00 PM,181,213,14
2023,Columbia Station,Saturday,3:00 to 4:00 PM,195,221,15
2023,Columbia Station,Saturday,4:00 to 5:00 AM,0,0,4
2023,Columbia Station,Saturday,4:00 to 5:00 PM,213,222,16
2023,Columbia Station,Saturday,5:00 to 6:00 AM,0,1,5
2023,Columbia Station,Saturday,5:00 to 6:00 PM,224,213,17
2023,Columbia Station,Saturday,6:00 to 7:00 AM,21,68,6
2023,Columbia Station,Saturday,6:00 to 7:00 PM,222,186,18
2023,Columbia Station,Saturday,7:00 to 8:00 AM,48,108,7
2023,Columbia Station,Saturday,7:00 to 8:00 PM,182,132,19
2023,Columbia Station,Saturday,8:00 to 9:00 AM,83,130,8
2023,Columbia Station,Saturday,8:00 to 9:00 PM,147,132,20
2023,Columbia Station,Saturday,9:00 to 10:00 AM,92,157,9
2023,Commercial-Broadway Station,Weekday,1:00 to 2:00 AM,63,48,1
2023,Commercial-Broadway Station,Weekday,1:00 to 2:00 PM,957,901,13
2023,Commercial-Broadway Station,Weekday,10:00 to 11:00 AM,885,659,10
2023,Commercial-Broadway Station,Weekday,10:00 to 11:00 PM,524,539,22
2023,Commercial-Broadway Station,Weekday,11:00 AM to 12:00 PM,809,764,11
2023,Commercial-Broadway Station,Weekday,11:00 PM to 12:00 AM,367,392,23
2023,Commercial-Broadway Station,Weekday,12:00 to 1:00 AM,182,188,0
2023,Commercial-Broadway Station,Weekday,12:00 to 1:00 PM,923,854,12
2023,Commercial-Broadway Station,Weekday,2:00 to 3:00 AM,1,1,2
2023,Commercial-Broadway Station,Weekday,2:00 to 3:00 PM,1089,1046,14
2023,Commercial-Broadway Station,Weekday,3:00 to 4:00 AM,0,0,3
2023,Commercial-Broadway Station,Weekday,3:00 to 4:00 PM,1404,1610,15
2023,Commercial-Broadway Station,Weekday,4:00 to 5:00 AM,1,6,4
2023,Commercial-Broadway Station,Weekday,4:00 to 5:00 PM,1743,1980,16
2023,Commercial-Broadway Station,Weekday,5:00 to 6:00 AM,202,229,5
2023,Commercial-Broadway Station,Weekday,5:00 to 6:00 PM,1898,1996,17
2023,Commercial-Broadway Station,Sunday/Holiday,9:00 to 10:00 PM,456,498,21
2023,Commercial-Broadway Station,Sunday/Holiday,9:00 to 10:00 AM,578,459,9
2023,Commercial-Broadway Station,Sunday/Holiday,8:00 to 9:00 PM,521,533,20
2023,Commercial-Broadway Station,Sunday/Holiday,8:00 to 9:00 AM,399,370,8
2023,Commercial-Broadway Station,Sunday/Holiday,7:00 to 8:00 PM,693,655,19
2023,Commercial-Broadway Station,Sunday/Holiday,7:00 to 8:00 AM,282,228,7
2023,Commercial-Broadway Station,Sunday/Holiday,6:00 to 7:00 PM,863,793,18
2023,Commercial-Broadway Station,Sunday/Holiday,6:00 to 7:00 AM,31,24,6
2023,Commercial-Broadway Station,Sunday/Holiday,5:00 to 6:00 PM,969,922,17
2023,Commercial-Broadway Station,Sunday/Holiday,5:00 to 6:00 AM,6,13,5
2023,Commercial-Broadway Station,Sunday/Holiday,4:00 to 5:00 PM,1014,1006,16
2023,Commercial-Broadway Station,Sunday/Holiday,4:00 to 5:00 AM,0,0,4
2023,Commercial-Broadway Station,Sunday/Holiday,3:00 to 4:00 PM,998,1043,15
2023,Commercial-Broadway Station,Sunday/Holiday,3:00 to 4:00 AM,0,0,3
2023,Commercial-Broadway Station,Sunday/Holiday,2:00 to 3:00 PM,972,952,14
2023,Commercial-Broadway Station,Sunday/Holiday,2:00 to 3:00 AM,0,0,2
2023,Commercial-Broadway Station,Sunday/Holiday,12:00 to 1:00 PM,817,807,12
2023,Commercial-Broadway Station,Sunday/Holiday,12:00 to 1:00 AM,111,97,0
2023,Commercial-Broadway Station,Sunday/Holiday,11:00 PM to 12:00 AM,302,316,23
2023,Commercial-Broadway Station,Sunday/Holiday,11:00 AM to 12:00 PM,722,694,11
2023,Commercial-Broadway Station,Sunday/Holiday,10:00 to 11:00 PM,403,412,22
2023,Commercial-Broadway Station,Sunday/Holiday,10:00 to 11:00 AM,696,608,10
2023,Commercial-Broadway Station,Sunday/Holiday,1:00 to 2:00 PM,919,904,13
2023,Commercial-Broadway Station,Sunday/Holiday,1:00 to 2:00 AM,8,5,1
2023,Commercial-Broadway Station,Saturday,9:00 to 10:00 PM,683,655,21
2023,Commercial-Broadway Station,Saturday,9:00 to 10:00 AM,780,600,9
2023,Commercial-Broadway Station,Saturday,8:00 to 9:00 PM,694,691,20
2023,Commercial-Broadway Station,Saturday,8:00 to 9:00 AM,625,489,8
2023,Commercial-Broadway Station,Weekday,6:00 to 7:00 AM,834,748,6
2023,Commercial-Broadway Station,Weekday,6:00 to 7:00 PM,1377,1447,18
2023,Commercial-Broadway Station,Weekday,7:00 to 8:00 AM,1494,1101,7
2023,Commercial-Broadway Station,Weekday,7:00 to 8:00 PM,853,964,19
2023,Commercial-Broadway Station,Weekday,8:00 to 9:00 AM,1831,1391,8
2023,Commercial-Broadway Station,Weekday,8:00 to 9:00 PM,679,753,20
2023,Commercial-Broadway Station,Weekday,9:00 to 10:00 AM,1219,823,9
2023,Commercial-Broadway Station,Weekday,9:00 to 10:00 PM,640,665,21
2023,Commercial-Broadway Station,Saturday,1:00 to 2:00 AM,121,85,1
2023,Commercial-Broadway Station,Saturday,1:00 to 2:00 PM,1046,1046,13
2023,Commercial-Broadway Station,Saturday,10:00 to 11:00 AM,830,682,10
2023,Commercial-Broadway Station,Saturday,10:00 to 11:00 PM,633,628,22
2023,Commercial-Broadway Station,Saturday,11:00 AM to 12:00 PM,871,812,11
2023,Commercial-Broadway Station,Saturday,11:00 PM to 12:00 AM,473,507,23
2023,Commercial-Broadway Station,Saturday,12:00 to 1:00 AM,316,324,0
2023,Commercial-Broadway Station,Saturday,12:00 to 1:00 PM,960,926,12
2023,Commercial-Broadway Station,Saturday,2:00 to 3:00 AM,1,0,2
2023,Commercial-Broadway Station,Saturday,2:00 to 3:00 PM,1124,1133,14
2023,Commercial-Broadway Station,Saturday,3:00 to 4:00 AM,0,0,3
2023,Commercial-Broadway Station,Saturday,3:00 to 4:00 PM,1158,1233,15
2023,Commercial-Broadway Station,Saturday,4:00 to 5:00 AM,1,0,4
2023,Commercial-Broadway Station,Saturday,4:00 to 5:00 PM,1215,1275,16
2023,Commercial-Broadway Station,Saturday,5:00 to 6:00 AM,1,10,5
2023,Commercial-Broadway Station,Saturday,5:00 to 6:00 PM,1198,1222,17
2023,Commercial-Broadway Station,Saturday,6:00 to 7:00 AM,230,162,6
2023,Commercial-Broadway Station,Saturday,6:00 to 7:00 PM,1118,1122,18
2023,Commercial-Broadway Station,Saturday,7:00 to 8:00 AM,446,389,7
2023,Commercial-Broadway Station,Saturday,7:00 to 8:00 PM,871,854,19
2023,Coquitlam Central Station,Sunday/Holiday,6:00 to 7:00 AM,9,45,6
2023,Coquitlam Central Station,Sunday/Holiday,5:00 to 6:00 PM,239,211,17
2023,Coquitlam Central Station,Sunday/Holiday,5:00 to 6:00 AM,0,5,5
2023,Coquitlam Central Station,Sunday/Holiday,4:00 to 5:00 PM,247,217,16
2023,Coquitlam Central Station,Sunday/Holiday,4:00 to 5:00 AM,0,0,4
2023,Coquitlam Central Station,Sunday/Holiday,3:00 to 4:00 PM,245,223,15
2023,Coquitlam Central Station,Sunday/Holiday,3:00 to 4:00 AM,0,0,3
2023,Coquitlam Central Station,Sunday/Holiday,2:00 to 3:00 PM,230,210,14
2023,Coquitlam Central Station,Sunday/Holiday,2:00 to 3:00 AM,0,0,2
2023,Coquitlam Central Station,Sunday/Holiday,12:00 to 1:00 PM,177,202,12
2023,Coquitlam Central Station,Sunday/Holiday,12:00 to 1:00 AM,41,6,0
2023,Coquitlam Central Station,Sunday/Holiday,11:00 PM to 12:00 AM,70,60,23
2023,Coquitlam Central Station,Sunday/Holiday,11:00 AM to 12:00 PM,170,189,11
2023,Coquitlam Central Station,Sunday/Holiday,10:00 to 11:00 PM,105,87,22
2023,Coquitlam Central Station,Sunday/Holiday,10:00 to 11:00 AM,157,176,10
2023,Coquitlam Central Station,Weekday,1:00 to 2:00 AM,24,2,1
2023,Coquitlam Central Station,Sunday/Holiday,6:00 to 7:00 PM,222,189,18
2023,Coquitlam Central Station,Sunday/Holiday,7:00 to 8:00 AM,14,111,7
2023,Coquitlam Central Station,Sunday/Holiday,7:00 to 8:00 PM,188,147,19
2023,Coquitlam Central Station,Sunday/Holiday,8:00 to 9:00 AM,162,113,8
2023,Coquitlam Central Station,Sunday/Holiday,8:00 to 9:00 PM,155,126,20
2023,Coquitlam Central Station,Sunday/Holiday,9:00 to 10:00 AM,158,141,9
2023,Coquitlam Central Station,Sunday/Holiday,9:00 to 10:00 PM,127,104,21
2023,Coquitlam Central Station,Weekday,1:00 to 2:00 PM,255,216,13
2023,Coquitlam Central Station,Weekday,10:00 to 11:00 AM,152,223,10
2023,Coquitlam Central Station,Weekday,10:00 to 11:00 PM,157,90,22
2023,Coquitlam Central Station,Weekday,11:00 AM to 12:00 PM,176,248,11
2023,Coquitlam Central Station,Weekday,11:00 PM to 12:00 AM,104,60,23
2023,Coquitlam Central Station,Weekday,12:00 to 1:00 AM,57,22,0
2023,Coquitlam Central Station,Weekday,12:00 to 1:00 PM,221,223,12
2023,Coquitlam Central Station,Weekday,2:00 to 3:00 AM,0,0,2
2023,Coquitlam Central Station,Weekday,2:00 to 3:00 PM,330,223,14
2023,Coquitlam Central Station,Weekday,3:00 to 4:00 AM,0,0,3
2023,Coquitlam Central Station,Weekday,3:00 to 4:00 PM,494,327,15
2023,Coquitlam Central Station,Weekday,4:00 to 5:00 AM,0,10,4
2023,Coquitlam Central Station,Weekday,4:00 to 5:00 PM,554,381,16
2023,Coquitlam Central Station,Weekday,5:00 to 6:00 AM,5,188,5
2023,Coquitlam Central Station,Weekday,5:00 to 6:00 PM,553,365,17
2023,Coquitlam Central Station,Weekday,6:00 to 7:00 AM,248,371,6
2023,Coquitlam Central Station,Weekday,6:00 to 7:00 PM,414,252,18
2023,Coquitlam Central Station,Weekday,7:00 to 8:00 AM,273,519,7
2023,Coquitlam Central Station,Weekday,7:00 to 8:00 PM,271,156,19
2023,Coquitlam Central Station,Weekday,8:00 to 9:00 AM,265,442,8
2023,Coquitlam Central Station,Weekday,8:00 to 9:00 PM,209,125,20
2023,Coquitlam Central Station,Weekday,9:00 to 10:00 AM,172,274,9
2023,Coquitlam Central Station,Weekday,9:00 to 10:00 PM,196,119,21
2023,Coquitlam Central Station,Saturday,1:00 to 2:00 AM,54,2,1
2023,Coquitlam Central Station,Saturday,1:00 to 2:00 PM,253,287,13
2023,Coquitlam Central Station,Saturday,10:00 to 11:00 AM,199,222,10
2023,Coquitlam Central Station,Saturday,10:00 to 11:00 PM,193,119,22
2023,Coquitlam Central Station,Saturday,11:00 AM to 12:00 PM,198,239,11
2023,Coquitlam Central Station,Saturday,11:00 PM to 12:00 AM,144,81,23
2023,Coquitlam Central Station,Saturday,12:00 to 1:00 AM,93,26,0
2023,Coquitlam Central Station,Saturday,12:00 to 1:00 PM,206,261,12
2023,Coquitlam Central Station,Saturday,2:00 to 3:00 AM,1,1,2
2023,Coquitlam Central Station,Saturday,2:00 to 3:00 PM,276,280,14
2023,Coquitlam Central Station,Saturday,3:00 to 4:00 AM,0,0,3
2023,Coquitlam Central Station,Saturday,3:00 to 4:00 PM,285,301,15
2023,Coquitlam Central Station,Saturday,4:00 to 5:00 AM,0,0,4
2023,Coquitlam Central Station,Saturday,4:00 to 5:00 PM,307,317,16
2023,Coquitlam Central Station,Saturday,5:00 to 6:00 AM,0,14,5
2023,Coquitlam Central Station,Saturday,5:00 to 6:00 PM,305,309,17
2023,Coquitlam Central Station,Saturday,6:00 to 7:00 AM,3,100,6
2023,Coquitlam Central Station,Saturday,6:00 to 7:00 PM,278,253,18
2023,Coquitlam Central Station,Saturday,7:00 to 8:00 AM,147,154,7
2023,Coquitlam Central Station,Saturday,7:00 to 8:00 PM,244,202,19
2023,Coquitlam Central Station,Saturday,8:00 to 9:00 AM,185,168,8
2023,Coquitlam Central Station,Saturday,8:00 to 9:00 PM,206,150,20
2023,Coquitlam Central Station,Saturday,9:00 to 10:00 AM,187,188,9
2023,Coquitlam Central Station,Saturday,9:00 to 10:00 PM,183,129,21
2023,Coquitlam Central Station,Sunday/Holiday,1:00 to 2:00 AM,3,1,1
2023,Coquitlam Central Station,Sunday/Holiday,1:00 to 2:00 PM,215,208,13
2023,Edmonds Station,Weekday,1:00 to 2:00 PM,412,455,13
2023,Edmonds Station,Sunday/Holiday,6:00 to 7:00 PM,494,293,18
2023,Edmonds Station,Sunday/Holiday,12:00 to 1:00 AM,75,19,0
2023,Edmonds Station,Weekday,12:00 to 1:00 PM,364,472,12
2023,Edmonds Station,Sunday/Holiday,10:00 to 11:00 PM,241,122,22
2023,Edmonds Station,Weekday,3:00 to 4:00 AM,0,0,3
2023,Edmonds Station,Saturday,5:00 to 6:00 AM,0,4,5
2023,Edmonds Station,Saturday,7:00 to 8:00 AM,188,342,7
2023,Edmonds Station,Weekday,2:00 to 3:00 PM,526,510,14
2023,Edmonds Station,Saturday,1:00 to 2:00 PM,410,569,13
2023,Edmonds Station,Sunday/Holiday,1:00 to 2:00 PM,361,483,13
2023,Edmonds Station,Saturday,2:00 to 3:00 PM,467,589,14
2023,Edmonds Station,Weekday,9:00 to 10:00 AM,319,718,9
2023,Edmonds Station,Weekday,12:00 to 1:00 AM,133,46,0
2023,Edmonds Station,Saturday,9:00 to 10:00 AM,240,498,9
2023,Edmonds Station,Sunday/Holiday,6:00 to 7:00 AM,14,24,6
2023,Edmonds Station,Weekday,6:00 to 7:00 PM,962,483,18
2023,Edmonds Station,Sunday/Holiday,3:00 to 4:00 PM,460,451,15
2023,Edmonds Station,Saturday,6:00 to 7:00 PM,577,408,18
2023,Edmonds Station,Weekday,10:00 to 11:00 AM,245,494,10
2023,Edmonds Station,Weekday,9:00 to 10:00 PM,437,186,21
2023,Edmonds Station,Saturday,9:00 to 10:00 PM,385,216,21
2023,Edmonds Station,Saturday,12:00 to 1:00 AM,194,49,0
2023,Edmonds Station,Saturday,10:00 to 11:00 AM,272,513,10
2023,Edmonds Station,Weekday,10:00 to 11:00 PM,341,142,22
2023,Edmonds Station,Saturday,10:00 to 11:00 PM,372,160,22
2023,Edmonds Station,Sunday/Holiday,4:00 to 5:00 AM,0,0,4
2023,Edmonds Station,Saturday,12:00 to 1:00 PM,360,558,12
2023,Edmonds Station,Saturday,6:00 to 7:00 AM,59,259,6
2023,Edmonds Station,Weekday,6:00 to 7:00 AM,551,763,6
2023,Edmonds Station,Weekday,7:00 to 8:00 AM,610,1173,7
2023,Edmonds Station,Weekday,7:00 to 8:00 PM,611,286,19
2023,Edmonds Station,Sunday/Holiday,4:00 to 5:00 PM,506,406,16
2023,Edmonds Station,Weekday,3:00 to 4:00 PM,835,879,15
2023,Edmonds Station,Weekday,11:00 PM to 12:00 AM,230,93,23
2023,Edmonds Station,Saturday,3:00 to 4:00 PM,531,554,15
2023,Edmonds Station,Saturday,11:00 PM to 12:00 AM,283,94,23
2023,Edmonds Station,Weekday,5:00 to 6:00 PM,1260,830,17
2023,Edmonds Station,Sunday/Holiday,10:00 to 11:00 AM,216,466,10
2023,Edmonds Station,Sunday/Holiday,9:00 to 10:00 PM,290,160,21
2023,Edmonds Station,Saturday,5:00 to 6:00 PM,635,496,17
2023,Edmonds Station,Saturday,7:00 to 8:00 PM,493,303,19
2023,Edmonds Station,Sunday/Holiday,2:00 to 3:00 AM,0,0,2
2023,Edmonds Station,Weekday,4:00 to 5:00 AM,0,1,4
2023,Edmonds Station,Saturday,4:00 to 5:00 AM,0,0,4
2023,Edmonds Station,Sunday/Holiday,9:00 to 10:00 AM,180,407,9
2023,Edmonds Station,Sunday/Holiday,8:00 to 9:00 AM,178,296,8
2023,Edmonds Station,Sunday/Holiday,12:00 to 1:00 PM,304,470,12
2023,Edmonds Station,Sunday/Holiday,7:00 to 8:00 PM,448,215,19
2023,Edmonds Station,Weekday,4:00 to 5:00 PM,1079,907,16
2023,Edmonds Station,Weekday,8:00 to 9:00 AM,601,1208,8
2023,Edmonds Station,Weekday,11:00 AM to 12:00 PM,267,486,11
2023,Edmonds Station,Saturday,8:00 to 9:00 AM,206,446,8
2023,Edmonds Station,Saturday,11:00 AM to 12:00 PM,305,535,11
2023,Edmonds Station,Saturday,4:00 to 5:00 PM,602,538,16
2023,Edmonds Station,Weekday,1:00 to 2:00 AM,50,5,1
2023,Edmonds Station,Weekday,2:00 to 3:00 AM,0,0,2
2023,Edmonds Station,Saturday,1:00 to 2:00 AM,75,7,1
2023,Edmonds Station,Sunday/Holiday,5:00 to 6:00 AM,3,8,5
2023,Edmonds Station,Sunday/Holiday,5:00 to 6:00 PM,525,356,17
2023,Edmonds Station,Weekday,8:00 to 9:00 PM,469,206,20
2023,Edmonds Station,Saturday,8:00 to 9:00 PM,404,235,20
2023,Edmonds Station,Saturday,2:00 to 3:00 AM,0,0,2
2023,Edmonds Station,Sunday/Holiday,7:00 to 8:00 AM,75,328,7
2023,Edmonds Station,Sunday/Holiday,11:00 AM to 12:00 PM,237,459,11
2023,Edmonds Station,Sunday/Holiday,11:00 PM to 12:00 AM,181,66,23
2023,Edmonds Station,Sunday/Holiday,1:00 to 2:00 AM,3,1,1
2023,Edmonds Station,Sunday/Holiday,8:00 to 9:00 PM,335,180,20
2023,Edmonds Station,Sunday/Holiday,2:00 to 3:00 PM,399,483,14
2023,Edmonds Station,Weekday,5:00 to 6:00 AM,120,323,5
2023,Gateway Station,Weekday,2:00 to 3:00 PM,246,320,14
2023,Gateway Station,Weekday,2:00 to 3:00 AM,1,0,2
2023,Gateway Station,Weekday,12:00 to 1:00 PM,170,327,12
2023,Gateway Station,Weekday,12:00 to 1:00 AM,157,14,0
2023,Gateway Station,Weekday,11:00 PM to 12:00 AM,218,42,23
2023,Gateway Station,Weekday,11:00 AM to 12:00 PM,125,323,11
2023,Gateway Station,Weekday,10:00 to 11:00 PM,247,90,22
2023,Gateway Station,Weekday,10:00 to 11:00 AM,103,312,10
2023,Gateway Station,Weekday,1:00 to 2:00 PM,191,327,13
2023,Gateway Station,Weekday,1:00 to 2:00 AM,57,4,1
2023,Gateway Station,Weekday,3:00 to 4:00 PM,451,367,15
2023,Gateway Station,Weekday,4:00 to 5:00 AM,0,9,4
2023,Gateway Station,Weekday,4:00 to 5:00 PM,647,354,16
2023,Gateway Station,Weekday,5:00 to 6:00 AM,26,399,5
2023,Gateway Station,Weekday,5:00 to 6:00 PM,682,287,17
2023,Gateway Station,Weekday,6:00 to 7:00 AM,176,719,6
2023,Gateway Station,Weekday,6:00 to 7:00 PM,561,213,18
2023,Gateway Station,Weekday,7:00 to 8:00 AM,195,781,7
2023,Gateway Station,Weekday,7:00 to 8:00 PM,415,148,19
2023,Gateway Station,Weekday,8:00 to 9:00 AM,196,621,8
2023,Gateway Station,Weekday,8:00 to 9:00 PM,312,124,20
2023,Gateway Station,Weekday,9:00 to 10:00 AM,110,408,9
2023,Gateway Station,Weekday,9:00 to 10:00 PM,300,130,21
2023,Gateway Station,Saturday,1:00 to 2:00 AM,86,6,1
2023,Gateway Station,Saturday,1:00 to 2:00 PM,190,355,13
2023,Gateway Station,Saturday,10:00 to 11:00 AM,107,320,10
2023,Gateway Station,Saturday,10:00 to 11:00 PM,259,106,22
2023,Gateway Station,Saturday,11:00 AM to 12:00 PM,127,325,11
2023,Gateway Station,Saturday,11:00 PM to 12:00 AM,226,55,23
2023,Gateway Station,Saturday,12:00 to 1:00 AM,177,24,0
2023,Gateway Station,Saturday,12:00 to 1:00 PM,172,354,12
2023,Gateway Station,Saturday,2:00 to 3:00 AM,0,1,2
2023,Gateway Station,Saturday,2:00 to 3:00 PM,226,346,14
2023,Gateway Station,Saturday,3:00 to 4:00 AM,0,0,3
2023,Gateway Station,Saturday,3:00 to 4:00 PM,280,309,15
2023,Gateway Station,Saturday,4:00 to 5:00 AM,0,0,4
2023,Gateway Station,Saturday,4:00 to 5:00 PM,331,286,16
2023,Gateway Station,Saturday,5:00 to 6:00 AM,0,7,5
2023,Gateway Station,Saturday,5:00 to 6:00 PM,363,258,17
2023,Gateway Station,Saturday,6:00 to 7:00 AM,43,244,6
2023,Gateway Station,Saturday,6:00 to 7:00 PM,358,233,18
2023,Gateway Station,Saturday,7:00 to 8:00 AM,128,279,7
2023,Gateway Station,Saturday,7:00 to 8:00 PM,330,168,19
2023,Gateway Station,Saturday,8:00 to 9:00 AM,111,338,8
2023,Gateway Station,Saturday,8:00 to 9:00 PM,287,147,20
2023,Gateway Station,Saturday,9:00 to 10:00 AM,98,338,9
2023,Gateway Station,Saturday,9:00 to 10:00 PM,264,158,21
2023,Gateway Station,Sunday/Holiday,1:00 to 2:00 AM,9,1,1
2023,Gateway Station,Sunday/Holiday,1:00 to 2:00 PM,157,334,13
2023,Gateway Station,Sunday/Holiday,10:00 to 11:00 AM,111,290,10
2023,Gateway Station,Sunday/Holiday,10:00 to 11:00 PM,183,91,22
2023,Gateway Station,Sunday/Holiday,11:00 AM to 12:00 PM,109,285,11
2023,Gateway Station,Sunday/Holiday,11:00 PM to 12:00 AM,187,39,23
2023,Gateway Station,Sunday/Holiday,12:00 to 1:00 AM,118,10,0
2023,Gateway Station,Sunday/Holiday,12:00 to 1:00 PM,140,317,12
2023,Gateway Station,Sunday/Holiday,2:00 to 3:00 AM,0,0,2
2023,Gateway Station,Sunday/Holiday,2:00 to 3:00 PM,186,316,14
2023,Gateway Station,Sunday/Holiday,3:00 to 4:00 PM,234,271,15
2023,Gateway Station,Sunday/Holiday,4:00 to 5:00 AM,0,0,4
2023,Gateway Station,Sunday/Holiday,4:00 to 5:00 PM,272,236,16
2023,Gateway Station,Sunday/Holiday,5:00 to 6:00 AM,1,10,5
2023,Gateway Station,Sunday/Holiday,5:00 to 6:00 PM,302,198,17
2023,Gateway Station,Sunday/Holiday,6:00 to 7:00 AM,6,36,6
2023,Gateway Station,Sunday/Holiday,6:00 to 7:00 PM,313,163,18
2023,Gateway Station,Sunday/Holiday,7:00 to 8:00 AM,56,241,7
2023,Gateway Station,Sunday/Holiday,7:00 to 8:00 PM,305,135,19
2023,Gateway Station,Sunday/Holiday,8:00 to 9:00 AM,120,228,8
2023,Gateway Station,Sunday/Holiday,8:00 to 9:00 PM,259,117,20
2023,Gateway Station,Sunday/Holiday,9:00 to 10:00 AM,111,283,9
2023,Gateway Station,Sunday/Holiday,9:00 to 10:00 PM,200,125,21
2023,Gilmore Station,Sunday/Holiday,9:00 to 10:00 PM,42,37,21
2023,Gilmore Station,Sunday/Holiday,9:00 to 10:00 AM,55,68,9
2023,Gilmore Station,Sunday/Holiday,8:00 to 9:00 PM,48,49,20
2023,Gilmore Station,Sunday/Holiday,8:00 to 9:00 AM,53,51,8
2023,Gilmore Station,Sunday/Holiday,7:00 to 8:00 PM,59,65,19
2023,Gilmore Station,Sunday/Holiday,7:00 to 8:00 AM,37,34,7
2023,Gilmore Station,Sunday/Holiday,6:00 to 7:00 PM,71,82,18
2023,Gilmore Station,Sunday/Holiday,6:00 to 7:00 AM,14,3,6
2023,Gilmore Station,Sunday/Holiday,5:00 to 6:00 PM,87,107,17
2023,Gilmore Station,Sunday/Holiday,5:00 to 6:00 AM,2,1,5
2023,Gilmore Station,Sunday/Holiday,4:00 to 5:00 PM,93,113,16
2023,Gilmore Station,Sunday/Holiday,4:00 to 5:00 AM,0,0,4
2023,Gilmore Station,Sunday/Holiday,3:00 to 4:00 PM,93,117,15
2023,Gilmore Station,Sunday/Holiday,2:00 to 3:00 PM,88,116,14
2023,Gilmore Station,Sunday/Holiday,12:00 to 1:00 PM,75,103,12
2023,Gilmore Station,Sunday/Holiday,12:00 to 1:00 AM,12,7,0
2023,Gilmore Station,Sunday/Holiday,11:00 PM to 12:00 AM,25,20,23
2023,Gilmore Station,Sunday/Holiday,11:00 AM to 12:00 PM,70,96,11
2023,Gilmore Station,Sunday/Holiday,10:00 to 11:00 PM,36,27,22
2023,Gilmore Station,Sunday/Holiday,10:00 to 11:00 AM,64,84,10
2023,Gilmore Station,Sunday/Holiday,1:00 to 2:00 PM,85,105,13
2023,Gilmore Station,Sunday/Holiday,1:00 to 2:00 AM,1,1,1
2023,Gilmore Station,Saturday,9:00 to 10:00 PM,60,50,21
2023,Gilmore Station,Saturday,9:00 to 10:00 AM,99,97,9
2023,Gilmore Station,Saturday,8:00 to 9:00 PM,61,61,20
2023,Gilmore Station,Saturday,8:00 to 9:00 AM,128,73,8
2023,Gilmore Station,Saturday,7:00 to 8:00 PM,75,86,19
2023,Gilmore Station,Saturday,7:00 to 8:00 AM,161,52,7
2023,Gilmore Station,Saturday,6:00 to 7:00 PM,93,126,18
2023,Gilmore Station,Saturday,6:00 to 7:00 AM,40,24,6
2023,Gilmore Station,Saturday,5:00 to 6:00 PM,113,152,17
2023,Gilmore Station,Saturday,4:00 to 5:00 PM,116,169,16
2023,Gilmore Station,Saturday,3:00 to 4:00 PM,117,182,15
2023,Gilmore Station,Saturday,3:00 to 4:00 AM,0,0,3
2023,Gilmore Station,Saturday,2:00 to 3:00 PM,116,180,14
2023,Gilmore Station,Saturday,2:00 to 3:00 AM,0,0,2
2023,Gilmore Station,Saturday,12:00 to 1:00 PM,101,164,12
2023,Gilmore Station,Saturday,12:00 to 1:00 AM,30,22,0
2023,Gilmore Station,Saturday,11:00 PM to 12:00 AM,47,35,23
2023,Gilmore Station,Saturday,11:00 AM to 12:00 PM,92,132,11
2023,Gilmore Station,Saturday,10:00 to 11:00 PM,60,44,22
2023,Gilmore Station,Saturday,10:00 to 11:00 AM,87,114,10
2023,Gilmore Station,Saturday,1:00 to 2:00 PM,115,179,13
2023,Gilmore Station,Saturday,1:00 to 2:00 AM,12,6,1
2023,Gilmore Station,Weekday,9:00 to 10:00 PM,66,65,21
2023,Gilmore Station,Weekday,9:00 to 10:00 AM,221,137,9
2023,Gilmore Station,Weekday,8:00 to 9:00 PM,75,92,20
2023,Gilmore Station,Weekday,8:00 to 9:00 AM,344,236,8
2023,Gilmore Station,Weekday,7:00 to 8:00 PM,104,150,19
2023,Gilmore Station,Weekday,7:00 to 8:00 AM,364,194,7
2023,Gilmore Station,Weekday,6:00 to 7:00 PM,162,256,18
2023,Gilmore Station,Weekday,6:00 to 7:00 AM,481,122,6
2023,Gilmore Station,Weekday,5:00 to 6:00 PM,241,463,17
2023,Gilmore Station,Weekday,5:00 to 6:00 AM,60,33,5
2023,Gilmore Station,Weekday,4:00 to 5:00 PM,209,434,16
2023,Gilmore Station,Weekday,4:00 to 5:00 AM,0,0,4
2023,Gilmore Station,Weekday,3:00 to 4:00 PM,169,449,15
2023,Gilmore Station,Weekday,3:00 to 4:00 AM,0,0,3
2023,Gilmore Station,Weekday,2:00 to 3:00 PM,124,228,14
2023,Gilmore Station,Weekday,2:00 to 3:00 AM,0,0,2
2023,Gilmore Station,Weekday,12:00 to 1:00 PM,116,133,12
2023,Gilmore Station,Weekday,12:00 to 1:00 AM,17,14,0
2023,Gilmore Station,Weekday,11:00 PM to 12:00 AM,36,26,23
2023,Gilmore Station,Weekday,11:00 AM to 12:00 PM,99,126,11
2023,Gilmore Station,Weekday,10:00 to 11:00 PM,51,38,22
2023,Gilmore Station,Weekday,10:00 to 11:00 AM,110,116,10
2023,Gilmore Station,Weekday,1:00 to 2:00 PM,119,135,13
2023,Gilmore Station,Weekday,1:00 to 2:00 AM,6,5,1
2023,Granville Station,Weekday,1:00 to 2:00 AM,12,66,1
2023,Granville Station,Weekday,1:00 to 2:00 PM,1069,820,13
2023,Granville Station,Weekday,10:00 to 11:00 AM,1149,332,10
2023,Granville Station,Weekday,10:00 to 11:00 PM,251,650,22
2023,Granville Station,Weekday,11:00 AM to 12:00 PM,1089,445,11
2023,Granville Station,Weekday,11:00 PM to 12:00 AM,156,482,23
2023,Granville Station,Weekday,12:00 to 1:00 AM,58,328,0
2023,Granville Station,Weekday,12:00 to 1:00 PM,1166,715,12
2023,Granville Station,Weekday,2:00 to 3:00 AM,1,0,2
2023,Granville Station,Weekday,2:00 to 3:00 PM,1058,1102,14
2023,Granville Station,Weekday,3:00 to 4:00 AM,0,0,3
2023,Granville Station,Weekday,3:00 to 4:00 PM,1127,1553,15
2023,Granville Station,Weekday,4:00 to 5:00 AM,0,0,4
2023,Granville Station,Weekday,4:00 to 5:00 PM,1404,2237,16
2023,Granville Station,Weekday,5:00 to 6:00 AM,185,85,5
2023,Granville Station,Weekday,5:00 to 6:00 PM,1298,2459,17
2023,Granville Station,Weekday,6:00 to 7:00 AM,759,261,6
2023,Granville Station,Weekday,6:00 to 7:00 PM,956,1827,18
2023,Granville Station,Weekday,7:00 to 8:00 AM,1724,309,7
2023,Granville Station,Weekday,7:00 to 8:00 PM,584,1338,19
2023,Granville Station,Weekday,8:00 to 9:00 AM,3247,308,8
2023,Granville Station,Weekday,8:00 to 9:00 PM,400,1111,20
2023,Granville Station,Weekday,9:00 to 10:00 AM,2149,252,9
2023,Granville Station,Weekday,9:00 to 10:00 PM,335,958,21
2023,Granville Station,Saturday,1:00 to 2:00 AM,31,155,1
2023,Granville Station,Saturday,1:00 to 2:00 PM,1402,746,13
2023,Granville Station,Saturday,10:00 to 11:00 AM,1027,314,10
2023,Granville Station,Saturday,10:00 to 11:00 PM,502,778,22
2023,Granville Station,Saturday,11:00 AM to 12:00 PM,1280,454,11
2023,Granville Station,Saturday,11:00 PM to 12:00 AM,283,759,23
2023,Granville Station,Saturday,12:00 to 1:00 AM,132,572,0
2023,Granville Station,Saturday,12:00 to 1:00 PM,1372,631,12
2023,Granville Station,Saturday,2:00 to 3:00 AM,0,0,2
2023,Granville Station,Saturday,2:00 to 3:00 PM,1518,968,14
2023,Granville Station,Saturday,3:00 to 4:00 AM,0,0,3
2023,Granville Station,Saturday,3:00 to 4:00 PM,1400,1220,15
2023,Granville Station,Sunday/Holiday,9:00 to 10:00 PM,264,556,21
2023,Granville Station,Sunday/Holiday,9:00 to 10:00 AM,891,186,9
2023,Granville Station,Sunday/Holiday,8:00 to 9:00 PM,330,681,20
2023,Granville Station,Sunday/Holiday,8:00 to 9:00 AM,628,164,8
2023,Granville Station,Sunday/Holiday,7:00 to 8:00 PM,473,1161,19
2023,Granville Station,Sunday/Holiday,7:00 to 8:00 AM,491,95,7
2023,Granville Station,Sunday/Holiday,6:00 to 7:00 PM,665,1174,18
2023,Granville Station,Sunday/Holiday,6:00 to 7:00 AM,27,8,6
2023,Granville Station,Sunday/Holiday,5:00 to 6:00 PM,828,1272,17
2023,Granville Station,Sunday/Holiday,5:00 to 6:00 AM,6,2,5
2023,Granville Station,Sunday/Holiday,4:00 to 5:00 PM,1054,1287,16
2023,Granville Station,Sunday/Holiday,4:00 to 5:00 AM,0,0,4
2023,Granville Station,Sunday/Holiday,3:00 to 4:00 PM,1156,1044,15
2023,Granville Station,Sunday/Holiday,3:00 to 4:00 AM,0,0,3
2023,Granville Station,Sunday/Holiday,2:00 to 3:00 PM,1294,899,14
2023,Granville Station,Sunday/Holiday,2:00 to 3:00 AM,0,0,2
2023,Granville Station,Sunday/Holiday,12:00 to 1:00 PM,1209,594,12
2023,Granville Station,Sunday/Holiday,12:00 to 1:00 AM,39,116,0
2023,Granville Station,Sunday/Holiday,11:00 PM to 12:00 AM,167,373,23
2023,Granville Station,Sunday/Holiday,11:00 AM to 12:00 PM,1096,367,11
2023,Granville Station,Sunday/Holiday,10:00 to 11:00 PM,221,480,22
2023,Granville Station,Sunday/Holiday,10:00 to 11:00 AM,1045,277,10
2023,Granville Station,Sunday/Holiday,1:00 to 2:00 PM,1244,664,13
2023,Granville Station,Sunday/Holiday,1:00 to 2:00 AM,2,6,1
2023,Granville Station,Saturday,9:00 to 10:00 PM,580,855,21
2023,Granville Station,Saturday,9:00 to 10:00 AM,1137,212,9
2023,Granville Station,Saturday,8:00 to 9:00 PM,603,1038,20
2023,Granville Station,Saturday,8:00 to 9:00 AM,805,193,8
2023,Granville Station,Saturday,7:00 to 8:00 PM,824,1145,19
2023,Granville Station,Saturday,7:00 to 8:00 AM,669,168,7
2023,Granville Station,Saturday,6:00 to 7:00 PM,1014,1396,18
2023,Granville Station,Saturday,6:00 to 7:00 AM,219,67,6
2023,Granville Station,Saturday,5:00 to 6:00 PM,1149,1469,17
2023,Granville Station,Saturday,5:00 to 6:00 AM,0,0,5
2023,Granville Station,Saturday,4:00 to 5:00 PM,1357,1450,16
2023,Granville Station,Saturday,4:00 to 5:00 AM,0,0,4
2023,Holdom Station,Saturday,5:00 to 6:00 PM,156,134,17
2023,Holdom Station,Saturday,6:00 to 7:00 AM,10,39,6
2023,Holdom Station,Saturday,6:00 to 7:00 PM,148,114,18
2023,Holdom Station,Saturday,7:00 to 8:00 AM,25,93,7
2023,Holdom Station,Saturday,7:00 to 8:00 PM,122,77,19
2023,Holdom Station,Saturday,8:00 to 9:00 AM,51,116,8
2023,Holdom Station,Saturday,8:00 to 9:00 PM,98,59,20
2023,Holdom Station,Saturday,9:00 to 10:00 AM,40,137,9
2023,Holdom Station,Saturday,9:00 to 10:00 PM,97,51,21
2023,Holdom Station,Sunday/Holiday,1:00 to 2:00 AM,1,0,1
2023,Holdom Station,Sunday/Holiday,1:00 to 2:00 PM,76,123,13
2023,Holdom Station,Sunday/Holiday,10:00 to 11:00 AM,39,123,10
2023,Holdom Station,Sunday/Holiday,10:00 to 11:00 PM,60,26,22
2023,Holdom Station,Sunday/Holiday,11:00 AM to 12:00 PM,48,118,11
2023,Holdom Station,Sunday/Holiday,11:00 PM to 12:00 AM,45,16,23
2023,Holdom Station,Sunday/Holiday,12:00 to 1:00 AM,22,6,0
2023,Holdom Station,Sunday/Holiday,12:00 to 1:00 PM,63,126,12
2023,Holdom Station,Sunday/Holiday,2:00 to 3:00 AM,0,0,2
2023,Holdom Station,Sunday/Holiday,2:00 to 3:00 PM,88,123,14
2023,Holdom Station,Sunday/Holiday,3:00 to 4:00 AM,0,0,3
2023,Holdom Station,Sunday/Holiday,3:00 to 4:00 PM,106,114,15
2023,Holdom Station,Sunday/Holiday,4:00 to 5:00 AM,0,0,4
2023,Holdom Station,Sunday/Holiday,4:00 to 5:00 PM,119,104,16
2023,Holdom Station,Sunday/Holiday,5:00 to 6:00 AM,0,1,5
2023,Holdom Station,Sunday/Holiday,5:00 to 6:00 PM,135,91,17
2023,Holdom Station,Sunday/Holiday,6:00 to 7:00 AM,2,5,6
2023,Holdom Station,Sunday/Holiday,6:00 to 7:00 PM,122,70,18
2023,Holdom Station,Sunday/Holiday,7:00 to 8:00 AM,13,54,7
2023,Holdom Station,Sunday/Holiday,7:00 to 8:00 PM,104,53,19
2023,Holdom Station,Sunday/Holiday,8:00 to 9:00 AM,29,80,8
2023,Holdom Station,Sunday/Holiday,8:00 to 9:00 PM,84,40,20
2023,Holdom Station,Sunday/Holiday,9:00 to 10:00 AM,33,102,9
2023,Holdom Station,Sunday/Holiday,9:00 to 10:00 PM,72,38,21
2023,Holdom Station,Weekday,1:00 to 2:00 AM,10,4,1
2023,Holdom Station,Weekday,1:00 to 2:00 PM,91,115,13
2023,Holdom Station,Weekday,10:00 to 11:00 AM,54,128,10
2023,Holdom Station,Weekday,10:00 to 11:00 PM,85,27,22
2023,Holdom Station,Weekday,11:00 AM to 12:00 PM,59,124,11
2023,Holdom Station,Weekday,11:00 PM to 12:00 AM,57,20,23
2023,Holdom Station,Weekday,12:00 to 1:00 AM,28,13,0
2023,Holdom Station,Weekday,12:00 to 1:00 PM,77,120,12
2023,Holdom Station,Weekday,2:00 to 3:00 AM,0,0,2
2023,Holdom Station,Weekday,2:00 to 3:00 PM,112,131,14
2023,Holdom Station,Weekday,3:00 to 4:00 AM,0,0,3
2023,Holdom Station,Weekday,3:00 to 4:00 PM,198,188,15
2023,Holdom Station,Weekday,4:00 to 5:00 AM,0,0,4
2023,Holdom Station,Weekday,4:00 to 5:00 PM,248,225,16
2023,Holdom Station,Weekday,5:00 to 6:00 AM,15,50,5
2023,Holdom Station,Weekday,5:00 to 6:00 PM,322,208,17
2023,Holdom Station,Weekday,6:00 to 7:00 AM,88,183,6
2023,Holdom Station,Weekday,6:00 to 7:00 PM,238,118,18
2023,Holdom Station,Weekday,7:00 to 8:00 AM,135,317,7
2023,Holdom Station,Weekday,7:00 to 8:00 PM,149,69,19
2023,Holdom Station,Weekday,8:00 to 9:00 AM,120,356,8
2023,Holdom Station,Weekday,8:00 to 9:00 PM,115,51,20
2023,Holdom Station,Weekday,9:00 to 10:00 AM,61,183,9
2023,Holdom Station,Weekday,9:00 to 10:00 PM,114,40,21
2023,Holdom Station,Saturday,1:00 to 2:00 AM,23,6,1
2023,Holdom Station,Saturday,1:00 to 2:00 PM,85,147,13
2023,Holdom Station,Saturday,10:00 to 11:00 AM,54,138,10
2023,Holdom Station,Saturday,10:00 to 11:00 PM,106,40,22
2023,Holdom Station,Saturday,11:00 AM to 12:00 PM,61,141,11
2023,Holdom Station,Saturday,11:00 PM to 12:00 AM,79,24,23
2023,Holdom Station,Saturday,12:00 to 1:00 AM,44,18,0
2023,Holdom Station,Saturday,12:00 to 1:00 PM,77,149,12
2023,Holdom Station,Saturday,2:00 to 3:00 AM,0,0,2
2023,Holdom Station,Saturday,2:00 to 3:00 PM,107,148,14
2023,Holdom Station,Saturday,3:00 to 4:00 PM,130,145,15
2023,Holdom Station,Saturday,4:00 to 5:00 PM,146,139,16
2023,Holdom Station,Saturday,5:00 to 6:00 AM,0,0,5
2023,Inlet Centre Station,Saturday,8:00 to 9:00 PM,61,51,20
2023,Inlet Centre Station,Saturday,8:00 to 9:00 AM,56,64,8
2023,Inlet Centre Station,Saturday,7:00 to 8:00 PM,85,66,19
2023,Inlet Centre Station,Saturday,7:00 to 8:00 AM,43,48,7
2023,Inlet Centre Station,Saturday,6:00 to 7:00 PM,100,101,18
2023,Inlet Centre Station,Saturday,6:00 to 7:00 AM,3,30,6
2023,Inlet Centre Station,Saturday,5:00 to 6:00 PM,114,128,17
2023,Inlet Centre Station,Saturday,5:00 to 6:00 AM,0,1,5
2023,Inlet Centre Station,Saturday,4:00 to 5:00 PM,113,131,16
2023,Inlet Centre Station,Saturday,3:00 to 4:00 PM,109,121,15
2023,Inlet Centre Station,Saturday,2:00 to 3:00 PM,97,113,14
2023,Inlet Centre Station,Saturday,2:00 to 3:00 AM,0,0,2
2023,Inlet Centre Station,Saturday,12:00 to 1:00 PM,79,107,12
2023,Inlet Centre Station,Saturday,12:00 to 1:00 AM,41,14,0
2023,Inlet Centre Station,Saturday,11:00 PM to 12:00 AM,52,27,23
2023,Inlet Centre Station,Saturday,11:00 AM to 12:00 PM,67,109,11
2023,Inlet Centre Station,Saturday,10:00 to 11:00 PM,71,40,22
2023,Inlet Centre Station,Saturday,10:00 to 11:00 AM,64,93,10
2023,Inlet Centre Station,Saturday,1:00 to 2:00 PM,90,106,13
2023,Inlet Centre Station,Saturday,1:00 to 2:00 AM,24,3,1
2023,Inlet Centre Station,Weekday,9:00 to 10:00 PM,68,40,21
2023,Inlet Centre Station,Weekday,9:00 to 10:00 AM,67,114,9
2023,Inlet Centre Station,Weekday,8:00 to 9:00 PM,74,44,20
2023,Inlet Centre Station,Weekday,8:00 to 9:00 AM,96,222,8
2023,Inlet Centre Station,Weekday,7:00 to 8:00 PM,105,62,19
2023,Inlet Centre Station,Weekday,7:00 to 8:00 AM,74,282,7
2023,Inlet Centre Station,Weekday,6:00 to 7:00 PM,198,97,18
2023,Inlet Centre Station,Weekday,6:00 to 7:00 AM,46,140,6
2023,Inlet Centre Station,Weekday,5:00 to 6:00 PM,300,145,17
2023,Inlet Centre Station,Weekday,5:00 to 6:00 AM,3,52,5
2023,Inlet Centre Station,Weekday,4:00 to 5:00 PM,252,145,16
2023,Inlet Centre Station,Weekday,4:00 to 5:00 AM,0,1,4
2023,Inlet Centre Station,Weekday,3:00 to 4:00 PM,178,130,15
2023,Inlet Centre Station,Weekday,3:00 to 4:00 AM,0,0,3
2023,Inlet Centre Station,Saturday,9:00 to 10:00 AM,69,76,9
2023,Inlet Centre Station,Saturday,9:00 to 10:00 PM,58,44,21
2023,Inlet Centre Station,Sunday/Holiday,1:00 to 2:00 AM,1,0,1
2023,Inlet Centre Station,Sunday/Holiday,1:00 to 2:00 PM,79,85,13
2023,Inlet Centre Station,Sunday/Holiday,10:00 to 11:00 AM,57,77,10
2023,Inlet Centre Station,Sunday/Holiday,10:00 to 11:00 PM,37,27,22
2023,Inlet Centre Station,Sunday/Holiday,11:00 AM to 12:00 PM,58,88,11
2023,Inlet Centre Station,Sunday/Holiday,11:00 PM to 12:00 AM,26,16,23
2023,Inlet Centre Station,Sunday/Holiday,12:00 to 1:00 AM,15,3,0
2023,Inlet Centre Station,Sunday/Holiday,12:00 to 1:00 PM,67,86,12
2023,Inlet Centre Station,Sunday/Holiday,2:00 to 3:00 AM,0,0,2
2023,Inlet Centre Station,Sunday/Holiday,2:00 to 3:00 PM,86,86,14
2023,Inlet Centre Station,Sunday/Holiday,3:00 to 4:00 PM,91,88,15
2023,Inlet Centre Station,Sunday/Holiday,4:00 to 5:00 AM,0,0,4
2023,Inlet Centre Station,Sunday/Holiday,4:00 to 5:00 PM,93,87,16
2023,Inlet Centre Station,Sunday/Holiday,5:00 to 6:00 AM,0,1,5
2023,Inlet Centre Station,Sunday/Holiday,5:00 to 6:00 PM,89,77,17
2023,Inlet Centre Station,Sunday/Holiday,6:00 to 7:00 AM,2,10,6
2023,Inlet Centre Station,Sunday/Holiday,6:00 to 7:00 PM,81,62,18
2023,Inlet Centre Station,Sunday/Holiday,7:00 to 8:00 AM,9,36,7
2023,Inlet Centre Station,Sunday/Holiday,7:00 to 8:00 PM,63,52,19
2023,Inlet Centre Station,Sunday/Holiday,8:00 to 9:00 AM,47,41,8
2023,Inlet Centre Station,Sunday/Holiday,8:00 to 9:00 PM,48,38,20
2023,Inlet Centre Station,Sunday/Holiday,9:00 to 10:00 AM,46,60,9
2023,Inlet Centre Station,Sunday/Holiday,9:00 to 10:00 PM,42,32,21
2023,Inlet Centre Station,Weekday,2:00 to 3:00 PM,112,91,14
2023,Inlet Centre Station,Weekday,2:00 to 3:00 AM,0,0,2
2023,Inlet Centre Station,Weekday,12:00 to 1:00 PM,73,89,12
2023,Inlet Centre Station,Weekday,12:00 to 1:00 AM,23,7,0
2023,Inlet Centre Station,Weekday,11:00 PM to 12:00 AM,38,19,23
2023,Inlet Centre Station,Weekday,11:00 AM to 12:00 PM,59,94,11
2023,Inlet Centre Station,Weekday,10:00 to 11:00 PM,51,32,22
2023,Inlet Centre Station,Weekday,10:00 to 11:00 AM,57,90,10
2023,Inlet Centre Station,Weekday,1:00 to 2:00 PM,86,85,13
2023,Inlet Centre Station,Weekday,1:00 to 2:00 AM,10,2,1
2023,Joyce-Collingwood Station,Sunday/Holiday,9:00 to 10:00 PM,533,286,21
2023,Joyce-Collingwood Station,Sunday/Holiday,9:00 to 10:00 AM,329,664,9
2023,Joyce-Collingwood Station,Sunday/Holiday,8:00 to 9:00 PM,592,372,20
2023,Joyce-Collingwood Station,Sunday/Holiday,8:00 to 9:00 AM,258,486,8
2023,Joyce-Collingwood Station,Sunday/Holiday,7:00 to 8:00 PM,815,400,19
2023,Joyce-Collingwood Station,Sunday/Holiday,7:00 to 8:00 AM,165,319,7
2023,Joyce-Collingwood Station,Sunday/Holiday,6:00 to 7:00 PM,930,600,18
2023,Joyce-Collingwood Station,Sunday/Holiday,6:00 to 7:00 AM,11,28,6
2023,Joyce-Collingwood Station,Sunday/Holiday,5:00 to 6:00 PM,962,658,17
2023,Joyce-Collingwood Station,Sunday/Holiday,5:00 to 6:00 AM,3,9,5
2023,Joyce-Collingwood Station,Sunday/Holiday,4:00 to 5:00 PM,951,857,16
2023,Joyce-Collingwood Station,Sunday/Holiday,4:00 to 5:00 AM,0,0,4
2023,Joyce-Collingwood Station,Sunday/Holiday,3:00 to 4:00 PM,875,813,15
2023,Joyce-Collingwood Station,Sunday/Holiday,3:00 to 4:00 AM,0,0,3
2023,Joyce-Collingwood Station,Sunday/Holiday,2:00 to 3:00 PM,798,925,14
2023,Joyce-Collingwood Station,Sunday/Holiday,2:00 to 3:00 AM,0,0,2
2023,Joyce-Collingwood Station,Sunday/Holiday,12:00 to 1:00 PM,573,923,12
2023,Joyce-Collingwood Station,Sunday/Holiday,12:00 to 1:00 AM,123,48,0
2023,Joyce-Collingwood Station,Sunday/Holiday,11:00 PM to 12:00 AM,350,191,23
2023,Joyce-Collingwood Station,Sunday/Holiday,11:00 AM to 12:00 PM,474,807,11
2023,Joyce-Collingwood Station,Sunday/Holiday,10:00 to 11:00 PM,457,234,22
2023,Joyce-Collingwood Station,Sunday/Holiday,10:00 to 11:00 AM,421,817,10
2023,Joyce-Collingwood Station,Sunday/Holiday,1:00 to 2:00 PM,656,878,13
2023,Joyce-Collingwood Station,Sunday/Holiday,1:00 to 2:00 AM,6,1,1
2023,Joyce-Collingwood Station,Saturday,9:00 to 10:00 PM,724,367,21
2023,Joyce-Collingwood Station,Saturday,9:00 to 10:00 AM,387,820,9
2023,Joyce-Collingwood Station,Saturday,8:00 to 9:00 PM,699,430,20
2023,Joyce-Collingwood Station,Saturday,8:00 to 9:00 AM,351,672,8
2023,Joyce-Collingwood Station,Saturday,7:00 to 8:00 PM,820,572,19
2023,Joyce-Collingwood Station,Saturday,7:00 to 8:00 AM,264,548,7
2023,Joyce-Collingwood Station,Saturday,6:00 to 7:00 PM,1017,845,18
2023,Joyce-Collingwood Station,Saturday,6:00 to 7:00 AM,132,226,6
2023,Joyce-Collingwood Station,Saturday,5:00 to 6:00 PM,1078,906,17
2023,Joyce-Collingwood Station,Saturday,5:00 to 6:00 AM,0,0,5
2023,Joyce-Collingwood Station,Saturday,4:00 to 5:00 PM,1081,961,16
2023,Joyce-Collingwood Station,Saturday,4:00 to 5:00 AM,0,0,4
2023,Joyce-Collingwood Station,Weekday,8:00 to 9:00 PM,782,431,20
2023,Joyce-Collingwood Station,Weekday,8:00 to 9:00 AM,615,1650,8
2023,Joyce-Collingwood Station,Weekday,7:00 to 8:00 PM,944,579,19
2023,Joyce-Collingwood Station,Weekday,7:00 to 8:00 AM,613,1344,7
2023,Joyce-Collingwood Station,Weekday,6:00 to 7:00 PM,1393,928,18
2023,Joyce-Collingwood Station,Weekday,6:00 to 7:00 AM,505,920,6
2023,Joyce-Collingwood Station,Weekday,5:00 to 6:00 PM,1749,1076,17
2023,Joyce-Collingwood Station,Weekday,5:00 to 6:00 AM,107,316,5
2023,Joyce-Collingwood Station,Weekday,4:00 to 5:00 PM,1501,1102,16
2023,Joyce-Collingwood Station,Weekday,4:00 to 5:00 AM,0,0,4
2023,Joyce-Collingwood Station,Weekday,3:00 to 4:00 PM,1221,942,15
2023,Joyce-Collingwood Station,Weekday,3:00 to 4:00 AM,0,0,3
2023,Joyce-Collingwood Station,Weekday,2:00 to 3:00 PM,818,763,14
2023,Joyce-Collingwood Station,Weekday,2:00 to 3:00 AM,0,0,2
2023,Joyce-Collingwood Station,Weekday,12:00 to 1:00 PM,588,739,12
2023,Joyce-Collingwood Station,Weekday,12:00 to 1:00 AM,241,83,0
2023,Joyce-Collingwood Station,Weekday,11:00 PM to 12:00 AM,426,196,23
2023,Joyce-Collingwood Station,Weekday,11:00 AM to 12:00 PM,495,717,11
2023,Joyce-Collingwood Station,Weekday,10:00 to 11:00 PM,594,277,22
2023,Joyce-Collingwood Station,Weekday,10:00 to 11:00 AM,463,719,10
2023,Joyce-Collingwood Station,Weekday,1:00 to 2:00 PM,658,741,13
2023,Joyce-Collingwood Station,Weekday,1:00 to 2:00 AM,69,15,1
2023,Joyce-Collingwood Station,Weekday,9:00 to 10:00 AM,468,994,9
2023,Joyce-Collingwood Station,Weekday,9:00 to 10:00 PM,788,337,21
2023,Joyce-Collingwood Station,Saturday,1:00 to 2:00 AM,122,25,1
2023,Joyce-Collingwood Station,Saturday,1:00 to 2:00 PM,734,969,13
2023,Joyce-Collingwood Station,Saturday,10:00 to 11:00 AM,451,843,10
2023,Joyce-Collingwood Station,Saturday,10:00 to 11:00 PM,624,321,22
2023,Joyce-Collingwood Station,Saturday,11:00 AM to 12:00 PM,526,888,11
2023,Joyce-Collingwood Station,Saturday,11:00 PM to 12:00 AM,519,255,23
2023,Joyce-Collingwood Station,Saturday,12:00 to 1:00 AM,364,121,0
2023,Joyce-Collingwood Station,Saturday,12:00 to 1:00 PM,636,931,12
2023,Joyce-Collingwood Station,Saturday,2:00 to 3:00 AM,0,0,2
2023,Joyce-Collingwood Station,Saturday,2:00 to 3:00 PM,847,979,14
2023,Joyce-Collingwood Station,Saturday,3:00 to 4:00 AM,0,0,3
2023,Joyce-Collingwood Station,Saturday,3:00 to 4:00 PM,948,976,15
2023,King Edward Station,Saturday,3:00 to 4:00 PM,398,397,15
2023,King Edward Station,Saturday,3:00 to 4:00 AM,1,1,3
2023,King Edward Station,Saturday,2:00 to 3:00 PM,360,398,14
2023,King Edward Station,Saturday,2:00 to 3:00 AM,0,0,2
2023,King Edward Station,Saturday,12:00 to 1:00 PM,272,391,12
2023,King Edward Station,Saturday,12:00 to 1:00 AM,103,27,0
2023,King Edward Station,Saturday,11:00 PM to 12:00 AM,179,51,23
2023,King Edward Station,Saturday,11:00 AM to 12:00 PM,224,383,11
2023,King Edward Station,Saturday,10:00 to 11:00 PM,235,99,22
2023,King Edward Station,Saturday,10:00 to 11:00 AM,178,343,10
2023,King Edward Station,Saturday,1:00 to 2:00 PM,302,415,13
2023,King Edward Station,Saturday,1:00 to 2:00 AM,30,5,1
2023,King Edward Station,Weekday,9:00 to 10:00 PM,286,110,21
2023,King Edward Station,Weekday,9:00 to 10:00 AM,204,455,9
2023,King Edward Station,Weekday,8:00 to 9:00 PM,276,138,20
2023,King Edward Station,Weekday,8:00 to 9:00 AM,309,719,8
2023,King Edward Station,Weekday,7:00 to 8:00 PM,357,204,19
2023,King Edward Station,Weekday,7:00 to 8:00 AM,336,550,7
2023,King Edward Station,Weekday,6:00 to 7:00 PM,573,323,18
2023,King Edward Station,Weekday,6:00 to 7:00 AM,161,305,6
2023,King Edward Station,Weekday,5:00 to 6:00 PM,740,439,17
2023,King Edward Station,Weekday,5:00 to 6:00 AM,29,76,5
2023,King Edward Station,Weekday,4:00 to 5:00 PM,641,542,16
2023,King Edward Station,Weekday,4:00 to 5:00 AM,1,5,4
2023,King Edward Station,Weekday,3:00 to 4:00 PM,491,521,15
2023,King Edward Station,Weekday,3:00 to 4:00 AM,1,1,3
2023,King Edward Station,Weekday,2:00 to 3:00 PM,359,346,14
2023,King Edward Station,Weekday,2:00 to 3:00 AM,0,0,2
2023,King Edward Station,Weekday,12:00 to 1:00 PM,256,318,12
2023,King Edward Station,Weekday,12:00 to 1:00 AM,58,14,0
2023,King Edward Station,Weekday,11:00 PM to 12:00 AM,119,35,23
2023,King Edward Station,Weekday,11:00 AM to 12:00 PM,200,307,11
2023,King Edward Station,Weekday,10:00 to 11:00 PM,202,76,22
2023,King Edward Station,Weekday,10:00 to 11:00 AM,179,326,10
2023,King Edward Station,Weekday,1:00 to 2:00 PM,285,317,13
2023,King Edward Station,Weekday,1:00 to 2:00 AM,15,3,1
2023,King Edward Station,Saturday,4:00 to 5:00 AM,1,3,4
2023,King Edward Station,Saturday,4:00 to 5:00 PM,425,382,16
2023,King Edward Station,Saturday,5:00 to 6:00 AM,12,35,5
2023,King Edward Station,Saturday,5:00 to 6:00 PM,433,332,17
2023,King Edward Station,Saturday,6:00 to 7:00 AM,43,92,6
2023,King Edward Station,Saturday,6:00 to 7:00 PM,393,302,18
2023,King Edward Station,Saturday,7:00 to 8:00 AM,73,176,7
2023,King Edward Station,Saturday,7:00 to 8:00 PM,301,212,19
2023,King Edward Station,Saturday,8:00 to 9:00 AM,102,229,8
2023,King Edward Station,Saturday,8:00 to 9:00 PM,269,145,20
2023,King Edward Station,Saturday,9:00 to 10:00 AM,152,331,9
2023,King Edward Station,Saturday,9:00 to 10:00 PM,265,123,21
2023,King Edward Station,Sunday/Holiday,1:00 to 2:00 AM,12,3,1
2023,King Edward Station,Sunday/Holiday,1:00 to 2:00 PM,275,357,13
2023,King Edward Station,Sunday/Holiday,10:00 to 11:00 AM,153,327,10
2023,King Edward Station,Sunday/Holiday,10:00 to 11:00 PM,177,58,22
2023,King Edward Station,Sunday/Holiday,11:00 AM to 12:00 PM,193,348,11
2023,King Edward Station,Sunday/Holiday,11:00 PM to 12:00 AM,105,33,23
2023,King Edward Station,Sunday/Holiday,12:00 to 1:00 AM,50,11,0
2023,King Edward Station,Sunday/Holiday,12:00 to 1:00 PM,245,346,12
2023,King Edward Station,Sunday/Holiday,2:00 to 3:00 AM,0,0,2
2023,King Edward Station,Sunday/Holiday,2:00 to 3:00 PM,320,345,14
2023,King Edward Station,Sunday/Holiday,3:00 to 4:00 AM,0,0,3
2023,King Edward Station,Sunday/Holiday,3:00 to 4:00 PM,364,332,15
2023,King Edward Station,Sunday/Holiday,4:00 to 5:00 AM,1,3,4
2023,King Edward Station,Sunday/Holiday,4:00 to 5:00 PM,389,297,16
2023,King Edward Station,Sunday/Holiday,5:00 to 6:00 AM,19,20,5
2023,King Edward Station,Sunday/Holiday,5:00 to 6:00 PM,383,242,17
2023,King Edward Station,Sunday/Holiday,6:00 to 7:00 AM,69,77,6
2023,King Edward Station,Sunday/Holiday,6:00 to 7:00 PM,345,205,18
2023,King Edward Station,Sunday/Holiday,7:00 to 8:00 AM,69,145,7
2023,King Edward Station,Sunday/Holiday,7:00 to 8:00 PM,292,142,19
2023,King Edward Station,Sunday/Holiday,8:00 to 9:00 AM,78,184,8
2023,King Edward Station,Sunday/Holiday,8:00 to 9:00 PM,244,107,20
2023,King Edward Station,Sunday/Holiday,9:00 to 10:00 AM,113,259,9
2023,King Edward Station,Sunday/Holiday,9:00 to 10:00 PM,231,82,21
2023,King George Station,Sunday/Holiday,9:00 to 10:00 PM,203,266,21
2023,King George Station,Sunday/Holiday,9:00 to 10:00 AM,125,563,9
2023,King George Station,Sunday/Holiday,8:00 to 9:00 PM,263,244,20
2023,King George Station,Sunday/Holiday,8:00 to 9:00 AM,108,504,8
2023,King George Station,Sunday/Holiday,7:00 to 8:00 PM,324,269,19
2023,King George Station,Sunday/Holiday,7:00 to 8:00 AM,46,624,7
2023,King George Station,Sunday/Holiday,6:00 to 7:00 PM,335,310,18
2023,King George Station,Sunday/Holiday,6:00 to 7:00 AM,8,190,6
2023,King George Station,Sunday/Holiday,5:00 to 6:00 PM,326,359,17
2023,King George Station,Sunday/Holiday,5:00 to 6:00 AM,1,26,5
2023,King George Station,Sunday/Holiday,4:00 to 5:00 PM,291,432,16
2023,King George Station,Sunday/Holiday,4:00 to 5:00 AM,0,2,4
2023,King George Station,Sunday/Holiday,3:00 to 4:00 PM,254,514,15
2023,King George Station,Sunday/Holiday,2:00 to 3:00 PM,205,593,14
2023,King George Station,Sunday/Holiday,2:00 to 3:00 AM,0,0,2
2023,King George Station,Sunday/Holiday,12:00 to 1:00 PM,161,576,12
2023,King George Station,Sunday/Holiday,12:00 to 1:00 AM,91,16,0
2023,King George Station,Sunday/Holiday,11:00 PM to 12:00 AM,163,74,23
2023,King George Station,Sunday/Holiday,11:00 AM to 12:00 PM,138,574,11
2023,King George Station,Sunday/Holiday,10:00 to 11:00 PM,165,175,22
2023,King George Station,Sunday/Holiday,10:00 to 11:00 AM,114,577,10
2023,King George Station,Sunday/Holiday,1:00 to 2:00 PM,201,648,13
2023,King George Station,Sunday/Holiday,1:00 to 2:00 AM,6,1,1
2023,King George Station,Saturday,9:00 to 10:00 PM,294,318,21
2023,King George Station,Saturday,9:00 to 10:00 AM,117,661,9
2023,King George Station,Saturday,8:00 to 9:00 PM,302,292,20
2023,King George Station,Saturday,8:00 to 9:00 AM,132,752,8
2023,King George Station,Saturday,7:00 to 8:00 PM,356,357,19
2023,King George Station,Saturday,7:00 to 8:00 AM,155,732,7
2023,King George Station,Saturday,6:00 to 7:00 PM,389,438,18
2023,King George Station,Saturday,6:00 to 7:00 AM,50,527,6
2023,King George Station,Saturday,5:00 to 6:00 PM,411,509,17
2023,King George Station,Saturday,5:00 to 6:00 AM,0,83,5
2023,King George Station,Saturday,4:00 to 5:00 PM,358,568,16
2023,King George Station,Saturday,4:00 to 5:00 AM,0,0,4
2023,King George Station,Saturday,3:00 to 4:00 PM,295,643,15
2023,King George Station,Saturday,2:00 to 3:00 PM,231,725,14
2023,King George Station,Saturday,2:00 to 3:00 AM,0,0,2
2023,King George Station,Saturday,12:00 to 1:00 PM,187,744,12
2023,King George Station,Saturday,12:00 to 1:00 AM,207,43,0
2023,King George Station,Saturday,11:00 PM to 12:00 AM,252,104,23
2023,King George Station,Saturday,11:00 AM to 12:00 PM,156,678,11
2023,King George Station,Saturday,10:00 to 11:00 PM,286,220,22
2023,King George Station,Saturday,10:00 to 11:00 AM,126,646,10
2023,King George Station,Saturday,1:00 to 2:00 PM,210,756,13
2023,King George Station,Saturday,1:00 to 2:00 AM,74,9,1
2023,King George Station,Weekday,9:00 to 10:00 PM,335,267,21
2023,King George Station,Weekday,9:00 to 10:00 AM,166,1023,9
2023,King George Station,Weekday,8:00 to 9:00 PM,392,252,20
2023,King George Station,Weekday,8:00 to 9:00 AM,301,1587,8
2023,King George Station,Weekday,7:00 to 8:00 PM,499,304,19
2023,King George Station,Weekday,7:00 to 8:00 AM,329,2065,7
2023,King George Station,Weekday,6:00 to 7:00 PM,773,474,18
2023,King George Station,Weekday,6:00 to 7:00 AM,403,1514,6
2023,King George Station,Weekday,5:00 to 6:00 PM,949,715,17
2023,King George Station,Weekday,5:00 to 6:00 AM,34,770,5
2023,King George Station,Weekday,4:00 to 5:00 PM,763,829,16
2023,King George Station,Weekday,4:00 to 5:00 AM,0,68,4
2023,King George Station,Weekday,3:00 to 4:00 PM,535,810,15
2023,King George Station,Weekday,3:00 to 4:00 AM,0,0,3
2023,King George Station,Weekday,2:00 to 3:00 PM,287,696,14
2023,King George Station,Weekday,2:00 to 3:00 AM,0,0,2
2023,King George Station,Weekday,12:00 to 1:00 PM,220,749,12
2023,King George Station,Weekday,12:00 to 1:00 AM,143,27,0
2023,King George Station,Weekday,11:00 PM to 12:00 AM,204,70,23
2023,King George Station,Weekday,11:00 AM to 12:00 PM,152,770,11
2023,King George Station,Weekday,10:00 to 11:00 PM,246,171,22
2023,King George Station,Weekday,10:00 to 11:00 AM,143,745,10
2023,King George Station,Weekday,1:00 to 2:00 PM,240,734,13
2023,King George Station,Weekday,1:00 to 2:00 AM,40,6,1
2023,Lafarge Lake-Douglas Station,Weekday,1:00 to 2:00 AM,12,1,1
2023,Lafarge Lake-Douglas Station,Weekday,1:00 to 2:00 PM,87,100,13
2023,Lafarge Lake-Douglas Station,Sunday/Holiday,9:00 to 10:00 PM,73,40,21
2023,Lafarge Lake-Douglas Station,Sunday/Holiday,9:00 to 10:00 AM,32,68,9
2023,Lafarge Lake-Douglas Station,Sunday/Holiday,8:00 to 9:00 PM,82,53,20
2023,Lafarge Lake-Douglas Station,Sunday/Holiday,8:00 to 9:00 AM,28,50,8
2023,Lafarge Lake-Douglas Station,Sunday/Holiday,7:00 to 8:00 PM,106,66,19
2023,Lafarge Lake-Douglas Station,Sunday/Holiday,7:00 to 8:00 AM,2,38,7
2023,Lafarge Lake-Douglas Station,Sunday/Holiday,6:00 to 7:00 PM,122,73,18
2023,Lafarge Lake-Douglas Station,Sunday/Holiday,6:00 to 7:00 AM,1,14,6
2023,Lafarge Lake-Douglas Station,Sunday/Holiday,5:00 to 6:00 PM,129,81,17
2023,Lafarge Lake-Douglas Station,Sunday/Holiday,5:00 to 6:00 AM,0,2,5
2023,Lafarge Lake-Douglas Station,Sunday/Holiday,4:00 to 5:00 PM,128,80,16
2023,Lafarge Lake-Douglas Station,Sunday/Holiday,4:00 to 5:00 AM,0,0,4
2023,Lafarge Lake-Douglas Station,Sunday/Holiday,3:00 to 4:00 PM,102,75,15
2023,Lafarge Lake-Douglas Station,Sunday/Holiday,2:00 to 3:00 PM,90,79,14
2023,Lafarge Lake-Douglas Station,Sunday/Holiday,2:00 to 3:00 AM,0,0,2
2023,Lafarge Lake-Douglas Station,Sunday/Holiday,12:00 to 1:00 PM,64,89,12
2023,Lafarge Lake-Douglas Station,Sunday/Holiday,12:00 to 1:00 AM,21,1,0
2023,Lafarge Lake-Douglas Station,Sunday/Holiday,11:00 PM to 12:00 AM,33,13,23
2023,Lafarge Lake-Douglas Station,Sunday/Holiday,11:00 AM to 12:00 PM,53,88,11
2023,Lafarge Lake-Douglas Station,Sunday/Holiday,10:00 to 11:00 PM,43,55,22
2023,Lafarge Lake-Douglas Station,Sunday/Holiday,10:00 to 11:00 AM,47,87,10
2023,Lafarge Lake-Douglas Station,Sunday/Holiday,1:00 to 2:00 PM,73,89,13
2023,Lafarge Lake-Douglas Station,Sunday/Holiday,1:00 to 2:00 AM,2,1,1
2023,Lafarge Lake-Douglas Station,Saturday,9:00 to 10:00 PM,75,58,21
2023,Lafarge Lake-Douglas Station,Saturday,9:00 to 10:00 AM,49,81,9
2023,Lafarge Lake-Douglas Station,Saturday,8:00 to 9:00 PM,87,76,20
2023,Lafarge Lake-Douglas Station,Saturday,8:00 to 9:00 AM,36,79,8
2023,Lafarge Lake-Douglas Station,Saturday,7:00 to 8:00 PM,125,89,19
2023,Lafarge Lake-Douglas Station,Saturday,7:00 to 8:00 AM,24,51,7
2023,Lafarge Lake-Douglas Station,Saturday,6:00 to 7:00 PM,148,105,18
2023,Lafarge Lake-Douglas Station,Saturday,6:00 to 7:00 AM,1,29,6
2023,Lafarge Lake-Douglas Station,Saturday,5:00 to 6:00 PM,162,124,17
2023,Lafarge Lake-Douglas Station,Saturday,5:00 to 6:00 AM,0,9,5
2023,Lafarge Lake-Douglas Station,Saturday,4:00 to 5:00 PM,145,114,16
2023,Lafarge Lake-Douglas Station,Saturday,3:00 to 4:00 PM,110,110,15
2023,Lafarge Lake-Douglas Station,Saturday,3:00 to 4:00 AM,0,0,3
2023,Lafarge Lake-Douglas Station,Saturday,2:00 to 3:00 PM,97,117,14
2023,Lafarge Lake-Douglas Station,Saturday,2:00 to 3:00 AM,2,0,2
2023,Lafarge Lake-Douglas Station,Saturday,12:00 to 1:00 PM,80,105,12
2023,Lafarge Lake-Douglas Station,Saturday,12:00 to 1:00 AM,52,6,0
2023,Lafarge Lake-Douglas Station,Saturday,11:00 PM to 12:00 AM,59,13,23
2023,Lafarge Lake-Douglas Station,Saturday,11:00 AM to 12:00 PM,69,101,11
2023,Lafarge Lake-Douglas Station,Saturday,10:00 to 11:00 PM,81,34,22
2023,Lafarge Lake-Douglas Station,Saturday,10:00 to 11:00 AM,54,93,10
2023,Lafarge Lake-Douglas Station,Saturday,1:00 to 2:00 PM,94,109,13
2023,Lafarge Lake-Douglas Station,Saturday,1:00 to 2:00 AM,24,0,1
2023,Lafarge Lake-Douglas Station,Weekday,9:00 to 10:00 PM,84,41,21
2023,Lafarge Lake-Douglas Station,Weekday,9:00 to 10:00 AM,92,135,9
2023,Lafarge Lake-Douglas Station,Weekday,8:00 to 9:00 PM,94,51,20
2023,Lafarge Lake-Douglas Station,Weekday,8:00 to 9:00 AM,165,231,8
2023,Lafarge Lake-Douglas Station,Weekday,7:00 to 8:00 PM,147,59,19
2023,Lafarge Lake-Douglas Station,Weekday,7:00 to 8:00 AM,69,321,7
2023,Lafarge Lake-Douglas Station,Weekday,6:00 to 7:00 PM,255,90,18
2023,Lafarge Lake-Douglas Station,Weekday,6:00 to 7:00 AM,44,166,6
2023,Lafarge Lake-Douglas Station,Weekday,5:00 to 6:00 PM,300,116,17
2023,Lafarge Lake-Douglas Station,Weekday,5:00 to 6:00 AM,1,70,5
2023,Lafarge Lake-Douglas Station,Weekday,4:00 to 5:00 PM,253,167,16
2023,Lafarge Lake-Douglas Station,Weekday,4:00 to 5:00 AM,0,12,4
2023,Lafarge Lake-Douglas Station,Weekday,3:00 to 4:00 PM,181,178,15
2023,Lafarge Lake-Douglas Station,Weekday,3:00 to 4:00 AM,0,0,3
2023,Lafarge Lake-Douglas Station,Weekday,2:00 to 3:00 PM,113,136,14
2023,Lafarge Lake-Douglas Station,Weekday,2:00 to 3:00 AM,1,1,2
2023,Lafarge Lake-Douglas Station,Weekday,12:00 to 1:00 PM,111,132,12
2023,Lafarge Lake-Douglas Station,Weekday,12:00 to 1:00 AM,28,3,0
2023,Lafarge Lake-Douglas Station,Weekday,11:00 PM to 12:00 AM,42,9,23
2023,Lafarge Lake-Douglas Station,Weekday,11:00 AM to 12:00 PM,82,117,11
2023,Lafarge Lake-Douglas Station,Weekday,10:00 to 11:00 PM,68,20,22
2023,Lafarge Lake-Douglas Station,Weekday,10:00 to 11:00 AM,84,109,10
2023,Lake City Way Station,Sunday/Holiday,5:00 to 6:00 AM,0,0,5
2023,Lake City Way Station,Sunday/Holiday,5:00 to 6:00 PM,28,47,17
2023,Lake City Way Station,Sunday/Holiday,6:00 to 7:00 AM,5,1,6
2023,Lake City Way Station,Sunday/Holiday,6:00 to 7:00 PM,24,34,18
2023,Lake City Way Station,Sunday/Holiday,7:00 to 8:00 AM,24,12,7
2023,Lake City Way Station,Sunday/Holiday,7:00 to 8:00 PM,21,21,19
2023,Lake City Way Station,Sunday/Holiday,4:00 to 5:00 PM,26,29,16
2023,Lake City Way Station,Sunday/Holiday,3:00 to 4:00 PM,27,29,15
2023,Lake City Way Station,Sunday/Holiday,2:00 to 3:00 PM,20,25,14
2023,Lake City Way Station,Sunday/Holiday,2:00 to 3:00 AM,0,0,2
2023,Lake City Way Station,Sunday/Holiday,12:00 to 1:00 PM,16,24,12
2023,Lake City Way Station,Sunday/Holiday,12:00 to 1:00 AM,9,4,0
2023,Lake City Way Station,Sunday/Holiday,11:00 PM to 12:00 AM,15,6,23
2023,Lake City Way Station,Sunday/Holiday,11:00 AM to 12:00 PM,14,25,11
2023,Lake City Way Station,Sunday/Holiday,10:00 to 11:00 PM,16,7,22
2023,Lake City Way Station,Sunday/Holiday,10:00 to 11:00 AM,11,24,10
2023,Lake City Way Station,Sunday/Holiday,1:00 to 2:00 PM,22,27,13
2023,Lake City Way Station,Sunday/Holiday,1:00 to 2:00 AM,1,1,1
2023,Lake City Way Station,Saturday,9:00 to 10:00 PM,20,12,21
2023,Lake City Way Station,Saturday,9:00 to 10:00 AM,17,22,9
2023,Lake City Way Station,Saturday,8:00 to 9:00 PM,21,15,20
2023,Lake City Way Station,Saturday,8:00 to 9:00 AM,52,20,8
2023,Lake City Way Station,Saturday,7:00 to 8:00 PM,25,29,19
2023,Lake City Way Station,Saturday,7:00 to 8:00 AM,28,17,7
2023,Lake City Way Station,Saturday,6:00 to 7:00 PM,26,42,18
2023,Lake City Way Station,Saturday,6:00 to 7:00 AM,27,8,6
2023,Lake City Way Station,Saturday,5:00 to 6:00 PM,35,60,17
2023,Lake City Way Station,Saturday,5:00 to 6:00 AM,0,0,5
2023,Lake City Way Station,Saturday,4:00 to 5:00 PM,30,40,16
2023,Lake City Way Station,Saturday,3:00 to 4:00 PM,28,42,15
2023,Lake City Way Station,Saturday,2:00 to 3:00 PM,21,33,14
2023,Lake City Way Station,Saturday,2:00 to 3:00 AM,0,0,2
2023,Lake City Way Station,Saturday,12:00 to 1:00 PM,17,39,12
2023,Lake City Way Station,Sunday/Holiday,9:00 to 10:00 PM,16,9,21
2023,Lake City Way Station,Sunday/Holiday,9:00 to 10:00 AM,13,18,9
2023,Lake City Way Station,Sunday/Holiday,8:00 to 9:00 PM,18,11,20
2023,Lake City Way Station,Sunday/Holiday,8:00 to 9:00 AM,44,14,8
2023,Lake City Way Station,Weekday,1:00 to 2:00 AM,9,5,1
2023,Lake City Way Station,Weekday,1:00 to 2:00 PM,31,30,13
2023,Lake City Way Station,Weekday,10:00 to 11:00 AM,22,27,10
2023,Lake City Way Station,Weekday,10:00 to 11:00 PM,24,14,22
2023,Lake City Way Station,Weekday,11:00 AM to 12:00 PM,22,32,11
2023,Lake City Way Station,Weekday,11:00 PM to 12:00 AM,19,13,23
2023,Lake City Way Station,Weekday,12:00 to 1:00 AM,10,3,0
2023,Lake City Way Station,Weekday,12:00 to 1:00 PM,24,31,12
2023,Lake City Way Station,Weekday,2:00 to 3:00 AM,0,0,2
2023,Lake City Way Station,Weekday,2:00 to 3:00 PM,42,48,14
2023,Lake City Way Station,Weekday,3:00 to 4:00 PM,52,131,15
2023,Lake City Way Station,Weekday,4:00 to 5:00 AM,0,0,4
2023,Lake City Way Station,Weekday,4:00 to 5:00 PM,66,164,16
2023,Lake City Way Station,Weekday,5:00 to 6:00 AM,17,14,5
2023,Lake City Way Station,Weekday,5:00 to 6:00 PM,72,168,17
2023,Lake City Way Station,Weekday,6:00 to 7:00 AM,177,29,6
2023,Lake City Way Station,Weekday,6:00 to 7:00 PM,46,54,18
2023,Lake City Way Station,Weekday,7:00 to 8:00 AM,138,66,7
2023,Lake City Way Station,Weekday,7:00 to 8:00 PM,29,30,19
2023,Lake City Way Station,Weekday,8:00 to 9:00 AM,125,66,8
2023,Lake City Way Station,Weekday,8:00 to 9:00 PM,24,16,20
2023,Lake City Way Station,Weekday,9:00 to 10:00 AM,42,35,9
2023,Lake City Way Station,Weekday,9:00 to 10:00 PM,23,16,21
2023,Lake City Way Station,Saturday,1:00 to 2:00 AM,12,6,1
2023,Lake City Way Station,Saturday,1:00 to 2:00 PM,21,35,13
2023,Lake City Way Station,Saturday,10:00 to 11:00 AM,12,24,10
2023,Lake City Way Station,Saturday,10:00 to 11:00 PM,26,8,22
2023,Lake City Way Station,Saturday,11:00 AM to 12:00 PM,15,30,11
2023,Lake City Way Station,Saturday,11:00 PM to 12:00 AM,22,8,23
2023,Lake City Way Station,Saturday,12:00 to 1:00 AM,14,5,0
2023,Langara-49th Avenue Station,Saturday,2:00 to 3:00 AM,1,1,2
2023,Langara-49th Avenue Station,Saturday,12:00 to 1:00 PM,233,414,12
2023,Langara-49th Avenue Station,Saturday,12:00 to 1:00 AM,129,18,0
2023,Langara-49th Avenue Station,Saturday,11:00 PM to 12:00 AM,216,47,23
2023,Langara-49th Avenue Station,Saturday,11:00 AM to 12:00 PM,179,424,11
2023,Langara-49th Avenue Station,Saturday,10:00 to 11:00 PM,283,84,22
2023,Langara-49th Avenue Station,Saturday,10:00 to 11:00 AM,133,386,10
2023,Langara-49th Avenue Station,Saturday,1:00 to 2:00 PM,265,428,13
2023,Langara-49th Avenue Station,Saturday,1:00 to 2:00 AM,38,4,1
2023,Langara-49th Avenue Station,Weekday,9:00 to 10:00 PM,339,146,21
2023,Langara-49th Avenue Station,Weekday,9:00 to 10:00 AM,372,494,9
2023,Langara-49th Avenue Station,Weekday,8:00 to 9:00 PM,323,180,20
2023,Langara-49th Avenue Station,Weekday,8:00 to 9:00 AM,574,695,8
2023,Langara-49th Avenue Station,Weekday,7:00 to 8:00 PM,380,224,19
2023,Langara-49th Avenue Station,Weekday,7:00 to 8:00 AM,302,556,7
2023,Langara-49th Avenue Station,Weekday,6:00 to 7:00 PM,577,434,18
2023,Langara-49th Avenue Station,Weekday,6:00 to 7:00 AM,94,319,6
2023,Langara-49th Avenue Station,Weekday,5:00 to 6:00 PM,757,517,17
2023,Langara-49th Avenue Station,Weekday,5:00 to 6:00 AM,14,62,5
2023,Langara-49th Avenue Station,Weekday,4:00 to 5:00 PM,678,725,16
2023,Langara-49th Avenue Station,Weekday,4:00 to 5:00 AM,1,4,4
2023,Langara-49th Avenue Station,Weekday,3:00 to 4:00 PM,528,602,15
2023,Langara-49th Avenue Station,Weekday,3:00 to 4:00 AM,0,1,3
2023,Langara-49th Avenue Station,Weekday,2:00 to 3:00 PM,450,615,14
2023,Langara-49th Avenue Station,Weekday,2:00 to 3:00 AM,0,1,2
2023,Langara-49th Avenue Station,Weekday,12:00 to 1:00 PM,409,558,12
2023,Langara-49th Avenue Station,Weekday,12:00 to 1:00 AM,80,13,0
2023,Langara-49th Avenue Station,Weekday,11:00 PM to 12:00 AM,140,29,23
2023,Langara-49th Avenue Station,Weekday,11:00 AM to 12:00 PM,291,420,11
2023,Langara-49th Avenue Station,Weekday,10:00 to 11:00 PM,245,75,22
2023,Langara-49th Avenue Station,Weekday,10:00 to 11:00 AM,414,445,10
2023,Langara-49th Avenue Station,Weekday,1:00 to 2:00 PM,355,448,13
2023,Langara-49th Avenue Station,Weekday,1:00 to 2:00 AM,21,2,1
2023,Langara-49th Avenue Station,Saturday,2:00 to 3:00 PM,314,417,14
2023,Langara-49th Avenue Station,Saturday,3:00 to 4:00 AM,0,0,3
2023,Langara-49th Avenue Station,Saturday,3:00 to 4:00 PM,378,407,15
2023,Langara-49th Avenue Station,Saturday,4:00 to 5:00 AM,1,5,4
2023,Langara-49th Avenue Station,Saturday,4:00 to 5:00 PM,420,374,16
2023,Langara-49th Avenue Station,Saturday,5:00 to 6:00 AM,11,34,5
2023,Langara-49th Avenue Station,Saturday,5:00 to 6:00 PM,444,343,17
2023,Langara-49th Avenue Station,Saturday,6:00 to 7:00 AM,32,108,6
2023,Langara-49th Avenue Station,Saturday,6:00 to 7:00 PM,408,285,18
2023,Langara-49th Avenue Station,Saturday,7:00 to 8:00 AM,75,219,7
2023,Langara-49th Avenue Station,Saturday,7:00 to 8:00 PM,332,196,19
2023,Langara-49th Avenue Station,Saturday,8:00 to 9:00 AM,123,273,8
2023,Langara-49th Avenue Station,Saturday,8:00 to 9:00 PM,311,139,20
2023,Langara-49th Avenue Station,Saturday,9:00 to 10:00 AM,131,347,9
2023,Langara-49th Avenue Station,Saturday,9:00 to 10:00 PM,309,117,21
2023,Langara-49th Avenue Station,Sunday/Holiday,1:00 to 2:00 AM,16,2,1
2023,Langara-49th Avenue Station,Sunday/Holiday,1:00 to 2:00 PM,238,391,13
2023,Langara-49th Avenue Station,Sunday/Holiday,10:00 to 11:00 AM,118,364,10
2023,Langara-49th Avenue Station,Sunday/Holiday,10:00 to 11:00 PM,204,55,22
2023,Langara-49th Avenue Station,Sunday/Holiday,11:00 AM to 12:00 PM,144,378,11
2023,Langara-49th Avenue Station,Sunday/Holiday,11:00 PM to 12:00 AM,132,29,23
2023,Langara-49th Avenue Station,Sunday/Holiday,12:00 to 1:00 AM,73,12,0
2023,Langara-49th Avenue Station,Sunday/Holiday,12:00 to 1:00 PM,193,373,12
2023,Langara-49th Avenue Station,Sunday/Holiday,2:00 to 3:00 AM,1,1,2
2023,Langara-49th Avenue Station,Sunday/Holiday,2:00 to 3:00 PM,292,377,14
2023,Langara-49th Avenue Station,Sunday/Holiday,3:00 to 4:00 AM,0,1,3
2023,Langara-49th Avenue Station,Sunday/Holiday,3:00 to 4:00 PM,363,332,15
2023,Langara-49th Avenue Station,Sunday/Holiday,4:00 to 5:00 AM,1,3,4
2023,Langara-49th Avenue Station,Sunday/Holiday,4:00 to 5:00 PM,381,292,16
2023,Langara-49th Avenue Station,Sunday/Holiday,5:00 to 6:00 AM,11,32,5
2023,Langara-49th Avenue Station,Sunday/Holiday,5:00 to 6:00 PM,399,247,17
2023,Langara-49th Avenue Station,Sunday/Holiday,6:00 to 7:00 AM,31,101,6
2023,Langara-49th Avenue Station,Sunday/Holiday,6:00 to 7:00 PM,366,195,18
2023,Langara-49th Avenue Station,Sunday/Holiday,7:00 to 8:00 AM,70,196,7
2023,Langara-49th Avenue Station,Sunday/Holiday,7:00 to 8:00 PM,325,137,19
2023,Langara-49th Avenue Station,Sunday/Holiday,8:00 to 9:00 AM,68,214,8
2023,Langara-49th Avenue Station,Sunday/Holiday,8:00 to 9:00 PM,269,93,20
2023,Langara-49th Avenue Station,Sunday/Holiday,9:00 to 10:00 AM,93,283,9
2023,Langara-49th Avenue Station,Sunday/Holiday,9:00 to 10:00 PM,254,76,21
2023,Lansdowne Station,Weekday,11:00 AM to 12:00 PM,211,245,11
2023,Lansdowne Station,Weekday,11:00 PM to 12:00 AM,30,16,23
2023,Lansdowne Station,Weekday,12:00 to 1:00 AM,16,6,0
2023,Lansdowne Station,Weekday,12:00 to 1:00 PM,258,271,12
2023,Lansdowne Station,Weekday,2:00 to 3:00 AM,0,0,2
2023,Lansdowne Station,Weekday,2:00 to 3:00 PM,270,288,14
2023,Lansdowne Station,Weekday,3:00 to 4:00 AM,0,0,3
2023,Lansdowne Station,Sunday/Holiday,9:00 to 10:00 PM,103,103,21
2023,Lansdowne Station,Sunday/Holiday,9:00 to 10:00 AM,121,138,9
2023,Lansdowne Station,Sunday/Holiday,8:00 to 9:00 PM,124,127,20
2023,Lansdowne Station,Sunday/Holiday,8:00 to 9:00 AM,59,81,8
2023,Lansdowne Station,Sunday/Holiday,7:00 to 8:00 PM,170,171,19
2023,Lansdowne Station,Sunday/Holiday,7:00 to 8:00 AM,41,63,7
2023,Lansdowne Station,Sunday/Holiday,6:00 to 7:00 PM,258,222,18
2023,Lansdowne Station,Sunday/Holiday,6:00 to 7:00 AM,24,42,6
2023,Lansdowne Station,Sunday/Holiday,5:00 to 6:00 PM,299,244,17
2023,Lansdowne Station,Sunday/Holiday,5:00 to 6:00 AM,7,17,5
2023,Lansdowne Station,Sunday/Holiday,4:00 to 5:00 PM,303,270,16
2023,Lansdowne Station,Sunday/Holiday,4:00 to 5:00 AM,0,3,4
2023,Lansdowne Station,Sunday/Holiday,3:00 to 4:00 PM,302,289,15
2023,Lansdowne Station,Sunday/Holiday,3:00 to 4:00 AM,0,0,3
2023,Lansdowne Station,Sunday/Holiday,2:00 to 3:00 PM,270,293,14
2023,Lansdowne Station,Sunday/Holiday,2:00 to 3:00 AM,0,0,2
2023,Lansdowne Station,Sunday/Holiday,12:00 to 1:00 PM,232,248,12
2023,Lansdowne Station,Sunday/Holiday,12:00 to 1:00 AM,25,14,0
2023,Lansdowne Station,Sunday/Holiday,11:00 PM to 12:00 AM,52,32,23
2023,Lansdowne Station,Sunday/Holiday,11:00 AM to 12:00 PM,208,224,11
2023,Lansdowne Station,Sunday/Holiday,10:00 to 11:00 PM,79,64,22
2023,Lansdowne Station,Sunday/Holiday,10:00 to 11:00 AM,180,195,10
2023,Lansdowne Station,Sunday/Holiday,1:00 to 2:00 PM,252,280,13
2023,Lansdowne Station,Sunday/Holiday,1:00 to 2:00 AM,8,0,1
2023,Lansdowne Station,Saturday,9:00 to 10:00 PM,139,132,21
2023,Lansdowne Station,Saturday,9:00 to 10:00 AM,188,181,9
2023,Lansdowne Station,Saturday,8:00 to 9:00 PM,168,176,20
2023,Lansdowne Station,Saturday,8:00 to 9:00 AM,108,118,8
2023,Lansdowne Station,Saturday,7:00 to 8:00 PM,200,211,19
2023,Lansdowne Station,Saturday,7:00 to 8:00 AM,68,84,7
2023,Lansdowne Station,Saturday,6:00 to 7:00 PM,318,289,18
2023,Lansdowne Station,Saturday,6:00 to 7:00 AM,30,50,6
2023,Lansdowne Station,Saturday,5:00 to 6:00 PM,365,325,17
2023,Lansdowne Station,Saturday,5:00 to 6:00 AM,7,21,5
2023,Lansdowne Station,Saturday,4:00 to 5:00 PM,351,362,16
2023,Lansdowne Station,Saturday,4:00 to 5:00 AM,0,4,4
2023,Lansdowne Station,Saturday,3:00 to 4:00 PM,331,356,15
2023,Lansdowne Station,Saturday,3:00 to 4:00 AM,0,0,3
2023,Lansdowne Station,Saturday,2:00 to 3:00 PM,300,364,14
2023,Lansdowne Station,Saturday,2:00 to 3:00 AM,1,1,2
2023,Lansdowne Station,Saturday,12:00 to 1:00 PM,293,297,12
2023,Lansdowne Station,Saturday,12:00 to 1:00 AM,54,21,0
2023,Lansdowne Station,Saturday,11:00 PM to 12:00 AM,96,48,23
2023,Lansdowne Station,Saturday,11:00 AM to 12:00 PM,256,271,11
2023,Lansdowne Station,Saturday,10:00 to 11:00 PM,124,88,22
2023,Lansdowne Station,Saturday,10:00 to 11:00 AM,223,220,10
2023,Lansdowne Station,Saturday,1:00 to 2:00 PM,288,341,13
2023,Lansdowne Station,Saturday,1:00 to 2:00 AM,21,1,1
2023,Lansdowne Station,Weekday,9:00 to 10:00 PM,128,97,21
2023,Lansdowne Station,Weekday,9:00 to 10:00 AM,221,266,9
2023,Lansdowne Station,Weekday,8:00 to 9:00 PM,166,133,20
2023,Lansdowne Station,Weekday,8:00 to 9:00 AM,205,389,8
2023,Lansdowne Station,Weekday,7:00 to 8:00 PM,220,175,19
2023,Lansdowne Station,Weekday,7:00 to 8:00 AM,119,343,7
2023,Lansdowne Station,Weekday,6:00 to 7:00 PM,446,259,18
2023,Lansdowne Station,Weekday,6:00 to 7:00 AM,95,141,6
2023,Lansdowne Station,Weekday,5:00 to 6:00 PM,569,326,17
2023,Lansdowne Station,Weekday,5:00 to 6:00 AM,11,39,5
2023,Lansdowne Station,Weekday,4:00 to 5:00 PM,460,371,16
2023,Lansdowne Station,Weekday,4:00 to 5:00 AM,0,6,4
2023,Lansdowne Station,Weekday,3:00 to 4:00 PM,365,342,15
2023,Lansdowne Station,Weekday,10:00 to 11:00 PM,49,33,22
2023,Lansdowne Station,Weekday,10:00 to 11:00 AM,194,222,10
2023,Lansdowne Station,Weekday,1:00 to 2:00 PM,246,276,13
2023,Lansdowne Station,Weekday,1:00 to 2:00 AM,5,0,1
2023,Lincoln Station,Sunday/Holiday,6:00 to 7:00 PM,137,214,18
2023,Lincoln Station,Sunday/Holiday,6:00 to 7:00 AM,2,29,6
2023,Lincoln Station,Sunday/Holiday,5:00 to 6:00 PM,173,196,17
2023,Lincoln Station,Sunday/Holiday,5:00 to 6:00 AM,0,2,5
2023,Lincoln Station,Sunday/Holiday,4:00 to 5:00 PM,193,211,16
2023,Lincoln Station,Sunday/Holiday,4:00 to 5:00 AM,0,0,4
2023,Lincoln Station,Sunday/Holiday,3:00 to 4:00 PM,194,210,15
2023,Lincoln Station,Sunday/Holiday,2:00 to 3:00 PM,185,200,14
2023,Lincoln Station,Sunday/Holiday,2:00 to 3:00 AM,0,0,2
2023,Lincoln Station,Sunday/Holiday,12:00 to 1:00 PM,168,174,12
2023,Lincoln Station,Sunday/Holiday,12:00 to 1:00 AM,21,2,0
2023,Lincoln Station,Sunday/Holiday,11:00 PM to 12:00 AM,31,29,23
2023,Lincoln Station,Sunday/Holiday,11:00 AM to 12:00 PM,162,154,11
2023,Lincoln Station,Sunday/Holiday,10:00 to 11:00 PM,49,46,22
2023,Lincoln Station,Sunday/Holiday,10:00 to 11:00 AM,166,137,10
2023,Lincoln Station,Sunday/Holiday,1:00 to 2:00 PM,183,191,13
2023,Lincoln Station,Sunday/Holiday,1:00 to 2:00 AM,1,1,1
2023,Lincoln Station,Saturday,9:00 to 10:00 PM,85,90,21
2023,Lincoln Station,Saturday,9:00 to 10:00 AM,155,129,9
2023,Lincoln Station,Saturday,8:00 to 9:00 PM,99,123,20
2023,Lincoln Station,Saturday,8:00 to 9:00 AM,89,108,8
2023,Lincoln Station,Saturday,7:00 to 8:00 PM,138,213,19
2023,Lincoln Station,Saturday,7:00 to 8:00 AM,45,94,7
2023,Lincoln Station,Saturday,6:00 to 7:00 PM,182,226,18
2023,Lincoln Station,Saturday,6:00 to 7:00 AM,1,47,6
2023,Lincoln Station,Saturday,5:00 to 6:00 PM,228,260,17
2023,Lincoln Station,Saturday,5:00 to 6:00 AM,0,9,5
2023,Lincoln Station,Saturday,4:00 to 5:00 PM,240,268,16
2023,Lincoln Station,Saturday,3:00 to 4:00 PM,222,264,15
2023,Lincoln Station,Saturday,3:00 to 4:00 AM,0,0,3
2023,Lincoln Station,Saturday,2:00 to 3:00 PM,225,250,14
2023,Lincoln Station,Saturday,2:00 to 3:00 AM,1,1,2
2023,Lincoln Station,Saturday,12:00 to 1:00 PM,201,224,12
2023,Lincoln Station,Saturday,12:00 to 1:00 AM,44,16,0
2023,Lincoln Station,Saturday,11:00 PM to 12:00 AM,55,42,23
2023,Lincoln Station,Saturday,11:00 AM to 12:00 PM,196,198,11
2023,Lincoln Station,Saturday,10:00 to 11:00 PM,83,57,22
2023,Lincoln Station,Saturday,10:00 to 11:00 AM,187,165,10
2023,Lincoln Station,Saturday,1:00 to 2:00 PM,215,241,13
2023,Lincoln Station,Saturday,1:00 to 2:00 AM,24,1,1
2023,Lincoln Station,Weekday,9:00 to 10:00 PM,91,94,21
2023,Lincoln Station,Weekday,9:00 to 10:00 AM,156,196,9
2023,Lincoln Station,Weekday,8:00 to 9:00 PM,107,117,20
2023,Lincoln Station,Weekday,8:00 to 9:00 AM,127,288,8
2023,Lincoln Station,Weekday,7:00 to 8:00 PM,169,167,19
2023,Lincoln Station,Weekday,7:00 to 8:00 AM,72,382,7
2023,Lincoln Station,Weekday,6:00 to 7:00 PM,322,207,18
2023,Lincoln Station,Weekday,6:00 to 7:00 AM,58,203,6
2023,Lincoln Station,Weekday,5:00 to 6:00 PM,403,274,17
2023,Lincoln Station,Weekday,5:00 to 6:00 AM,1,82,5
2023,Lincoln Station,Weekday,4:00 to 5:00 PM,371,264,16
2023,Lincoln Station,Weekday,4:00 to 5:00 AM,0,7,4
2023,Lincoln Station,Weekday,3:00 to 4:00 PM,322,254,15
2023,Lincoln Station,Weekday,3:00 to 4:00 AM,0,0,3
2023,Lincoln Station,Weekday,2:00 to 3:00 PM,220,189,14
2023,Lincoln Station,Weekday,2:00 to 3:00 AM,0,0,2
2023,Lincoln Station,Weekday,12:00 to 1:00 PM,183,171,12
2023,Lincoln Station,Weekday,12:00 to 1:00 AM,24,7,0
2023,Lincoln Station,Weekday,11:00 PM to 12:00 AM,41,28,23
2023,Lincoln Station,Weekday,11:00 AM to 12:00 PM,157,182,11
2023,Lincoln Station,Weekday,10:00 to 11:00 PM,74,46,22
2023,Lincoln Station,Weekday,10:00 to 11:00 AM,151,161,10
2023,Lincoln Station,Weekday,1:00 to 2:00 PM,187,188,13
2023,Lincoln Station,Weekday,1:00 to 2:00 AM,10,1,1
2023,Lincoln Station,Sunday/Holiday,9:00 to 10:00 PM,61,64,21
2023,Lincoln Station,Sunday/Holiday,9:00 to 10:00 AM,106,103,9
2023,Lincoln Station,Sunday/Holiday,8:00 to 9:00 PM,76,86,20
2023,Lincoln Station,Sunday/Holiday,8:00 to 9:00 AM,68,71,8
2023,Lincoln Station,Sunday/Holiday,7:00 to 8:00 PM,105,120,19
2023,Lincoln Station,Sunday/Holiday,7:00 to 8:00 AM,6,56,7
2023,Lougheed Town Centre Station,Weekday,1:00 to 2:00 AM,45,11,1
2023,Lougheed Town Centre Station,Weekday,1:00 to 2:00 PM,543,565,13
2023,Lougheed Town Centre Station,Weekday,10:00 to 11:00 AM,413,561,10
2023,Lougheed Town Centre Station,Sunday/Holiday,9:00 to 10:00 PM,264,190,21
2023,Lougheed Town Centre Station,Sunday/Holiday,9:00 to 10:00 AM,210,352,9
2023,Lougheed Town Centre Station,Sunday/Holiday,8:00 to 9:00 PM,316,227,20
2023,Lougheed Town Centre Station,Sunday/Holiday,8:00 to 9:00 AM,163,262,8
2023,Lougheed Town Centre Station,Sunday/Holiday,7:00 to 8:00 PM,424,252,19
2023,Lougheed Town Centre Station,Sunday/Holiday,7:00 to 8:00 AM,88,222,7
2023,Lougheed Town Centre Station,Sunday/Holiday,6:00 to 7:00 PM,519,409,18
2023,Lougheed Town Centre Station,Sunday/Holiday,6:00 to 7:00 AM,11,28,6
2023,Lougheed Town Centre Station,Sunday/Holiday,5:00 to 6:00 PM,569,453,17
2023,Lougheed Town Centre Station,Sunday/Holiday,5:00 to 6:00 AM,2,8,5
2023,Lougheed Town Centre Station,Sunday/Holiday,4:00 to 5:00 PM,573,501,16
2023,Lougheed Town Centre Station,Sunday/Holiday,4:00 to 5:00 AM,0,0,4
2023,Lougheed Town Centre Station,Sunday/Holiday,3:00 to 4:00 PM,550,537,15
2023,Lougheed Town Centre Station,Sunday/Holiday,3:00 to 4:00 AM,0,0,3
2023,Lougheed Town Centre Station,Sunday/Holiday,2:00 to 3:00 PM,502,530,14
2023,Lougheed Town Centre Station,Sunday/Holiday,2:00 to 3:00 AM,0,0,2
2023,Lougheed Town Centre Station,Sunday/Holiday,12:00 to 1:00 PM,395,509,12
2023,Lougheed Town Centre Station,Sunday/Holiday,12:00 to 1:00 AM,92,21,0
2023,Lougheed Town Centre Station,Sunday/Holiday,11:00 PM to 12:00 AM,145,86,23
2023,Lougheed Town Centre Station,Sunday/Holiday,11:00 AM to 12:00 PM,338,479,11
2023,Lougheed Town Centre Station,Sunday/Holiday,10:00 to 11:00 PM,217,142,22
2023,Lougheed Town Centre Station,Sunday/Holiday,10:00 to 11:00 AM,321,449,10
2023,Lougheed Town Centre Station,Sunday/Holiday,1:00 to 2:00 PM,471,548,13
2023,Lougheed Town Centre Station,Sunday/Holiday,1:00 to 2:00 AM,7,2,1
2023,Lougheed Town Centre Station,Saturday,9:00 to 10:00 PM,379,235,21
2023,Lougheed Town Centre Station,Saturday,9:00 to 10:00 AM,322,449,9
2023,Lougheed Town Centre Station,Saturday,8:00 to 9:00 PM,398,280,20
2023,Lougheed Town Centre Station,Saturday,8:00 to 9:00 AM,245,402,8
2023,Lougheed Town Centre Station,Saturday,7:00 to 8:00 PM,519,409,19
2023,Lougheed Town Centre Station,Saturday,7:00 to 8:00 AM,184,292,7
2023,Lougheed Town Centre Station,Saturday,6:00 to 7:00 PM,638,512,18
2023,Lougheed Town Centre Station,Saturday,6:00 to 7:00 AM,64,189,6
2023,Lougheed Town Centre Station,Saturday,5:00 to 6:00 PM,717,611,17
2023,Lougheed Town Centre Station,Saturday,5:00 to 6:00 AM,0,2,5
2023,Lougheed Town Centre Station,Saturday,4:00 to 5:00 PM,715,661,16
2023,Lougheed Town Centre Station,Saturday,4:00 to 5:00 AM,0,0,4
2023,Lougheed Town Centre Station,Saturday,3:00 to 4:00 PM,658,671,15
2023,Lougheed Town Centre Station,Saturday,3:00 to 4:00 AM,0,0,3
2023,Lougheed Town Centre Station,Saturday,2:00 to 3:00 PM,582,671,14
2023,Lougheed Town Centre Station,Saturday,2:00 to 3:00 AM,1,1,2
2023,Lougheed Town Centre Station,Saturday,12:00 to 1:00 PM,483,632,12
2023,Lougheed Town Centre Station,Saturday,12:00 to 1:00 AM,179,65,0
2023,Lougheed Town Centre Station,Saturday,11:00 PM to 12:00 AM,245,123,23
2023,Lougheed Town Centre Station,Saturday,11:00 AM to 12:00 PM,412,584,11
2023,Lougheed Town Centre Station,Saturday,10:00 to 11:00 PM,373,199,22
2023,Lougheed Town Centre Station,Saturday,10:00 to 11:00 AM,350,510,10
2023,Lougheed Town Centre Station,Saturday,1:00 to 2:00 PM,552,680,13
2023,Lougheed Town Centre Station,Saturday,1:00 to 2:00 AM,103,20,1
2023,Lougheed Town Centre Station,Weekday,9:00 to 10:00 PM,399,206,21
2023,Lougheed Town Centre Station,Weekday,9:00 to 10:00 AM,382,706,9
2023,Lougheed Town Centre Station,Weekday,8:00 to 9:00 PM,461,293,20
2023,Lougheed Town Centre Station,Weekday,8:00 to 9:00 AM,554,1123,8
2023,Lougheed Town Centre Station,Weekday,7:00 to 8:00 PM,624,440,19
2023,Lougheed Town Centre Station,Weekday,7:00 to 8:00 AM,360,1320,7
2023,Lougheed Town Centre Station,Weekday,6:00 to 7:00 PM,1066,612,18
2023,Lougheed Town Centre Station,Weekday,6:00 to 7:00 AM,406,856,6
2023,Lougheed Town Centre Station,Weekday,5:00 to 6:00 PM,1518,799,17
2023,Lougheed Town Centre Station,Weekday,5:00 to 6:00 AM,72,349,5
2023,Lougheed Town Centre Station,Weekday,4:00 to 5:00 PM,1360,854,16
2023,Lougheed Town Centre Station,Weekday,4:00 to 5:00 AM,0,3,4
2023,Lougheed Town Centre Station,Weekday,3:00 to 4:00 PM,1085,781,15
2023,Lougheed Town Centre Station,Weekday,3:00 to 4:00 AM,0,0,3
2023,Lougheed Town Centre Station,Weekday,2:00 to 3:00 PM,693,628,14
2023,Lougheed Town Centre Station,Weekday,2:00 to 3:00 AM,2,1,2
2023,Lougheed Town Centre Station,Weekday,12:00 to 1:00 PM,579,600,12
2023,Lougheed Town Centre Station,Weekday,12:00 to 1:00 AM,97,36,0
2023,Lougheed Town Centre Station,Weekday,11:00 PM to 12:00 AM,180,92,23
2023,Lougheed Town Centre Station,Weekday,11:00 AM to 12:00 PM,395,560,11
2023,Lougheed Town Centre Station,Weekday,10:00 to 11:00 PM,314,165,22
2023,Main Street-Science World Station,Weekday,7:00 to 8:00 AM,1003,447,7
2023,Main Street-Science World Station,Weekday,7:00 to 8:00 PM,410,556,19
2023,Main Street-Science World Station,Weekday,8:00 to 9:00 AM,1060,607,8
2023,Main Street-Science World Station,Weekday,8:00 to 9:00 PM,290,465,20
2023,Main Street-Science World Station,Weekday,9:00 to 10:00 AM,907,358,9
2023,Main Street-Science World Station,Weekday,9:00 to 10:00 PM,247,409,21
2023,Main Street-Science World Station,Saturday,1:00 to 2:00 AM,29,60,1
2023,Main Street-Science World Station,Saturday,1:00 to 2:00 PM,765,730,13
2023,Main Street-Science World Station,Saturday,10:00 to 11:00 AM,606,376,10
2023,Main Street-Science World Station,Saturday,10:00 to 11:00 PM,274,386,22
2023,Main Street-Science World Station,Saturday,11:00 AM to 12:00 PM,717,494,11
2023,Main Street-Science World Station,Saturday,11:00 PM to 12:00 AM,205,352,23
2023,Main Street-Science World Station,Saturday,12:00 to 1:00 AM,109,227,0
2023,Main Street-Science World Station,Saturday,12:00 to 1:00 PM,707,632,12
2023,Main Street-Science World Station,Saturday,2:00 to 3:00 AM,0,0,2
2023,Main Street-Science World Station,Saturday,2:00 to 3:00 PM,754,837,14
2023,Main Street-Science World Station,Saturday,3:00 to 4:00 PM,732,910,15
2023,Main Street-Science World Station,Saturday,4:00 to 5:00 AM,0,0,4
2023,Main Street-Science World Station,Saturday,4:00 to 5:00 PM,651,923,16
2023,Main Street-Science World Station,Saturday,5:00 to 6:00 AM,0,0,5
2023,Main Street-Science World Station,Saturday,5:00 to 6:00 PM,610,875,17
2023,Main Street-Science World Station,Saturday,6:00 to 7:00 AM,135,66,6
2023,Main Street-Science World Station,Saturday,6:00 to 7:00 PM,536,689,18
2023,Main Street-Science World Station,Saturday,7:00 to 8:00 AM,424,166,7
2023,Main Street-Science World Station,Saturday,7:00 to 8:00 PM,441,484,19
2023,Main Street-Science World Station,Saturday,8:00 to 9:00 AM,425,206,8
2023,Main Street-Science World Station,Saturday,8:00 to 9:00 PM,339,396,20
2023,Main Street-Science World Station,Saturday,9:00 to 10:00 AM,592,264,9
2023,Main Street-Science World Station,Saturday,9:00 to 10:00 PM,302,379,21
2023,Main Street-Science World Station,Sunday/Holiday,1:00 to 2:00 AM,2,3,1
2023,Main Street-Science World Station,Sunday/Holiday,1:00 to 2:00 PM,620,595,13
2023,Main Street-Science World Station,Sunday/Holiday,10:00 to 11:00 AM,468,281,10
2023,Main Street-Science World Station,Sunday/Holiday,10:00 to 11:00 PM,153,235,22
2023,Main Street-Science World Station,Sunday/Holiday,11:00 AM to 12:00 PM,543,379,11
2023,Main Street-Science World Station,Sunday/Holiday,11:00 PM to 12:00 AM,122,196,23
2023,Main Street-Science World Station,Sunday/Holiday,12:00 to 1:00 AM,32,58,0
2023,Main Street-Science World Station,Sunday/Holiday,12:00 to 1:00 PM,588,494,12
2023,Main Street-Science World Station,Sunday/Holiday,2:00 to 3:00 AM,0,0,2
2023,Main Street-Science World Station,Sunday/Holiday,2:00 to 3:00 PM,621,672,14
2023,Main Street-Science World Station,Sunday/Holiday,3:00 to 4:00 AM,0,0,3
2023,Main Street-Science World Station,Sunday/Holiday,3:00 to 4:00 PM,590,735,15
2023,Main Street-Science World Station,Sunday/Holiday,4:00 to 5:00 AM,0,0,4
2023,Main Street-Science World Station,Sunday/Holiday,4:00 to 5:00 PM,509,729,16
2023,Main Street-Science World Station,Sunday/Holiday,5:00 to 6:00 AM,3,3,5
2023,Main Street-Science World Station,Sunday/Holiday,5:00 to 6:00 PM,438,683,17
2023,Main Street-Science World Station,Sunday/Holiday,6:00 to 7:00 AM,14,10,6
2023,Main Street-Science World Station,Sunday/Holiday,6:00 to 7:00 PM,361,484,18
2023,Main Street-Science World Station,Sunday/Holiday,7:00 to 8:00 AM,193,103,7
2023,Main Street-Science World Station,Sunday/Holiday,7:00 to 8:00 PM,307,379,19
2023,Main Street-Science World Station,Sunday/Holiday,8:00 to 9:00 AM,302,194,8
2023,Main Street-Science World Station,Sunday/Holiday,8:00 to 9:00 PM,226,323,20
2023,Main Street-Science World Station,Sunday/Holiday,9:00 to 10:00 AM,394,217,9
2023,Main Street-Science World Station,Sunday/Holiday,9:00 to 10:00 PM,179,276,21
2023,Main Street-Science World Station,Weekday,5:00 to 6:00 AM,105,105,5
2023,Main Street-Science World Station,Weekday,4:00 to 5:00 PM,818,1359,16
2023,Main Street-Science World Station,Weekday,4:00 to 5:00 AM,0,0,4
2023,Main Street-Science World Station,Weekday,3:00 to 4:00 PM,723,1159,15
2023,Main Street-Science World Station,Weekday,3:00 to 4:00 AM,0,0,3
2023,Main Street-Science World Station,Weekday,2:00 to 3:00 PM,575,763,14
2023,Main Street-Science World Station,Weekday,2:00 to 3:00 AM,0,0,2
2023,Main Street-Science World Station,Weekday,12:00 to 1:00 PM,572,605,12
2023,Main Street-Science World Station,Weekday,12:00 to 1:00 AM,66,117,0
2023,Main Street-Science World Station,Weekday,11:00 PM to 12:00 AM,147,241,23
2023,Main Street-Science World Station,Weekday,11:00 AM to 12:00 PM,582,439,11
2023,Main Street-Science World Station,Weekday,10:00 to 11:00 PM,195,304,22
2023,Main Street-Science World Station,Weekday,10:00 to 11:00 AM,543,353,10
2023,Main Street-Science World Station,Weekday,1:00 to 2:00 PM,586,592,13
2023,Main Street-Science World Station,Weekday,1:00 to 2:00 AM,15,26,1
2023,Main Street-Science World Station,Weekday,5:00 to 6:00 PM,860,1329,17
2023,Main Street-Science World Station,Weekday,6:00 to 7:00 AM,703,257,6
2023,Main Street-Science World Station,Weekday,6:00 to 7:00 PM,654,925,18
2023,Marine Drive Station,Sunday/Holiday,2:00 to 3:00 AM,1,1,2
2023,Marine Drive Station,Sunday/Holiday,2:00 to 3:00 PM,520,603,14
2023,Marine Drive Station,Weekday,3:00 to 4:00 AM,0,0,3
2023,Marine Drive Station,Weekday,2:00 to 3:00 PM,551,571,14
2023,Marine Drive Station,Weekday,2:00 to 3:00 AM,1,1,2
2023,Marine Drive Station,Weekday,12:00 to 1:00 PM,398,514,12
2023,Marine Drive Station,Weekday,12:00 to 1:00 AM,137,39,0
2023,Marine Drive Station,Sunday/Holiday,3:00 to 4:00 AM,0,0,3
2023,Marine Drive Station,Sunday/Holiday,3:00 to 4:00 PM,637,579,15
2023,Marine Drive Station,Sunday/Holiday,4:00 to 5:00 AM,1,12,4
2023,Marine Drive Station,Sunday/Holiday,4:00 to 5:00 PM,653,517,16
2023,Marine Drive Station,Sunday/Holiday,5:00 to 6:00 AM,46,109,5
2023,Marine Drive Station,Weekday,11:00 PM to 12:00 AM,226,85,23
2023,Marine Drive Station,Weekday,11:00 AM to 12:00 PM,300,512,11
2023,Marine Drive Station,Weekday,10:00 to 11:00 PM,360,157,22
2023,Marine Drive Station,Sunday/Holiday,5:00 to 6:00 PM,639,460,17
2023,Marine Drive Station,Weekday,10:00 to 11:00 AM,269,496,10
2023,Marine Drive Station,Weekday,1:00 to 2:00 PM,443,508,13
2023,Marine Drive Station,Weekday,1:00 to 2:00 AM,44,8,1
2023,Marine Drive Station,Sunday/Holiday,6:00 to 7:00 AM,80,180,6
2023,Marine Drive Station,Sunday/Holiday,6:00 to 7:00 PM,614,402,18
2023,Marine Drive Station,Sunday/Holiday,7:00 to 8:00 AM,132,248,7
2023,Marine Drive Station,Sunday/Holiday,7:00 to 8:00 PM,496,282,19
2023,Marine Drive Station,Sunday/Holiday,8:00 to 9:00 AM,136,287,8
2023,Marine Drive Station,Sunday/Holiday,8:00 to 9:00 PM,405,217,20
2023,Marine Drive Station,Sunday/Holiday,9:00 to 10:00 AM,188,386,9
2023,Marine Drive Station,Sunday/Holiday,9:00 to 10:00 PM,370,222,21
2023,Marine Drive Station,Saturday,4:00 to 5:00 AM,1,15,4
2023,Marine Drive Station,Saturday,3:00 to 4:00 PM,690,652,15
2023,Marine Drive Station,Saturday,3:00 to 4:00 AM,0,0,3
2023,Marine Drive Station,Saturday,2:00 to 3:00 PM,571,649,14
2023,Marine Drive Station,Saturday,2:00 to 3:00 AM,1,1,2
2023,Marine Drive Station,Saturday,12:00 to 1:00 PM,418,623,12
2023,Marine Drive Station,Saturday,12:00 to 1:00 AM,190,58,0
2023,Marine Drive Station,Saturday,11:00 PM to 12:00 AM,295,106,23
2023,Marine Drive Station,Saturday,11:00 AM to 12:00 PM,336,589,11
2023,Marine Drive Station,Saturday,10:00 to 11:00 PM,395,174,22
2023,Marine Drive Station,Saturday,10:00 to 11:00 AM,256,517,10
2023,Marine Drive Station,Saturday,1:00 to 2:00 PM,475,642,13
2023,Marine Drive Station,Saturday,1:00 to 2:00 AM,67,10,1
2023,Marine Drive Station,Weekday,9:00 to 10:00 PM,491,263,21
2023,Marine Drive Station,Weekday,9:00 to 10:00 AM,316,639,9
2023,Marine Drive Station,Weekday,8:00 to 9:00 PM,497,261,20
2023,Marine Drive Station,Weekday,8:00 to 9:00 AM,434,990,8
2023,Marine Drive Station,Saturday,4:00 to 5:00 PM,723,610,16
2023,Marine Drive Station,Saturday,5:00 to 6:00 AM,53,130,5
2023,Marine Drive Station,Saturday,5:00 to 6:00 PM,726,547,17
2023,Marine Drive Station,Saturday,6:00 to 7:00 AM,82,202,6
2023,Marine Drive Station,Saturday,6:00 to 7:00 PM,690,510,18
2023,Marine Drive Station,Saturday,7:00 to 8:00 AM,153,318,7
2023,Marine Drive Station,Saturday,7:00 to 8:00 PM,526,344,19
2023,Marine Drive Station,Saturday,8:00 to 9:00 AM,182,380,8
2023,Marine Drive Station,Weekday,7:00 to 8:00 PM,615,334,19
2023,Marine Drive Station,Weekday,7:00 to 8:00 AM,398,781,7
2023,Marine Drive Station,Saturday,8:00 to 9:00 PM,472,274,20
2023,Marine Drive Station,Saturday,9:00 to 10:00 AM,211,491,9
2023,Marine Drive Station,Saturday,9:00 to 10:00 PM,447,286,21
2023,Marine Drive Station,Sunday/Holiday,1:00 to 2:00 AM,28,8,1
2023,Marine Drive Station,Sunday/Holiday,1:00 to 2:00 PM,428,598,13
2023,Marine Drive Station,Weekday,6:00 to 7:00 PM,947,570,18
2023,Marine Drive Station,Sunday/Holiday,10:00 to 11:00 AM,225,497,10
2023,Marine Drive Station,Sunday/Holiday,10:00 to 11:00 PM,302,133,22
2023,Marine Drive Station,Sunday/Holiday,11:00 AM to 12:00 PM,307,525,11
2023,Marine Drive Station,Weekday,6:00 to 7:00 AM,293,450,6
2023,Marine Drive Station,Weekday,5:00 to 6:00 PM,1143,803,17
2023,Marine Drive Station,Weekday,5:00 to 6:00 AM,88,196,5
2023,Marine Drive Station,Weekday,4:00 to 5:00 PM,999,803,16
2023,Marine Drive Station,Sunday/Holiday,11:00 PM to 12:00 AM,205,65,23
2023,Marine Drive Station,Sunday/Holiday,12:00 to 1:00 AM,115,33,0
2023,Marine Drive Station,Weekday,4:00 to 5:00 AM,1,18,4
2023,Marine Drive Station,Weekday,3:00 to 4:00 PM,783,734,15
2023,Marine Drive Station,Sunday/Holiday,12:00 to 1:00 PM,374,549,12
2023,Metrotown Station,Sunday/Holiday,7:00 to 8:00 PM,816,1699,19
2023,Metrotown Station,Sunday/Holiday,7:00 to 8:00 AM,234,222,7
2023,Metrotown Station,Sunday/Holiday,6:00 to 7:00 PM,1232,1755,18
2023,Metrotown Station,Sunday/Holiday,6:00 to 7:00 AM,22,23,6
2023,Metrotown Station,Sunday/Holiday,5:00 to 6:00 PM,1601,1773,17
2023,Metrotown Station,Sunday/Holiday,5:00 to 6:00 AM,6,7,5
2023,Metrotown Station,Sunday/Holiday,4:00 to 5:00 PM,1869,1829,16
2023,Metrotown Station,Sunday/Holiday,4:00 to 5:00 AM,0,0,4
2023,Metrotown Station,Sunday/Holiday,3:00 to 4:00 PM,1958,1754,15
2023,Metrotown Station,Sunday/Holiday,3:00 to 4:00 AM,0,0,3
2023,Metrotown Station,Sunday/Holiday,2:00 to 3:00 PM,1995,1548,14
2023,Metrotown Station,Sunday/Holiday,2:00 to 3:00 AM,0,0,2
2023,Metrotown Station,Sunday/Holiday,12:00 to 1:00 PM,1664,1090,12
2023,Metrotown Station,Sunday/Holiday,12:00 to 1:00 AM,83,50,0
2023,Metrotown Station,Sunday/Holiday,11:00 PM to 12:00 AM,231,238,23
2023,Metrotown Station,Sunday/Holiday,11:00 AM to 12:00 PM,1445,862,11
2023,Metrotown Station,Weekday,1:00 to 2:00 AM,42,13,1
2023,Metrotown Station,Weekday,1:00 to 2:00 PM,1624,1334,13
2023,Metrotown Station,Weekday,10:00 to 11:00 AM,1284,795,10
2023,Metrotown Station,Weekday,10:00 to 11:00 PM,438,487,22
2023,Metrotown Station,Weekday,11:00 AM to 12:00 PM,1397,1000,11
2023,Metrotown Station,Weekday,11:00 PM to 12:00 AM,280,210,23
2023,Metrotown Station,Weekday,12:00 to 1:00 AM,137,91,0
2023,Metrotown Station,Weekday,12:00 to 1:00 PM,1572,1193,12
2023,Metrotown Station,Weekday,2:00 to 3:00 AM,0,0,2
2023,Metrotown Station,Weekday,2:00 to 3:00 PM,1693,1549,14
2023,Metrotown Station,Weekday,3:00 to 4:00 AM,0,0,3
2023,Metrotown Station,Weekday,3:00 to 4:00 PM,2261,2011,15
2023,Metrotown Station,Weekday,4:00 to 5:00 AM,0,0,4
2023,Metrotown Station,Weekday,4:00 to 5:00 PM,2505,2437,16
2023,Metrotown Station,Weekday,5:00 to 6:00 AM,183,246,5
2023,Metrotown Station,Weekday,5:00 to 6:00 PM,2655,2482,17
2023,Metrotown Station,Weekday,6:00 to 7:00 AM,792,808,6
2023,Metrotown Station,Weekday,6:00 to 7:00 PM,1991,2086,18
2023,Metrotown Station,Weekday,7:00 to 8:00 AM,1332,1086,7
2023,Metrotown Station,Weekday,7:00 to 8:00 PM,1211,1502,19
2023,Metrotown Station,Weekday,8:00 to 9:00 AM,1742,1366,8
2023,Metrotown Station,Weekday,8:00 to 9:00 PM,773,1346,20
2023,Metrotown Station,Weekday,9:00 to 10:00 AM,1454,865,9
2023,Metrotown Station,Weekday,9:00 to 10:00 PM,595,1196,21
2023,Metrotown Station,Saturday,1:00 to 2:00 AM,84,20,1
2023,Metrotown Station,Saturday,1:00 to 2:00 PM,2079,1517,13
2023,Metrotown Station,Saturday,10:00 to 11:00 AM,1273,821,10
2023,Metrotown Station,Saturday,10:00 to 11:00 PM,511,561,22
2023,Metrotown Station,Saturday,11:00 AM to 12:00 PM,1563,1072,11
2023,Metrotown Station,Saturday,11:00 PM to 12:00 AM,379,273,23
2023,Metrotown Station,Saturday,12:00 to 1:00 AM,223,139,0
2023,Metrotown Station,Saturday,12:00 to 1:00 PM,1918,1325,12
2023,Metrotown Station,Sunday/Holiday,8:00 to 9:00 AM,463,387,8
2023,Metrotown Station,Sunday/Holiday,8:00 to 9:00 PM,584,822,20
2023,Metrotown Station,Sunday/Holiday,9:00 to 10:00 AM,705,512,9
2023,Metrotown Station,Sunday/Holiday,9:00 to 10:00 PM,444,565,21
2023,Metrotown Station,Saturday,2:00 to 3:00 AM,0,0,2
2023,Metrotown Station,Saturday,2:00 to 3:00 PM,2158,1749,14
2023,Metrotown Station,Saturday,3:00 to 4:00 AM,0,0,3
2023,Metrotown Station,Saturday,3:00 to 4:00 PM,2177,1987,15
2023,Metrotown Station,Saturday,4:00 to 5:00 AM,0,0,4
2023,Metrotown Station,Saturday,4:00 to 5:00 PM,2149,2135,16
2023,Metrotown Station,Saturday,5:00 to 6:00 AM,0,0,5
2023,Metrotown Station,Saturday,5:00 to 6:00 PM,1937,2092,17
2023,Metrotown Station,Saturday,6:00 to 7:00 AM,143,154,6
2023,Metrotown Station,Saturday,6:00 to 7:00 PM,1630,1959,18
2023,Metrotown Station,Saturday,7:00 to 8:00 AM,453,413,7
2023,Metrotown Station,Saturday,7:00 to 8:00 PM,1143,1585,19
2023,Metrotown Station,Saturday,8:00 to 9:00 AM,734,516,8
2023,Metrotown Station,Saturday,8:00 to 9:00 PM,744,1359,20
2023,Metrotown Station,Sunday/Holiday,10:00 to 11:00 PM,358,364,22
2023,Metrotown Station,Sunday/Holiday,10:00 to 11:00 AM,1158,694,10
2023,Metrotown Station,Sunday/Holiday,1:00 to 2:00 PM,1864,1316,13
2023,Metrotown Station,Sunday/Holiday,1:00 to 2:00 AM,3,2,1
2023,Metrotown Station,Saturday,9:00 to 10:00 PM,572,1260,21
2023,Metrotown Station,Saturday,9:00 to 10:00 AM,998,622,9
2023,Moody Centre Station,Sunday/Holiday,9:00 to 10:00 PM,41,58,21
2023,Moody Centre Station,Sunday/Holiday,9:00 to 10:00 AM,52,54,9
2023,Moody Centre Station,Sunday/Holiday,8:00 to 9:00 PM,56,69,20
2023,Moody Centre Station,Sunday/Holiday,8:00 to 9:00 AM,42,34,8
2023,Moody Centre Station,Sunday/Holiday,7:00 to 8:00 PM,75,76,19
2023,Moody Centre Station,Sunday/Holiday,7:00 to 8:00 AM,11,25,7
2023,Moody Centre Station,Sunday/Holiday,6:00 to 7:00 PM,97,93,18
2023,Moody Centre Station,Sunday/Holiday,6:00 to 7:00 AM,2,10,6
2023,Moody Centre Station,Sunday/Holiday,5:00 to 6:00 PM,109,116,17
2023,Moody Centre Station,Sunday/Holiday,5:00 to 6:00 AM,0,1,5
2023,Moody Centre Station,Sunday/Holiday,4:00 to 5:00 PM,120,126,16
2023,Moody Centre Station,Sunday/Holiday,4:00 to 5:00 AM,0,0,4
2023,Moody Centre Station,Sunday/Holiday,3:00 to 4:00 PM,122,116,15
2023,Moody Centre Station,Sunday/Holiday,2:00 to 3:00 PM,120,105,14
2023,Moody Centre Station,Sunday/Holiday,12:00 to 1:00 PM,102,88,12
2023,Moody Centre Station,Sunday/Holiday,12:00 to 1:00 AM,15,6,0
2023,Moody Centre Station,Sunday/Holiday,11:00 PM to 12:00 AM,24,21,23
2023,Moody Centre Station,Sunday/Holiday,11:00 AM to 12:00 PM,83,83,11
2023,Moody Centre Station,Sunday/Holiday,10:00 to 11:00 PM,36,39,22
2023,Moody Centre Station,Sunday/Holiday,10:00 to 11:00 AM,66,65,10
2023,Moody Centre Station,Sunday/Holiday,1:00 to 2:00 PM,115,99,13
2023,Moody Centre Station,Sunday/Holiday,1:00 to 2:00 AM,1,0,1
2023,Moody Centre Station,Saturday,9:00 to 10:00 PM,66,86,21
2023,Moody Centre Station,Saturday,9:00 to 10:00 AM,77,71,9
2023,Moody Centre Station,Weekday,2:00 to 3:00 AM,0,0,2
2023,Moody Centre Station,Weekday,12:00 to 1:00 PM,86,85,12
2023,Moody Centre Station,Weekday,12:00 to 1:00 AM,19,10,0
2023,Moody Centre Station,Weekday,11:00 PM to 12:00 AM,33,27,23
2023,Moody Centre Station,Weekday,11:00 AM to 12:00 PM,72,91,11
2023,Moody Centre Station,Weekday,10:00 to 11:00 PM,56,45,22
2023,Moody Centre Station,Weekday,10:00 to 11:00 AM,69,83,10
2023,Moody Centre Station,Weekday,1:00 to 2:00 PM,91,95,13
2023,Moody Centre Station,Weekday,1:00 to 2:00 AM,9,2,1
2023,Moody Centre Station,Weekday,2:00 to 3:00 PM,116,127,14
2023,Moody Centre Station,Weekday,3:00 to 4:00 PM,178,250,15
2023,Moody Centre Station,Weekday,4:00 to 5:00 AM,0,0,4
2023,Moody Centre Station,Weekday,4:00 to 5:00 PM,230,228,16
2023,Moody Centre Station,Weekday,5:00 to 6:00 AM,9,35,5
2023,Moody Centre Station,Weekday,5:00 to 6:00 PM,257,271,17
2023,Moody Centre Station,Weekday,6:00 to 7:00 AM,81,147,6
2023,Moody Centre Station,Weekday,6:00 to 7:00 PM,177,138,18
2023,Moody Centre Station,Weekday,7:00 to 8:00 AM,149,209,7
2023,Moody Centre Station,Weekday,7:00 to 8:00 PM,115,77,19
2023,Moody Centre Station,Weekday,8:00 to 9:00 AM,178,184,8
2023,Moody Centre Station,Weekday,8:00 to 9:00 PM,77,69,20
2023,Moody Centre Station,Weekday,9:00 to 10:00 AM,78,108,9
2023,Moody Centre Station,Saturday,8:00 to 9:00 PM,81,96,20
2023,Moody Centre Station,Saturday,8:00 to 9:00 AM,60,53,8
2023,Moody Centre Station,Saturday,7:00 to 8:00 PM,115,106,19
2023,Moody Centre Station,Saturday,7:00 to 8:00 AM,44,33,7
2023,Moody Centre Station,Saturday,6:00 to 7:00 PM,129,144,18
2023,Moody Centre Station,Saturday,6:00 to 7:00 AM,4,18,6
2023,Moody Centre Station,Saturday,5:00 to 6:00 PM,151,177,17
2023,Moody Centre Station,Saturday,5:00 to 6:00 AM,0,1,5
2023,Moody Centre Station,Saturday,4:00 to 5:00 PM,160,175,16
2023,Moody Centre Station,Saturday,4:00 to 5:00 AM,0,0,4
2023,Moody Centre Station,Saturday,3:00 to 4:00 PM,155,148,15
2023,Moody Centre Station,Saturday,2:00 to 3:00 PM,151,139,14
2023,Moody Centre Station,Saturday,2:00 to 3:00 AM,0,0,2
2023,Moody Centre Station,Saturday,12:00 to 1:00 PM,124,114,12
2023,Moody Centre Station,Saturday,12:00 to 1:00 AM,38,25,0
2023,Moody Centre Station,Saturday,11:00 PM to 12:00 AM,46,59,23
2023,Moody Centre Station,Saturday,11:00 AM to 12:00 PM,102,99,11
2023,Moody Centre Station,Saturday,10:00 to 11:00 PM,78,68,22
2023,Moody Centre Station,Saturday,10:00 to 11:00 AM,87,87,10
2023,Moody Centre Station,Saturday,1:00 to 2:00 PM,139,124,13
2023,Moody Centre Station,Saturday,1:00 to 2:00 AM,20,5,1
2023,Moody Centre Station,Weekday,9:00 to 10:00 PM,66,59,21
2023,Nanaimo Station,Weekday,9:00 to 10:00 AM,219,471,9
2023,Nanaimo Station,Weekday,9:00 to 10:00 PM,344,128,21
2023,Nanaimo Station,Saturday,1:00 to 2:00 AM,48,10,1
2023,Nanaimo Station,Saturday,1:00 to 2:00 PM,299,418,13
2023,Nanaimo Station,Saturday,10:00 to 11:00 AM,181,377,10
2023,Nanaimo Station,Saturday,10:00 to 11:00 PM,301,112,22
2023,Nanaimo Station,Saturday,11:00 AM to 12:00 PM,207,393,11
2023,Nanaimo Station,Saturday,11:00 PM to 12:00 AM,244,97,23
2023,Nanaimo Station,Saturday,12:00 to 1:00 AM,152,53,0
2023,Nanaimo Station,Saturday,12:00 to 1:00 PM,249,402,12
2023,Nanaimo Station,Saturday,2:00 to 3:00 AM,0,1,2
2023,Nanaimo Station,Saturday,2:00 to 3:00 PM,343,428,14
2023,Nanaimo Station,Saturday,3:00 to 4:00 AM,0,0,3
2023,Nanaimo Station,Saturday,3:00 to 4:00 PM,399,432,15
2023,Nanaimo Station,Saturday,4:00 to 5:00 AM,0,0,4
2023,Nanaimo Station,Saturday,4:00 to 5:00 PM,441,443,16
2023,Nanaimo Station,Saturday,5:00 to 6:00 PM,452,378,17
2023,Nanaimo Station,Saturday,6:00 to 7:00 AM,48,85,6
2023,Nanaimo Station,Saturday,6:00 to 7:00 PM,428,332,18
2023,Nanaimo Station,Saturday,7:00 to 8:00 AM,114,224,7
2023,Nanaimo Station,Saturday,7:00 to 8:00 PM,371,234,19
2023,Nanaimo Station,Saturday,8:00 to 9:00 AM,146,291,8
2023,Nanaimo Station,Saturday,8:00 to 9:00 PM,325,173,20
2023,Nanaimo Station,Saturday,9:00 to 10:00 AM,171,355,9
2023,Nanaimo Station,Saturday,9:00 to 10:00 PM,317,155,21
2023,Nanaimo Station,Sunday/Holiday,1:00 to 2:00 AM,2,1,1
2023,Nanaimo Station,Sunday/Holiday,1:00 to 2:00 PM,254,370,13
2023,Nanaimo Station,Sunday/Holiday,10:00 to 11:00 AM,152,357,10
2023,Nanaimo Station,Sunday/Holiday,10:00 to 11:00 PM,204,80,22
2023,Nanaimo Station,Sunday/Holiday,11:00 AM to 12:00 PM,173,346,11
2023,Nanaimo Station,Sunday/Holiday,11:00 PM to 12:00 AM,160,63,23
2023,Nanaimo Station,Sunday/Holiday,12:00 to 1:00 AM,53,18,0
2023,Nanaimo Station,Sunday/Holiday,12:00 to 1:00 PM,217,369,12
2023,Nanaimo Station,Sunday/Holiday,2:00 to 3:00 AM,0,0,2
2023,Nanaimo Station,Sunday/Holiday,2:00 to 3:00 PM,309,372,14
2023,Nanaimo Station,Sunday/Holiday,3:00 to 4:00 AM,0,0,3
2023,Nanaimo Station,Sunday/Holiday,3:00 to 4:00 PM,354,367,15
2023,Nanaimo Station,Sunday/Holiday,4:00 to 5:00 AM,0,0,4
2023,Nanaimo Station,Sunday/Holiday,4:00 to 5:00 PM,387,341,16
2023,Nanaimo Station,Sunday/Holiday,5:00 to 6:00 AM,1,3,5
2023,Nanaimo Station,Sunday/Holiday,5:00 to 6:00 PM,404,275,17
2023,Nanaimo Station,Sunday/Holiday,6:00 to 7:00 AM,5,11,6
2023,Nanaimo Station,Sunday/Holiday,6:00 to 7:00 PM,384,230,18
2023,Nanaimo Station,Sunday/Holiday,7:00 to 8:00 AM,72,128,7
2023,Nanaimo Station,Sunday/Holiday,7:00 to 8:00 PM,348,165,19
2023,Nanaimo Station,Sunday/Holiday,8:00 to 9:00 AM,124,229,8
2023,Nanaimo Station,Sunday/Holiday,8:00 to 9:00 PM,273,125,20
2023,Nanaimo Station,Sunday/Holiday,9:00 to 10:00 AM,143,283,9
2023,Nanaimo Station,Sunday/Holiday,9:00 to 10:00 PM,229,111,21
2023,Nanaimo Station,Weekday,8:00 to 9:00 PM,353,161,20
2023,Nanaimo Station,Weekday,8:00 to 9:00 AM,336,784,8
2023,Nanaimo Station,Weekday,1:00 to 2:00 AM,24,5,1
2023,Nanaimo Station,Weekday,1:00 to 2:00 PM,273,319,13
2023,Nanaimo Station,Weekday,10:00 to 11:00 AM,175,332,10
2023,Nanaimo Station,Weekday,10:00 to 11:00 PM,264,94,22
2023,Nanaimo Station,Weekday,11:00 AM to 12:00 PM,188,327,11
2023,Nanaimo Station,Weekday,11:00 PM to 12:00 AM,183,72,23
2023,Nanaimo Station,Weekday,12:00 to 1:00 AM,90,34,0
2023,Nanaimo Station,Weekday,12:00 to 1:00 PM,237,318,12
2023,Nanaimo Station,Weekday,2:00 to 3:00 AM,0,0,2
2023,Nanaimo Station,Weekday,2:00 to 3:00 PM,342,355,14
2023,Nanaimo Station,Weekday,3:00 to 4:00 AM,0,0,3
2023,Nanaimo Station,Weekday,3:00 to 4:00 PM,509,475,15
2023,Nanaimo Station,Weekday,4:00 to 5:00 AM,0,0,4
2023,Nanaimo Station,Weekday,4:00 to 5:00 PM,691,525,16
2023,Nanaimo Station,Weekday,5:00 to 6:00 AM,33,106,5
2023,Nanaimo Station,Weekday,5:00 to 6:00 PM,772,484,17
2023,Nanaimo Station,Weekday,6:00 to 7:00 AM,203,413,6
2023,Nanaimo Station,Weekday,6:00 to 7:00 PM,585,369,18
2023,Nanaimo Station,Weekday,7:00 to 8:00 AM,320,581,7
2023,Nanaimo Station,Weekday,7:00 to 8:00 PM,412,232,19
2023,New Westminster Station,Saturday,9:00 to 10:00 PM,449,441,21
2023,New Westminster Station,Sunday/Holiday,1:00 to 2:00 AM,3,2,1
2023,New Westminster Station,Sunday/Holiday,1:00 to 2:00 PM,545,610,13
2023,New Westminster Station,Saturday,9:00 to 10:00 AM,428,428,9
2023,New Westminster Station,Saturday,8:00 to 9:00 PM,521,447,20
2023,New Westminster Station,Saturday,8:00 to 9:00 AM,433,354,8
2023,New Westminster Station,Saturday,7:00 to 8:00 PM,659,549,19
2023,New Westminster Station,Saturday,7:00 to 8:00 AM,219,271,7
2023,New Westminster Station,Saturday,6:00 to 7:00 PM,803,734,18
2023,New Westminster Station,Saturday,6:00 to 7:00 AM,96,228,6
2023,New Westminster Station,Saturday,5:00 to 6:00 PM,851,820,17
2023,New Westminster Station,Saturday,5:00 to 6:00 AM,0,0,5
2023,New Westminster Station,Saturday,4:00 to 5:00 PM,852,862,16
2023,New Westminster Station,Saturday,4:00 to 5:00 AM,0,0,4
2023,New Westminster Station,Saturday,3:00 to 4:00 PM,818,866,15
2023,New Westminster Station,Saturday,2:00 to 3:00 PM,783,774,14
2023,New Westminster Station,Saturday,2:00 to 3:00 AM,0,0,2
2023,New Westminster Station,Saturday,12:00 to 1:00 PM,627,695,12
2023,New Westminster Station,Saturday,12:00 to 1:00 AM,180,129,0
2023,New Westminster Station,Saturday,11:00 PM to 12:00 AM,275,233,23
2023,New Westminster Station,Saturday,11:00 AM to 12:00 PM,527,575,11
2023,New Westminster Station,Saturday,10:00 to 11:00 PM,412,336,22
2023,New Westminster Station,Saturday,10:00 to 11:00 AM,431,501,10
2023,New Westminster Station,Saturday,1:00 to 2:00 PM,669,711,13
2023,New Westminster Station,Saturday,1:00 to 2:00 AM,80,26,1
2023,New Westminster Station,Weekday,9:00 to 10:00 PM,450,572,21
2023,New Westminster Station,Weekday,9:00 to 10:00 AM,710,544,9
2023,New Westminster Station,Weekday,8:00 to 9:00 PM,502,549,20
2023,New Westminster Station,Weekday,8:00 to 9:00 AM,922,879,8
2023,New Westminster Station,Weekday,7:00 to 8:00 PM,706,588,19
2023,New Westminster Station,Weekday,7:00 to 8:00 AM,561,957,7
2023,New Westminster Station,Weekday,6:00 to 7:00 PM,1224,1008,18
2023,New Westminster Station,Weekday,6:00 to 7:00 AM,458,712,6
2023,New Westminster Station,Weekday,5:00 to 6:00 PM,1571,1167,17
2023,New Westminster Station,Weekday,5:00 to 6:00 AM,84,304,5
2023,New Westminster Station,Weekday,4:00 to 5:00 PM,1415,1315,16
2023,New Westminster Station,Weekday,4:00 to 5:00 AM,0,0,4
2023,New Westminster Station,Weekday,3:00 to 4:00 PM,1190,1252,15
2023,New Westminster Station,Weekday,3:00 to 4:00 AM,0,0,3
2023,New Westminster Station,Weekday,2:00 to 3:00 PM,850,912,14
2023,New Westminster Station,Weekday,2:00 to 3:00 AM,0,0,2
2023,New Westminster Station,Weekday,12:00 to 1:00 PM,868,726,12
2023,New Westminster Station,Weekday,12:00 to 1:00 AM,118,90,0
2023,New Westminster Station,Weekday,11:00 PM to 12:00 AM,219,188,23
2023,New Westminster Station,Weekday,11:00 AM to 12:00 PM,671,552,11
2023,New Westminster Station,Weekday,10:00 to 11:00 PM,347,281,22
2023,New Westminster Station,Weekday,10:00 to 11:00 AM,631,503,10
2023,New Westminster Station,Weekday,1:00 to 2:00 PM,648,675,13
2023,New Westminster Station,Weekday,1:00 to 2:00 AM,46,16,1
2023,New Westminster Station,Sunday/Holiday,8:00 to 9:00 PM,400,341,20
2023,New Westminster Station,Sunday/Holiday,9:00 to 10:00 AM,319,351,9
2023,New Westminster Station,Sunday/Holiday,9:00 to 10:00 PM,325,317,21
2023,New Westminster Station,Sunday/Holiday,8:00 to 9:00 AM,238,259,8
2023,New Westminster Station,Sunday/Holiday,7:00 to 8:00 PM,544,396,19
2023,New Westminster Station,Sunday/Holiday,7:00 to 8:00 AM,142,276,7
2023,New Westminster Station,Sunday/Holiday,6:00 to 7:00 PM,645,511,18
2023,New Westminster Station,Sunday/Holiday,6:00 to 7:00 AM,15,22,6
2023,New Westminster Station,Sunday/Holiday,5:00 to 6:00 PM,676,586,17
2023,New Westminster Station,Sunday/Holiday,5:00 to 6:00 AM,3,7,5
2023,New Westminster Station,Sunday/Holiday,4:00 to 5:00 PM,692,612,16
2023,New Westminster Station,Sunday/Holiday,4:00 to 5:00 AM,0,0,4
2023,New Westminster Station,Sunday/Holiday,3:00 to 4:00 PM,683,647,15
2023,New Westminster Station,Sunday/Holiday,3:00 to 4:00 AM,0,0,3
2023,New Westminster Station,Sunday/Holiday,2:00 to 3:00 PM,651,609,14
2023,New Westminster Station,Sunday/Holiday,2:00 to 3:00 AM,0,0,2
2023,New Westminster Station,Sunday/Holiday,12:00 to 1:00 PM,484,571,12
2023,New Westminster Station,Sunday/Holiday,12:00 to 1:00 AM,72,52,0
2023,New Westminster Station,Sunday/Holiday,11:00 PM to 12:00 AM,182,173,23
2023,New Westminster Station,Sunday/Holiday,11:00 AM to 12:00 PM,414,463,11
2023,New Westminster Station,Sunday/Holiday,10:00 to 11:00 PM,252,222,22
2023,New Westminster Station,Sunday/Holiday,10:00 to 11:00 AM,383,430,10
2023,Oakridge-41st Avenue Station,Saturday,9:00 to 10:00 AM,168,380,9
2023,Oakridge-41st Avenue Station,Saturday,9:00 to 10:00 PM,329,127,21
2023,Oakridge-41st Avenue Station,Sunday/Holiday,1:00 to 2:00 AM,28,6,1
2023,Oakridge-41st Avenue Station,Sunday/Holiday,1:00 to 2:00 PM,263,390,13
2023,Oakridge-41st Avenue Station,Sunday/Holiday,10:00 to 11:00 AM,140,360,10
2023,Oakridge-41st Avenue Station,Sunday/Holiday,10:00 to 11:00 PM,226,70,22
2023,Oakridge-41st Avenue Station,Sunday/Holiday,11:00 AM to 12:00 PM,169,383,11
2023,Oakridge-41st Avenue Station,Sunday/Holiday,11:00 PM to 12:00 AM,190,42,23
2023,Oakridge-41st Avenue Station,Sunday/Holiday,12:00 to 1:00 AM,109,17,0
2023,Oakridge-41st Avenue Station,Sunday/Holiday,12:00 to 1:00 PM,212,386,12
2023,Oakridge-41st Avenue Station,Sunday/Holiday,2:00 to 3:00 AM,0,1,2
2023,Oakridge-41st Avenue Station,Sunday/Holiday,2:00 to 3:00 PM,323,387,14
2023,Oakridge-41st Avenue Station,Sunday/Holiday,3:00 to 4:00 AM,0,0,3
2023,Oakridge-41st Avenue Station,Sunday/Holiday,3:00 to 4:00 PM,374,343,15
2023,Oakridge-41st Avenue Station,Sunday/Holiday,4:00 to 5:00 AM,1,12,4
2023,Oakridge-41st Avenue Station,Sunday/Holiday,4:00 to 5:00 PM,400,308,16
2023,Oakridge-41st Avenue Station,Sunday/Holiday,5:00 to 6:00 AM,26,99,5
2023,Oakridge-41st Avenue Station,Sunday/Holiday,5:00 to 6:00 PM,407,260,17
2023,Oakridge-41st Avenue Station,Sunday/Holiday,6:00 to 7:00 AM,46,177,6
2023,Oakridge-41st Avenue Station,Sunday/Holiday,6:00 to 7:00 PM,388,217,18
2023,Oakridge-41st Avenue Station,Sunday/Holiday,7:00 to 8:00 AM,81,179,7
2023,Oakridge-41st Avenue Station,Sunday/Holiday,7:00 to 8:00 PM,341,150,19
2023,Oakridge-41st Avenue Station,Sunday/Holiday,8:00 to 9:00 AM,78,205,8
2023,Oakridge-41st Avenue Station,Sunday/Holiday,8:00 to 9:00 PM,294,108,20
2023,Oakridge-41st Avenue Station,Sunday/Holiday,9:00 to 10:00 AM,118,294,9
2023,Oakridge-41st Avenue Station,Sunday/Holiday,9:00 to 10:00 PM,286,95,21
2023,Oakridge-41st Avenue Station,Saturday,3:00 to 4:00 PM,415,421,15
2023,Oakridge-41st Avenue Station,Saturday,3:00 to 4:00 AM,0,0,3
2023,Oakridge-41st Avenue Station,Saturday,2:00 to 3:00 PM,349,469,14
2023,Oakridge-41st Avenue Station,Saturday,2:00 to 3:00 AM,1,1,2
2023,Oakridge-41st Avenue Station,Saturday,12:00 to 1:00 PM,253,462,12
2023,Oakridge-41st Avenue Station,Saturday,12:00 to 1:00 AM,175,27,0
2023,Oakridge-41st Avenue Station,Saturday,11:00 PM to 12:00 AM,268,59,23
2023,Oakridge-41st Avenue Station,Saturday,11:00 AM to 12:00 PM,210,459,11
2023,Oakridge-41st Avenue Station,Saturday,10:00 to 11:00 PM,285,97,22
2023,Oakridge-41st Avenue Station,Saturday,10:00 to 11:00 AM,172,393,10
2023,Oakridge-41st Avenue Station,Saturday,1:00 to 2:00 PM,301,472,13
2023,Oakridge-41st Avenue Station,Saturday,1:00 to 2:00 AM,55,7,1
2023,Oakridge-41st Avenue Station,Weekday,9:00 to 10:00 PM,349,131,21
2023,Oakridge-41st Avenue Station,Weekday,9:00 to 10:00 AM,258,468,9
2023,Oakridge-41st Avenue Station,Weekday,8:00 to 9:00 PM,334,168,20
2023,Oakridge-41st Avenue Station,Weekday,8:00 to 9:00 AM,419,655,8
2023,Oakridge-41st Avenue Station,Weekday,7:00 to 8:00 PM,392,240,19
2023,Oakridge-41st Avenue Station,Weekday,7:00 to 8:00 AM,370,522,7
2023,Oakridge-41st Avenue Station,Weekday,6:00 to 7:00 PM,568,406,18
2023,Oakridge-41st Avenue Station,Weekday,6:00 to 7:00 AM,234,344,6
2023,Oakridge-41st Avenue Station,Weekday,5:00 to 6:00 PM,701,563,17
2023,Oakridge-41st Avenue Station,Weekday,5:00 to 6:00 AM,38,152,5
2023,Oakridge-41st Avenue Station,Weekday,4:00 to 5:00 PM,620,572,16
2023,Oakridge-41st Avenue Station,Weekday,4:00 to 5:00 AM,1,15,4
2023,Oakridge-41st Avenue Station,Weekday,3:00 to 4:00 PM,484,683,15
2023,Oakridge-41st Avenue Station,Weekday,3:00 to 4:00 AM,0,0,3
2023,Oakridge-41st Avenue Station,Weekday,2:00 to 3:00 PM,364,443,14
2023,Oakridge-41st Avenue Station,Weekday,2:00 to 3:00 AM,1,1,2
2023,Oakridge-41st Avenue Station,Weekday,12:00 to 1:00 PM,260,381,12
2023,Oakridge-41st Avenue Station,Weekday,12:00 to 1:00 AM,112,18,0
2023,Oakridge-41st Avenue Station,Weekday,11:00 PM to 12:00 AM,188,49,23
2023,Oakridge-41st Avenue Station,Weekday,11:00 AM to 12:00 PM,228,359,11
2023,Oakridge-41st Avenue Station,Weekday,10:00 to 11:00 PM,264,86,22
2023,Oakridge-41st Avenue Station,Weekday,10:00 to 11:00 AM,219,363,10
2023,Oakridge-41st Avenue Station,Weekday,1:00 to 2:00 PM,303,377,13
2023,Oakridge-41st Avenue Station,Weekday,1:00 to 2:00 AM,33,6,1
2023,Oakridge-41st Avenue Station,Saturday,4:00 to 5:00 AM,1,10,4
2023,Oakridge-41st Avenue Station,Saturday,4:00 to 5:00 PM,444,407,16
2023,Oakridge-41st Avenue Station,Saturday,5:00 to 6:00 AM,24,100,5
2023,Oakridge-41st Avenue Station,Saturday,5:00 to 6:00 PM,455,355,17
2023,Oakridge-41st Avenue Station,Saturday,6:00 to 7:00 AM,58,175,6
2023,Oakridge-41st Avenue Station,Saturday,6:00 to 7:00 PM,425,303,18
2023,Oakridge-41st Avenue Station,Saturday,7:00 to 8:00 AM,117,219,7
2023,Oakridge-41st Avenue Station,Saturday,7:00 to 8:00 PM,353,199,19
2023,Oakridge-41st Avenue Station,Saturday,8:00 to 9:00 AM,124,288,8
2023,Oakridge-41st Avenue Station,Saturday,8:00 to 9:00 PM,335,150,20
2023,Olympic Village Station,Sunday/Holiday,1:00 to 2:00 AM,5,2,1
2023,Olympic Village Station,Saturday,9:00 to 10:00 PM,85,85,21
2023,Olympic Village Station,Saturday,9:00 to 10:00 AM,122,110,9
2023,Olympic Village Station,Saturday,8:00 to 9:00 PM,101,98,20
2023,Olympic Village Station,Saturday,8:00 to 9:00 AM,95,78,8
2023,Olympic Village Station,Saturday,7:00 to 8:00 PM,133,141,19
2023,Olympic Village Station,Saturday,7:00 to 8:00 AM,57,57,7
2023,Olympic Village Station,Saturday,6:00 to 7:00 PM,176,212,18
2023,Olympic Village Station,Saturday,6:00 to 7:00 AM,17,32,6
2023,Olympic Village Station,Saturday,5:00 to 6:00 PM,192,250,17
2023,Olympic Village Station,Saturday,5:00 to 6:00 AM,10,14,5
2023,Olympic Village Station,Saturday,4:00 to 5:00 PM,216,249,16
2023,Olympic Village Station,Saturday,4:00 to 5:00 AM,1,4,4
2023,Olympic Village Station,Saturday,3:00 to 4:00 PM,224,237,15
2023,Olympic Village Station,Weekday,1:00 to 2:00 AM,5,2,1
2023,Olympic Village Station,Weekday,1:00 to 2:00 PM,173,181,13
2023,Olympic Village Station,Weekday,10:00 to 11:00 AM,148,135,10
2023,Olympic Village Station,Weekday,10:00 to 11:00 PM,64,69,22
2023,Olympic Village Station,Weekday,11:00 AM to 12:00 PM,159,162,11
2023,Olympic Village Station,Weekday,11:00 PM to 12:00 AM,38,36,23
2023,Olympic Village Station,Weekday,12:00 to 1:00 AM,18,14,0
2023,Olympic Village Station,Weekday,12:00 to 1:00 PM,176,178,12
2023,Olympic Village Station,Weekday,2:00 to 3:00 AM,0,0,2
2023,Olympic Village Station,Weekday,2:00 to 3:00 PM,182,211,14
2023,Olympic Village Station,Weekday,3:00 to 4:00 AM,0,0,3
2023,Olympic Village Station,Weekday,3:00 to 4:00 PM,245,300,15
2023,Olympic Village Station,Saturday,11:00 AM to 12:00 PM,173,172,11
2023,Olympic Village Station,Saturday,10:00 to 11:00 PM,72,68,22
2023,Olympic Village Station,Saturday,10:00 to 11:00 AM,142,144,10
2023,Olympic Village Station,Saturday,1:00 to 2:00 PM,208,211,13
2023,Olympic Village Station,Saturday,1:00 to 2:00 AM,9,5,1
2023,Olympic Village Station,Weekday,9:00 to 10:00 PM,91,100,21
2023,Olympic Village Station,Weekday,9:00 to 10:00 AM,244,179,9
2023,Olympic Village Station,Weekday,8:00 to 9:00 PM,103,127,20
2023,Olympic Village Station,Weekday,8:00 to 9:00 AM,391,311,8
2023,Olympic Village Station,Weekday,7:00 to 8:00 PM,146,171,19
2023,Olympic Village Station,Weekday,7:00 to 8:00 AM,218,220,7
2023,Olympic Village Station,Weekday,6:00 to 7:00 PM,247,334,18
2023,Olympic Village Station,Weekday,6:00 to 7:00 AM,94,102,6
2023,Olympic Village Station,Weekday,5:00 to 6:00 PM,329,471,17
2023,Olympic Village Station,Weekday,5:00 to 6:00 AM,17,26,5
2023,Olympic Village Station,Weekday,4:00 to 5:00 PM,290,425,16
2023,Olympic Village Station,Weekday,4:00 to 5:00 AM,2,4,4
2023,Olympic Village Station,Saturday,3:00 to 4:00 AM,0,0,3
2023,Olympic Village Station,Saturday,2:00 to 3:00 PM,215,226,14
2023,Olympic Village Station,Saturday,2:00 to 3:00 AM,0,0,2
2023,Olympic Village Station,Saturday,12:00 to 1:00 PM,187,204,12
2023,Olympic Village Station,Saturday,12:00 to 1:00 AM,34,31,0
2023,Olympic Village Station,Saturday,11:00 PM to 12:00 AM,53,59,23
2023,Olympic Village Station,Sunday/Holiday,9:00 to 10:00 PM,62,55,21
2023,Olympic Village Station,Sunday/Holiday,9:00 to 10:00 AM,96,94,9
2023,Olympic Village Station,Sunday/Holiday,8:00 to 9:00 PM,70,69,20
2023,Olympic Village Station,Sunday/Holiday,8:00 to 9:00 AM,68,65,8
2023,Olympic Village Station,Sunday/Holiday,7:00 to 8:00 PM,93,99,19
2023,Olympic Village Station,Sunday/Holiday,7:00 to 8:00 AM,38,46,7
2023,Olympic Village Station,Sunday/Holiday,6:00 to 7:00 PM,120,151,18
2023,Olympic Village Station,Sunday/Holiday,6:00 to 7:00 AM,20,30,6
2023,Olympic Village Station,Sunday/Holiday,5:00 to 6:00 PM,152,176,17
2023,Olympic Village Station,Sunday/Holiday,5:00 to 6:00 AM,4,12,5
2023,Olympic Village Station,Sunday/Holiday,4:00 to 5:00 PM,168,191,16
2023,Olympic Village Station,Sunday/Holiday,4:00 to 5:00 AM,1,4,4
2023,Olympic Village Station,Sunday/Holiday,3:00 to 4:00 PM,185,202,15
2023,Olympic Village Station,Sunday/Holiday,3:00 to 4:00 AM,0,0,3
2023,Olympic Village Station,Sunday/Holiday,2:00 to 3:00 PM,175,193,14
2023,Olympic Village Station,Sunday/Holiday,2:00 to 3:00 AM,0,0,2
2023,Olympic Village Station,Sunday/Holiday,12:00 to 1:00 PM,164,170,12
2023,Olympic Village Station,Sunday/Holiday,12:00 to 1:00 AM,18,11,0
2023,Olympic Village Station,Sunday/Holiday,11:00 PM to 12:00 AM,35,25,23
2023,Olympic Village Station,Sunday/Holiday,11:00 AM to 12:00 PM,144,154,11
2023,Olympic Village Station,Sunday/Holiday,10:00 to 11:00 PM,52,41,22
2023,Olympic Village Station,Sunday/Holiday,10:00 to 11:00 AM,117,128,10
2023,Olympic Village Station,Sunday/Holiday,1:00 to 2:00 PM,175,180,13
2023,Patterson Station,Sunday/Holiday,2:00 to 3:00 AM,0,0,2
2023,Patterson Station,Sunday/Holiday,2:00 to 3:00 PM,216,216,14
2023,Patterson Station,Sunday/Holiday,3:00 to 4:00 AM,0,0,3
2023,Patterson Station,Sunday/Holiday,3:00 to 4:00 PM,225,211,15
2023,Patterson Station,Sunday/Holiday,4:00 to 5:00 PM,241,191,16
2023,Patterson Station,Sunday/Holiday,5:00 to 6:00 AM,1,2,5
2023,Patterson Station,Sunday/Holiday,5:00 to 6:00 PM,252,169,17
2023,Patterson Station,Sunday/Holiday,6:00 to 7:00 AM,4,6,6
2023,Patterson Station,Sunday/Holiday,6:00 to 7:00 PM,236,145,18
2023,Patterson Station,Sunday/Holiday,7:00 to 8:00 AM,32,70,7
2023,Patterson Station,Sunday/Holiday,7:00 to 8:00 PM,221,113,19
2023,Patterson Station,Sunday/Holiday,8:00 to 9:00 AM,65,120,8
2023,Patterson Station,Sunday/Holiday,8:00 to 9:00 PM,180,105,20
2023,Patterson Station,Sunday/Holiday,9:00 to 10:00 AM,82,158,9
2023,Patterson Station,Sunday/Holiday,9:00 to 10:00 PM,173,96,21
2023,Patterson Station,Weekday,1:00 to 2:00 AM,16,5,1
2023,Patterson Station,Weekday,1:00 to 2:00 PM,174,178,13
2023,Patterson Station,Weekday,10:00 to 11:00 AM,119,202,10
2023,Patterson Station,Weekday,10:00 to 11:00 PM,152,75,22
2023,Patterson Station,Weekday,11:00 AM to 12:00 PM,124,192,11
2023,Patterson Station,Weekday,11:00 PM to 12:00 AM,94,50,23
2023,Patterson Station,Weekday,12:00 to 1:00 AM,49,18,0
2023,Patterson Station,Weekday,12:00 to 1:00 PM,151,186,12
2023,Patterson Station,Saturday,3:00 to 4:00 PM,264,256,15
2023,Patterson Station,Saturday,4:00 to 5:00 AM,0,0,4
2023,Patterson Station,Saturday,4:00 to 5:00 PM,281,255,16
2023,Patterson Station,Saturday,5:00 to 6:00 AM,0,0,5
2023,Patterson Station,Saturday,5:00 to 6:00 PM,288,238,17
2023,Patterson Station,Saturday,6:00 to 7:00 AM,19,42,6
2023,Patterson Station,Saturday,6:00 to 7:00 PM,271,206,18
2023,Patterson Station,Saturday,7:00 to 8:00 AM,72,125,7
2023,Patterson Station,Saturday,7:00 to 8:00 PM,223,153,19
2023,Patterson Station,Saturday,8:00 to 9:00 AM,120,164,8
2023,Patterson Station,Saturday,8:00 to 9:00 PM,178,123,20
2023,Patterson Station,Saturday,9:00 to 10:00 AM,108,222,9
2023,Patterson Station,Saturday,9:00 to 10:00 PM,178,107,21
2023,Patterson Station,Sunday/Holiday,1:00 to 2:00 AM,1,1,1
2023,Patterson Station,Sunday/Holiday,1:00 to 2:00 PM,200,224,13
2023,Patterson Station,Sunday/Holiday,10:00 to 11:00 AM,117,202,10
2023,Patterson Station,Sunday/Holiday,10:00 to 11:00 PM,123,99,22
2023,Patterson Station,Sunday/Holiday,11:00 AM to 12:00 PM,136,210,11
2023,Patterson Station,Sunday/Holiday,11:00 PM to 12:00 AM,77,74,23
2023,Patterson Station,Sunday/Holiday,12:00 to 1:00 AM,31,10,0
2023,Patterson Station,Sunday/Holiday,12:00 to 1:00 PM,176,224,12
2023,Patterson Station,Saturday,2:00 to 3:00 PM,253,252,14
2023,Patterson Station,Saturday,2:00 to 3:00 AM,0,0,2
2023,Patterson Station,Saturday,12:00 to 1:00 PM,193,253,12
2023,Patterson Station,Saturday,12:00 to 1:00 AM,84,30,0
2023,Patterson Station,Saturday,11:00 PM to 12:00 AM,128,63,23
2023,Patterson Station,Saturday,11:00 AM to 12:00 PM,164,244,11
2023,Patterson Station,Saturday,10:00 to 11:00 PM,171,93,22
2023,Patterson Station,Saturday,10:00 to 11:00 AM,144,230,10
2023,Patterson Station,Saturday,1:00 to 2:00 PM,226,248,13
2023,Patterson Station,Saturday,1:00 to 2:00 AM,33,6,1
2023,Patterson Station,Weekday,9:00 to 10:00 PM,182,90,21
2023,Patterson Station,Weekday,9:00 to 10:00 AM,140,279,9
2023,Patterson Station,Weekday,8:00 to 9:00 PM,188,119,20
2023,Patterson Station,Weekday,8:00 to 9:00 AM,198,458,8
2023,Patterson Station,Weekday,7:00 to 8:00 PM,252,153,19
2023,Patterson Station,Weekday,7:00 to 8:00 AM,166,379,7
2023,Patterson Station,Weekday,6:00 to 7:00 PM,400,226,18
2023,Patterson Station,Weekday,6:00 to 7:00 AM,178,218,6
2023,Patterson Station,Weekday,5:00 to 6:00 PM,518,309,17
2023,Patterson Station,Weekday,5:00 to 6:00 AM,28,67,5
2023,Patterson Station,Weekday,4:00 to 5:00 PM,429,309,16
2023,Patterson Station,Weekday,4:00 to 5:00 AM,0,0,4
2023,Patterson Station,Weekday,3:00 to 4:00 PM,322,291,15
2023,Patterson Station,Weekday,3:00 to 4:00 AM,0,0,3
2023,Patterson Station,Weekday,2:00 to 3:00 PM,210,200,14
2023,Patterson Station,Weekday,2:00 to 3:00 AM,0,0,2
2023,Production Way-University Station,Sunday/Holiday,9:00 to 10:00 AM,65,74,9
2023,Production Way-University Station,Sunday/Holiday,8:00 to 9:00 PM,75,62,20
2023,Production Way-University Station,Sunday/Holiday,8:00 to 9:00 AM,61,48,8
2023,Production Way-University Station,Sunday/Holiday,7:00 to 8:00 PM,91,75,19
2023,Production Way-University Station,Sunday/Holiday,7:00 to 8:00 AM,52,62,7
2023,Production Way-University Station,Sunday/Holiday,6:00 to 7:00 PM,112,101,18
2023,Production Way-University Station,Sunday/Holiday,6:00 to 7:00 AM,5,6,6
2023,Production Way-University Station,Sunday/Holiday,5:00 to 6:00 PM,125,143,17
2023,Production Way-University Station,Sunday/Holiday,5:00 to 6:00 AM,1,1,5
2023,Production Way-University Station,Sunday/Holiday,4:00 to 5:00 PM,133,164,16
2023,Production Way-University Station,Sunday/Holiday,4:00 to 5:00 AM,0,0,4
2023,Production Way-University Station,Sunday/Holiday,3:00 to 4:00 PM,134,140,15
2023,Production Way-University Station,Sunday/Holiday,2:00 to 3:00 PM,141,137,14
2023,Production Way-University Station,Sunday/Holiday,2:00 to 3:00 AM,0,0,2
2023,Production Way-University Station,Sunday/Holiday,12:00 to 1:00 PM,104,120,12
2023,Production Way-University Station,Sunday/Holiday,12:00 to 1:00 AM,18,7,0
2023,Production Way-University Station,Sunday/Holiday,11:00 PM to 12:00 AM,34,27,23
2023,Production Way-University Station,Sunday/Holiday,11:00 AM to 12:00 PM,92,106,11
2023,Production Way-University Station,Sunday/Holiday,10:00 to 11:00 PM,49,43,22
2023,Production Way-University Station,Sunday/Holiday,10:00 to 11:00 AM,78,94,10
2023,Production Way-University Station,Sunday/Holiday,1:00 to 2:00 PM,136,131,13
2023,Production Way-University Station,Sunday/Holiday,1:00 to 2:00 AM,1,0,1
2023,Production Way-University Station,Saturday,9:00 to 10:00 PM,87,64,21
2023,Production Way-University Station,Saturday,9:00 to 10:00 AM,91,91,9
2023,Production Way-University Station,Saturday,8:00 to 9:00 PM,89,76,20
2023,Production Way-University Station,Saturday,8:00 to 9:00 AM,88,66,8
2023,Production Way-University Station,Saturday,7:00 to 8:00 PM,108,101,19
2023,Production Way-University Station,Saturday,7:00 to 8:00 AM,92,60,7
2023,Production Way-University Station,Saturday,6:00 to 7:00 PM,131,152,18
2023,Production Way-University Station,Saturday,6:00 to 7:00 AM,30,48,6
2023,Production Way-University Station,Saturday,5:00 to 6:00 PM,154,186,17
2023,Production Way-University Station,Saturday,5:00 to 6:00 AM,0,0,5
2023,Production Way-University Station,Saturday,4:00 to 5:00 PM,162,207,16
2023,Production Way-University Station,Saturday,4:00 to 5:00 AM,0,0,4
2023,Production Way-University Station,Saturday,3:00 to 4:00 PM,151,195,15
2023,Production Way-University Station,Saturday,2:00 to 3:00 PM,166,188,14
2023,Production Way-University Station,Saturday,2:00 to 3:00 AM,0,0,2
2023,Production Way-University Station,Saturday,12:00 to 1:00 PM,131,164,12
2023,Production Way-University Station,Saturday,12:00 to 1:00 AM,33,10,0
2023,Production Way-University Station,Saturday,11:00 PM to 12:00 AM,59,38,23
2023,Production Way-University Station,Saturday,11:00 AM to 12:00 PM,119,137,11
2023,Production Way-University Station,Saturday,10:00 to 11:00 PM,79,50,22
2023,Production Way-University Station,Saturday,10:00 to 11:00 AM,107,115,10
2023,Production Way-University Station,Saturday,1:00 to 2:00 PM,153,179,13
2023,Production Way-University Station,Saturday,1:00 to 2:00 AM,14,5,1
2023,Production Way-University Station,Weekday,9:00 to 10:00 PM,95,134,21
2023,Production Way-University Station,Weekday,9:00 to 10:00 AM,491,132,9
2023,Production Way-University Station,Weekday,8:00 to 9:00 PM,96,178,20
2023,Production Way-University Station,Weekday,8:00 to 9:00 AM,732,186,8
2023,Production Way-University Station,Weekday,7:00 to 8:00 PM,130,218,19
2023,Production Way-University Station,Weekday,7:00 to 8:00 AM,563,211,7
2023,Production Way-University Station,Weekday,6:00 to 7:00 PM,203,329,18
2023,Production Way-University Station,Weekday,6:00 to 7:00 AM,233,138,6
2023,Production Way-University Station,Weekday,5:00 to 6:00 PM,281,725,17
2023,Production Way-University Station,Weekday,5:00 to 6:00 AM,49,55,5
2023,Production Way-University Station,Weekday,4:00 to 5:00 PM,260,728,16
2023,Production Way-University Station,Weekday,4:00 to 5:00 AM,0,3,4
2023,Production Way-University Station,Weekday,3:00 to 4:00 PM,229,556,15
2023,Production Way-University Station,Weekday,3:00 to 4:00 AM,0,0,3
2023,Production Way-University Station,Weekday,2:00 to 3:00 PM,252,354,14
2023,Production Way-University Station,Weekday,2:00 to 3:00 AM,0,0,2
2023,Production Way-University Station,Weekday,12:00 to 1:00 PM,274,262,12
2023,Production Way-University Station,Weekday,12:00 to 1:00 AM,20,13,0
2023,Production Way-University Station,Weekday,11:00 PM to 12:00 AM,42,62,23
2023,Production Way-University Station,Weekday,11:00 AM to 12:00 PM,282,178,11
2023,Production Way-University Station,Weekday,10:00 to 11:00 PM,77,90,22
2023,Production Way-University Station,Weekday,10:00 to 11:00 AM,331,140,10
2023,Production Way-University Station,Weekday,1:00 to 2:00 PM,319,257,13
2023,Production Way-University Station,Weekday,1:00 to 2:00 AM,8,4,1
2023,Production Way-University Station,Sunday/Holiday,9:00 to 10:00 PM,68,47,21
2023,Renfrew Station,Sunday/Holiday,9:00 to 10:00 PM,75,49,21
2023,Renfrew Station,Sunday/Holiday,9:00 to 10:00 AM,80,97,9
2023,Renfrew Station,Weekday,7:00 to 8:00 PM,124,119,19
2023,Renfrew Station,Weekday,8:00 to 9:00 AM,472,212,8
2023,Renfrew Station,Weekday,8:00 to 9:00 PM,103,109,20
2023,Renfrew Station,Weekday,9:00 to 10:00 AM,176,163,9
2023,Renfrew Station,Weekday,9:00 to 10:00 PM,102,106,21
2023,Renfrew Station,Saturday,1:00 to 2:00 AM,17,6,1
2023,Renfrew Station,Saturday,1:00 to 2:00 PM,187,178,13
2023,Renfrew Station,Saturday,10:00 to 11:00 AM,91,140,10
2023,Renfrew Station,Saturday,10:00 to 11:00 PM,94,58,22
2023,Renfrew Station,Saturday,11:00 AM to 12:00 PM,101,173,11
2023,Renfrew Station,Saturday,11:00 PM to 12:00 AM,68,46,23
2023,Renfrew Station,Saturday,12:00 to 1:00 AM,49,22,0
2023,Renfrew Station,Saturday,12:00 to 1:00 PM,146,212,12
2023,Renfrew Station,Saturday,2:00 to 3:00 AM,0,0,2
2023,Renfrew Station,Saturday,2:00 to 3:00 PM,136,183,14
2023,Renfrew Station,Saturday,3:00 to 4:00 AM,0,0,3
2023,Renfrew Station,Saturday,3:00 to 4:00 PM,145,204,15
2023,Renfrew Station,Saturday,4:00 to 5:00 AM,0,0,4
2023,Renfrew Station,Saturday,4:00 to 5:00 PM,161,215,16
2023,Renfrew Station,Saturday,5:00 to 6:00 AM,0,0,5
2023,Renfrew Station,Saturday,5:00 to 6:00 PM,150,217,17
2023,Renfrew Station,Saturday,6:00 to 7:00 AM,23,36,6
2023,Renfrew Station,Saturday,6:00 to 7:00 PM,135,138,18
2023,Renfrew Station,Saturday,7:00 to 8:00 AM,69,69,7
2023,Renfrew Station,Saturday,7:00 to 8:00 PM,107,95,19
2023,Renfrew Station,Saturday,8:00 to 9:00 AM,206,98,8
2023,Renfrew Station,Saturday,8:00 to 9:00 PM,92,77,20
2023,Renfrew Station,Saturday,9:00 to 10:00 AM,98,130,9
2023,Renfrew Station,Saturday,9:00 to 10:00 PM,91,68,21
2023,Renfrew Station,Sunday/Holiday,1:00 to 2:00 AM,1,0,1
2023,Renfrew Station,Sunday/Holiday,1:00 to 2:00 PM,136,171,13
2023,Renfrew Station,Sunday/Holiday,10:00 to 11:00 AM,95,129,10
2023,Renfrew Station,Sunday/Holiday,10:00 to 11:00 PM,64,44,22
2023,Renfrew Station,Sunday/Holiday,11:00 AM to 12:00 PM,106,144,11
2023,Renfrew Station,Sunday/Holiday,11:00 PM to 12:00 AM,50,28,23
2023,Renfrew Station,Sunday/Holiday,12:00 to 1:00 AM,18,7,0
2023,Renfrew Station,Sunday/Holiday,12:00 to 1:00 PM,116,201,12
2023,Renfrew Station,Sunday/Holiday,2:00 to 3:00 AM,0,0,2
2023,Renfrew Station,Sunday/Holiday,2:00 to 3:00 PM,115,167,14
2023,Renfrew Station,Sunday/Holiday,3:00 to 4:00 PM,122,168,15
2023,Renfrew Station,Sunday/Holiday,4:00 to 5:00 PM,138,167,16
2023,Renfrew Station,Sunday/Holiday,5:00 to 6:00 AM,1,1,5
2023,Renfrew Station,Sunday/Holiday,5:00 to 6:00 PM,136,161,17
2023,Renfrew Station,Sunday/Holiday,6:00 to 7:00 AM,3,4,6
2023,Renfrew Station,Sunday/Holiday,6:00 to 7:00 PM,118,96,18
2023,Renfrew Station,Sunday/Holiday,7:00 to 8:00 AM,54,43,7
2023,Renfrew Station,Sunday/Holiday,7:00 to 8:00 PM,93,72,19
2023,Renfrew Station,Sunday/Holiday,8:00 to 9:00 AM,123,69,8
2023,Renfrew Station,Sunday/Holiday,8:00 to 9:00 PM,78,59,20
2023,Renfrew Station,Weekday,7:00 to 8:00 AM,254,166,7
2023,Renfrew Station,Weekday,6:00 to 7:00 PM,203,185,18
2023,Renfrew Station,Weekday,6:00 to 7:00 AM,107,141,6
2023,Renfrew Station,Weekday,5:00 to 6:00 PM,288,372,17
2023,Renfrew Station,Weekday,5:00 to 6:00 AM,26,45,5
2023,Renfrew Station,Weekday,4:00 to 5:00 PM,260,396,16
2023,Renfrew Station,Weekday,4:00 to 5:00 AM,0,0,4
2023,Renfrew Station,Weekday,3:00 to 4:00 PM,197,338,15
2023,Renfrew Station,Weekday,3:00 to 4:00 AM,0,0,3
2023,Renfrew Station,Weekday,2:00 to 3:00 PM,158,211,14
2023,Renfrew Station,Weekday,2:00 to 3:00 AM,0,0,2
2023,Renfrew Station,Weekday,12:00 to 1:00 PM,187,235,12
2023,Renfrew Station,Weekday,12:00 to 1:00 AM,27,11,0
2023,Renfrew Station,Weekday,11:00 PM to 12:00 AM,54,33,23
2023,Renfrew Station,Weekday,11:00 AM to 12:00 PM,110,173,11
2023,Renfrew Station,Weekday,10:00 to 11:00 PM,79,78,22
2023,Renfrew Station,Weekday,10:00 to 11:00 AM,106,137,10
2023,Renfrew Station,Weekday,1:00 to 2:00 PM,197,178,13
2023,Renfrew Station,Weekday,1:00 to 2:00 AM,9,3,1
2023,Richmond-Brighouse Station,Saturday,10:00 to 11:00 AM,331,582,10
2023,Richmond-Brighouse Station,Saturday,1:00 to 2:00 PM,573,688,13
2023,Richmond-Brighouse Station,Saturday,1:00 to 2:00 AM,78,2,1
2023,Richmond-Brighouse Station,Weekday,9:00 to 10:00 PM,360,192,21
2023,Richmond-Brighouse Station,Weekday,9:00 to 10:00 AM,343,783,9
2023,Richmond-Brighouse Station,Weekday,8:00 to 9:00 PM,460,237,20
2023,Richmond-Brighouse Station,Weekday,8:00 to 9:00 AM,351,1200,8
2023,Richmond-Brighouse Station,Weekday,7:00 to 8:00 PM,643,295,19
2023,Richmond-Brighouse Station,Weekday,7:00 to 8:00 AM,303,1180,7
2023,Richmond-Brighouse Station,Weekday,6:00 to 7:00 PM,1046,476,18
2023,Richmond-Brighouse Station,Weekday,6:00 to 7:00 AM,266,559,6
2023,Richmond-Brighouse Station,Weekday,5:00 to 6:00 PM,1244,674,17
2023,Richmond-Brighouse Station,Weekday,5:00 to 6:00 AM,36,207,5
2023,Richmond-Brighouse Station,Weekday,4:00 to 5:00 PM,1067,693,16
2023,Richmond-Brighouse Station,Saturday,10:00 to 11:00 PM,297,129,22
2023,Richmond-Brighouse Station,Saturday,11:00 AM to 12:00 PM,396,639,11
2023,Richmond-Brighouse Station,Saturday,11:00 PM to 12:00 AM,212,60,23
2023,Richmond-Brighouse Station,Saturday,12:00 to 1:00 AM,160,28,0
2023,Richmond-Brighouse Station,Saturday,12:00 to 1:00 PM,512,678,12
2023,Richmond-Brighouse Station,Saturday,2:00 to 3:00 AM,1,1,2
2023,Richmond-Brighouse Station,Saturday,2:00 to 3:00 PM,628,719,14
2023,Richmond-Brighouse Station,Saturday,3:00 to 4:00 AM,0,0,3
2023,Richmond-Brighouse Station,Saturday,3:00 to 4:00 PM,713,702,15
2023,Richmond-Brighouse Station,Saturday,4:00 to 5:00 AM,1,18,4
2023,Richmond-Brighouse Station,Saturday,4:00 to 5:00 PM,737,688,16
2023,Richmond-Brighouse Station,Sunday/Holiday,9:00 to 10:00 PM,278,148,21
2023,Richmond-Brighouse Station,Sunday/Holiday,9:00 to 10:00 AM,189,427,9
2023,Richmond-Brighouse Station,Weekday,4:00 to 5:00 AM,1,44,4
2023,Richmond-Brighouse Station,Sunday/Holiday,8:00 to 9:00 PM,327,192,20
2023,Richmond-Brighouse Station,Sunday/Holiday,8:00 to 9:00 AM,141,279,8
2023,Richmond-Brighouse Station,Sunday/Holiday,7:00 to 8:00 PM,428,306,19
2023,Richmond-Brighouse Station,Sunday/Holiday,7:00 to 8:00 AM,121,236,7
2023,Richmond-Brighouse Station,Weekday,3:00 to 4:00 PM,838,711,15
2023,Richmond-Brighouse Station,Weekday,3:00 to 4:00 AM,0,0,3
2023,Richmond-Brighouse Station,Weekday,2:00 to 3:00 PM,650,587,14
2023,Richmond-Brighouse Station,Weekday,2:00 to 3:00 AM,1,1,2
2023,Richmond-Brighouse Station,Saturday,5:00 to 6:00 AM,20,113,5
2023,Richmond-Brighouse Station,Saturday,5:00 to 6:00 PM,733,626,17
2023,Richmond-Brighouse Station,Saturday,6:00 to 7:00 AM,80,222,6
2023,Richmond-Brighouse Station,Saturday,6:00 to 7:00 PM,678,518,18
2023,Richmond-Brighouse Station,Saturday,7:00 to 8:00 AM,144,279,7
2023,Richmond-Brighouse Station,Saturday,7:00 to 8:00 PM,512,370,19
2023,Richmond-Brighouse Station,Saturday,8:00 to 9:00 AM,170,395,8
2023,Richmond-Brighouse Station,Saturday,8:00 to 9:00 PM,433,283,20
2023,Richmond-Brighouse Station,Saturday,9:00 to 10:00 AM,338,501,9
2023,Richmond-Brighouse Station,Saturday,9:00 to 10:00 PM,352,254,21
2023,Richmond-Brighouse Station,Sunday/Holiday,1:00 to 2:00 AM,32,2,1
2023,Richmond-Brighouse Station,Sunday/Holiday,1:00 to 2:00 PM,504,618,13
2023,Richmond-Brighouse Station,Sunday/Holiday,10:00 to 11:00 AM,319,531,10
2023,Richmond-Brighouse Station,Sunday/Holiday,10:00 to 11:00 PM,217,85,22
2023,Richmond-Brighouse Station,Sunday/Holiday,11:00 AM to 12:00 PM,354,556,11
2023,Richmond-Brighouse Station,Sunday/Holiday,11:00 PM to 12:00 AM,128,48,23
2023,Richmond-Brighouse Station,Sunday/Holiday,12:00 to 1:00 AM,81,19,0
2023,Richmond-Brighouse Station,Sunday/Holiday,12:00 to 1:00 PM,429,576,12
2023,Richmond-Brighouse Station,Sunday/Holiday,2:00 to 3:00 AM,1,1,2
2023,Richmond-Brighouse Station,Sunday/Holiday,2:00 to 3:00 PM,561,614,14
2023,Richmond-Brighouse Station,Sunday/Holiday,3:00 to 4:00 AM,0,1,3
2023,Richmond-Brighouse Station,Sunday/Holiday,3:00 to 4:00 PM,627,579,15
2023,Richmond-Brighouse Station,Sunday/Holiday,4:00 to 5:00 AM,2,15,4
2023,Richmond-Brighouse Station,Sunday/Holiday,4:00 to 5:00 PM,663,547,16
2023,Richmond-Brighouse Station,Weekday,1:00 to 2:00 AM,21,2,1
2023,Richmond-Brighouse Station,Weekday,1:00 to 2:00 PM,539,577,13
2023,Richmond-Brighouse Station,Weekday,10:00 to 11:00 AM,320,635,10
2023,Richmond-Brighouse Station,Weekday,10:00 to 11:00 PM,135,50,22
2023,Richmond-Brighouse Station,Weekday,11:00 AM to 12:00 PM,358,619,11
2023,Richmond-Brighouse Station,Weekday,11:00 PM to 12:00 AM,77,21,23
2023,Richmond-Brighouse Station,Sunday/Holiday,5:00 to 6:00 AM,21,92,5
2023,Richmond-Brighouse Station,Sunday/Holiday,5:00 to 6:00 PM,632,473,17
2023,Richmond-Brighouse Station,Sunday/Holiday,6:00 to 7:00 AM,78,215,6
2023,Richmond-Brighouse Station,Weekday,12:00 to 1:00 AM,50,8,0
2023,Richmond-Brighouse Station,Weekday,12:00 to 1:00 PM,481,597,12
2023,Richmond-Brighouse Station,Sunday/Holiday,6:00 to 7:00 PM,560,388,18
2023,Royal Oak Station,Sunday/Holiday,8:00 to 9:00 PM,174,113,20
2023,Royal Oak Station,Sunday/Holiday,8:00 to 9:00 AM,90,151,8
2023,Royal Oak Station,Sunday/Holiday,7:00 to 8:00 PM,234,125,19
2023,Royal Oak Station,Sunday/Holiday,7:00 to 8:00 AM,29,102,7
2023,Royal Oak Station,Sunday/Holiday,6:00 to 7:00 PM,270,168,18
2023,Royal Oak Station,Sunday/Holiday,6:00 to 7:00 AM,3,9,6
2023,Royal Oak Station,Sunday/Holiday,5:00 to 6:00 PM,277,206,17
2023,Royal Oak Station,Sunday/Holiday,5:00 to 6:00 AM,1,2,5
2023,Royal Oak Station,Sunday/Holiday,4:00 to 5:00 PM,273,232,16
2023,Royal Oak Station,Sunday/Holiday,4:00 to 5:00 AM,0,0,4
2023,Royal Oak Station,Sunday/Holiday,3:00 to 4:00 PM,250,241,15
2023,Royal Oak Station,Sunday/Holiday,9:00 to 10:00 AM,113,209,9
2023,Royal Oak Station,Sunday/Holiday,9:00 to 10:00 PM,156,100,21
2023,Royal Oak Station,Sunday/Holiday,11:00 PM to 12:00 AM,107,44,23
2023,Royal Oak Station,Sunday/Holiday,12:00 to 1:00 AM,45,10,0
2023,Royal Oak Station,Sunday/Holiday,12:00 to 1:00 PM,217,253,12
2023,Royal Oak Station,Sunday/Holiday,2:00 to 3:00 AM,0,0,2
2023,Royal Oak Station,Sunday/Holiday,11:00 AM to 12:00 PM,148,247,11
2023,Royal Oak Station,Sunday/Holiday,10:00 to 11:00 PM,142,77,22
2023,Royal Oak Station,Sunday/Holiday,2:00 to 3:00 PM,226,259,14
2023,Royal Oak Station,Sunday/Holiday,10:00 to 11:00 AM,143,245,10
2023,Royal Oak Station,Sunday/Holiday,1:00 to 2:00 PM,221,269,13
2023,Royal Oak Station,Sunday/Holiday,1:00 to 2:00 AM,2,1,1
2023,Royal Oak Station,Saturday,9:00 to 10:00 PM,208,131,21
2023,Royal Oak Station,Saturday,9:00 to 10:00 AM,154,247,9
2023,Royal Oak Station,Saturday,8:00 to 9:00 PM,211,147,20
2023,Royal Oak Station,Saturday,8:00 to 9:00 AM,123,217,8
2023,Royal Oak Station,Saturday,7:00 to 8:00 PM,259,176,19
2023,Royal Oak Station,Saturday,7:00 to 8:00 AM,75,161,7
2023,Royal Oak Station,Saturday,6:00 to 7:00 PM,328,256,18
2023,Royal Oak Station,Saturday,6:00 to 7:00 AM,18,79,6
2023,Royal Oak Station,Sunday/Holiday,3:00 to 4:00 AM,0,0,3
2023,Royal Oak Station,Saturday,5:00 to 6:00 PM,351,289,17
2023,Royal Oak Station,Saturday,5:00 to 6:00 AM,0,0,5
2023,Royal Oak Station,Saturday,4:00 to 5:00 PM,325,299,16
2023,Royal Oak Station,Saturday,4:00 to 5:00 AM,0,0,4
2023,Royal Oak Station,Saturday,3:00 to 4:00 PM,293,290,15
2023,Royal Oak Station,Saturday,2:00 to 3:00 PM,261,309,14
2023,Royal Oak Station,Saturday,2:00 to 3:00 AM,0,0,2
2023,Royal Oak Station,Saturday,12:00 to 1:00 PM,216,295,12
2023,Royal Oak Station,Saturday,12:00 to 1:00 AM,118,34,0
2023,Royal Oak Station,Saturday,11:00 PM to 12:00 AM,175,68,23
2023,Royal Oak Station,Saturday,11:00 AM to 12:00 PM,176,285,11
2023,Royal Oak Station,Saturday,10:00 to 11:00 PM,225,107,22
2023,Royal Oak Station,Saturday,10:00 to 11:00 AM,158,272,10
2023,Royal Oak Station,Saturday,1:00 to 2:00 PM,242,295,13
2023,Royal Oak Station,Saturday,1:00 to 2:00 AM,48,7,1
2023,Royal Oak Station,Weekday,9:00 to 10:00 PM,227,130,21
2023,Royal Oak Station,Weekday,9:00 to 10:00 AM,276,352,9
2023,Royal Oak Station,Weekday,8:00 to 9:00 PM,242,140,20
2023,Royal Oak Station,Weekday,8:00 to 9:00 AM,399,609,8
2023,Royal Oak Station,Weekday,7:00 to 8:00 PM,322,175,19
2023,Royal Oak Station,Weekday,7:00 to 8:00 AM,217,510,7
2023,Royal Oak Station,Weekday,6:00 to 7:00 PM,518,291,18
2023,Royal Oak Station,Weekday,6:00 to 7:00 AM,134,340,6
2023,Royal Oak Station,Weekday,5:00 to 6:00 PM,672,394,17
2023,Royal Oak Station,Weekday,5:00 to 6:00 AM,27,115,5
2023,Royal Oak Station,Weekday,4:00 to 5:00 PM,530,397,16
2023,Royal Oak Station,Weekday,4:00 to 5:00 AM,0,0,4
2023,Royal Oak Station,Weekday,3:00 to 4:00 PM,398,518,15
2023,Royal Oak Station,Weekday,3:00 to 4:00 AM,0,0,3
2023,Royal Oak Station,Weekday,2:00 to 3:00 PM,249,262,14
2023,Royal Oak Station,Weekday,2:00 to 3:00 AM,0,0,2
2023,Royal Oak Station,Weekday,12:00 to 1:00 PM,191,256,12
2023,Royal Oak Station,Weekday,12:00 to 1:00 AM,69,21,0
2023,Royal Oak Station,Weekday,11:00 PM to 12:00 AM,127,47,23
2023,Royal Oak Station,Weekday,11:00 AM to 12:00 PM,141,232,11
2023,Royal Oak Station,Weekday,10:00 to 11:00 PM,190,87,22
2023,Royal Oak Station,Weekday,10:00 to 11:00 AM,141,247,10
2023,Royal Oak Station,Weekday,1:00 to 2:00 PM,201,235,13
2023,Royal Oak Station,Weekday,1:00 to 2:00 AM,23,5,1
2023,Rupert Station,Sunday/Holiday,11:00 AM to 12:00 PM,98,128,11
2023,Rupert Station,Sunday/Holiday,11:00 PM to 12:00 AM,46,30,23
2023,Rupert Station,Sunday/Holiday,12:00 to 1:00 AM,21,6,0
2023,Rupert Station,Sunday/Holiday,12:00 to 1:00 PM,109,152,12
2023,Rupert Station,Sunday/Holiday,2:00 to 3:00 PM,143,160,14
2023,Rupert Station,Sunday/Holiday,3:00 to 4:00 AM,0,0,3
2023,Rupert Station,Sunday/Holiday,3:00 to 4:00 PM,157,159,15
2023,Rupert Station,Sunday/Holiday,4:00 to 5:00 AM,0,0,4
2023,Rupert Station,Sunday/Holiday,4:00 to 5:00 PM,153,150,16
2023,Rupert Station,Sunday/Holiday,5:00 to 6:00 AM,1,1,5
2023,Rupert Station,Sunday/Holiday,5:00 to 6:00 PM,153,138,17
2023,Rupert Station,Sunday/Holiday,6:00 to 7:00 AM,3,5,6
2023,Rupert Station,Sunday/Holiday,6:00 to 7:00 PM,138,107,18
2023,Rupert Station,Sunday/Holiday,7:00 to 8:00 AM,23,52,7
2023,Rupert Station,Sunday/Holiday,7:00 to 8:00 PM,112,83,19
2023,Rupert Station,Sunday/Holiday,8:00 to 9:00 AM,53,74,8
2023,Rupert Station,Sunday/Holiday,8:00 to 9:00 PM,86,66,20
2023,Rupert Station,Sunday/Holiday,9:00 to 10:00 AM,66,99,9
2023,Rupert Station,Sunday/Holiday,9:00 to 10:00 PM,74,54,21
2023,Rupert Station,Saturday,1:00 to 2:00 PM,136,162,13
2023,Rupert Station,Saturday,10:00 to 11:00 AM,79,124,10
2023,Rupert Station,Saturday,10:00 to 11:00 PM,96,55,22
2023,Rupert Station,Saturday,11:00 AM to 12:00 PM,95,144,11
2023,Rupert Station,Saturday,11:00 PM to 12:00 AM,59,40,23
2023,Rupert Station,Saturday,12:00 to 1:00 AM,44,12,0
2023,Rupert Station,Saturday,12:00 to 1:00 PM,115,149,12
2023,Rupert Station,Saturday,2:00 to 3:00 AM,0,0,2
2023,Rupert Station,Saturday,2:00 to 3:00 PM,157,170,14
2023,Rupert Station,Saturday,3:00 to 4:00 PM,167,173,15
2023,Rupert Station,Saturday,4:00 to 5:00 AM,0,0,4
2023,Rupert Station,Saturday,4:00 to 5:00 PM,168,170,16
2023,Rupert Station,Saturday,5:00 to 6:00 AM,0,0,5
2023,Rupert Station,Saturday,1:00 to 2:00 AM,19,4,1
2023,Rupert Station,Saturday,5:00 to 6:00 PM,163,161,17
2023,Rupert Station,Saturday,6:00 to 7:00 AM,24,38,6
2023,Rupert Station,Saturday,6:00 to 7:00 PM,150,135,18
2023,Rupert Station,Saturday,7:00 to 8:00 AM,43,84,7
2023,Rupert Station,Saturday,7:00 to 8:00 PM,131,99,19
2023,Rupert Station,Saturday,8:00 to 9:00 AM,56,107,8
2023,Rupert Station,Saturday,8:00 to 9:00 PM,103,76,20
2023,Rupert Station,Weekday,9:00 to 10:00 PM,113,59,21
2023,Rupert Station,Weekday,9:00 to 10:00 AM,85,164,9
2023,Rupert Station,Saturday,9:00 to 10:00 AM,72,119,9
2023,Rupert Station,Weekday,8:00 to 9:00 PM,114,75,20
2023,Rupert Station,Sunday/Holiday,10:00 to 11:00 PM,72,40,22
2023,Rupert Station,Sunday/Holiday,10:00 to 11:00 AM,83,128,10
2023,Rupert Station,Sunday/Holiday,1:00 to 2:00 PM,127,157,13
2023,Rupert Station,Sunday/Holiday,1:00 to 2:00 AM,1,0,1
2023,Rupert Station,Weekday,1:00 to 2:00 AM,9,3,1
2023,Rupert Station,Weekday,1:00 to 2:00 PM,120,135,13
2023,Rupert Station,Saturday,9:00 to 10:00 PM,95,68,21
2023,Rupert Station,Weekday,10:00 to 11:00 AM,69,127,10
2023,Rupert Station,Weekday,10:00 to 11:00 PM,92,43,22
2023,Rupert Station,Weekday,11:00 AM to 12:00 PM,83,132,11
2023,Rupert Station,Weekday,11:00 PM to 12:00 AM,48,34,23
2023,Rupert Station,Weekday,12:00 to 1:00 AM,28,7,0
2023,Rupert Station,Weekday,12:00 to 1:00 PM,105,136,12
2023,Rupert Station,Weekday,2:00 to 3:00 AM,0,0,2
2023,Rupert Station,Weekday,2:00 to 3:00 PM,148,138,14
2023,Rupert Station,Weekday,3:00 to 4:00 AM,0,0,3
2023,Rupert Station,Weekday,3:00 to 4:00 PM,210,175,15
2023,Rupert Station,Weekday,4:00 to 5:00 AM,0,0,4
2023,Rupert Station,Weekday,4:00 to 5:00 PM,244,205,16
2023,Rupert Station,Weekday,5:00 to 6:00 AM,10,41,5
2023,Rupert Station,Weekday,5:00 to 6:00 PM,253,191,17
2023,Rupert Station,Weekday,6:00 to 7:00 AM,66,133,6
2023,Rupert Station,Weekday,6:00 to 7:00 PM,193,145,18
2023,Rupert Station,Weekday,7:00 to 8:00 AM,84,166,7
2023,Rupert Station,Weekday,7:00 to 8:00 PM,138,99,19
2023,Rupert Station,Weekday,8:00 to 9:00 AM,114,222,8
2023,Sapperton Station,Saturday,6:00 to 7:00 PM,113,90,18
2023,Sapperton Station,Saturday,7:00 to 8:00 AM,88,80,7
2023,Sapperton Station,Saturday,7:00 to 8:00 PM,83,86,19
2023,Sapperton Station,Saturday,8:00 to 9:00 AM,55,72,8
2023,Sapperton Station,Saturday,8:00 to 9:00 PM,66,54,20
2023,Sapperton Station,Saturday,9:00 to 10:00 AM,55,77,9
2023,Sapperton Station,Saturday,9:00 to 10:00 PM,62,46,21
2023,Sapperton Station,Sunday/Holiday,1:00 to 2:00 AM,1,1,1
2023,Sapperton Station,Sunday/Holiday,1:00 to 2:00 PM,68,96,13
2023,Sapperton Station,Sunday/Holiday,10:00 to 11:00 AM,45,81,10
2023,Sapperton Station,Sunday/Holiday,10:00 to 11:00 PM,43,31,22
2023,Sapperton Station,Sunday/Holiday,11:00 AM to 12:00 PM,47,82,11
2023,Sapperton Station,Sunday/Holiday,11:00 PM to 12:00 AM,33,27,23
2023,Sapperton Station,Sunday/Holiday,12:00 to 1:00 AM,18,9,0
2023,Sapperton Station,Sunday/Holiday,12:00 to 1:00 PM,55,92,12
2023,Sapperton Station,Sunday/Holiday,2:00 to 3:00 AM,0,0,2
2023,Sapperton Station,Sunday/Holiday,2:00 to 3:00 PM,91,98,14
2023,Sapperton Station,Sunday/Holiday,3:00 to 4:00 AM,0,0,3
2023,Sapperton Station,Sunday/Holiday,3:00 to 4:00 PM,94,115,15
2023,Sapperton Station,Sunday/Holiday,4:00 to 5:00 AM,0,0,4
2023,Sapperton Station,Sunday/Holiday,4:00 to 5:00 PM,85,92,16
2023,Sapperton Station,Sunday/Holiday,5:00 to 6:00 AM,1,2,5
2023,Sapperton Station,Sunday/Holiday,5:00 to 6:00 PM,85,77,17
2023,Sapperton Station,Sunday/Holiday,6:00 to 7:00 AM,9,5,6
2023,Sapperton Station,Sunday/Holiday,6:00 to 7:00 PM,96,62,18
2023,Sapperton Station,Sunday/Holiday,7:00 to 8:00 AM,41,75,7
2023,Sapperton Station,Sunday/Holiday,7:00 to 8:00 PM,68,64,19
2023,Sapperton Station,Sunday/Holiday,8:00 to 9:00 AM,37,47,8
2023,Sapperton Station,Sunday/Holiday,8:00 to 9:00 PM,50,43,20
2023,Sapperton Station,Sunday/Holiday,9:00 to 10:00 AM,40,59,9
2023,Sapperton Station,Sunday/Holiday,9:00 to 10:00 PM,46,33,21
2023,Sapperton Station,Weekday,1:00 to 2:00 AM,12,3,1
2023,Sapperton Station,Weekday,1:00 to 2:00 PM,118,125,13
2023,Sapperton Station,Weekday,10:00 to 11:00 AM,91,110,10
2023,Sapperton Station,Weekday,10:00 to 11:00 PM,62,62,22
2023,Sapperton Station,Weekday,11:00 AM to 12:00 PM,84,115,11
2023,Sapperton Station,Weekday,11:00 PM to 12:00 AM,41,40,23
2023,Sapperton Station,Weekday,12:00 to 1:00 AM,23,12,0
2023,Sapperton Station,Weekday,12:00 to 1:00 PM,93,119,12
2023,Sapperton Station,Weekday,2:00 to 3:00 AM,0,0,2
2023,Sapperton Station,Weekday,2:00 to 3:00 PM,137,204,14
2023,Sapperton Station,Weekday,3:00 to 4:00 AM,0,0,3
2023,Sapperton Station,Weekday,3:00 to 4:00 PM,159,454,15
2023,Sapperton Station,Weekday,4:00 to 5:00 AM,0,0,4
2023,Sapperton Station,Weekday,4:00 to 5:00 PM,174,347,16
2023,Sapperton Station,Weekday,5:00 to 6:00 AM,46,66,5
2023,Sapperton Station,Weekday,5:00 to 6:00 PM,221,255,17
2023,Sapperton Station,Weekday,6:00 to 7:00 AM,436,123,6
2023,Sapperton Station,Weekday,6:00 to 7:00 PM,175,129,18
2023,Sapperton Station,Weekday,7:00 to 8:00 AM,278,256,7
2023,Sapperton Station,Weekday,7:00 to 8:00 PM,100,107,19
2023,Sapperton Station,Weekday,8:00 to 9:00 AM,235,196,8
2023,Sapperton Station,Weekday,8:00 to 9:00 PM,70,59,20
2023,Sapperton Station,Weekday,9:00 to 10:00 AM,125,125,9
2023,Sapperton Station,Weekday,9:00 to 10:00 PM,71,39,21
2023,Sapperton Station,Saturday,1:00 to 2:00 AM,25,4,1
2023,Sapperton Station,Saturday,1:00 to 2:00 PM,86,132,13
2023,Sapperton Station,Saturday,10:00 to 11:00 AM,61,92,10
2023,Sapperton Station,Saturday,10:00 to 11:00 PM,71,44,22
2023,Sapperton Station,Saturday,11:00 AM to 12:00 PM,67,112,11
2023,Sapperton Station,Saturday,11:00 PM to 12:00 AM,56,35,23
2023,Sapperton Station,Saturday,12:00 to 1:00 AM,38,17,0
2023,Sapperton Station,Saturday,12:00 to 1:00 PM,76,124,12
2023,Sapperton Station,Saturday,2:00 to 3:00 AM,0,0,2
2023,Sapperton Station,Saturday,2:00 to 3:00 PM,102,134,14
2023,Sapperton Station,Saturday,3:00 to 4:00 AM,0,0,3
2023,Sapperton Station,Saturday,3:00 to 4:00 PM,109,165,15
2023,Sapperton Station,Saturday,4:00 to 5:00 AM,0,0,4
2023,Sapperton Station,Saturday,4:00 to 5:00 PM,103,128,16
2023,Sapperton Station,Saturday,5:00 to 6:00 AM,0,0,5
2023,Sapperton Station,Saturday,5:00 to 6:00 PM,105,112,17
2023,Sapperton Station,Saturday,6:00 to 7:00 AM,65,34,6
2023,Scott Road Station,Sunday/Holiday,8:00 to 9:00 AM,230,363,8
2023,Scott Road Station,Sunday/Holiday,8:00 to 9:00 PM,470,240,20
2023,Scott Road Station,Sunday/Holiday,9:00 to 10:00 AM,224,380,9
2023,Scott Road Station,Sunday/Holiday,9:00 to 10:00 PM,359,248,21
2023,Scott Road Station,Saturday,9:00 to 10:00 AM,197,462,9
2023,Scott Road Station,Saturday,9:00 to 10:00 PM,526,308,21
2023,Scott Road Station,Sunday/Holiday,7:00 to 8:00 PM,581,261,19
2023,Scott Road Station,Sunday/Holiday,7:00 to 8:00 AM,151,456,7
2023,Scott Road Station,Sunday/Holiday,1:00 to 2:00 AM,16,2,1
2023,Scott Road Station,Sunday/Holiday,6:00 to 7:00 PM,597,295,18
2023,Scott Road Station,Sunday/Holiday,1:00 to 2:00 PM,270,517,13
2023,Scott Road Station,Sunday/Holiday,6:00 to 7:00 AM,18,77,6
2023,Scott Road Station,Sunday/Holiday,5:00 to 6:00 PM,570,327,17
2023,Scott Road Station,Sunday/Holiday,5:00 to 6:00 AM,7,15,5
2023,Scott Road Station,Sunday/Holiday,4:00 to 5:00 PM,526,399,16
2023,Scott Road Station,Sunday/Holiday,10:00 to 11:00 AM,191,425,10
2023,Scott Road Station,Sunday/Holiday,4:00 to 5:00 AM,0,0,4
2023,Scott Road Station,Sunday/Holiday,3:00 to 4:00 PM,410,472,15
2023,Scott Road Station,Sunday/Holiday,10:00 to 11:00 PM,341,184,22
2023,Scott Road Station,Sunday/Holiday,11:00 AM to 12:00 PM,226,435,11
2023,Scott Road Station,Sunday/Holiday,3:00 to 4:00 AM,0,0,3
2023,Scott Road Station,Sunday/Holiday,11:00 PM to 12:00 AM,383,101,23
2023,Scott Road Station,Sunday/Holiday,12:00 to 1:00 AM,290,29,0
2023,Scott Road Station,Sunday/Holiday,2:00 to 3:00 PM,303,524,14
2023,Scott Road Station,Sunday/Holiday,2:00 to 3:00 AM,0,0,2
2023,Scott Road Station,Sunday/Holiday,12:00 to 1:00 PM,243,460,12
2023,Scott Road Station,Weekday,6:00 to 7:00 AM,467,1013,6
2023,Scott Road Station,Weekday,6:00 to 7:00 PM,1052,430,18
2023,Scott Road Station,Weekday,7:00 to 8:00 AM,478,1315,7
2023,Scott Road Station,Weekday,7:00 to 8:00 PM,746,285,19
2023,Scott Road Station,Weekday,8:00 to 9:00 AM,325,1038,8
2023,Scott Road Station,Weekday,8:00 to 9:00 PM,606,221,20
2023,Scott Road Station,Weekday,9:00 to 10:00 AM,221,685,9
2023,Scott Road Station,Weekday,9:00 to 10:00 PM,576,263,21
2023,Scott Road Station,Saturday,1:00 to 2:00 AM,184,15,1
2023,Scott Road Station,Saturday,1:00 to 2:00 PM,320,592,13
2023,Scott Road Station,Saturday,10:00 to 11:00 AM,194,456,10
2023,Scott Road Station,Saturday,10:00 to 11:00 PM,557,269,22
2023,Scott Road Station,Weekday,5:00 to 6:00 PM,1261,601,17
2023,Scott Road Station,Weekday,5:00 to 6:00 AM,228,491,5
2023,Scott Road Station,Weekday,4:00 to 5:00 PM,1134,696,16
2023,Scott Road Station,Weekday,4:00 to 5:00 AM,0,7,4
2023,Scott Road Station,Weekday,3:00 to 4:00 PM,882,653,15
2023,Scott Road Station,Weekday,3:00 to 4:00 AM,0,0,3
2023,Scott Road Station,Weekday,2:00 to 3:00 PM,494,547,14
2023,Scott Road Station,Weekday,2:00 to 3:00 AM,3,1,2
2023,Scott Road Station,Weekday,12:00 to 1:00 PM,388,514,12
2023,Scott Road Station,Weekday,12:00 to 1:00 AM,314,48,0
2023,Scott Road Station,Weekday,11:00 PM to 12:00 AM,425,123,23
2023,Scott Road Station,Weekday,11:00 AM to 12:00 PM,266,510,11
2023,Scott Road Station,Weekday,10:00 to 11:00 PM,459,238,22
2023,Scott Road Station,Weekday,10:00 to 11:00 AM,207,507,10
2023,Scott Road Station,Weekday,1:00 to 2:00 PM,410,534,13
2023,Scott Road Station,Weekday,1:00 to 2:00 AM,134,10,1
2023,Scott Road Station,Saturday,8:00 to 9:00 PM,531,265,20
2023,Scott Road Station,Saturday,8:00 to 9:00 AM,242,500,8
2023,Scott Road Station,Saturday,7:00 to 8:00 PM,623,306,19
2023,Scott Road Station,Saturday,7:00 to 8:00 AM,275,556,7
2023,Scott Road Station,Saturday,6:00 to 7:00 PM,659,421,18
2023,Scott Road Station,Saturday,6:00 to 7:00 AM,132,425,6
2023,Scott Road Station,Saturday,5:00 to 6:00 PM,658,476,17
2023,Scott Road Station,Saturday,5:00 to 6:00 AM,0,21,5
2023,Scott Road Station,Saturday,4:00 to 5:00 PM,615,508,16
2023,Scott Road Station,Saturday,3:00 to 4:00 PM,487,566,15
2023,Scott Road Station,Saturday,2:00 to 3:00 PM,362,610,14
2023,Scott Road Station,Saturday,2:00 to 3:00 AM,0,0,2
2023,Scott Road Station,Saturday,12:00 to 1:00 PM,300,525,12
2023,Scott Road Station,Saturday,12:00 to 1:00 AM,407,55,0
2023,Scott Road Station,Saturday,11:00 PM to 12:00 AM,525,128,23
2023,Scott Road Station,Saturday,11:00 AM to 12:00 PM,234,477,11
2023,Sea Island Station,Weekday,10:00 to 11:00 AM,40,37,10
2023,Sea Island Station,Weekday,10:00 to 11:00 PM,33,42,22
2023,Sea Island Station,Weekday,11:00 AM to 12:00 PM,41,36,11
2023,Sea Island Station,Weekday,11:00 PM to 12:00 AM,27,21,23
2023,Sea Island Station,Weekday,12:00 to 1:00 AM,19,7,0
2023,Sea Island Station,Weekday,12:00 to 1:00 PM,50,36,12
2023,Sea Island Station,Weekday,2:00 to 3:00 AM,0,0,2
2023,Sea Island Station,Weekday,2:00 to 3:00 PM,101,84,14
2023,Sea Island Station,Weekday,3:00 to 4:00 AM,0,0,3
2023,Sea Island Station,Weekday,3:00 to 4:00 PM,85,101,15
2023,Sea Island Station,Weekday,4:00 to 5:00 AM,0,1,4
2023,Sea Island Station,Weekday,4:00 to 5:00 PM,57,94,16
2023,Sea Island Station,Weekday,1:00 to 2:00 AM,4,1,1
2023,Sea Island Station,Weekday,1:00 to 2:00 PM,82,45,13
2023,Sea Island Station,Saturday,10:00 to 11:00 PM,34,22,22
2023,Sea Island Station,Saturday,10:00 to 11:00 AM,29,30,10
2023,Sea Island Station,Saturday,1:00 to 2:00 PM,47,33,13
2023,Sea Island Station,Saturday,1:00 to 2:00 AM,2,1,1
2023,Sea Island Station,Weekday,9:00 to 10:00 PM,35,24,21
2023,Sea Island Station,Weekday,9:00 to 10:00 AM,38,41,9
2023,Sea Island Station,Weekday,8:00 to 9:00 PM,26,20,20
2023,Sea Island Station,Weekday,8:00 to 9:00 AM,95,33,8
2023,Sea Island Station,Weekday,7:00 to 8:00 PM,23,40,19
2023,Sea Island Station,Weekday,7:00 to 8:00 AM,84,48,7
2023,Sea Island Station,Weekday,6:00 to 7:00 PM,28,52,18
2023,Sea Island Station,Weekday,6:00 to 7:00 AM,94,68,6
2023,Sea Island Station,Weekday,5:00 to 6:00 PM,54,84,17
2023,Sea Island Station,Weekday,5:00 to 6:00 AM,36,61,5
2023,Sea Island Station,Sunday/Holiday,9:00 to 10:00 PM,30,19,21
2023,Sea Island Station,Sunday/Holiday,9:00 to 10:00 AM,18,16,9
2023,Sea Island Station,Sunday/Holiday,8:00 to 9:00 PM,25,15,20
2023,Sea Island Station,Sunday/Holiday,8:00 to 9:00 AM,19,16,8
2023,Sea Island Station,Sunday/Holiday,7:00 to 8:00 PM,21,19,19
2023,Sea Island Station,Sunday/Holiday,7:00 to 8:00 AM,28,30,7
2023,Sea Island Station,Sunday/Holiday,6:00 to 7:00 PM,24,26,18
2023,Sea Island Station,Sunday/Holiday,6:00 to 7:00 AM,29,57,6
2023,Sea Island Station,Sunday/Holiday,5:00 to 6:00 PM,44,25,17
2023,Sea Island Station,Sunday/Holiday,5:00 to 6:00 AM,17,57,5
2023,Sea Island Station,Sunday/Holiday,4:00 to 5:00 PM,40,34,16
2023,Sea Island Station,Sunday/Holiday,4:00 to 5:00 AM,0,2,4
2023,Sea Island Station,Sunday/Holiday,3:00 to 4:00 PM,49,59,15
2023,Sea Island Station,Sunday/Holiday,3:00 to 4:00 AM,0,0,3
2023,Sea Island Station,Sunday/Holiday,2:00 to 3:00 PM,65,54,14
2023,Sea Island Station,Sunday/Holiday,2:00 to 3:00 AM,0,0,2
2023,Sea Island Station,Sunday/Holiday,12:00 to 1:00 PM,33,26,12
2023,Sea Island Station,Sunday/Holiday,12:00 to 1:00 AM,18,7,0
2023,Sea Island Station,Sunday/Holiday,11:00 PM to 12:00 AM,26,15,23
2023,Sea Island Station,Sunday/Holiday,11:00 AM to 12:00 PM,31,26,11
2023,Sea Island Station,Sunday/Holiday,10:00 to 11:00 PM,31,23,22
2023,Sea Island Station,Sunday/Holiday,10:00 to 11:00 AM,32,23,10
2023,Sea Island Station,Sunday/Holiday,1:00 to 2:00 PM,48,28,13
2023,Sea Island Station,Sunday/Holiday,1:00 to 2:00 AM,3,1,1
2023,Sea Island Station,Saturday,9:00 to 10:00 PM,28,18,21
2023,Sea Island Station,Saturday,9:00 to 10:00 AM,20,17,9
2023,Sea Island Station,Saturday,8:00 to 9:00 PM,27,18,20
2023,Sea Island Station,Saturday,8:00 to 9:00 AM,23,19,8
2023,Sea Island Station,Saturday,7:00 to 8:00 PM,20,18,19
2023,Sea Island Station,Saturday,7:00 to 8:00 AM,47,30,7
2023,Sea Island Station,Saturday,6:00 to 7:00 PM,24,26,18
2023,Sea Island Station,Saturday,6:00 to 7:00 AM,41,61,6
2023,Sea Island Station,Saturday,5:00 to 6:00 PM,38,23,17
2023,Sea Island Station,Saturday,5:00 to 6:00 AM,16,54,5
2023,Sea Island Station,Saturday,4:00 to 5:00 PM,40,36,16
2023,Sea Island Station,Saturday,4:00 to 5:00 AM,0,1,4
2023,Sea Island Station,Saturday,3:00 to 4:00 PM,50,62,15
2023,Sea Island Station,Saturday,3:00 to 4:00 AM,0,0,3
2023,Sea Island Station,Saturday,2:00 to 3:00 PM,73,56,14
2023,Sea Island Station,Saturday,2:00 to 3:00 AM,0,0,2
2023,Sea Island Station,Saturday,12:00 to 1:00 PM,35,31,12
2023,Sea Island Station,Saturday,12:00 to 1:00 AM,20,7,0
2023,Sea Island Station,Saturday,11:00 PM to 12:00 AM,26,18,23
2023,Sea Island Station,Saturday,11:00 AM to 12:00 PM,28,43,11
2023,Sperling-Burnaby Lake Station,Sunday/Holiday,9:00 to 10:00 PM,51,28,21
2023,Sperling-Burnaby Lake Station,Sunday/Holiday,9:00 to 10:00 AM,27,72,9
2023,Sperling-Burnaby Lake Station,Sunday/Holiday,8:00 to 9:00 PM,60,30,20
2023,Sperling-Burnaby Lake Station,Sunday/Holiday,8:00 to 9:00 AM,24,49,8
2023,Sperling-Burnaby Lake Station,Sunday/Holiday,7:00 to 8:00 PM,67,38,19
2023,Sperling-Burnaby Lake Station,Sunday/Holiday,7:00 to 8:00 AM,12,36,7
2023,Sperling-Burnaby Lake Station,Sunday/Holiday,6:00 to 7:00 PM,83,54,18
2023,Sperling-Burnaby Lake Station,Sunday/Holiday,6:00 to 7:00 AM,2,3,6
2023,Sperling-Burnaby Lake Station,Sunday/Holiday,5:00 to 6:00 PM,84,65,17
2023,Sperling-Burnaby Lake Station,Sunday/Holiday,5:00 to 6:00 AM,0,1,5
2023,Sperling-Burnaby Lake Station,Sunday/Holiday,4:00 to 5:00 PM,78,78,16
2023,Sperling-Burnaby Lake Station,Sunday/Holiday,4:00 to 5:00 AM,0,0,4
2023,Sperling-Burnaby Lake Station,Sunday/Holiday,3:00 to 4:00 PM,78,79,15
2023,Sperling-Burnaby Lake Station,Sunday/Holiday,3:00 to 4:00 AM,0,0,3
2023,Sperling-Burnaby Lake Station,Sunday/Holiday,2:00 to 3:00 PM,63,84,14
2023,Sperling-Burnaby Lake Station,Sunday/Holiday,2:00 to 3:00 AM,0,0,2
2023,Sperling-Burnaby Lake Station,Sunday/Holiday,12:00 to 1:00 PM,45,85,12
2023,Sperling-Burnaby Lake Station,Sunday/Holiday,12:00 to 1:00 AM,13,4,0
2023,Sperling-Burnaby Lake Station,Sunday/Holiday,11:00 PM to 12:00 AM,31,12,23
2023,Sperling-Burnaby Lake Station,Sunday/Holiday,11:00 AM to 12:00 PM,39,85,11
2023,Sperling-Burnaby Lake Station,Sunday/Holiday,10:00 to 11:00 PM,43,22,22
2023,Sperling-Burnaby Lake Station,Sunday/Holiday,10:00 to 11:00 AM,36,82,10
2023,Sperling-Burnaby Lake Station,Sunday/Holiday,1:00 to 2:00 PM,58,85,13
2023,Sperling-Burnaby Lake Station,Sunday/Holiday,1:00 to 2:00 AM,1,0,1
2023,Sperling-Burnaby Lake Station,Saturday,9:00 to 10:00 PM,60,39,21
2023,Sperling-Burnaby Lake Station,Saturday,9:00 to 10:00 AM,38,84,9
2023,Sperling-Burnaby Lake Station,Saturday,8:00 to 9:00 PM,66,40,20
2023,Sperling-Burnaby Lake Station,Saturday,8:00 to 9:00 AM,25,75,8
2023,Sperling-Burnaby Lake Station,Saturday,7:00 to 8:00 PM,77,62,19
2023,Sperling-Burnaby Lake Station,Saturday,7:00 to 8:00 AM,24,51,7
2023,Sperling-Burnaby Lake Station,Saturday,6:00 to 7:00 PM,98,76,18
2023,Sperling-Burnaby Lake Station,Saturday,6:00 to 7:00 AM,11,29,6
2023,Sperling-Burnaby Lake Station,Saturday,5:00 to 6:00 PM,108,89,17
2023,Sperling-Burnaby Lake Station,Saturday,5:00 to 6:00 AM,0,0,5
2023,Sperling-Burnaby Lake Station,Saturday,4:00 to 5:00 PM,102,99,16
2023,Sperling-Burnaby Lake Station,Saturday,4:00 to 5:00 AM,0,0,4
2023,Sperling-Burnaby Lake Station,Saturday,3:00 to 4:00 PM,91,107,15
2023,Sperling-Burnaby Lake Station,Saturday,2:00 to 3:00 PM,78,97,14
2023,Sperling-Burnaby Lake Station,Weekday,1:00 to 2:00 AM,6,2,1
2023,Sperling-Burnaby Lake Station,Weekday,1:00 to 2:00 PM,73,89,13
2023,Sperling-Burnaby Lake Station,Weekday,10:00 to 11:00 AM,47,93,10
2023,Sperling-Burnaby Lake Station,Weekday,10:00 to 11:00 PM,59,24,22
2023,Sperling-Burnaby Lake Station,Weekday,11:00 AM to 12:00 PM,48,94,11
2023,Sperling-Burnaby Lake Station,Weekday,11:00 PM to 12:00 AM,38,18,23
2023,Sperling-Burnaby Lake Station,Weekday,12:00 to 1:00 AM,18,6,0
2023,Sperling-Burnaby Lake Station,Weekday,12:00 to 1:00 PM,63,91,12
2023,Sperling-Burnaby Lake Station,Weekday,2:00 to 3:00 AM,0,0,2
2023,Sperling-Burnaby Lake Station,Weekday,2:00 to 3:00 PM,86,104,14
2023,Sperling-Burnaby Lake Station,Weekday,3:00 to 4:00 PM,141,142,15
2023,Sperling-Burnaby Lake Station,Weekday,4:00 to 5:00 AM,0,0,4
2023,Sperling-Burnaby Lake Station,Weekday,4:00 to 5:00 PM,174,155,16
2023,Sperling-Burnaby Lake Station,Weekday,5:00 to 6:00 AM,11,46,5
2023,Sperling-Burnaby Lake Station,Weekday,5:00 to 6:00 PM,199,153,17
2023,Sperling-Burnaby Lake Station,Weekday,6:00 to 7:00 AM,53,123,6
2023,Sperling-Burnaby Lake Station,Weekday,6:00 to 7:00 PM,160,92,18
2023,Sperling-Burnaby Lake Station,Weekday,7:00 to 8:00 AM,95,177,7
2023,Sperling-Burnaby Lake Station,Weekday,7:00 to 8:00 PM,101,53,19
2023,Sperling-Burnaby Lake Station,Weekday,8:00 to 9:00 AM,89,197,8
2023,Sperling-Burnaby Lake Station,Weekday,8:00 to 9:00 PM,82,41,20
2023,Sperling-Burnaby Lake Station,Weekday,9:00 to 10:00 AM,60,126,9
2023,Sperling-Burnaby Lake Station,Weekday,9:00 to 10:00 PM,67,33,21
2023,Sperling-Burnaby Lake Station,Saturday,1:00 to 2:00 AM,13,3,1
2023,Sperling-Burnaby Lake Station,Saturday,1:00 to 2:00 PM,72,108,13
2023,Sperling-Burnaby Lake Station,Saturday,10:00 to 11:00 AM,41,94,10
2023,Sperling-Burnaby Lake Station,Saturday,10:00 to 11:00 PM,64,31,22
2023,Sperling-Burnaby Lake Station,Saturday,11:00 AM to 12:00 PM,48,98,11
2023,Sperling-Burnaby Lake Station,Saturday,11:00 PM to 12:00 AM,45,16,23
2023,Sperling-Burnaby Lake Station,Saturday,12:00 to 1:00 AM,35,9,0
2023,Sperling-Burnaby Lake Station,Saturday,12:00 to 1:00 PM,60,103,12
2023,Sperling-Burnaby Lake Station,Saturday,2:00 to 3:00 AM,0,0,2
2023,Stadium-Chinatown Station,Saturday,5:00 to 6:00 PM,1426,1038,17
2023,Stadium-Chinatown Station,Saturday,6:00 to 7:00 AM,120,56,6
2023,Stadium-Chinatown Station,Saturday,6:00 to 7:00 PM,1549,1083,18
2023,Stadium-Chinatown Station,Saturday,7:00 to 8:00 AM,286,165,7
2023,Stadium-Chinatown Station,Saturday,7:00 to 8:00 PM,911,830,19
2023,Stadium-Chinatown Station,Saturday,8:00 to 9:00 AM,535,175,8
2023,Stadium-Chinatown Station,Saturday,8:00 to 9:00 PM,424,610,20
2023,Stadium-Chinatown Station,Saturday,9:00 to 10:00 AM,633,233,9
2023,Stadium-Chinatown Station,Saturday,9:00 to 10:00 PM,360,1465,21
2023,Stadium-Chinatown Station,Sunday/Holiday,1:00 to 2:00 AM,1,3,1
2023,Stadium-Chinatown Station,Sunday/Holiday,1:00 to 2:00 PM,781,600,13
2023,Stadium-Chinatown Station,Sunday/Holiday,10:00 to 11:00 AM,597,319,10
2023,Stadium-Chinatown Station,Sunday/Holiday,10:00 to 11:00 PM,172,360,22
2023,Stadium-Chinatown Station,Sunday/Holiday,11:00 AM to 12:00 PM,717,444,11
2023,Stadium-Chinatown Station,Sunday/Holiday,11:00 PM to 12:00 AM,98,498,23
2023,Stadium-Chinatown Station,Sunday/Holiday,12:00 to 1:00 AM,23,89,0
2023,Stadium-Chinatown Station,Sunday/Holiday,12:00 to 1:00 PM,780,526,12
2023,Stadium-Chinatown Station,Sunday/Holiday,2:00 to 3:00 AM,0,0,2
2023,Stadium-Chinatown Station,Sunday/Holiday,2:00 to 3:00 PM,825,700,14
2023,Stadium-Chinatown Station,Sunday/Holiday,3:00 to 4:00 AM,0,0,3
2023,Stadium-Chinatown Station,Sunday/Holiday,3:00 to 4:00 PM,884,824,15
2023,Stadium-Chinatown Station,Sunday/Holiday,4:00 to 5:00 AM,0,0,4
2023,Stadium-Chinatown Station,Sunday/Holiday,4:00 to 5:00 PM,837,884,16
2023,Stadium-Chinatown Station,Sunday/Holiday,5:00 to 6:00 AM,3,2,5
2023,Stadium-Chinatown Station,Sunday/Holiday,5:00 to 6:00 PM,678,835,17
2023,Stadium-Chinatown Station,Sunday/Holiday,6:00 to 7:00 AM,14,8,6
2023,Stadium-Chinatown Station,Sunday/Holiday,6:00 to 7:00 PM,578,666,18
2023,Stadium-Chinatown Station,Sunday/Holiday,7:00 to 8:00 AM,228,93,7
2023,Stadium-Chinatown Station,Sunday/Holiday,7:00 to 8:00 PM,455,636,19
2023,Stadium-Chinatown Station,Sunday/Holiday,8:00 to 9:00 AM,304,148,8
2023,Stadium-Chinatown Station,Sunday/Holiday,8:00 to 9:00 PM,257,444,20
2023,Stadium-Chinatown Station,Sunday/Holiday,9:00 to 10:00 AM,453,197,9
2023,Stadium-Chinatown Station,Sunday/Holiday,9:00 to 10:00 PM,190,458,21
2023,Stadium-Chinatown Station,Saturday,5:00 to 6:00 AM,0,0,5
2023,Stadium-Chinatown Station,Saturday,4:00 to 5:00 PM,1253,1058,16
2023,Stadium-Chinatown Station,Saturday,4:00 to 5:00 AM,0,0,4
2023,Stadium-Chinatown Station,Saturday,3:00 to 4:00 PM,1367,923,15
2023,Stadium-Chinatown Station,Saturday,3:00 to 4:00 AM,0,0,3
2023,Stadium-Chinatown Station,Saturday,2:00 to 3:00 PM,1195,772,14
2023,Stadium-Chinatown Station,Saturday,2:00 to 3:00 AM,0,0,2
2023,Stadium-Chinatown Station,Saturday,12:00 to 1:00 PM,927,574,12
2023,Stadium-Chinatown Station,Saturday,12:00 to 1:00 AM,85,361,0
2023,Stadium-Chinatown Station,Saturday,11:00 PM to 12:00 AM,164,875,23
2023,Stadium-Chinatown Station,Saturday,11:00 AM to 12:00 PM,799,446,11
2023,Stadium-Chinatown Station,Saturday,10:00 to 11:00 PM,306,1172,22
2023,Stadium-Chinatown Station,Saturday,10:00 to 11:00 AM,669,320,10
2023,Stadium-Chinatown Station,Saturday,1:00 to 2:00 PM,1040,646,13
2023,Stadium-Chinatown Station,Saturday,1:00 to 2:00 AM,19,93,1
2023,Stadium-Chinatown Station,Weekday,9:00 to 10:00 PM,245,941,21
2023,Stadium-Chinatown Station,Weekday,9:00 to 10:00 AM,981,279,9
2023,Stadium-Chinatown Station,Weekday,8:00 to 9:00 PM,334,675,20
2023,Stadium-Chinatown Station,Weekday,8:00 to 9:00 AM,1477,350,8
2023,Stadium-Chinatown Station,Weekday,7:00 to 8:00 PM,690,812,19
2023,Stadium-Chinatown Station,Weekday,7:00 to 8:00 AM,809,341,7
2023,Stadium-Chinatown Station,Weekday,6:00 to 7:00 PM,1244,1084,18
2023,Stadium-Chinatown Station,Weekday,6:00 to 7:00 AM,497,265,6
2023,Stadium-Chinatown Station,Weekday,5:00 to 6:00 PM,1216,1461,17
2023,Stadium-Chinatown Station,Weekday,5:00 to 6:00 AM,81,87,5
2023,Stadium-Chinatown Station,Weekday,4:00 to 5:00 PM,1099,1420,16
2023,Stadium-Chinatown Station,Weekday,4:00 to 5:00 AM,0,0,4
2023,Stadium-Chinatown Station,Weekday,12:00 to 1:00 AM,41,191,0
2023,Stadium-Chinatown Station,Weekday,12:00 to 1:00 PM,805,550,12
2023,Stadium-Chinatown Station,Weekday,2:00 to 3:00 AM,0,0,2
2023,Stadium-Chinatown Station,Weekday,2:00 to 3:00 PM,736,798,14
2023,Stadium-Chinatown Station,Weekday,3:00 to 4:00 AM,0,0,3
2023,Stadium-Chinatown Station,Weekday,3:00 to 4:00 PM,856,1073,15
2023,Stadium-Chinatown Station,Weekday,11:00 PM to 12:00 AM,109,568,23
2023,Stadium-Chinatown Station,Weekday,11:00 AM to 12:00 PM,678,391,11
2023,Stadium-Chinatown Station,Weekday,10:00 to 11:00 PM,200,739,22
2023,Stadium-Chinatown Station,Weekday,10:00 to 11:00 AM,637,289,10
2023,Stadium-Chinatown Station,Weekday,1:00 to 2:00 PM,691,646,13
2023,Stadium-Chinatown Station,Weekday,1:00 to 2:00 AM,10,43,1
2023,Surrey Central Station,Weekday,1:00 to 2:00 AM,197,14,1
2023,Surrey Central Station,Weekday,1:00 to 2:00 PM,888,849,13
2023,Surrey Central Station,Weekday,10:00 to 11:00 AM,556,705,10
2023,Surrey Central Station,Weekday,10:00 to 11:00 PM,831,223,22
2023,Surrey Central Station,Weekday,11:00 AM to 12:00 PM,579,795,11
2023,Surrey Central Station,Weekday,11:00 PM to 12:00 AM,727,100,23
2023,Surrey Central Station,Weekday,12:00 to 1:00 AM,512,49,0
2023,Surrey Central Station,Weekday,12:00 to 1:00 PM,781,863,12
2023,Surrey Central Station,Weekday,2:00 to 3:00 AM,6,1,2
2023,Surrey Central Station,Weekday,2:00 to 3:00 PM,1078,852,14
2023,Surrey Central Station,Weekday,3:00 to 4:00 AM,0,0,3
2023,Surrey Central Station,Weekday,3:00 to 4:00 PM,1751,967,15
2023,Surrey Central Station,Weekday,4:00 to 5:00 AM,0,73,4
2023,Surrey Central Station,Weekday,4:00 to 5:00 PM,2327,1037,16
2023,Surrey Central Station,Weekday,5:00 to 6:00 AM,118,693,5
2023,Surrey Central Station,Weekday,5:00 to 6:00 PM,2482,886,17
2023,Surrey Central Station,Weekday,6:00 to 7:00 AM,672,1303,6
2023,Surrey Central Station,Weekday,6:00 to 7:00 PM,2154,651,18
2023,Surrey Central Station,Weekday,7:00 to 8:00 AM,788,1622,7
2023,Surrey Central Station,Weekday,7:00 to 8:00 PM,1511,477,19
2023,Surrey Central Station,Weekday,8:00 to 9:00 AM,797,1271,8
2023,Surrey Central Station,Weekday,8:00 to 9:00 PM,1144,388,20
2023,Surrey Central Station,Weekday,9:00 to 10:00 AM,546,892,9
2023,Surrey Central Station,Weekday,9:00 to 10:00 PM,1107,379,21
2023,Surrey Central Station,Saturday,1:00 to 2:00 AM,283,15,1
2023,Surrey Central Station,Saturday,1:00 to 2:00 PM,761,903,13
2023,Surrey Central Station,Saturday,10:00 to 11:00 AM,456,655,10
2023,Surrey Central Station,Saturday,10:00 to 11:00 PM,847,269,22
2023,Surrey Central Station,Saturday,11:00 AM to 12:00 PM,542,741,11
2023,Surrey Central Station,Saturday,11:00 PM to 12:00 AM,845,132,23
2023,Surrey Central Station,Saturday,12:00 to 1:00 AM,603,67,0
2023,Surrey Central Station,Saturday,12:00 to 1:00 PM,692,841,12
2023,Surrey Central Station,Saturday,2:00 to 3:00 AM,3,1,2
2023,Surrey Central Station,Saturday,2:00 to 3:00 PM,867,898,14
2023,Surrey Central Station,Saturday,3:00 to 4:00 AM,0,0,3
2023,Surrey Central Station,Saturday,3:00 to 4:00 PM,1131,820,15
2023,Surrey Central Station,Saturday,4:00 to 5:00 AM,0,0,4
2023,Surrey Central Station,Saturday,4:00 to 5:00 PM,1352,775,16
2023,Surrey Central Station,Saturday,5:00 to 6:00 AM,0,43,5
2023,Surrey Central Station,Saturday,5:00 to 6:00 PM,1458,684,17
2023,Surrey Central Station,Saturday,6:00 to 7:00 AM,165,706,6
2023,Surrey Central Station,Saturday,6:00 to 7:00 PM,1368,606,18
2023,Surrey Central Station,Saturday,7:00 to 8:00 AM,507,751,7
2023,Surrey Central Station,Saturday,7:00 to 8:00 PM,1165,501,19
2023,Surrey Central Station,Saturday,8:00 to 9:00 AM,560,696,8
2023,Surrey Central Station,Saturday,8:00 to 9:00 PM,1031,414,20
2023,Surrey Central Station,Saturday,9:00 to 10:00 AM,438,621,9
2023,Surrey Central Station,Saturday,9:00 to 10:00 PM,935,434,21
2023,Surrey Central Station,Sunday/Holiday,1:00 to 2:00 AM,26,3,1
2023,Surrey Central Station,Sunday/Holiday,1:00 to 2:00 PM,632,801,13
2023,Surrey Central Station,Sunday/Holiday,10:00 to 11:00 AM,412,595,10
2023,Surrey Central Station,Sunday/Holiday,10:00 to 11:00 PM,596,202,22
2023,Surrey Central Station,Sunday/Holiday,11:00 AM to 12:00 PM,435,617,11
2023,Surrey Central Station,Sunday/Holiday,11:00 PM to 12:00 AM,613,102,23
2023,Surrey Central Station,Sunday/Holiday,12:00 to 1:00 AM,441,31,0
2023,Surrey Central Station,Sunday/Holiday,12:00 to 1:00 PM,543,703,12
2023,Surrey Central Station,Sunday/Holiday,2:00 to 3:00 AM,0,0,2
2023,Surrey Central Station,Sunday/Holiday,2:00 to 3:00 PM,699,785,14
2023,Surrey Central Station,Sunday/Holiday,3:00 to 4:00 AM,0,0,3
2023,Surrey Central Station,Sunday/Holiday,3:00 to 4:00 PM,920,702,15
2023,Surrey Central Station,Sunday/Holiday,6:00 to 7:00 AM,22,180,6
2023,Surrey Central Station,Sunday/Holiday,6:00 to 7:00 PM,1209,496,18
2023,Surrey Central Station,Sunday/Holiday,7:00 to 8:00 AM,224,656,7
2023,Surrey Central Station,Sunday/Holiday,7:00 to 8:00 PM,1116,382,19
2023,Surrey Central Station,Sunday/Holiday,8:00 to 9:00 AM,474,514,8
2023,Surrey Central Station,Sunday/Holiday,8:00 to 9:00 PM,908,334,20
2023,Surrey Central Station,Sunday/Holiday,9:00 to 10:00 AM,403,533,9
2023,Surrey Central Station,Sunday/Holiday,9:00 to 10:00 PM,680,324,21
2023,Surrey Central Station,Sunday/Holiday,5:00 to 6:00 PM,1178,529,17
2023,Surrey Central Station,Sunday/Holiday,5:00 to 6:00 AM,4,23,5
2023,Surrey Central Station,Sunday/Holiday,4:00 to 5:00 PM,1084,611,16
2023,Surrey Central Station,Sunday/Holiday,4:00 to 5:00 AM,0,2,4
2023,Templeton Station,Sunday/Holiday,5:00 to 6:00 PM,259,367,17
2023,Templeton Station,Sunday/Holiday,5:00 to 6:00 AM,10,88,5
2023,Templeton Station,Sunday/Holiday,4:00 to 5:00 PM,335,390,16
2023,Templeton Station,Weekday,12:00 to 1:00 AM,69,34,0
2023,Templeton Station,Weekday,11:00 PM to 12:00 AM,115,13,23
2023,Templeton Station,Weekday,11:00 AM to 12:00 PM,218,148,11
2023,Templeton Station,Weekday,10:00 to 11:00 PM,100,46,22
2023,Templeton Station,Weekday,10:00 to 11:00 AM,182,137,10
2023,Templeton Station,Weekday,1:00 to 2:00 PM,285,194,13
2023,Templeton Station,Weekday,1:00 to 2:00 AM,11,1,1
2023,Templeton Station,Sunday/Holiday,4:00 to 5:00 AM,0,2,4
2023,Templeton Station,Sunday/Holiday,3:00 to 4:00 PM,454,355,15
2023,Templeton Station,Sunday/Holiday,3:00 to 4:00 AM,0,0,3
2023,Templeton Station,Sunday/Holiday,2:00 to 3:00 PM,479,306,14
2023,Templeton Station,Sunday/Holiday,2:00 to 3:00 AM,0,0,2
2023,Templeton Station,Sunday/Holiday,12:00 to 1:00 PM,402,178,12
2023,Templeton Station,Sunday/Holiday,12:00 to 1:00 AM,75,16,0
2023,Templeton Station,Sunday/Holiday,11:00 PM to 12:00 AM,114,11,23
2023,Templeton Station,Sunday/Holiday,11:00 AM to 12:00 PM,326,146,11
2023,Templeton Station,Sunday/Holiday,10:00 to 11:00 PM,85,60,22
2023,Templeton Station,Sunday/Holiday,10:00 to 11:00 AM,239,115,10
2023,Templeton Station,Sunday/Holiday,1:00 to 2:00 PM,457,242,13
2023,Templeton Station,Sunday/Holiday,1:00 to 2:00 AM,15,0,1
2023,Templeton Station,Saturday,9:00 to 10:00 PM,80,172,21
2023,Templeton Station,Saturday,9:00 to 10:00 AM,139,89,9
2023,Templeton Station,Saturday,8:00 to 9:00 PM,89,297,20
2023,Templeton Station,Saturday,8:00 to 9:00 AM,77,92,8
2023,Templeton Station,Saturday,7:00 to 8:00 PM,107,283,19
2023,Templeton Station,Saturday,7:00 to 8:00 AM,46,108,7
2023,Templeton Station,Saturday,6:00 to 7:00 PM,172,327,18
2023,Templeton Station,Saturday,6:00 to 7:00 AM,28,168,6
2023,Templeton Station,Saturday,5:00 to 6:00 PM,251,369,17
2023,Templeton Station,Saturday,5:00 to 6:00 AM,9,98,5
2023,Templeton Station,Saturday,4:00 to 5:00 PM,334,354,16
2023,Templeton Station,Saturday,4:00 to 5:00 AM,0,3,4
2023,Templeton Station,Saturday,3:00 to 4:00 PM,428,327,15
2023,Templeton Station,Saturday,3:00 to 4:00 AM,0,0,3
2023,Templeton Station,Saturday,2:00 to 3:00 PM,435,289,14
2023,Templeton Station,Saturday,2:00 to 3:00 AM,0,0,2
2023,Templeton Station,Weekday,12:00 to 1:00 PM,264,155,12
2023,Templeton Station,Weekday,2:00 to 3:00 AM,0,0,2
2023,Templeton Station,Weekday,2:00 to 3:00 PM,341,224,14
2023,Templeton Station,Weekday,3:00 to 4:00 AM,0,0,3
2023,Templeton Station,Weekday,3:00 to 4:00 PM,385,254,15
2023,Templeton Station,Weekday,4:00 to 5:00 AM,0,3,4
2023,Templeton Station,Weekday,4:00 to 5:00 PM,333,288,16
2023,Templeton Station,Sunday/Holiday,9:00 to 10:00 PM,87,163,21
2023,Templeton Station,Sunday/Holiday,9:00 to 10:00 AM,143,108,9
2023,Templeton Station,Sunday/Holiday,8:00 to 9:00 PM,91,271,20
2023,Templeton Station,Sunday/Holiday,8:00 to 9:00 AM,76,77,8
2023,Templeton Station,Sunday/Holiday,7:00 to 8:00 PM,107,276,19
2023,Templeton Station,Sunday/Holiday,7:00 to 8:00 AM,61,109,7
2023,Templeton Station,Sunday/Holiday,6:00 to 7:00 PM,176,321,18
2023,Templeton Station,Sunday/Holiday,6:00 to 7:00 AM,31,167,6
2023,Templeton Station,Weekday,5:00 to 6:00 AM,16,111,5
2023,Templeton Station,Weekday,5:00 to 6:00 PM,276,257,17
2023,Templeton Station,Weekday,6:00 to 7:00 AM,56,214,6
2023,Templeton Station,Weekday,6:00 to 7:00 PM,203,220,18
2023,Templeton Station,Weekday,7:00 to 8:00 AM,92,183,7
2023,Templeton Station,Weekday,7:00 to 8:00 PM,117,193,19
2023,Templeton Station,Weekday,8:00 to 9:00 AM,85,168,8
2023,Templeton Station,Weekday,8:00 to 9:00 PM,104,217,20
2023,Templeton Station,Weekday,9:00 to 10:00 AM,135,146,9
2023,Templeton Station,Weekday,9:00 to 10:00 PM,95,147,21
2023,Templeton Station,Saturday,1:00 to 2:00 AM,13,1,1
2023,Templeton Station,Saturday,1:00 to 2:00 PM,423,224,13
2023,Templeton Station,Saturday,10:00 to 11:00 AM,223,107,10
2023,Templeton Station,Saturday,10:00 to 11:00 PM,82,57,22
2023,Templeton Station,Saturday,11:00 AM to 12:00 PM,314,145,11
2023,Templeton Station,Saturday,11:00 PM to 12:00 AM,113,11,23
2023,Templeton Station,Saturday,12:00 to 1:00 AM,72,8,0
2023,Templeton Station,Saturday,12:00 to 1:00 PM,391,167,12
2023,VCC-Clark Station,Saturday,5:00 to 6:00 AM,0,0,5
2023,VCC-Clark Station,Saturday,4:00 to 5:00 PM,92,138,16
2023,VCC-Clark Station,Saturday,4:00 to 5:00 AM,0,0,4
2023,VCC-Clark Station,Saturday,3:00 to 4:00 PM,95,118,15
2023,VCC-Clark Station,Saturday,3:00 to 4:00 AM,0,0,3
2023,VCC-Clark Station,Saturday,2:00 to 3:00 PM,95,108,14
2023,VCC-Clark Station,Saturday,2:00 to 3:00 AM,0,0,2
2023,VCC-Clark Station,Saturday,12:00 to 1:00 PM,93,82,12
2023,VCC-Clark Station,Saturday,12:00 to 1:00 AM,13,13,0
2023,VCC-Clark Station,Saturday,11:00 PM to 12:00 AM,20,25,23
2023,VCC-Clark Station,Saturday,11:00 AM to 12:00 PM,81,69,11
2023,VCC-Clark Station,Saturday,10:00 to 11:00 PM,27,26,22
2023,VCC-Clark Station,Saturday,10:00 to 11:00 AM,70,56,10
2023,VCC-Clark Station,Saturday,1:00 to 2:00 PM,96,92,13
2023,VCC-Clark Station,Saturday,1:00 to 2:00 AM,6,4,1
2023,VCC-Clark Station,Weekday,9:00 to 10:00 PM,31,76,21
2023,VCC-Clark Station,Weekday,9:00 to 10:00 AM,215,78,9
2023,VCC-Clark Station,Weekday,8:00 to 9:00 PM,37,91,20
2023,VCC-Clark Station,Weekday,8:00 to 9:00 AM,480,132,8
2023,VCC-Clark Station,Weekday,7:00 to 8:00 PM,50,130,19
2023,VCC-Clark Station,Weekday,7:00 to 8:00 AM,368,125,7
2023,VCC-Clark Station,Weekday,6:00 to 7:00 PM,88,249,18
2023,VCC-Clark Station,Weekday,6:00 to 7:00 AM,144,91,6
2023,VCC-Clark Station,Weekday,5:00 to 6:00 PM,152,397,17
2023,VCC-Clark Station,Weekday,5:00 to 6:00 AM,18,24,5
2023,VCC-Clark Station,Weekday,4:00 to 5:00 PM,138,378,16
2023,VCC-Clark Station,Weekday,4:00 to 5:00 AM,0,0,4
2023,VCC-Clark Station,Weekday,3:00 to 4:00 PM,126,344,15
2023,VCC-Clark Station,Weekday,3:00 to 4:00 AM,0,0,3
2023,VCC-Clark Station,Weekday,2:00 to 3:00 PM,111,183,14
2023,VCC-Clark Station,Weekday,2:00 to 3:00 AM,0,0,2
2023,VCC-Clark Station,Weekday,12:00 to 1:00 PM,143,118,12
2023,VCC-Clark Station,Weekday,12:00 to 1:00 AM,8,11,0
2023,VCC-Clark Station,Weekday,11:00 PM to 12:00 AM,18,33,23
2023,VCC-Clark Station,Weekday,11:00 AM to 12:00 PM,124,101,11
2023,VCC-Clark Station,Weekday,10:00 to 11:00 PM,25,44,22
2023,VCC-Clark Station,Weekday,10:00 to 11:00 AM,125,61,10
2023,VCC-Clark Station,Weekday,1:00 to 2:00 PM,97,120,13
2023,VCC-Clark Station,Weekday,1:00 to 2:00 AM,3,4,1
2023,VCC-Clark Station,Saturday,5:00 to 6:00 PM,83,131,17
2023,VCC-Clark Station,Saturday,6:00 to 7:00 AM,15,16,6
2023,VCC-Clark Station,Saturday,6:00 to 7:00 PM,62,109,18
2023,VCC-Clark Station,Saturday,7:00 to 8:00 AM,39,36,7
2023,VCC-Clark Station,Saturday,7:00 to 8:00 PM,51,77,19
2023,VCC-Clark Station,Saturday,8:00 to 9:00 AM,64,46,8
2023,VCC-Clark Station,Saturday,8:00 to 9:00 PM,38,51,20
2023,VCC-Clark Station,Saturday,9:00 to 10:00 AM,77,48,9
2023,VCC-Clark Station,Saturday,9:00 to 10:00 PM,29,48,21
2023,VCC-Clark Station,Sunday/Holiday,1:00 to 2:00 AM,0,1,1
2023,VCC-Clark Station,Sunday/Holiday,1:00 to 2:00 PM,68,69,13
2023,VCC-Clark Station,Sunday/Holiday,10:00 to 11:00 AM,61,46,10
2023,VCC-Clark Station,Sunday/Holiday,10:00 to 11:00 PM,19,21,22
2023,VCC-Clark Station,Sunday/Holiday,11:00 AM to 12:00 PM,62,57,11
2023,VCC-Clark Station,Sunday/Holiday,11:00 PM to 12:00 AM,18,23,23
2023,VCC-Clark Station,Sunday/Holiday,12:00 to 1:00 AM,7,7,0
2023,VCC-Clark Station,Sunday/Holiday,12:00 to 1:00 PM,69,60,12
2023,VCC-Clark Station,Sunday/Holiday,2:00 to 3:00 AM,0,0,2
2023,VCC-Clark Station,Sunday/Holiday,2:00 to 3:00 PM,73,73,14
2023,VCC-Clark Station,Sunday/Holiday,3:00 to 4:00 AM,0,0,3
2023,VCC-Clark Station,Sunday/Holiday,3:00 to 4:00 PM,70,84,15
2023,VCC-Clark Station,Sunday/Holiday,4:00 to 5:00 AM,0,0,4
2023,VCC-Clark Station,Sunday/Holiday,4:00 to 5:00 PM,63,94,16
2023,VCC-Clark Station,Sunday/Holiday,5:00 to 6:00 AM,1,1,5
2023,VCC-Clark Station,Sunday/Holiday,5:00 to 6:00 PM,56,95,17
2023,VCC-Clark Station,Sunday/Holiday,6:00 to 7:00 AM,3,3,6
2023,VCC-Clark Station,Sunday/Holiday,6:00 to 7:00 PM,48,78,18
2023,VCC-Clark Station,Sunday/Holiday,7:00 to 8:00 AM,22,22,7
2023,VCC-Clark Station,Sunday/Holiday,7:00 to 8:00 PM,38,54,19
2023,VCC-Clark Station,Sunday/Holiday,8:00 to 9:00 AM,49,32,8
2023,VCC-Clark Station,Sunday/Holiday,8:00 to 9:00 PM,27,36,20
2023,VCC-Clark Station,Sunday/Holiday,9:00 to 10:00 AM,56,36,9
2023,VCC-Clark Station,Sunday/Holiday,9:00 to 10:00 PM,24,27,21
2023,Vancouver City Centre Station,Sunday/Holiday,7:00 to 8:00 AM,273,176,7
2023,Vancouver City Centre Station,Sunday/Holiday,7:00 to 8:00 PM,406,716,19
2023,Vancouver City Centre Station,Sunday/Holiday,8:00 to 9:00 AM,389,198,8
2023,Vancouver City Centre Station,Sunday/Holiday,8:00 to 9:00 PM,308,462,20
2023,Vancouver City Centre Station,Sunday/Holiday,9:00 to 10:00 AM,495,294,9
2023,Vancouver City Centre Station,Sunday/Holiday,9:00 to 10:00 PM,268,380,21
2023,Vancouver City Centre Station,Weekday,7:00 to 8:00 AM,1163,445,7
2023,Vancouver City Centre Station,Weekday,7:00 to 8:00 PM,511,836,19
2023,Vancouver City Centre Station,Weekday,8:00 to 9:00 AM,1996,540,8
2023,Vancouver City Centre Station,Weekday,8:00 to 9:00 PM,341,638,20
2023,Vancouver City Centre Station,Weekday,9:00 to 10:00 AM,1186,435,9
2023,Vancouver City Centre Station,Weekday,9:00 to 10:00 PM,298,556,21
2023,Vancouver City Centre Station,Saturday,1:00 to 2:00 AM,38,48,1
2023,Vancouver City Centre Station,Saturday,1:00 to 2:00 PM,1104,763,13
2023,Vancouver City Centre Station,Saturday,10:00 to 11:00 AM,704,428,10
2023,Vancouver City Centre Station,Saturday,10:00 to 11:00 PM,283,536,22
2023,Vancouver City Centre Station,Saturday,11:00 AM to 12:00 PM,924,558,11
2023,Vancouver City Centre Station,Saturday,11:00 PM to 12:00 AM,180,440,23
2023,Vancouver City Centre Station,Saturday,12:00 to 1:00 AM,110,223,0
2023,Vancouver City Centre Station,Saturday,12:00 to 1:00 PM,1020,667,12
2023,Vancouver City Centre Station,Saturday,2:00 to 3:00 AM,1,1,2
2023,Vancouver City Centre Station,Saturday,2:00 to 3:00 PM,1154,905,14
2023,Vancouver City Centre Station,Saturday,3:00 to 4:00 AM,0,1,3
2023,Vancouver City Centre Station,Saturday,3:00 to 4:00 PM,1135,1035,15
2023,Vancouver City Centre Station,Saturday,4:00 to 5:00 AM,1,19,4
2023,Vancouver City Centre Station,Saturday,4:00 to 5:00 PM,1096,1135,16
2023,Vancouver City Centre Station,Saturday,5:00 to 6:00 AM,60,63,5
2023,Vancouver City Centre Station,Saturday,5:00 to 6:00 PM,962,1167,17
2023,Vancouver City Centre Station,Saturday,6:00 to 7:00 AM,171,129,6
2023,Vancouver City Centre Station,Saturday,6:00 to 7:00 PM,860,1038,18
2023,Vancouver City Centre Station,Saturday,7:00 to 8:00 AM,285,191,7
2023,Vancouver City Centre Station,Saturday,7:00 to 8:00 PM,607,799,19
2023,Vancouver City Centre Station,Saturday,8:00 to 9:00 AM,481,245,8
2023,Vancouver City Centre Station,Saturday,8:00 to 9:00 PM,423,682,20
2023,Vancouver City Centre Station,Saturday,9:00 to 10:00 AM,619,344,9
2023,Vancouver City Centre Station,Saturday,9:00 to 10:00 PM,373,601,21
2023,Vancouver City Centre Station,Sunday/Holiday,1:00 to 2:00 AM,24,21,1
2023,Vancouver City Centre Station,Sunday/Holiday,1:00 to 2:00 PM,962,718,13
2023,Vancouver City Centre Station,Sunday/Holiday,10:00 to 11:00 AM,708,399,10
2023,Vancouver City Centre Station,Sunday/Holiday,10:00 to 11:00 PM,210,285,22
2023,Vancouver City Centre Station,Sunday/Holiday,11:00 AM to 12:00 PM,804,506,11
2023,Vancouver City Centre Station,Sunday/Holiday,11:00 PM to 12:00 AM,127,204,23
2023,Vancouver City Centre Station,Sunday/Holiday,12:00 to 1:00 AM,65,98,0
2023,Vancouver City Centre Station,Sunday/Holiday,12:00 to 1:00 PM,867,637,12
2023,Vancouver City Centre Station,Sunday/Holiday,2:00 to 3:00 AM,0,1,2
2023,Vancouver City Centre Station,Sunday/Holiday,2:00 to 3:00 PM,967,823,14
2023,Vancouver City Centre Station,Sunday/Holiday,3:00 to 4:00 AM,0,1,3
2023,Vancouver City Centre Station,Sunday/Holiday,3:00 to 4:00 PM,908,948,15
2023,Vancouver City Centre Station,Sunday/Holiday,4:00 to 5:00 AM,1,21,4
2023,Vancouver City Centre Station,Sunday/Holiday,4:00 to 5:00 PM,842,1004,16
2023,Vancouver City Centre Station,Sunday/Holiday,5:00 to 6:00 AM,53,60,5
2023,Vancouver City Centre Station,Sunday/Holiday,5:00 to 6:00 PM,717,994,17
2023,Vancouver City Centre Station,Sunday/Holiday,6:00 to 7:00 AM,169,128,6
2023,Vancouver City Centre Station,Sunday/Holiday,6:00 to 7:00 PM,574,891,18
2023,Vancouver City Centre Station,Weekday,4:00 to 5:00 AM,1,17,4
2023,Vancouver City Centre Station,Weekday,3:00 to 4:00 PM,973,1189,15
2023,Vancouver City Centre Station,Weekday,3:00 to 4:00 AM,0,0,3
2023,Vancouver City Centre Station,Weekday,2:00 to 3:00 PM,886,883,14
2023,Vancouver City Centre Station,Weekday,2:00 to 3:00 AM,1,1,2
2023,Vancouver City Centre Station,Weekday,12:00 to 1:00 PM,830,634,12
2023,Vancouver City Centre Station,Weekday,12:00 to 1:00 AM,65,118,0
2023,Vancouver City Centre Station,Weekday,11:00 PM to 12:00 AM,112,262,23
2023,Vancouver City Centre Station,Weekday,11:00 AM to 12:00 PM,810,521,11
2023,Vancouver City Centre Station,Weekday,10:00 to 11:00 PM,203,402,22
2023,Vancouver City Centre Station,Weekday,10:00 to 11:00 AM,753,428,10
2023,Vancouver City Centre Station,Weekday,1:00 to 2:00 PM,844,729,13
2023,Vancouver City Centre Station,Weekday,1:00 to 2:00 AM,26,23,1
2023,Vancouver City Centre Station,Weekday,4:00 to 5:00 PM,1164,1776,16
2023,Vancouver City Centre Station,Weekday,5:00 to 6:00 AM,127,96,5
2023,Vancouver City Centre Station,Weekday,5:00 to 6:00 PM,1189,1951,17
2023,Vancouver City Centre Station,Weekday,6:00 to 7:00 AM,501,271,6
2023,Vancouver City Centre Station,Weekday,6:00 to 7:00 PM,856,1326,18
2023,Waterfront Station,Weekday,1:00 to 2:00 AM,37,62,1
2023,Waterfront Station,Weekday,1:00 to 2:00 PM,1439,1491,13
2023,Waterfront Station,Weekday,10:00 to 11:00 AM,1454,770,10
2023,Waterfront Station,Weekday,10:00 to 11:00 PM,487,874,22
2023,Waterfront Station,Weekday,11:00 AM to 12:00 PM,1394,924,11
2023,Waterfront Station,Weekday,11:00 PM to 12:00 AM,292,645,23
2023,Waterfront Station,Sunday/Holiday,9:00 to 10:00 PM,537,906,21
2023,Waterfront Station,Sunday/Holiday,9:00 to 10:00 AM,991,601,9
2023,Waterfront Station,Sunday/Holiday,8:00 to 9:00 PM,636,1070,20
2023,Waterfront Station,Sunday/Holiday,8:00 to 9:00 AM,766,473,8
2023,Waterfront Station,Sunday/Holiday,7:00 to 8:00 PM,769,1350,19
2023,Waterfront Station,Sunday/Holiday,7:00 to 8:00 AM,477,268,7
2023,Waterfront Station,Sunday/Holiday,6:00 to 7:00 PM,949,1706,18
2023,Waterfront Station,Sunday/Holiday,6:00 to 7:00 AM,120,68,6
2023,Waterfront Station,Sunday/Holiday,5:00 to 6:00 PM,1206,2011,17
2023,Waterfront Station,Sunday/Holiday,5:00 to 6:00 AM,32,37,5
2023,Waterfront Station,Sunday/Holiday,4:00 to 5:00 PM,1425,1996,16
2023,Waterfront Station,Sunday/Holiday,4:00 to 5:00 AM,2,11,4
2023,Waterfront Station,Sunday/Holiday,3:00 to 4:00 PM,1576,1836,15
2023,Waterfront Station,Sunday/Holiday,3:00 to 4:00 AM,1,1,3
2023,Waterfront Station,Sunday/Holiday,2:00 to 3:00 PM,1646,1501,14
2023,Waterfront Station,Sunday/Holiday,2:00 to 3:00 AM,1,1,2
2023,Waterfront Station,Sunday/Holiday,12:00 to 1:00 PM,1576,1058,12
2023,Waterfront Station,Sunday/Holiday,12:00 to 1:00 AM,95,145,0
2023,Waterfront Station,Sunday/Holiday,11:00 PM to 12:00 AM,277,522,23
2023,Waterfront Station,Sunday/Holiday,11:00 AM to 12:00 PM,1554,865,11
2023,Waterfront Station,Sunday/Holiday,10:00 to 11:00 PM,426,689,22
2023,Waterfront Station,Sunday/Holiday,10:00 to 11:00 AM,1317,714,10
2023,Waterfront Station,Sunday/Holiday,1:00 to 2:00 PM,1628,1248,13
2023,Waterfront Station,Sunday/Holiday,1:00 to 2:00 AM,21,15,1
2023,Waterfront Station,Saturday,9:00 to 10:00 PM,836,1266,21
2023,Waterfront Station,Saturday,9:00 to 10:00 AM,1208,678,9
2023,Waterfront Station,Saturday,8:00 to 9:00 PM,879,1346,20
2023,Waterfront Station,Saturday,8:00 to 9:00 AM,961,498,8
2023,Waterfront Station,Saturday,7:00 to 8:00 PM,1032,1624,19
2023,Waterfront Station,Saturday,7:00 to 8:00 AM,651,338,7
2023,Waterfront Station,Saturday,6:00 to 7:00 PM,1371,2133,18
2023,Waterfront Station,Saturday,6:00 to 7:00 AM,297,162,6
2023,Waterfront Station,Saturday,5:00 to 6:00 PM,1585,2352,17
2023,Waterfront Station,Saturday,5:00 to 6:00 AM,34,35,5
2023,Waterfront Station,Saturday,4:00 to 5:00 PM,1760,2259,16
2023,Waterfront Station,Saturday,4:00 to 5:00 AM,2,11,4
2023,Waterfront Station,Saturday,3:00 to 4:00 PM,1798,2069,15
2023,Waterfront Station,Saturday,3:00 to 4:00 AM,0,1,3
2023,Waterfront Station,Saturday,2:00 to 3:00 PM,1833,1688,14
2023,Waterfront Station,Saturday,2:00 to 3:00 AM,1,1,2
2023,Waterfront Station,Saturday,12:00 to 1:00 PM,1756,1170,12
2023,Waterfront Station,Saturday,12:00 to 1:00 AM,252,710,0
2023,Waterfront Station,Saturday,11:00 PM to 12:00 AM,481,1034,23
2023,Waterfront Station,Saturday,11:00 AM to 12:00 PM,1694,958,11
2023,Waterfront Station,Saturday,10:00 to 11:00 PM,739,1111,22
2023,Waterfront Station,Saturday,10:00 to 11:00 AM,1426,751,10
2023,Waterfront Station,Saturday,1:00 to 2:00 PM,1805,1405,13
2023,Waterfront Station,Saturday,1:00 to 2:00 AM,57,127,1
2023,Waterfront Station,Weekday,9:00 to 10:00 PM,624,1307,21
2023,Waterfront Station,Weekday,9:00 to 10:00 AM,2291,789,9
2023,Waterfront Station,Weekday,8:00 to 9:00 PM,677,1357,20
2023,Waterfront Station,Weekday,8:00 to 9:00 AM,3841,1436,8
2023,Waterfront Station,Weekday,7:00 to 8:00 PM,866,1677,19
2023,Waterfront Station,Weekday,7:00 to 8:00 AM,2054,1053,7
2023,Waterfront Station,Weekday,6:00 to 7:00 PM,1430,2626,18
2023,Waterfront Station,Weekday,6:00 to 7:00 AM,1113,621,6
2023,Waterfront Station,Weekday,5:00 to 6:00 PM,2193,4268,17
2023,Waterfront Station,Weekday,5:00 to 6:00 AM,230,144,5
2023,Waterfront Station,Weekday,4:00 to 5:00 PM,2362,3856,16
2023,Waterfront Station,Weekday,4:00 to 5:00 AM,2,11,4
2023,Waterfront Station,Weekday,3:00 to 4:00 PM,1884,2659,15
2023,Waterfront Station,Weekday,3:00 to 4:00 AM,1,1,3
2023,Waterfront Station,Weekday,2:00 to 3:00 PM,1491,1772,14
2023,Waterfront Station,Weekday,2:00 to 3:00 AM,1,1,2
2023,Waterfront Station,Weekday,12:00 to 1:00 PM,1455,1199,12
2023,Waterfront Station,Weekday,12:00 to 1:00 AM,137,368,0
2023,YVR-Airport Station,Saturday,11:00 PM to 12:00 AM,51,372,23
2023,YVR-Airport Station,Saturday,12:00 to 1:00 AM,30,215,0
2023,YVR-Airport Station,Saturday,12:00 to 1:00 PM,463,565,12
2023,YVR-Airport Station,Saturday,2:00 to 3:00 AM,0,0,2
2023,YVR-Airport Station,Saturday,2:00 to 3:00 PM,457,578,14
2023,YVR-Airport Station,Saturday,3:00 to 4:00 AM,0,0,3
2023,YVR-Airport Station,Saturday,3:00 to 4:00 PM,399,596,15
2023,YVR-Airport Station,Saturday,4:00 to 5:00 AM,0,6,4
2023,YVR-Airport Station,Saturday,4:00 to 5:00 PM,300,514,16
2023,YVR-Airport Station,Saturday,5:00 to 6:00 AM,278,49,5
2023,YVR-Airport Station,Saturday,5:00 to 6:00 PM,281,434,17
2023,YVR-Airport Station,Saturday,6:00 to 7:00 AM,472,83,6
2023,YVR-Airport Station,Saturday,6:00 to 7:00 PM,251,355,18
2023,YVR-Airport Station,Saturday,7:00 to 8:00 AM,428,195,7
2023,YVR-Airport Station,Saturday,7:00 to 8:00 PM,233,374,19
2023,YVR-Airport Station,Saturday,8:00 to 9:00 AM,362,215,8
2023,YVR-Airport Station,Saturday,8:00 to 9:00 PM,219,378,20
2023,YVR-Airport Station,Saturday,9:00 to 10:00 AM,491,234,9
2023,YVR-Airport Station,Saturday,9:00 to 10:00 PM,174,362,21
2023,YVR-Airport Station,Sunday/Holiday,1:00 to 2:00 AM,10,2,1
2023,YVR-Airport Station,Sunday/Holiday,1:00 to 2:00 PM,484,553,13
2023,YVR-Airport Station,Sunday/Holiday,10:00 to 11:00 AM,555,314,10
2023,YVR-Airport Station,Sunday/Holiday,10:00 to 11:00 PM,94,469,22
2023,YVR-Airport Station,Sunday/Holiday,11:00 AM to 12:00 PM,533,442,11
2023,YVR-Airport Station,Sunday/Holiday,11:00 PM to 12:00 AM,37,375,23
2023,YVR-Airport Station,Sunday/Holiday,12:00 to 1:00 AM,22,222,0
2023,YVR-Airport Station,Sunday/Holiday,12:00 to 1:00 PM,480,564,12
2023,YVR-Airport Station,Sunday/Holiday,2:00 to 3:00 AM,0,0,2
2023,YVR-Airport Station,Sunday/Holiday,2:00 to 3:00 PM,480,635,14
2023,YVR-Airport Station,Sunday/Holiday,3:00 to 4:00 PM,411,630,15
2023,YVR-Airport Station,Sunday/Holiday,4:00 to 5:00 AM,0,6,4
2023,YVR-Airport Station,Sunday/Holiday,4:00 to 5:00 PM,303,559,16
2023,YVR-Airport Station,Sunday/Holiday,5:00 to 6:00 AM,254,49,5
2023,YVR-Airport Station,Sunday/Holiday,5:00 to 6:00 PM,276,479,17
2023,YVR-Airport Station,Sunday/Holiday,6:00 to 7:00 AM,454,84,6
2023,YVR-Airport Station,Sunday/Holiday,6:00 to 7:00 PM,254,382,18
2023,YVR-Airport Station,Sunday/Holiday,7:00 to 8:00 AM,401,189,7
2023,YVR-Airport Station,Sunday/Holiday,7:00 to 8:00 PM,248,372,19
2023,YVR-Airport Station,Sunday/Holiday,8:00 to 9:00 AM,373,183,8
2023,YVR-Airport Station,Sunday/Holiday,8:00 to 9:00 PM,227,401,20
2023,YVR-Airport Station,Sunday/Holiday,9:00 to 10:00 AM,496,233,9
2023,YVR-Airport Station,Sunday/Holiday,9:00 to 10:00 PM,166,464,21
2023,YVR-Airport Station,Saturday,11:00 AM to 12:00 PM,532,427,11
2023,YVR-Airport Station,Saturday,10:00 to 11:00 PM,107,405,22
2023,YVR-Airport Station,Saturday,10:00 to 11:00 AM,514,300,10
2023,YVR-Airport Station,Saturday,1:00 to 2:00 PM,464,553,13
2023,YVR-Airport Station,Saturday,1:00 to 2:00 AM,13,2,1
2023,YVR-Airport Station,Weekday,9:00 to 10:00 PM,190,418,21
2023,YVR-Airport Station,Weekday,1:00 to 2:00 AM,13,3,1
2023,YVR-Airport Station,Weekday,1:00 to 2:00 PM,494,528,13
2023,YVR-Airport Station,Weekday,10:00 to 11:00 AM,552,321,10
2023,YVR-Airport Station,Weekday,10:00 to 11:00 PM,108,419,22
2023,YVR-Airport Station,Weekday,11:00 AM to 12:00 PM,548,419,11
2023,YVR-Airport Station,Weekday,11:00 PM to 12:00 AM,44,354,23
2023,YVR-Airport Station,Weekday,12:00 to 1:00 AM,27,198,0
2023,YVR-Airport Station,Weekday,12:00 to 1:00 PM,478,559,12
2023,YVR-Airport Station,Weekday,2:00 to 3:00 AM,0,0,2
2023,YVR-Airport Station,Weekday,2:00 to 3:00 PM,478,673,14
2023,YVR-Airport Station,Weekday,3:00 to 4:00 AM,0,0,3
2023,YVR-Airport Station,Weekday,3:00 to 4:00 PM,419,722,15
2023,YVR-Airport Station,Weekday,4:00 to 5:00 AM,0,9,4
2023,YVR-Airport Station,Weekday,4:00 to 5:00 PM,322,686,16
2023,YVR-Airport Station,Weekday,5:00 to 6:00 AM,304,52,5
2023,YVR-Airport Station,Weekday,5:00 to 6:00 PM,294,560,17
2023,YVR-Airport Station,Weekday,6:00 to 7:00 AM,651,83,6
2023,YVR-Airport Station,Weekday,6:00 to 7:00 PM,275,420,18
2023,YVR-Airport Station,Weekday,7:00 to 8:00 AM,571,210,7
2023,YVR-Airport Station,Weekday,7:00 to 8:00 PM,263,375,19
2023,YVR-Airport Station,Weekday,8:00 to 9:00 AM,487,202,8
2023,YVR-Airport Station,Weekday,8:00 to 9:00 PM,245,377,20
2023,YVR-Airport Station,Weekday,9:00 to 10:00 AM,546,238,9
2023,Yaletown-Roundhouse Station,Sunday/Holiday,5:00 to 6:00 AM,21,61,5
2023,Yaletown-Roundhouse Station,Sunday/Holiday,5:00 to 6:00 PM,480,466,17
2023,Yaletown-Roundhouse Station,Sunday/Holiday,6:00 to 7:00 AM,101,104,6
2023,Yaletown-Roundhouse Station,Sunday/Holiday,6:00 to 7:00 PM,410,394,18
2023,Yaletown-Roundhouse Station,Sunday/Holiday,7:00 to 8:00 AM,183,149,7
2023,Yaletown-Roundhouse Station,Sunday/Holiday,7:00 to 8:00 PM,319,364,19
2023,Yaletown-Roundhouse Station,Sunday/Holiday,8:00 to 9:00 AM,192,162,8
2023,Yaletown-Roundhouse Station,Sunday/Holiday,8:00 to 9:00 PM,251,293,20
2023,Yaletown-Roundhouse Station,Sunday/Holiday,9:00 to 10:00 AM,287,247,9
2023,Yaletown-Roundhouse Station,Sunday/Holiday,9:00 to 10:00 PM,215,290,21
2023,Yaletown-Roundhouse Station,Weekday,4:00 to 5:00 AM,0,17,4
2023,Yaletown-Roundhouse Station,Weekday,3:00 to 4:00 PM,651,578,15
2023,Yaletown-Roundhouse Station,Weekday,3:00 to 4:00 AM,0,0,3
2023,Yaletown-Roundhouse Station,Weekday,2:00 to 3:00 PM,503,496,14
2023,Yaletown-Roundhouse Station,Weekday,2:00 to 3:00 AM,1,0,2
2023,Yaletown-Roundhouse Station,Weekday,12:00 to 1:00 PM,448,418,12
2023,Yaletown-Roundhouse Station,Weekday,12:00 to 1:00 AM,55,108,0
2023,Yaletown-Roundhouse Station,Weekday,11:00 PM to 12:00 AM,111,226,23
2023,Yaletown-Roundhouse Station,Weekday,11:00 AM to 12:00 PM,399,377,11
2023,Yaletown-Roundhouse Station,Weekday,10:00 to 11:00 PM,197,324,22
2023,Yaletown-Roundhouse Station,Weekday,10:00 to 11:00 AM,382,366,10
2023,Yaletown-Roundhouse Station,Weekday,1:00 to 2:00 PM,443,423,13
2023,Yaletown-Roundhouse Station,Weekday,1:00 to 2:00 AM,15,24,1
2023,Yaletown-Roundhouse Station,Weekday,4:00 to 5:00 PM,846,747,16
2023,Yaletown-Roundhouse Station,Weekday,5:00 to 6:00 AM,32,102,5
2023,Yaletown-Roundhouse Station,Weekday,5:00 to 6:00 PM,916,848,17
2023,Yaletown-Roundhouse Station,Weekday,6:00 to 7:00 AM,189,289,6
2023,Yaletown-Roundhouse Station,Weekday,6:00 to 7:00 PM,719,649,18
2023,Yaletown-Roundhouse Station,Weekday,7:00 to 8:00 AM,442,501,7
2023,Yaletown-Roundhouse Station,Weekday,7:00 to 8:00 PM,429,482,19
2023,Yaletown-Roundhouse Station,Weekday,8:00 to 9:00 AM,656,610,8
2023,Yaletown-Roundhouse Station,Weekday,8:00 to 9:00 PM,311,399,20
2023,Yaletown-Roundhouse Station,Weekday,9:00 to 10:00 AM,600,419,9
2023,Yaletown-Roundhouse Station,Weekday,9:00 to 10:00 PM,266,384,21
2023,Yaletown-Roundhouse Station,Saturday,1:00 to 2:00 AM,23,59,1
2023,Yaletown-Roundhouse Station,Saturday,1:00 to 2:00 PM,553,496,13
2023,Yaletown-Roundhouse Station,Saturday,10:00 to 11:00 AM,379,374,10
2023,Yaletown-Roundhouse Station,Saturday,10:00 to 11:00 PM,256,428,22
2023,Yaletown-Roundhouse Station,Saturday,11:00 AM to 12:00 PM,468,437,11
2023,Yaletown-Roundhouse Station,Saturday,11:00 PM to 12:00 AM,164,448,23
2023,Yaletown-Roundhouse Station,Saturday,12:00 to 1:00 AM,94,260,0
2023,Yaletown-Roundhouse Station,Saturday,12:00 to 1:00 PM,549,481,12
2023,Yaletown-Roundhouse Station,Saturday,2:00 to 3:00 AM,1,0,2
2023,Yaletown-Roundhouse Station,Saturday,2:00 to 3:00 PM,608,538,14
2023,Yaletown-Roundhouse Station,Saturday,3:00 to 4:00 AM,0,0,3
2023,Yaletown-Roundhouse Station,Saturday,3:00 to 4:00 PM,650,582,15
2023,Yaletown-Roundhouse Station,Saturday,4:00 to 5:00 AM,0,15,4
2023,Yaletown-Roundhouse Station,Saturday,4:00 to 5:00 PM,708,594,16
2023,Yaletown-Roundhouse Station,Saturday,5:00 to 6:00 AM,23,68,5
2023,Yaletown-Roundhouse Station,Saturday,5:00 to 6:00 PM,710,556,17
2023,Yaletown-Roundhouse Station,Saturday,6:00 to 7:00 AM,105,110,6
2023,Yaletown-Roundhouse Station,Saturday,6:00 to 7:00 PM,666,519,18
2023,Yaletown-Roundhouse Station,Saturday,7:00 to 8:00 AM,194,176,7
2023,Yaletown-Roundhouse Station,Saturday,7:00 to 8:00 PM,494,448,19
2023,Yaletown-Roundhouse Station,Saturday,8:00 to 9:00 AM,267,219,8
2023,Yaletown-Roundhouse Station,Saturday,8:00 to 9:00 PM,409,369,20
2023,Yaletown-Roundhouse Station,Saturday,9:00 to 10:00 AM,379,310,9
2023,Yaletown-Roundhouse Station,Saturday,9:00 to 10:00 PM,350,414,21
2023,Yaletown-Roundhouse Station,Sunday/Holiday,1:00 to 2:00 AM,15,18,1
2023,Yaletown-Roundhouse Station,Sunday/Holiday,1:00 to 2:00 PM,475,442,13
2023,Yaletown-Roundhouse Station,Sunday/Holiday,10:00 to 11:00 AM,341,328,10
2023,Yaletown-Roundhouse Station,Sunday/Holiday,10:00 to 11:00 PM,181,231,22
2023,Yaletown-Roundhouse Station,Sunday/Holiday,11:00 AM to 12:00 PM,414,384,11
2023,Yaletown-Roundhouse Station,Sunday/Holiday,11:00 PM to 12:00 AM,110,170,23
2023,Yaletown-Roundhouse Station,Sunday/Holiday,12:00 to 1:00 AM,53,82,0
2023,Yaletown-Roundhouse Station,Sunday/Holiday,12:00 to 1:00 PM,462,425,12
2023,Yaletown-Roundhouse Station,Sunday/Holiday,2:00 to 3:00 AM,1,0,2
2023,Yaletown-Roundhouse Station,Sunday/Holiday,2:00 to 3:00 PM,502,504,14
2023,Yaletown-Roundhouse Station,Sunday/Holiday,3:00 to 4:00 AM,0,0,3
2023,Yaletown-Roundhouse Station,Sunday/Holiday,3:00 to 4:00 PM,516,511,15
2023,Yaletown-Roundhouse Station,Sunday/Holiday,4:00 to 5:00 AM,0,16,4
2023,Yaletown-Roundhouse Station,Sunday/Holiday,4:00 to 5:00 PM,521,508,16
2024,22nd Street Station,Sunday/Holiday,5:00 to 6:00 PM,474,388,17
2024,22nd Street Station,Sunday/Holiday,5:00 to 6:00 AM,5,3,5
2024,22nd Street Station,Sunday/Holiday,4:00 to 5:00 PM,439,407,16
2024,22nd Street Station,Sunday/Holiday,4:00 to 5:00 AM,0,0,4
2024,22nd Street Station,Sunday/Holiday,3:00 to 4:00 PM,408,442,15
2024,22nd Street Station,Sunday/Holiday,3:00 to 4:00 AM,0,0,3
2024,22nd Street Station,Sunday/Holiday,2:00 to 3:00 PM,363,462,14
2024,22nd Street Station,Sunday/Holiday,2:00 to 3:00 AM,0,0,2
2024,22nd Street Station,Sunday/Holiday,12:00 to 1:00 PM,300,431,12
2024,22nd Street Station,Sunday/Holiday,12:00 to 1:00 AM,59,51,0
2024,22nd Street Station,Sunday/Holiday,11:00 PM to 12:00 AM,171,152,23
2024,22nd Street Station,Sunday/Holiday,11:00 AM to 12:00 PM,258,372,11
2024,22nd Street Station,Sunday/Holiday,10:00 to 11:00 PM,224,212,22
2024,22nd Street Station,Sunday/Holiday,10:00 to 11:00 AM,254,369,10
2024,22nd Street Station,Sunday/Holiday,1:00 to 2:00 PM,354,457,13
2024,22nd Street Station,Sunday/Holiday,1:00 to 2:00 AM,1,1,1
2024,22nd Street Station,Saturday,9:00 to 10:00 PM,392,248,21
2024,22nd Street Station,Saturday,9:00 to 10:00 AM,275,397,9
2024,22nd Street Station,Saturday,8:00 to 9:00 PM,375,278,20
2024,22nd Street Station,Saturday,8:00 to 9:00 AM,307,416,8
2024,22nd Street Station,Saturday,7:00 to 8:00 PM,434,342,19
2024,22nd Street Station,Saturday,7:00 to 8:00 AM,310,430,7
2024,22nd Street Station,Saturday,6:00 to 7:00 PM,507,442,18
2024,22nd Street Station,Saturday,6:00 to 7:00 AM,235,302,6
2024,22nd Street Station,Saturday,5:00 to 6:00 PM,535,550,17
2024,22nd Street Station,Saturday,5:00 to 6:00 AM,0,0,5
2024,22nd Street Station,Saturday,4:00 to 5:00 PM,523,540,16
2024,22nd Street Station,Saturday,4:00 to 5:00 AM,0,0,4
2024,22nd Street Station,Saturday,3:00 to 4:00 PM,481,537,15
2024,22nd Street Station,Saturday,3:00 to 4:00 AM,0,0,3
2024,22nd Street Station,Saturday,2:00 to 3:00 PM,419,502,14
2024,22nd Street Station,Saturday,2:00 to 3:00 AM,0,0,2
2024,22nd Street Station,Saturday,12:00 to 1:00 PM,346,452,12
2024,22nd Street Station,Saturday,12:00 to 1:00 AM,152,114,0
2024,22nd Street Station,Saturday,11:00 PM to 12:00 AM,249,201,23
2024,22nd Street Station,Saturday,11:00 AM to 12:00 PM,288,445,11
2024,22nd Street Station,Saturday,10:00 to 11:00 PM,334,260,22
2024,22nd Street Station,Saturday,10:00 to 11:00 AM,267,399,10
2024,22nd Street Station,Saturday,1:00 to 2:00 PM,401,474,13
2024,22nd Street Station,Saturday,1:00 to 2:00 AM,43,26,1
2024,22nd Street Station,Weekday,9:00 to 10:00 PM,445,237,21
2024,22nd Street Station,Weekday,9:00 to 10:00 AM,305,597,9
2024,22nd Street Station,Weekday,8:00 to 9:00 PM,443,277,20
2024,22nd Street Station,Weekday,8:00 to 9:00 AM,588,865,8
2024,22nd Street Station,Weekday,7:00 to 8:00 PM,522,371,19
2024,22nd Street Station,Weekday,7:00 to 8:00 AM,834,1009,7
2024,22nd Street Station,Weekday,6:00 to 7:00 PM,808,669,18
2024,22nd Street Station,Weekday,6:00 to 7:00 AM,848,782,6
2024,22nd Street Station,Weekday,5:00 to 6:00 PM,987,969,17
2024,22nd Street Station,Weekday,5:00 to 6:00 AM,440,300,5
2024,22nd Street Station,Weekday,4:00 to 5:00 PM,940,1034,16
2024,22nd Street Station,Weekday,1:00 to 2:00 AM,20,28,1
2024,22nd Street Station,Weekday,1:00 to 2:00 PM,450,442,13
2024,22nd Street Station,Weekday,10:00 to 11:00 AM,239,409,10
2024,22nd Street Station,Weekday,10:00 to 11:00 PM,323,242,22
2024,22nd Street Station,Weekday,4:00 to 5:00 AM,0,0,4
2024,22nd Street Station,Weekday,3:00 to 4:00 PM,780,771,15
2024,22nd Street Station,Weekday,3:00 to 4:00 AM,0,0,3
2024,22nd Street Station,Weekday,2:00 to 3:00 PM,546,523,14
2024,22nd Street Station,Weekday,2:00 to 3:00 AM,0,0,2
2024,22nd Street Station,Weekday,12:00 to 1:00 PM,377,443,12
2024,22nd Street Station,Weekday,12:00 to 1:00 AM,113,97,0
2024,22nd Street Station,Weekday,11:00 PM to 12:00 AM,207,199,23
2024,22nd Street Station,Weekday,11:00 AM to 12:00 PM,284,434,11
2024,22nd Street Station,Sunday/Holiday,6:00 to 7:00 AM,11,11,6
2024,22nd Street Station,Sunday/Holiday,6:00 to 7:00 PM,480,373,18
2024,22nd Street Station,Sunday/Holiday,7:00 to 8:00 AM,227,347,7
2024,22nd Street Station,Sunday/Holiday,7:00 to 8:00 PM,439,285,19
2024,22nd Street Station,Sunday/Holiday,8:00 to 9:00 AM,255,290,8
2024,22nd Street Station,Sunday/Holiday,8:00 to 9:00 PM,338,275,20
2024,22nd Street Station,Sunday/Holiday,9:00 to 10:00 AM,237,338,9
2024,22nd Street Station,Sunday/Holiday,9:00 to 10:00 PM,303,226,21
2024,29th Avenue Station,Weekday,3:00 to 4:00 AM,0,0,3
2024,29th Avenue Station,Sunday/Holiday,3:00 to 4:00 AM,0,0,3
2024,29th Avenue Station,Weekday,11:00 PM to 12:00 AM,187,60,23
2024,29th Avenue Station,Saturday,11:00 PM to 12:00 AM,238,86,23
2024,29th Avenue Station,Sunday/Holiday,5:00 to 6:00 AM,0,1,5
2024,29th Avenue Station,Sunday/Holiday,10:00 to 11:00 AM,160,402,10
2024,29th Avenue Station,Sunday/Holiday,4:00 to 5:00 PM,419,340,16
2024,29th Avenue Station,Weekday,6:00 to 7:00 AM,132,483,6
2024,29th Avenue Station,Saturday,3:00 to 4:00 AM,0,0,3
2024,29th Avenue Station,Saturday,2:00 to 3:00 PM,367,428,14
2024,29th Avenue Station,Saturday,4:00 to 5:00 PM,468,423,16
2024,29th Avenue Station,Weekday,4:00 to 5:00 PM,807,447,16
2024,29th Avenue Station,Saturday,5:00 to 6:00 PM,506,381,17
2024,29th Avenue Station,Saturday,5:00 to 6:00 AM,0,0,5
2024,29th Avenue Station,Sunday/Holiday,2:00 to 3:00 PM,317,394,14
2024,29th Avenue Station,Sunday/Holiday,9:00 to 10:00 PM,272,106,21
2024,29th Avenue Station,Sunday/Holiday,12:00 to 1:00 AM,58,12,0
2024,29th Avenue Station,Saturday,1:00 to 2:00 PM,299,442,13
2024,29th Avenue Station,Sunday/Holiday,8:00 to 9:00 PM,300,116,20
2024,29th Avenue Station,Sunday/Holiday,4:00 to 5:00 AM,0,0,4
2024,29th Avenue Station,Saturday,6:00 to 7:00 PM,474,313,18
2024,29th Avenue Station,Sunday/Holiday,11:00 AM to 12:00 PM,178,391,11
2024,29th Avenue Station,Sunday/Holiday,7:00 to 8:00 AM,55,128,7
2024,29th Avenue Station,Sunday/Holiday,6:00 to 7:00 AM,1,5,6
2024,29th Avenue Station,Sunday/Holiday,6:00 to 7:00 PM,421,220,18
2024,29th Avenue Station,Saturday,4:00 to 5:00 AM,0,0,4
2024,29th Avenue Station,Weekday,10:00 to 11:00 PM,279,95,22
2024,29th Avenue Station,Saturday,12:00 to 1:00 PM,239,436,12
2024,29th Avenue Station,Weekday,7:00 to 8:00 PM,444,212,19
2024,29th Avenue Station,Weekday,12:00 to 1:00 PM,264,364,12
2024,29th Avenue Station,Sunday/Holiday,5:00 to 6:00 PM,436,285,17
2024,29th Avenue Station,Sunday/Holiday,3:00 to 4:00 PM,375,359,15
2024,29th Avenue Station,Sunday/Holiday,9:00 to 10:00 AM,127,308,9
2024,29th Avenue Station,Saturday,9:00 to 10:00 PM,355,148,21
2024,29th Avenue Station,Saturday,10:00 to 11:00 AM,186,414,10
2024,29th Avenue Station,Weekday,2:00 to 3:00 AM,0,0,2
2024,29th Avenue Station,Weekday,10:00 to 11:00 AM,170,383,10
2024,29th Avenue Station,Sunday/Holiday,12:00 to 1:00 PM,234,392,12
2024,29th Avenue Station,Saturday,2:00 to 3:00 AM,0,0,2
2024,29th Avenue Station,Saturday,6:00 to 7:00 AM,39,92,6
2024,29th Avenue Station,Weekday,9:00 to 10:00 PM,393,120,21
2024,29th Avenue Station,Sunday/Holiday,8:00 to 9:00 AM,90,227,8
2024,29th Avenue Station,Saturday,11:00 AM to 12:00 PM,203,420,11
2024,29th Avenue Station,Sunday/Holiday,2:00 to 3:00 AM,0,0,2
2024,29th Avenue Station,Weekday,2:00 to 3:00 PM,395,362,14
2024,29th Avenue Station,Saturday,9:00 to 10:00 AM,159,407,9
2024,29th Avenue Station,Saturday,8:00 to 9:00 AM,133,335,8
2024,29th Avenue Station,Weekday,1:00 to 2:00 AM,29,4,1
2024,29th Avenue Station,Weekday,8:00 to 9:00 PM,385,151,20
2024,29th Avenue Station,Weekday,1:00 to 2:00 PM,301,347,13
2024,29th Avenue Station,Weekday,9:00 to 10:00 AM,181,557,9
2024,29th Avenue Station,Weekday,8:00 to 9:00 AM,260,870,8
2024,29th Avenue Station,Weekday,5:00 to 6:00 PM,891,406,17
2024,29th Avenue Station,Weekday,5:00 to 6:00 AM,28,110,5
2024,29th Avenue Station,Saturday,7:00 to 8:00 PM,389,213,19
2024,29th Avenue Station,Saturday,7:00 to 8:00 AM,92,227,7
2024,29th Avenue Station,Weekday,11:00 AM to 12:00 PM,191,373,11
2024,29th Avenue Station,Weekday,7:00 to 8:00 AM,208,659,7
2024,29th Avenue Station,Sunday/Holiday,11:00 PM to 12:00 AM,163,59,23
2024,29th Avenue Station,Sunday/Holiday,1:00 to 2:00 PM,276,397,13
2024,29th Avenue Station,Saturday,3:00 to 4:00 PM,434,420,15
2024,29th Avenue Station,Weekday,3:00 to 4:00 PM,605,490,15
2024,29th Avenue Station,Sunday/Holiday,10:00 to 11:00 PM,222,90,22
2024,29th Avenue Station,Sunday/Holiday,7:00 to 8:00 PM,373,149,19
2024,29th Avenue Station,Saturday,10:00 to 11:00 PM,307,119,22
2024,29th Avenue Station,Sunday/Holiday,1:00 to 2:00 AM,1,0,1
2024,29th Avenue Station,Saturday,8:00 to 9:00 PM,334,178,20
2024,29th Avenue Station,Weekday,6:00 to 7:00 PM,658,339,18
2024,29th Avenue Station,Weekday,12:00 to 1:00 AM,107,24,0
2024,29th Avenue Station,Saturday,12:00 to 1:00 AM,157,39,0
2024,29th Avenue Station,Saturday,1:00 to 2:00 AM,56,6,1
2024,Aberdeen Station,Sunday/Holiday,9:00 to 10:00 PM,62,128,21
2024,Aberdeen Station,Sunday/Holiday,9:00 to 10:00 AM,175,78,9
2024,Aberdeen Station,Sunday/Holiday,8:00 to 9:00 PM,81,162,20
2024,Aberdeen Station,Sunday/Holiday,8:00 to 9:00 AM,87,47,8
2024,Aberdeen Station,Sunday/Holiday,7:00 to 8:00 PM,130,251,19
2024,Aberdeen Station,Sunday/Holiday,7:00 to 8:00 AM,53,46,7
2024,Aberdeen Station,Sunday/Holiday,6:00 to 7:00 PM,209,298,18
2024,Aberdeen Station,Sunday/Holiday,6:00 to 7:00 AM,25,40,6
2024,Aberdeen Station,Sunday/Holiday,5:00 to 6:00 PM,281,324,17
2024,Aberdeen Station,Sunday/Holiday,5:00 to 6:00 AM,10,11,5
2024,Aberdeen Station,Sunday/Holiday,4:00 to 5:00 PM,309,349,16
2024,Aberdeen Station,Sunday/Holiday,4:00 to 5:00 AM,0,1,4
2024,Aberdeen Station,Sunday/Holiday,3:00 to 4:00 PM,322,363,15
2024,Aberdeen Station,Sunday/Holiday,3:00 to 4:00 AM,0,0,3
2024,Aberdeen Station,Sunday/Holiday,2:00 to 3:00 PM,333,341,14
2024,Aberdeen Station,Sunday/Holiday,2:00 to 3:00 AM,1,1,2
2024,Aberdeen Station,Sunday/Holiday,12:00 to 1:00 PM,343,230,12
2024,Aberdeen Station,Sunday/Holiday,12:00 to 1:00 AM,16,13,0
2024,Aberdeen Station,Sunday/Holiday,11:00 PM to 12:00 AM,27,25,23
2024,Aberdeen Station,Sunday/Holiday,11:00 AM to 12:00 PM,332,170,11
2024,Aberdeen Station,Sunday/Holiday,10:00 to 11:00 PM,46,66,22
2024,Aberdeen Station,Sunday/Holiday,10:00 to 11:00 AM,287,115,10
2024,Aberdeen Station,Sunday/Holiday,1:00 to 2:00 PM,346,299,13
2024,Aberdeen Station,Sunday/Holiday,1:00 to 2:00 AM,3,1,1
2024,Aberdeen Station,Saturday,9:00 to 10:00 PM,82,148,21
2024,Aberdeen Station,Saturday,9:00 to 10:00 AM,243,98,9
2024,Aberdeen Station,Saturday,8:00 to 9:00 PM,101,224,20
2024,Aberdeen Station,Saturday,8:00 to 9:00 AM,127,61,8
2024,Aberdeen Station,Saturday,7:00 to 8:00 PM,170,285,19
2024,Aberdeen Station,Saturday,7:00 to 8:00 AM,64,48,7
2024,Aberdeen Station,Saturday,6:00 to 7:00 PM,267,367,18
2024,Aberdeen Station,Saturday,6:00 to 7:00 AM,32,34,6
2024,Aberdeen Station,Saturday,5:00 to 6:00 PM,356,406,17
2024,Aberdeen Station,Weekday,1:00 to 2:00 AM,4,1,1
2024,Aberdeen Station,Weekday,1:00 to 2:00 PM,269,279,13
2024,Aberdeen Station,Weekday,10:00 to 11:00 AM,299,136,10
2024,Aberdeen Station,Weekday,10:00 to 11:00 PM,40,53,22
2024,Aberdeen Station,Weekday,11:00 AM to 12:00 PM,285,181,11
2024,Aberdeen Station,Weekday,11:00 PM to 12:00 AM,22,22,23
2024,Aberdeen Station,Weekday,12:00 to 1:00 AM,14,10,0
2024,Aberdeen Station,Weekday,12:00 to 1:00 PM,278,234,12
2024,Aberdeen Station,Weekday,2:00 to 3:00 AM,1,1,2
2024,Aberdeen Station,Weekday,2:00 to 3:00 PM,294,309,14
2024,Aberdeen Station,Weekday,3:00 to 4:00 AM,0,0,3
2024,Aberdeen Station,Weekday,3:00 to 4:00 PM,347,349,15
2024,Aberdeen Station,Weekday,4:00 to 5:00 AM,0,1,4
2024,Aberdeen Station,Weekday,4:00 to 5:00 PM,385,359,16
2024,Aberdeen Station,Weekday,5:00 to 6:00 AM,21,26,5
2024,Aberdeen Station,Weekday,5:00 to 6:00 PM,401,396,17
2024,Aberdeen Station,Weekday,6:00 to 7:00 AM,90,68,6
2024,Aberdeen Station,Weekday,6:00 to 7:00 PM,291,352,18
2024,Aberdeen Station,Weekday,7:00 to 8:00 AM,142,146,7
2024,Aberdeen Station,Weekday,7:00 to 8:00 PM,158,243,19
2024,Aberdeen Station,Weekday,8:00 to 9:00 AM,226,171,8
2024,Aberdeen Station,Weekday,8:00 to 9:00 PM,93,150,20
2024,Aberdeen Station,Weekday,9:00 to 10:00 AM,244,142,9
2024,Aberdeen Station,Weekday,9:00 to 10:00 PM,72,111,21
2024,Aberdeen Station,Saturday,1:00 to 2:00 AM,7,1,1
2024,Aberdeen Station,Saturday,1:00 to 2:00 PM,405,351,13
2024,Aberdeen Station,Saturday,10:00 to 11:00 AM,336,144,10
2024,Aberdeen Station,Saturday,10:00 to 11:00 PM,62,95,22
2024,Aberdeen Station,Saturday,11:00 AM to 12:00 PM,390,212,11
2024,Aberdeen Station,Saturday,11:00 PM to 12:00 AM,42,43,23
2024,Aberdeen Station,Saturday,12:00 to 1:00 AM,27,21,0
2024,Aberdeen Station,Saturday,12:00 to 1:00 PM,403,294,12
2024,Aberdeen Station,Saturday,2:00 to 3:00 AM,0,0,2
2024,Aberdeen Station,Saturday,2:00 to 3:00 PM,386,414,14
2024,Aberdeen Station,Saturday,3:00 to 4:00 AM,0,0,3
2024,Aberdeen Station,Saturday,3:00 to 4:00 PM,386,440,15
2024,Aberdeen Station,Saturday,4:00 to 5:00 AM,0,1,4
2024,Aberdeen Station,Saturday,4:00 to 5:00 PM,388,434,16
2024,Aberdeen Station,Saturday,5:00 to 6:00 AM,12,14,5
2024,Braid Station,Weekday,1:00 to 2:00 AM,13,6,1
2024,Braid Station,Weekday,1:00 to 2:00 PM,232,192,13
2024,Braid Station,Weekday,10:00 to 11:00 AM,139,159,10
2024,Braid Station,Weekday,10:00 to 11:00 PM,76,86,22
2024,Braid Station,Weekday,11:00 AM to 12:00 PM,149,184,11
2024,Braid Station,Saturday,2:00 to 3:00 PM,223,224,14
2024,Braid Station,Saturday,2:00 to 3:00 AM,0,0,2
2024,Braid Station,Saturday,12:00 to 1:00 PM,188,175,12
2024,Braid Station,Saturday,12:00 to 1:00 AM,43,23,0
2024,Braid Station,Saturday,11:00 PM to 12:00 AM,65,60,23
2024,Braid Station,Saturday,11:00 AM to 12:00 PM,162,165,11
2024,Braid Station,Saturday,10:00 to 11:00 PM,92,92,22
2024,Braid Station,Saturday,10:00 to 11:00 AM,144,148,10
2024,Braid Station,Saturday,1:00 to 2:00 PM,201,206,13
2024,Braid Station,Saturday,1:00 to 2:00 AM,23,10,1
2024,Braid Station,Weekday,9:00 to 10:00 PM,109,105,21
2024,Braid Station,Weekday,9:00 to 10:00 AM,189,203,9
2024,Braid Station,Weekday,8:00 to 9:00 PM,147,113,20
2024,Braid Station,Weekday,8:00 to 9:00 AM,320,311,8
2024,Braid Station,Weekday,7:00 to 8:00 PM,258,159,19
2024,Braid Station,Weekday,7:00 to 8:00 AM,434,361,7
2024,Braid Station,Weekday,6:00 to 7:00 PM,348,314,18
2024,Braid Station,Weekday,6:00 to 7:00 AM,489,365,6
2024,Braid Station,Saturday,3:00 to 4:00 PM,227,251,15
2024,Braid Station,Saturday,4:00 to 5:00 AM,0,0,4
2024,Braid Station,Saturday,4:00 to 5:00 PM,244,250,16
2024,Braid Station,Saturday,5:00 to 6:00 AM,0,1,5
2024,Braid Station,Saturday,5:00 to 6:00 PM,226,281,17
2024,Braid Station,Saturday,6:00 to 7:00 AM,106,137,6
2024,Braid Station,Saturday,6:00 to 7:00 PM,198,229,18
2024,Braid Station,Saturday,7:00 to 8:00 AM,120,108,7
2024,Braid Station,Saturday,7:00 to 8:00 PM,222,162,19
2024,Braid Station,Saturday,8:00 to 9:00 AM,136,110,8
2024,Braid Station,Saturday,8:00 to 9:00 PM,152,139,20
2024,Braid Station,Saturday,9:00 to 10:00 AM,137,116,9
2024,Braid Station,Saturday,9:00 to 10:00 PM,118,116,21
2024,Braid Station,Sunday/Holiday,1:00 to 2:00 AM,1,1,1
2024,Braid Station,Weekday,11:00 PM to 12:00 AM,49,53,23
2024,Braid Station,Weekday,12:00 to 1:00 AM,26,13,0
2024,Braid Station,Weekday,12:00 to 1:00 PM,185,189,12
2024,Braid Station,Weekday,2:00 to 3:00 AM,0,0,2
2024,Braid Station,Weekday,2:00 to 3:00 PM,245,263,14
2024,Braid Station,Weekday,3:00 to 4:00 AM,0,0,3
2024,Braid Station,Weekday,3:00 to 4:00 PM,359,424,15
2024,Braid Station,Weekday,4:00 to 5:00 AM,0,0,4
2024,Braid Station,Weekday,4:00 to 5:00 PM,456,533,16
2024,Braid Station,Weekday,5:00 to 6:00 AM,150,159,5
2024,Braid Station,Weekday,5:00 to 6:00 PM,446,499,17
2024,Braid Station,Sunday/Holiday,9:00 to 10:00 PM,75,75,21
2024,Braid Station,Sunday/Holiday,9:00 to 10:00 AM,108,93,9
2024,Braid Station,Sunday/Holiday,8:00 to 9:00 PM,117,106,20
2024,Braid Station,Sunday/Holiday,8:00 to 9:00 AM,103,62,8
2024,Braid Station,Sunday/Holiday,7:00 to 8:00 PM,195,147,19
2024,Braid Station,Sunday/Holiday,7:00 to 8:00 AM,93,134,7
2024,Braid Station,Sunday/Holiday,6:00 to 7:00 PM,157,180,18
2024,Braid Station,Sunday/Holiday,6:00 to 7:00 AM,8,7,6
2024,Braid Station,Sunday/Holiday,5:00 to 6:00 PM,170,192,17
2024,Braid Station,Sunday/Holiday,5:00 to 6:00 AM,2,2,5
2024,Braid Station,Sunday/Holiday,4:00 to 5:00 PM,178,191,16
2024,Braid Station,Sunday/Holiday,4:00 to 5:00 AM,0,0,4
2024,Braid Station,Sunday/Holiday,3:00 to 4:00 PM,185,177,15
2024,Braid Station,Sunday/Holiday,2:00 to 3:00 PM,176,180,14
2024,Braid Station,Sunday/Holiday,2:00 to 3:00 AM,0,0,2
2024,Braid Station,Sunday/Holiday,12:00 to 1:00 PM,139,145,12
2024,Braid Station,Sunday/Holiday,12:00 to 1:00 AM,19,9,0
2024,Braid Station,Sunday/Holiday,11:00 PM to 12:00 AM,44,38,23
2024,Braid Station,Sunday/Holiday,11:00 AM to 12:00 PM,126,130,11
2024,Braid Station,Sunday/Holiday,10:00 to 11:00 PM,62,70,22
2024,Braid Station,Sunday/Holiday,10:00 to 11:00 AM,127,121,10
2024,Braid Station,Sunday/Holiday,1:00 to 2:00 PM,169,159,13
2024,Brentwood Town Centre Station,Saturday,3:00 to 4:00 PM,438,454,15
2024,Brentwood Town Centre Station,Saturday,3:00 to 4:00 AM,0,0,3
2024,Brentwood Town Centre Station,Saturday,2:00 to 3:00 PM,406,433,14
2024,Brentwood Town Centre Station,Saturday,2:00 to 3:00 AM,0,0,2
2024,Brentwood Town Centre Station,Saturday,12:00 to 1:00 PM,347,345,12
2024,Brentwood Town Centre Station,Saturday,12:00 to 1:00 AM,98,85,0
2024,Brentwood Town Centre Station,Saturday,11:00 PM to 12:00 AM,140,130,23
2024,Brentwood Town Centre Station,Saturday,11:00 AM to 12:00 PM,312,294,11
2024,Brentwood Town Centre Station,Saturday,10:00 to 11:00 PM,211,170,22
2024,Brentwood Town Centre Station,Saturday,4:00 to 5:00 AM,0,0,4
2024,Brentwood Town Centre Station,Saturday,4:00 to 5:00 PM,488,455,16
2024,Brentwood Town Centre Station,Saturday,5:00 to 6:00 AM,0,0,5
2024,Brentwood Town Centre Station,Saturday,5:00 to 6:00 PM,481,424,17
2024,Brentwood Town Centre Station,Saturday,6:00 to 7:00 AM,40,58,6
2024,Brentwood Town Centre Station,Saturday,6:00 to 7:00 PM,436,382,18
2024,Brentwood Town Centre Station,Saturday,7:00 to 8:00 AM,130,111,7
2024,Brentwood Town Centre Station,Saturday,7:00 to 8:00 PM,349,293,19
2024,Brentwood Town Centre Station,Saturday,8:00 to 9:00 AM,197,184,8
2024,Brentwood Town Centre Station,Saturday,8:00 to 9:00 PM,264,255,20
2024,Brentwood Town Centre Station,Saturday,9:00 to 10:00 AM,224,223,9
2024,Brentwood Town Centre Station,Saturday,9:00 to 10:00 PM,222,239,21
2024,Brentwood Town Centre Station,Sunday/Holiday,1:00 to 2:00 AM,1,1,1
2024,Brentwood Town Centre Station,Saturday,10:00 to 11:00 AM,258,251,10
2024,Brentwood Town Centre Station,Saturday,1:00 to 2:00 PM,380,382,13
2024,Brentwood Town Centre Station,Saturday,1:00 to 2:00 AM,35,29,1
2024,Brentwood Town Centre Station,Weekday,9:00 to 10:00 PM,209,206,21
2024,Brentwood Town Centre Station,Weekday,9:00 to 10:00 AM,354,359,9
2024,Brentwood Town Centre Station,Weekday,8:00 to 9:00 PM,270,243,20
2024,Brentwood Town Centre Station,Weekday,8:00 to 9:00 AM,567,617,8
2024,Brentwood Town Centre Station,Weekday,7:00 to 8:00 PM,383,311,19
2024,Brentwood Town Centre Station,Weekday,7:00 to 8:00 AM,509,521,7
2024,Brentwood Town Centre Station,Weekday,6:00 to 7:00 PM,642,470,18
2024,Brentwood Town Centre Station,Weekday,6:00 to 7:00 AM,371,252,6
2024,Brentwood Town Centre Station,Weekday,5:00 to 6:00 PM,885,715,17
2024,Brentwood Town Centre Station,Weekday,5:00 to 6:00 AM,52,78,5
2024,Brentwood Town Centre Station,Weekday,4:00 to 5:00 PM,707,741,16
2024,Brentwood Town Centre Station,Weekday,4:00 to 5:00 AM,0,0,4
2024,Brentwood Town Centre Station,Weekday,3:00 to 4:00 PM,565,602,15
2024,Brentwood Town Centre Station,Weekday,3:00 to 4:00 AM,0,0,3
2024,Brentwood Town Centre Station,Weekday,2:00 to 3:00 PM,392,436,14
2024,Brentwood Town Centre Station,Weekday,2:00 to 3:00 AM,0,0,2
2024,Brentwood Town Centre Station,Weekday,12:00 to 1:00 PM,323,340,12
2024,Brentwood Town Centre Station,Weekday,12:00 to 1:00 AM,48,48,0
2024,Brentwood Town Centre Station,Weekday,11:00 PM to 12:00 AM,103,92,23
2024,Brentwood Town Centre Station,Weekday,11:00 AM to 12:00 PM,279,287,11
2024,Brentwood Town Centre Station,Weekday,10:00 to 11:00 PM,177,138,22
2024,Brentwood Town Centre Station,Weekday,10:00 to 11:00 AM,281,251,10
2024,Brentwood Town Centre Station,Weekday,1:00 to 2:00 PM,333,354,13
2024,Brentwood Town Centre Station,Weekday,1:00 to 2:00 AM,16,12,1
2024,Brentwood Town Centre Station,Sunday/Holiday,9:00 to 10:00 PM,157,152,21
2024,Brentwood Town Centre Station,Sunday/Holiday,9:00 to 10:00 AM,155,177,9
2024,Brentwood Town Centre Station,Sunday/Holiday,8:00 to 9:00 PM,202,181,20
2024,Brentwood Town Centre Station,Sunday/Holiday,8:00 to 9:00 AM,116,124,8
2024,Brentwood Town Centre Station,Sunday/Holiday,7:00 to 8:00 PM,267,240,19
2024,Brentwood Town Centre Station,Sunday/Holiday,7:00 to 8:00 AM,61,75,7
2024,Brentwood Town Centre Station,Sunday/Holiday,6:00 to 7:00 PM,325,281,18
2024,Brentwood Town Centre Station,Sunday/Holiday,6:00 to 7:00 AM,4,3,6
2024,Brentwood Town Centre Station,Sunday/Holiday,5:00 to 6:00 PM,381,323,17
2024,Brentwood Town Centre Station,Sunday/Holiday,5:00 to 6:00 AM,1,1,5
2024,Brentwood Town Centre Station,Sunday/Holiday,4:00 to 5:00 PM,398,353,16
2024,Brentwood Town Centre Station,Sunday/Holiday,4:00 to 5:00 AM,0,0,4
2024,Brentwood Town Centre Station,Sunday/Holiday,3:00 to 4:00 PM,365,356,15
2024,Brentwood Town Centre Station,Sunday/Holiday,3:00 to 4:00 AM,0,0,3
2024,Brentwood Town Centre Station,Sunday/Holiday,2:00 to 3:00 PM,343,337,14
2024,Brentwood Town Centre Station,Sunday/Holiday,2:00 to 3:00 AM,0,0,2
2024,Brentwood Town Centre Station,Sunday/Holiday,12:00 to 1:00 PM,301,288,12
2024,Brentwood Town Centre Station,Sunday/Holiday,12:00 to 1:00 AM,33,25,0
2024,Brentwood Town Centre Station,Sunday/Holiday,11:00 PM to 12:00 AM,83,80,23
2024,Brentwood Town Centre Station,Sunday/Holiday,11:00 AM to 12:00 PM,273,242,11
2024,Brentwood Town Centre Station,Sunday/Holiday,10:00 to 11:00 PM,121,112,22
2024,Brentwood Town Centre Station,Sunday/Holiday,10:00 to 11:00 AM,222,218,10
2024,Brentwood Town Centre Station,Sunday/Holiday,1:00 to 2:00 PM,332,315,13
2024,Bridgeport Station,Saturday,3:00 to 4:00 PM,647,640,15
2024,Bridgeport Station,Saturday,3:00 to 4:00 AM,0,0,3
2024,Bridgeport Station,Saturday,2:00 to 3:00 PM,563,583,14
2024,Bridgeport Station,Saturday,2:00 to 3:00 AM,1,0,2
2024,Bridgeport Station,Saturday,12:00 to 1:00 PM,442,543,12
2024,Bridgeport Station,Saturday,12:00 to 1:00 AM,193,81,0
2024,Bridgeport Station,Saturday,11:00 PM to 12:00 AM,280,251,23
2024,Bridgeport Station,Saturday,11:00 AM to 12:00 PM,422,599,11
2024,Bridgeport Station,Saturday,10:00 to 11:00 PM,389,310,22
2024,Bridgeport Station,Saturday,10:00 to 11:00 AM,352,478,10
2024,Bridgeport Station,Saturday,1:00 to 2:00 PM,504,599,13
2024,Bridgeport Station,Saturday,1:00 to 2:00 AM,61,8,1
2024,Bridgeport Station,Weekday,9:00 to 10:00 PM,362,240,21
2024,Bridgeport Station,Weekday,4:00 to 5:00 PM,1212,669,16
2024,Bridgeport Station,Weekday,4:00 to 5:00 AM,1,13,4
2024,Bridgeport Station,Weekday,3:00 to 4:00 PM,913,567,15
2024,Bridgeport Station,Weekday,3:00 to 4:00 AM,0,0,3
2024,Bridgeport Station,Weekday,2:00 to 3:00 PM,603,454,14
2024,Bridgeport Station,Weekday,2:00 to 3:00 AM,1,1,2
2024,Bridgeport Station,Weekday,12:00 to 1:00 PM,402,431,12
2024,Bridgeport Station,Weekday,12:00 to 1:00 AM,118,56,0
2024,Bridgeport Station,Weekday,11:00 PM to 12:00 AM,233,140,23
2024,Bridgeport Station,Weekday,11:00 AM to 12:00 PM,330,506,11
2024,Bridgeport Station,Weekday,10:00 to 11:00 PM,338,215,22
2024,Bridgeport Station,Weekday,10:00 to 11:00 AM,290,488,10
2024,Bridgeport Station,Weekday,1:00 to 2:00 PM,467,447,13
2024,Bridgeport Station,Weekday,1:00 to 2:00 AM,35,6,1
2024,Bridgeport Station,Weekday,9:00 to 10:00 AM,313,689,9
2024,Bridgeport Station,Weekday,8:00 to 9:00 PM,375,230,20
2024,Bridgeport Station,Weekday,8:00 to 9:00 AM,411,1159,8
2024,Bridgeport Station,Weekday,7:00 to 8:00 PM,531,309,19
2024,Bridgeport Station,Weekday,7:00 to 8:00 AM,439,1172,7
2024,Bridgeport Station,Weekday,6:00 to 7:00 PM,879,457,18
2024,Bridgeport Station,Weekday,6:00 to 7:00 AM,287,620,6
2024,Bridgeport Station,Weekday,5:00 to 6:00 PM,1327,671,17
2024,Bridgeport Station,Weekday,5:00 to 6:00 AM,119,241,5
2024,Bridgeport Station,Saturday,4:00 to 5:00 AM,1,7,4
2024,Bridgeport Station,Saturday,4:00 to 5:00 PM,628,601,16
2024,Bridgeport Station,Saturday,5:00 to 6:00 AM,79,67,5
2024,Bridgeport Station,Saturday,5:00 to 6:00 PM,642,617,17
2024,Bridgeport Station,Saturday,6:00 to 7:00 AM,122,155,6
2024,Bridgeport Station,Saturday,6:00 to 7:00 PM,611,510,18
2024,Bridgeport Station,Saturday,7:00 to 8:00 AM,244,213,7
2024,Bridgeport Station,Saturday,7:00 to 8:00 PM,598,372,19
2024,Bridgeport Station,Saturday,8:00 to 9:00 AM,268,284,8
2024,Bridgeport Station,Saturday,8:00 to 9:00 PM,443,291,20
2024,Bridgeport Station,Saturday,9:00 to 10:00 AM,333,445,9
2024,Bridgeport Station,Saturday,9:00 to 10:00 PM,359,392,21
2024,Bridgeport Station,Sunday/Holiday,1:00 to 2:00 AM,23,5,1
2024,Bridgeport Station,Sunday/Holiday,1:00 to 2:00 PM,479,508,13
2024,Bridgeport Station,Sunday/Holiday,10:00 to 11:00 AM,332,428,10
2024,Bridgeport Station,Sunday/Holiday,10:00 to 11:00 PM,196,275,22
2024,Bridgeport Station,Sunday/Holiday,11:00 AM to 12:00 PM,397,529,11
2024,Bridgeport Station,Sunday/Holiday,11:00 PM to 12:00 AM,154,156,23
2024,Bridgeport Station,Sunday/Holiday,12:00 to 1:00 AM,89,56,0
2024,Bridgeport Station,Sunday/Holiday,12:00 to 1:00 PM,418,444,12
2024,Bridgeport Station,Sunday/Holiday,2:00 to 3:00 AM,1,1,2
2024,Bridgeport Station,Sunday/Holiday,2:00 to 3:00 PM,525,457,14
2024,Bridgeport Station,Sunday/Holiday,3:00 to 4:00 AM,0,0,3
2024,Bridgeport Station,Sunday/Holiday,3:00 to 4:00 PM,603,512,15
2024,Bridgeport Station,Sunday/Holiday,4:00 to 5:00 AM,1,3,4
2024,Bridgeport Station,Sunday/Holiday,4:00 to 5:00 PM,564,476,16
2024,Bridgeport Station,Sunday/Holiday,5:00 to 6:00 AM,69,63,5
2024,Bridgeport Station,Sunday/Holiday,5:00 to 6:00 PM,559,492,17
2024,Bridgeport Station,Sunday/Holiday,6:00 to 7:00 AM,96,151,6
2024,Bridgeport Station,Sunday/Holiday,6:00 to 7:00 PM,501,394,18
2024,Bridgeport Station,Sunday/Holiday,7:00 to 8:00 AM,195,175,7
2024,Bridgeport Station,Sunday/Holiday,7:00 to 8:00 PM,499,340,19
2024,Bridgeport Station,Sunday/Holiday,8:00 to 9:00 AM,214,211,8
2024,Bridgeport Station,Sunday/Holiday,8:00 to 9:00 PM,328,298,20
2024,Bridgeport Station,Sunday/Holiday,9:00 to 10:00 AM,278,355,9
2024,Bridgeport Station,Sunday/Holiday,9:00 to 10:00 PM,255,343,21
2024,Broadway-City Hall Station,Weekday,6:00 to 7:00 PM,692,796,18
2024,Broadway-City Hall Station,Weekday,7:00 to 8:00 AM,838,546,7
2024,Broadway-City Hall Station,Weekday,7:00 to 8:00 PM,414,517,19
2024,Broadway-City Hall Station,Weekday,8:00 to 9:00 AM,1246,707,8
2024,Broadway-City Hall Station,Weekday,8:00 to 9:00 PM,299,371,20
2024,Broadway-City Hall Station,Weekday,9:00 to 10:00 AM,806,493,9
2024,Broadway-City Hall Station,Weekday,9:00 to 10:00 PM,255,316,21
2024,Broadway-City Hall Station,Saturday,1:00 to 2:00 AM,28,14,1
2024,Broadway-City Hall Station,Saturday,1:00 to 2:00 PM,610,602,13
2024,Broadway-City Hall Station,Saturday,10:00 to 11:00 AM,443,381,10
2024,Broadway-City Hall Station,Saturday,10:00 to 11:00 PM,228,216,22
2024,Broadway-City Hall Station,Saturday,11:00 AM to 12:00 PM,503,460,11
2024,Broadway-City Hall Station,Saturday,11:00 PM to 12:00 AM,157,135,23
2024,Broadway-City Hall Station,Saturday,12:00 to 1:00 AM,103,63,0
2024,Broadway-City Hall Station,Saturday,12:00 to 1:00 PM,560,538,12
2024,Broadway-City Hall Station,Saturday,2:00 to 3:00 AM,0,1,2
2024,Broadway-City Hall Station,Saturday,2:00 to 3:00 PM,616,658,14
2024,Broadway-City Hall Station,Saturday,3:00 to 4:00 AM,0,0,3
2024,Broadway-City Hall Station,Saturday,3:00 to 4:00 PM,633,711,15
2024,Broadway-City Hall Station,Saturday,4:00 to 5:00 AM,1,11,4
2024,Broadway-City Hall Station,Saturday,4:00 to 5:00 PM,643,682,16
2024,Broadway-City Hall Station,Saturday,5:00 to 6:00 AM,40,55,5
2024,Broadway-City Hall Station,Saturday,5:00 to 6:00 PM,571,623,17
2024,Broadway-City Hall Station,Saturday,6:00 to 7:00 AM,142,107,6
2024,Broadway-City Hall Station,Saturday,6:00 to 7:00 PM,501,538,18
2024,Broadway-City Hall Station,Saturday,7:00 to 8:00 AM,180,174,7
2024,Broadway-City Hall Station,Saturday,7:00 to 8:00 PM,369,411,19
2024,Broadway-City Hall Station,Saturday,8:00 to 9:00 AM,279,213,8
2024,Broadway-City Hall Station,Saturday,8:00 to 9:00 PM,276,316,20
2024,Broadway-City Hall Station,Saturday,9:00 to 10:00 AM,419,310,9
2024,Broadway-City Hall Station,Saturday,9:00 to 10:00 PM,249,277,21
2024,Broadway-City Hall Station,Sunday/Holiday,1:00 to 2:00 AM,17,7,1
2024,Broadway-City Hall Station,Sunday/Holiday,1:00 to 2:00 PM,519,508,13
2024,Broadway-City Hall Station,Sunday/Holiday,10:00 to 11:00 AM,383,312,10
2024,Broadway-City Hall Station,Sunday/Holiday,10:00 to 11:00 PM,168,154,22
2024,Broadway-City Hall Station,Sunday/Holiday,11:00 AM to 12:00 PM,413,373,11
2024,Broadway-City Hall Station,Sunday/Holiday,11:00 PM to 12:00 AM,107,78,23
2024,Broadway-City Hall Station,Sunday/Holiday,12:00 to 1:00 AM,57,31,0
2024,Broadway-City Hall Station,Sunday/Holiday,12:00 to 1:00 PM,460,449,12
2024,Broadway-City Hall Station,Sunday/Holiday,2:00 to 3:00 AM,1,1,2
2024,Broadway-City Hall Station,Sunday/Holiday,2:00 to 3:00 PM,522,531,14
2024,Broadway-City Hall Station,Sunday/Holiday,3:00 to 4:00 AM,0,1,3
2024,Broadway-City Hall Station,Sunday/Holiday,3:00 to 4:00 PM,534,575,15
2024,Broadway-City Hall Station,Sunday/Holiday,4:00 to 5:00 AM,1,8,4
2024,Broadway-City Hall Station,Sunday/Holiday,4:00 to 5:00 PM,534,525,16
2024,Broadway-City Hall Station,Sunday/Holiday,5:00 to 6:00 AM,37,42,5
2024,Broadway-City Hall Station,Sunday/Holiday,5:00 to 6:00 PM,501,492,17
2024,Broadway-City Hall Station,Sunday/Holiday,6:00 to 7:00 AM,125,98,6
2024,Broadway-City Hall Station,Sunday/Holiday,6:00 to 7:00 PM,431,405,18
2024,Broadway-City Hall Station,Sunday/Holiday,7:00 to 8:00 AM,137,142,7
2024,Broadway-City Hall Station,Sunday/Holiday,7:00 to 8:00 PM,325,324,19
2024,Broadway-City Hall Station,Sunday/Holiday,8:00 to 9:00 AM,187,153,8
2024,Broadway-City Hall Station,Sunday/Holiday,8:00 to 9:00 PM,241,255,20
2024,Broadway-City Hall Station,Sunday/Holiday,9:00 to 10:00 AM,287,214,9
2024,Broadway-City Hall Station,Sunday/Holiday,9:00 to 10:00 PM,210,214,21
2024,Broadway-City Hall Station,Weekday,1:00 to 2:00 AM,14,7,1
2024,Broadway-City Hall Station,Weekday,1:00 to 2:00 PM,621,589,13
2024,Broadway-City Hall Station,Weekday,10:00 to 11:00 AM,566,431,10
2024,Broadway-City Hall Station,Weekday,10:00 to 11:00 PM,180,201,22
2024,Broadway-City Hall Station,Weekday,11:00 AM to 12:00 PM,528,479,11
2024,Broadway-City Hall Station,Weekday,11:00 PM to 12:00 AM,107,107,23
2024,Broadway-City Hall Station,Weekday,12:00 to 1:00 AM,60,38,0
2024,Broadway-City Hall Station,Weekday,12:00 to 1:00 PM,599,551,12
2024,Broadway-City Hall Station,Weekday,2:00 to 3:00 AM,1,1,2
2024,Broadway-City Hall Station,Weekday,2:00 to 3:00 PM,645,729,14
2024,Broadway-City Hall Station,Weekday,3:00 to 4:00 AM,0,0,3
2024,Broadway-City Hall Station,Weekday,3:00 to 4:00 PM,783,1060,15
2024,Broadway-City Hall Station,Weekday,4:00 to 5:00 AM,2,12,4
2024,Broadway-City Hall Station,Weekday,4:00 to 5:00 PM,944,1439,16
2024,Broadway-City Hall Station,Weekday,5:00 to 6:00 AM,87,83,5
2024,Broadway-City Hall Station,Weekday,5:00 to 6:00 PM,1007,1325,17
2024,Broadway-City Hall Station,Weekday,6:00 to 7:00 AM,359,296,6
2024,Burquitlam Station,Saturday,12:00 to 1:00 AM,94,16,0
2024,Burquitlam Station,Saturday,12:00 to 1:00 PM,151,269,12
2024,Burquitlam Station,Saturday,2:00 to 3:00 AM,0,0,2
2024,Burquitlam Station,Saturday,2:00 to 3:00 PM,216,292,14
2024,Burquitlam Station,Saturday,3:00 to 4:00 PM,257,265,15
2024,Burquitlam Station,Saturday,4:00 to 5:00 AM,0,0,4
2024,Burquitlam Station,Saturday,4:00 to 5:00 PM,285,253,16
2024,Burquitlam Station,Saturday,5:00 to 6:00 AM,0,1,5
2024,Burquitlam Station,Saturday,5:00 to 6:00 PM,291,221,17
2024,Burquitlam Station,Saturday,6:00 to 7:00 AM,17,64,6
2024,Burquitlam Station,Saturday,6:00 to 7:00 PM,287,189,18
2024,Burquitlam Station,Saturday,7:00 to 8:00 AM,67,128,7
2024,Burquitlam Station,Saturday,7:00 to 8:00 PM,252,124,19
2024,Burquitlam Station,Saturday,8:00 to 9:00 AM,137,184,8
2024,Burquitlam Station,Saturday,8:00 to 9:00 PM,204,97,20
2024,Burquitlam Station,Saturday,9:00 to 10:00 AM,94,214,9
2024,Burquitlam Station,Saturday,9:00 to 10:00 PM,184,85,21
2024,Burquitlam Station,Sunday/Holiday,1:00 to 2:00 AM,1,0,1
2024,Burquitlam Station,Sunday/Holiday,1:00 to 2:00 PM,160,228,13
2024,Burquitlam Station,Sunday/Holiday,10:00 to 11:00 AM,88,211,10
2024,Burquitlam Station,Sunday/Holiday,10:00 to 11:00 PM,113,41,22
2024,Burquitlam Station,Sunday/Holiday,11:00 AM to 12:00 PM,104,210,11
2024,Burquitlam Station,Sunday/Holiday,11:00 PM to 12:00 AM,84,25,23
2024,Burquitlam Station,Sunday/Holiday,12:00 to 1:00 AM,38,6,0
2024,Burquitlam Station,Sunday/Holiday,12:00 to 1:00 PM,130,218,12
2024,Burquitlam Station,Sunday/Holiday,2:00 to 3:00 PM,186,214,14
2024,Burquitlam Station,Sunday/Holiday,3:00 to 4:00 AM,0,0,3
2024,Burquitlam Station,Sunday/Holiday,3:00 to 4:00 PM,209,205,15
2024,Burquitlam Station,Sunday/Holiday,4:00 to 5:00 PM,235,182,16
2024,Burquitlam Station,Saturday,11:00 PM to 12:00 AM,131,36,23
2024,Burquitlam Station,Saturday,11:00 AM to 12:00 PM,122,252,11
2024,Burquitlam Station,Saturday,10:00 to 11:00 PM,190,57,22
2024,Burquitlam Station,Saturday,10:00 to 11:00 AM,97,233,10
2024,Burquitlam Station,Saturday,1:00 to 2:00 PM,180,292,13
2024,Burquitlam Station,Saturday,1:00 to 2:00 AM,39,6,1
2024,Burquitlam Station,Weekday,9:00 to 10:00 PM,217,68,21
2024,Burquitlam Station,Weekday,9:00 to 10:00 AM,170,303,9
2024,Burquitlam Station,Weekday,8:00 to 9:00 PM,231,84,20
2024,Burquitlam Station,Weekday,8:00 to 9:00 AM,209,505,8
2024,Burquitlam Station,Weekday,7:00 to 8:00 PM,302,134,19
2024,Burquitlam Station,Weekday,7:00 to 8:00 AM,211,511,7
2024,Burquitlam Station,Weekday,6:00 to 7:00 PM,474,243,18
2024,Burquitlam Station,Weekday,6:00 to 7:00 AM,447,307,6
2024,Burquitlam Station,Weekday,5:00 to 6:00 PM,596,386,17
2024,Burquitlam Station,Weekday,5:00 to 6:00 AM,20,121,5
2024,Burquitlam Station,Weekday,4:00 to 5:00 PM,502,411,16
2024,Burquitlam Station,Weekday,4:00 to 5:00 AM,0,0,4
2024,Burquitlam Station,Weekday,3:00 to 4:00 PM,403,548,15
2024,Burquitlam Station,Weekday,1:00 to 2:00 AM,22,3,1
2024,Burquitlam Station,Weekday,1:00 to 2:00 PM,216,245,13
2024,Burquitlam Station,Weekday,10:00 to 11:00 AM,148,230,10
2024,Burquitlam Station,Weekday,10:00 to 11:00 PM,157,45,22
2024,Burquitlam Station,Weekday,11:00 AM to 12:00 PM,162,236,11
2024,Burquitlam Station,Weekday,11:00 PM to 12:00 AM,104,24,23
2024,Burquitlam Station,Weekday,12:00 to 1:00 AM,51,9,0
2024,Burquitlam Station,Weekday,12:00 to 1:00 PM,189,253,12
2024,Burquitlam Station,Weekday,2:00 to 3:00 AM,0,0,2
2024,Burquitlam Station,Weekday,2:00 to 3:00 PM,249,320,14
2024,Burquitlam Station,Sunday/Holiday,5:00 to 6:00 AM,0,1,5
2024,Burquitlam Station,Sunday/Holiday,5:00 to 6:00 PM,256,154,17
2024,Burquitlam Station,Sunday/Holiday,6:00 to 7:00 AM,2,11,6
2024,Burquitlam Station,Sunday/Holiday,6:00 to 7:00 PM,252,122,18
2024,Burquitlam Station,Sunday/Holiday,7:00 to 8:00 AM,22,80,7
2024,Burquitlam Station,Sunday/Holiday,7:00 to 8:00 PM,209,88,19
2024,Burquitlam Station,Sunday/Holiday,8:00 to 9:00 AM,47,120,8
2024,Burquitlam Station,Sunday/Holiday,8:00 to 9:00 PM,170,76,20
2024,Burquitlam Station,Sunday/Holiday,9:00 to 10:00 AM,64,173,9
2024,Burquitlam Station,Sunday/Holiday,9:00 to 10:00 PM,147,64,21
2024,Burrard Station,Saturday,6:00 to 7:00 AM,270,80,6
2024,Burrard Station,Saturday,6:00 to 7:00 PM,803,1006,18
2024,Burrard Station,Saturday,7:00 to 8:00 AM,684,235,7
2024,Burrard Station,Saturday,7:00 to 8:00 PM,649,851,19
2024,Burrard Station,Saturday,8:00 to 9:00 AM,803,223,8
2024,Burrard Station,Saturday,8:00 to 9:00 PM,498,759,20
2024,Burrard Station,Saturday,9:00 to 10:00 AM,806,256,9
2024,Burrard Station,Saturday,9:00 to 10:00 PM,461,775,21
2024,Burrard Station,Sunday/Holiday,1:00 to 2:00 AM,2,2,1
2024,Burrard Station,Sunday/Holiday,1:00 to 2:00 PM,749,489,13
2024,Burrard Station,Sunday/Holiday,10:00 to 11:00 AM,729,282,10
2024,Burrard Station,Sunday/Holiday,10:00 to 11:00 PM,220,541,22
2024,Burrard Station,Sunday/Holiday,11:00 AM to 12:00 PM,700,330,11
2024,Burrard Station,Sunday/Holiday,11:00 PM to 12:00 AM,129,446,23
2024,Burrard Station,Sunday/Holiday,12:00 to 1:00 AM,29,102,0
2024,Burrard Station,Sunday/Holiday,12:00 to 1:00 PM,672,429,12
2024,Burrard Station,Sunday/Holiday,2:00 to 3:00 AM,1,0,2
2024,Burrard Station,Sunday/Holiday,9:00 to 10:00 PM,223,631,21
2024,Burrard Station,Sunday/Holiday,9:00 to 10:00 AM,591,205,9
2024,Burrard Station,Sunday/Holiday,8:00 to 9:00 PM,247,662,20
2024,Burrard Station,Sunday/Holiday,8:00 to 9:00 AM,702,178,8
2024,Burrard Station,Sunday/Holiday,7:00 to 8:00 PM,360,763,19
2024,Burrard Station,Sunday/Holiday,7:00 to 8:00 AM,459,172,7
2024,Burrard Station,Sunday/Holiday,6:00 to 7:00 PM,501,889,18
2024,Burrard Station,Sunday/Holiday,6:00 to 7:00 AM,14,5,6
2024,Burrard Station,Sunday/Holiday,5:00 to 6:00 PM,580,1016,17
2024,Burrard Station,Sunday/Holiday,5:00 to 6:00 AM,3,2,5
2024,Burrard Station,Sunday/Holiday,4:00 to 5:00 PM,695,912,16
2024,Burrard Station,Sunday/Holiday,4:00 to 5:00 AM,0,0,4
2024,Burrard Station,Sunday/Holiday,3:00 to 4:00 PM,760,761,15
2024,Burrard Station,Sunday/Holiday,3:00 to 4:00 AM,0,0,3
2024,Burrard Station,Sunday/Holiday,2:00 to 3:00 PM,800,607,14
2024,Burrard Station,Weekday,10:00 to 11:00 PM,257,645,22
2024,Burrard Station,Weekday,10:00 to 11:00 AM,955,335,10
2024,Burrard Station,Weekday,1:00 to 2:00 PM,789,682,13
2024,Burrard Station,Weekday,1:00 to 2:00 AM,11,40,1
2024,Burrard Station,Saturday,5:00 to 6:00 PM,851,1138,17
2024,Burrard Station,Saturday,5:00 to 6:00 AM,0,0,5
2024,Burrard Station,Saturday,4:00 to 5:00 PM,920,1104,16
2024,Burrard Station,Saturday,4:00 to 5:00 AM,0,0,4
2024,Burrard Station,Saturday,3:00 to 4:00 PM,930,939,15
2024,Burrard Station,Saturday,3:00 to 4:00 AM,0,0,3
2024,Burrard Station,Saturday,2:00 to 3:00 PM,951,720,14
2024,Burrard Station,Saturday,2:00 to 3:00 AM,0,0,2
2024,Burrard Station,Saturday,12:00 to 1:00 PM,778,474,12
2024,Burrard Station,Saturday,12:00 to 1:00 AM,103,471,0
2024,Burrard Station,Saturday,11:00 PM to 12:00 AM,216,784,23
2024,Burrard Station,Saturday,11:00 AM to 12:00 PM,770,417,11
2024,Burrard Station,Saturday,10:00 to 11:00 PM,345,755,22
2024,Burrard Station,Saturday,10:00 to 11:00 AM,740,312,10
2024,Burrard Station,Saturday,1:00 to 2:00 PM,863,556,13
2024,Burrard Station,Saturday,1:00 to 2:00 AM,23,85,1
2024,Burrard Station,Weekday,9:00 to 10:00 PM,289,839,21
2024,Burrard Station,Weekday,9:00 to 10:00 AM,1963,346,9
2024,Burrard Station,Weekday,8:00 to 9:00 PM,294,863,20
2024,Burrard Station,Weekday,8:00 to 9:00 AM,4079,520,8
2024,Burrard Station,Weekday,7:00 to 8:00 PM,417,1048,19
2024,Burrard Station,Weekday,7:00 to 8:00 AM,2590,545,7
2024,Burrard Station,Weekday,6:00 to 7:00 PM,711,1651,18
2024,Burrard Station,Weekday,6:00 to 7:00 AM,1152,332,6
2024,Burrard Station,Weekday,5:00 to 6:00 PM,1032,3153,17
2024,Burrard Station,Weekday,5:00 to 6:00 AM,272,134,5
2024,Burrard Station,Weekday,4:00 to 5:00 PM,1112,3229,16
2024,Burrard Station,Weekday,4:00 to 5:00 AM,0,0,4
2024,Burrard Station,Weekday,3:00 to 4:00 PM,913,1866,15
2024,Burrard Station,Weekday,3:00 to 4:00 AM,0,0,3
2024,Burrard Station,Weekday,2:00 to 3:00 PM,888,1078,14
2024,Burrard Station,Weekday,11:00 AM to 12:00 PM,833,447,11
2024,Burrard Station,Weekday,11:00 PM to 12:00 AM,135,540,23
2024,Burrard Station,Weekday,12:00 to 1:00 AM,54,295,0
2024,Burrard Station,Weekday,12:00 to 1:00 PM,755,572,12
2024,Burrard Station,Weekday,2:00 to 3:00 AM,1,1,2
2024,Capstan Station,Saturday,8:00 to 9:00 PM,54,44,20
2024,Capstan Station,Saturday,8:00 to 9:00 AM,14,28,8
2024,Capstan Station,Saturday,7:00 to 8:00 PM,52,72,19
2024,Capstan Station,Saturday,7:00 to 8:00 AM,18,18,7
2024,Capstan Station,Saturday,6:00 to 7:00 PM,118,66,18
2024,Capstan Station,Saturday,6:00 to 7:00 AM,4,9,6
2024,Capstan Station,Saturday,5:00 to 6:00 PM,124,105,17
2024,Capstan Station,Saturday,5:00 to 6:00 AM,2,5,5
2024,Capstan Station,Saturday,4:00 to 5:00 PM,118,113,16
2024,Capstan Station,Saturday,4:00 to 5:00 AM,2,1,4
2024,Capstan Station,Saturday,3:00 to 4:00 PM,106,107,15
2024,Capstan Station,Saturday,2:00 to 3:00 PM,96,98,14
2024,Capstan Station,Saturday,12:00 to 1:00 PM,77,82,12
2024,Capstan Station,Saturday,12:00 to 1:00 AM,16,6,0
2024,Capstan Station,Saturday,11:00 PM to 12:00 AM,26,21,23
2024,Capstan Station,Saturday,11:00 AM to 12:00 PM,60,77,11
2024,Capstan Station,Saturday,10:00 to 11:00 PM,46,25,22
2024,Capstan Station,Saturday,10:00 to 11:00 AM,51,79,10
2024,Capstan Station,Saturday,1:00 to 2:00 PM,75,80,13
2024,Capstan Station,Saturday,1:00 to 2:00 AM,6,2,1
2024,Capstan Station,Weekday,9:00 to 10:00 PM,37,37,21
2024,Capstan Station,Weekday,9:00 to 10:00 AM,34,55,9
2024,Capstan Station,Weekday,8:00 to 9:00 PM,42,35,20
2024,Capstan Station,Weekday,8:00 to 9:00 AM,21,68,8
2024,Capstan Station,Weekday,7:00 to 8:00 PM,59,39,19
2024,Capstan Station,Weekday,7:00 to 8:00 AM,17,35,7
2024,Capstan Station,Weekday,6:00 to 7:00 PM,94,68,18
2024,Capstan Station,Weekday,6:00 to 7:00 AM,18,24,6
2024,Capstan Station,Weekday,5:00 to 6:00 PM,117,73,17
2024,Capstan Station,Weekday,5:00 to 6:00 AM,2,9,5
2024,Capstan Station,Weekday,4:00 to 5:00 PM,143,99,16
2024,Capstan Station,Weekday,4:00 to 5:00 AM,1,1,4
2024,Capstan Station,Weekday,3:00 to 4:00 PM,123,113,15
2024,Capstan Station,Weekday,2:00 to 3:00 PM,117,118,14
2024,Capstan Station,Weekday,2:00 to 3:00 AM,0,0,2
2024,Capstan Station,Weekday,12:00 to 1:00 PM,97,102,12
2024,Capstan Station,Weekday,12:00 to 1:00 AM,8,7,0
2024,Capstan Station,Weekday,11:00 PM to 12:00 AM,15,15,23
2024,Capstan Station,Weekday,11:00 AM to 12:00 PM,63,97,11
2024,Capstan Station,Weekday,10:00 to 11:00 PM,30,26,22
2024,Capstan Station,Weekday,10:00 to 11:00 AM,51,60,10
2024,Capstan Station,Weekday,1:00 to 2:00 PM,95,113,13
2024,Capstan Station,Weekday,1:00 to 2:00 AM,4,3,1
2024,Capstan Station,Sunday/Holiday,9:00 to 10:00 PM,32,34,21
2024,Capstan Station,Sunday/Holiday,9:00 to 10:00 AM,24,33,9
2024,Capstan Station,Sunday/Holiday,8:00 to 9:00 PM,42,46,20
2024,Capstan Station,Sunday/Holiday,8:00 to 9:00 AM,14,20,8
2024,Capstan Station,Sunday/Holiday,7:00 to 8:00 PM,59,49,19
2024,Capstan Station,Sunday/Holiday,7:00 to 8:00 AM,9,11,7
2024,Capstan Station,Sunday/Holiday,6:00 to 7:00 PM,84,60,18
2024,Capstan Station,Sunday/Holiday,6:00 to 7:00 AM,6,8,6
2024,Capstan Station,Sunday/Holiday,5:00 to 6:00 PM,101,63,17
2024,Capstan Station,Sunday/Holiday,5:00 to 6:00 AM,2,5,5
2024,Capstan Station,Sunday/Holiday,4:00 to 5:00 PM,92,75,16
2024,Capstan Station,Sunday/Holiday,4:00 to 5:00 AM,1,1,4
2024,Capstan Station,Sunday/Holiday,3:00 to 4:00 PM,83,88,15
2024,Capstan Station,Sunday/Holiday,2:00 to 3:00 PM,90,93,14
2024,Capstan Station,Sunday/Holiday,2:00 to 3:00 AM,1,1,2
2024,Capstan Station,Sunday/Holiday,12:00 to 1:00 PM,58,55,12
2024,Capstan Station,Sunday/Holiday,12:00 to 1:00 AM,11,8,0
2024,Capstan Station,Sunday/Holiday,11:00 PM to 12:00 AM,19,19,23
2024,Capstan Station,Sunday/Holiday,11:00 AM to 12:00 PM,51,56,11
2024,Capstan Station,Sunday/Holiday,10:00 to 11:00 PM,26,18,22
2024,Capstan Station,Sunday/Holiday,10:00 to 11:00 AM,48,52,10
2024,Capstan Station,Sunday/Holiday,1:00 to 2:00 PM,74,72,13
2024,Capstan Station,Sunday/Holiday,1:00 to 2:00 AM,4,3,1
2024,Capstan Station,Saturday,9:00 to 10:00 PM,48,41,21
2024,Capstan Station,Saturday,9:00 to 10:00 AM,23,32,9
2024,Columbia Station,Weekday,7:00 to 8:00 PM,202,157,19
2024,Columbia Station,Weekday,8:00 to 9:00 AM,388,388,8
2024,Columbia Station,Weekday,8:00 to 9:00 PM,143,141,20
2024,Columbia Station,Weekday,9:00 to 10:00 AM,191,220,9
2024,Columbia Station,Weekday,9:00 to 10:00 PM,125,116,21
2024,Columbia Station,Saturday,1:00 to 2:00 AM,38,15,1
2024,Columbia Station,Saturday,1:00 to 2:00 PM,168,225,13
2024,Columbia Station,Saturday,10:00 to 11:00 AM,125,183,10
2024,Columbia Station,Saturday,10:00 to 11:00 PM,129,112,22
2024,Columbia Station,Saturday,11:00 AM to 12:00 PM,210,228,11
2024,Columbia Station,Saturday,11:00 PM to 12:00 AM,97,91,23
2024,Columbia Station,Saturday,12:00 to 1:00 AM,67,46,0
2024,Columbia Station,Saturday,12:00 to 1:00 PM,170,235,12
2024,Columbia Station,Saturday,2:00 to 3:00 AM,0,0,2
2024,Columbia Station,Saturday,2:00 to 3:00 PM,209,280,14
2024,Columbia Station,Saturday,3:00 to 4:00 PM,201,267,15
2024,Columbia Station,Saturday,4:00 to 5:00 AM,0,0,4
2024,Columbia Station,Saturday,4:00 to 5:00 PM,214,240,16
2024,Columbia Station,Weekday,7:00 to 8:00 AM,164,445,7
2024,Columbia Station,Weekday,6:00 to 7:00 PM,310,230,18
2024,Columbia Station,Weekday,6:00 to 7:00 AM,94,313,6
2024,Columbia Station,Weekday,5:00 to 6:00 PM,401,385,17
2024,Columbia Station,Weekday,5:00 to 6:00 AM,29,132,5
2024,Columbia Station,Weekday,4:00 to 5:00 PM,369,344,16
2024,Columbia Station,Weekday,4:00 to 5:00 AM,0,0,4
2024,Columbia Station,Weekday,3:00 to 4:00 PM,294,344,15
2024,Columbia Station,Weekday,3:00 to 4:00 AM,0,0,3
2024,Columbia Station,Weekday,2:00 to 3:00 PM,238,271,14
2024,Columbia Station,Weekday,2:00 to 3:00 AM,0,0,2
2024,Columbia Station,Weekday,12:00 to 1:00 PM,173,235,12
2024,Columbia Station,Weekday,12:00 to 1:00 AM,38,22,0
2024,Columbia Station,Weekday,11:00 PM to 12:00 AM,69,53,23
2024,Columbia Station,Weekday,11:00 AM to 12:00 PM,221,203,11
2024,Columbia Station,Weekday,10:00 to 11:00 PM,107,90,22
2024,Columbia Station,Weekday,10:00 to 11:00 AM,126,169,10
2024,Columbia Station,Weekday,1:00 to 2:00 PM,161,204,13
2024,Columbia Station,Weekday,1:00 to 2:00 AM,16,8,1
2024,Columbia Station,Sunday/Holiday,9:00 to 10:00 PM,94,91,21
2024,Columbia Station,Sunday/Holiday,9:00 to 10:00 AM,73,128,9
2024,Columbia Station,Sunday/Holiday,8:00 to 9:00 PM,116,109,20
2024,Columbia Station,Sunday/Holiday,8:00 to 9:00 AM,54,95,8
2024,Columbia Station,Sunday/Holiday,7:00 to 8:00 PM,151,112,19
2024,Columbia Station,Sunday/Holiday,7:00 to 8:00 AM,27,96,7
2024,Columbia Station,Sunday/Holiday,6:00 to 7:00 PM,170,132,18
2024,Columbia Station,Sunday/Holiday,6:00 to 7:00 AM,1,4,6
2024,Columbia Station,Sunday/Holiday,5:00 to 6:00 PM,177,158,17
2024,Columbia Station,Sunday/Holiday,5:00 to 6:00 AM,0,1,5
2024,Columbia Station,Sunday/Holiday,4:00 to 5:00 PM,174,168,16
2024,Columbia Station,Sunday/Holiday,4:00 to 5:00 AM,0,0,4
2024,Columbia Station,Sunday/Holiday,3:00 to 4:00 PM,157,185,15
2024,Columbia Station,Sunday/Holiday,3:00 to 4:00 AM,0,0,3
2024,Columbia Station,Sunday/Holiday,2:00 to 3:00 PM,152,170,14
2024,Columbia Station,Sunday/Holiday,2:00 to 3:00 AM,0,0,2
2024,Columbia Station,Sunday/Holiday,12:00 to 1:00 PM,112,199,12
2024,Columbia Station,Sunday/Holiday,12:00 to 1:00 AM,32,18,0
2024,Columbia Station,Sunday/Holiday,11:00 PM to 12:00 AM,58,44,23
2024,Columbia Station,Sunday/Holiday,11:00 AM to 12:00 PM,112,166,11
2024,Columbia Station,Sunday/Holiday,10:00 to 11:00 PM,84,81,22
2024,Columbia Station,Sunday/Holiday,10:00 to 11:00 AM,108,169,10
2024,Columbia Station,Sunday/Holiday,1:00 to 2:00 PM,134,194,13
2024,Columbia Station,Sunday/Holiday,1:00 to 2:00 AM,1,1,1
2024,Columbia Station,Saturday,9:00 to 10:00 PM,135,124,21
2024,Columbia Station,Saturday,9:00 to 10:00 AM,120,163,9
2024,Columbia Station,Saturday,8:00 to 9:00 PM,148,137,20
2024,Columbia Station,Saturday,8:00 to 9:00 AM,202,130,8
2024,Columbia Station,Saturday,7:00 to 8:00 PM,183,144,19
2024,Columbia Station,Saturday,7:00 to 8:00 AM,43,102,7
2024,Columbia Station,Saturday,6:00 to 7:00 PM,215,206,18
2024,Columbia Station,Saturday,6:00 to 7:00 AM,20,70,6
2024,Columbia Station,Saturday,5:00 to 6:00 PM,222,298,17
2024,Columbia Station,Saturday,5:00 to 6:00 AM,0,0,5
2024,Commercial-Broadway Station,Saturday,4:00 to 5:00 AM,1,0,4
2024,Commercial-Broadway Station,Saturday,4:00 to 5:00 PM,1309,1369,16
2024,Commercial-Broadway Station,Saturday,5:00 to 6:00 AM,1,10,5
2024,Commercial-Broadway Station,Saturday,5:00 to 6:00 PM,1259,1316,17
2024,Commercial-Broadway Station,Saturday,6:00 to 7:00 AM,250,164,6
2024,Commercial-Broadway Station,Saturday,6:00 to 7:00 PM,1174,1195,18
2024,Commercial-Broadway Station,Saturday,7:00 to 8:00 AM,480,410,7
2024,Commercial-Broadway Station,Saturday,7:00 to 8:00 PM,935,946,19
2024,Commercial-Broadway Station,Saturday,8:00 to 9:00 AM,665,514,8
2024,Commercial-Broadway Station,Saturday,8:00 to 9:00 PM,731,717,20
2024,Commercial-Broadway Station,Saturday,9:00 to 10:00 AM,843,632,9
2024,Commercial-Broadway Station,Saturday,9:00 to 10:00 PM,774,702,21
2024,Commercial-Broadway Station,Sunday/Holiday,1:00 to 2:00 AM,3,2,1
2024,Commercial-Broadway Station,Sunday/Holiday,1:00 to 2:00 PM,985,964,13
2024,Commercial-Broadway Station,Sunday/Holiday,10:00 to 11:00 AM,738,652,10
2024,Commercial-Broadway Station,Sunday/Holiday,10:00 to 11:00 PM,441,455,22
2024,Commercial-Broadway Station,Sunday/Holiday,11:00 AM to 12:00 PM,767,743,11
2024,Commercial-Broadway Station,Sunday/Holiday,11:00 PM to 12:00 AM,320,347,23
2024,Commercial-Broadway Station,Sunday/Holiday,12:00 to 1:00 AM,125,114,0
2024,Commercial-Broadway Station,Sunday/Holiday,9:00 to 10:00 PM,521,549,21
2024,Commercial-Broadway Station,Sunday/Holiday,9:00 to 10:00 AM,625,480,9
2024,Commercial-Broadway Station,Sunday/Holiday,8:00 to 9:00 PM,597,588,20
2024,Commercial-Broadway Station,Sunday/Holiday,8:00 to 9:00 AM,430,385,8
2024,Commercial-Broadway Station,Sunday/Holiday,7:00 to 8:00 PM,763,733,19
2024,Commercial-Broadway Station,Sunday/Holiday,7:00 to 8:00 AM,281,243,7
2024,Commercial-Broadway Station,Sunday/Holiday,6:00 to 7:00 PM,938,877,18
2024,Commercial-Broadway Station,Sunday/Holiday,6:00 to 7:00 AM,16,12,6
2024,Commercial-Broadway Station,Sunday/Holiday,5:00 to 6:00 PM,1053,1018,17
2024,Commercial-Broadway Station,Sunday/Holiday,5:00 to 6:00 AM,2,11,5
2024,Commercial-Broadway Station,Sunday/Holiday,4:00 to 5:00 PM,1106,1089,16
2024,Commercial-Broadway Station,Sunday/Holiday,4:00 to 5:00 AM,0,0,4
2024,Commercial-Broadway Station,Sunday/Holiday,3:00 to 4:00 PM,1100,1111,15
2024,Commercial-Broadway Station,Sunday/Holiday,3:00 to 4:00 AM,0,0,3
2024,Commercial-Broadway Station,Sunday/Holiday,2:00 to 3:00 PM,1058,988,14
2024,Commercial-Broadway Station,Sunday/Holiday,2:00 to 3:00 AM,0,0,2
2024,Commercial-Broadway Station,Sunday/Holiday,12:00 to 1:00 PM,866,844,12
2024,Commercial-Broadway Station,Saturday,3:00 to 4:00 PM,1230,1353,15
2024,Commercial-Broadway Station,Saturday,3:00 to 4:00 AM,0,0,3
2024,Commercial-Broadway Station,Saturday,2:00 to 3:00 PM,1169,1198,14
2024,Commercial-Broadway Station,Saturday,2:00 to 3:00 AM,1,0,2
2024,Commercial-Broadway Station,Saturday,12:00 to 1:00 PM,984,979,12
2024,Commercial-Broadway Station,Saturday,12:00 to 1:00 AM,333,333,0
2024,Commercial-Broadway Station,Saturday,11:00 PM to 12:00 AM,525,543,23
2024,Commercial-Broadway Station,Saturday,11:00 AM to 12:00 PM,884,860,11
2024,Commercial-Broadway Station,Saturday,10:00 to 11:00 PM,704,677,22
2024,Commercial-Broadway Station,Saturday,10:00 to 11:00 AM,861,723,10
2024,Commercial-Broadway Station,Saturday,1:00 to 2:00 PM,1065,1096,13
2024,Commercial-Broadway Station,Saturday,1:00 to 2:00 AM,119,95,1
2024,Commercial-Broadway Station,Weekday,9:00 to 10:00 PM,696,704,21
2024,Commercial-Broadway Station,Weekday,9:00 to 10:00 AM,1309,898,9
2024,Commercial-Broadway Station,Weekday,8:00 to 9:00 PM,736,784,20
2024,Commercial-Broadway Station,Weekday,8:00 to 9:00 AM,1918,1455,8
2024,Commercial-Broadway Station,Weekday,7:00 to 8:00 PM,914,1024,19
2024,Commercial-Broadway Station,Weekday,7:00 to 8:00 AM,1643,1166,7
2024,Commercial-Broadway Station,Weekday,6:00 to 7:00 PM,1473,1566,18
2024,Commercial-Broadway Station,Weekday,6:00 to 7:00 AM,974,721,6
2024,Commercial-Broadway Station,Weekday,5:00 to 6:00 PM,2077,2229,17
2024,Commercial-Broadway Station,Weekday,5:00 to 6:00 AM,247,242,5
2024,Commercial-Broadway Station,Weekday,4:00 to 5:00 PM,1921,2216,16
2024,Commercial-Broadway Station,Weekday,4:00 to 5:00 AM,1,6,4
2024,Commercial-Broadway Station,Weekday,3:00 to 4:00 PM,1511,1807,15
2024,Commercial-Broadway Station,Weekday,3:00 to 4:00 AM,1,1,3
2024,Commercial-Broadway Station,Weekday,2:00 to 3:00 PM,1181,1156,14
2024,Commercial-Broadway Station,Weekday,2:00 to 3:00 AM,1,1,2
2024,Commercial-Broadway Station,Weekday,12:00 to 1:00 PM,1000,939,12
2024,Commercial-Broadway Station,Weekday,12:00 to 1:00 AM,191,195,0
2024,Commercial-Broadway Station,Weekday,11:00 PM to 12:00 AM,372,415,23
2024,Commercial-Broadway Station,Weekday,11:00 AM to 12:00 PM,859,814,11
2024,Commercial-Broadway Station,Weekday,10:00 to 11:00 PM,590,588,22
2024,Commercial-Broadway Station,Weekday,10:00 to 11:00 AM,925,710,10
2024,Commercial-Broadway Station,Weekday,1:00 to 2:00 PM,1021,966,13
2024,Commercial-Broadway Station,Weekday,1:00 to 2:00 AM,62,49,1
2024,Coquitlam Central Station,Weekday,10:00 to 11:00 PM,164,99,22
2024,Coquitlam Central Station,Weekday,1:00 to 2:00 AM,23,2,1
2024,Coquitlam Central Station,Weekday,1:00 to 2:00 PM,269,224,13
2024,Coquitlam Central Station,Weekday,10:00 to 11:00 AM,151,222,10
2024,Coquitlam Central Station,Sunday/Holiday,7:00 to 8:00 PM,190,149,19
2024,Coquitlam Central Station,Sunday/Holiday,8:00 to 9:00 AM,171,121,8
2024,Coquitlam Central Station,Sunday/Holiday,8:00 to 9:00 PM,165,141,20
2024,Coquitlam Central Station,Sunday/Holiday,9:00 to 10:00 AM,159,142,9
2024,Coquitlam Central Station,Sunday/Holiday,9:00 to 10:00 PM,140,114,21
2024,Coquitlam Central Station,Sunday/Holiday,7:00 to 8:00 AM,8,111,7
2024,Coquitlam Central Station,Sunday/Holiday,6:00 to 7:00 PM,233,186,18
2024,Coquitlam Central Station,Sunday/Holiday,6:00 to 7:00 AM,3,44,6
2024,Coquitlam Central Station,Sunday/Holiday,5:00 to 6:00 PM,238,204,17
2024,Coquitlam Central Station,Sunday/Holiday,5:00 to 6:00 AM,0,2,5
2024,Coquitlam Central Station,Sunday/Holiday,4:00 to 5:00 PM,249,217,16
2024,Coquitlam Central Station,Sunday/Holiday,4:00 to 5:00 AM,0,0,4
2024,Coquitlam Central Station,Sunday/Holiday,3:00 to 4:00 PM,238,214,15
2024,Coquitlam Central Station,Sunday/Holiday,3:00 to 4:00 AM,0,0,3
2024,Coquitlam Central Station,Sunday/Holiday,2:00 to 3:00 PM,232,209,14
2024,Coquitlam Central Station,Sunday/Holiday,2:00 to 3:00 AM,0,0,2
2024,Coquitlam Central Station,Sunday/Holiday,12:00 to 1:00 PM,172,210,12
2024,Coquitlam Central Station,Sunday/Holiday,12:00 to 1:00 AM,41,5,0
2024,Coquitlam Central Station,Sunday/Holiday,11:00 PM to 12:00 AM,68,60,23
2024,Coquitlam Central Station,Sunday/Holiday,11:00 AM to 12:00 PM,163,197,11
2024,Coquitlam Central Station,Sunday/Holiday,10:00 to 11:00 PM,111,95,22
2024,Coquitlam Central Station,Sunday/Holiday,10:00 to 11:00 AM,163,168,10
2024,Coquitlam Central Station,Sunday/Holiday,1:00 to 2:00 PM,211,211,13
2024,Coquitlam Central Station,Sunday/Holiday,1:00 to 2:00 AM,2,1,1
2024,Coquitlam Central Station,Saturday,9:00 to 10:00 PM,198,144,21
2024,Coquitlam Central Station,Saturday,9:00 to 10:00 AM,212,194,9
2024,Coquitlam Central Station,Saturday,8:00 to 9:00 PM,212,171,20
2024,Coquitlam Central Station,Saturday,8:00 to 9:00 AM,171,176,8
2024,Coquitlam Central Station,Saturday,7:00 to 8:00 PM,247,202,19
2024,Coquitlam Central Station,Saturday,7:00 to 8:00 AM,152,161,7
2024,Coquitlam Central Station,Saturday,6:00 to 7:00 PM,279,258,18
2024,Coquitlam Central Station,Saturday,6:00 to 7:00 AM,3,104,6
2024,Coquitlam Central Station,Saturday,5:00 to 6:00 PM,303,307,17
2024,Coquitlam Central Station,Saturday,5:00 to 6:00 AM,0,13,5
2024,Coquitlam Central Station,Weekday,11:00 AM to 12:00 PM,172,249,11
2024,Coquitlam Central Station,Weekday,11:00 PM to 12:00 AM,102,61,23
2024,Coquitlam Central Station,Weekday,12:00 to 1:00 AM,55,23,0
2024,Coquitlam Central Station,Weekday,12:00 to 1:00 PM,220,218,12
2024,Coquitlam Central Station,Weekday,2:00 to 3:00 AM,0,0,2
2024,Coquitlam Central Station,Weekday,2:00 to 3:00 PM,337,230,14
2024,Coquitlam Central Station,Weekday,3:00 to 4:00 AM,0,0,3
2024,Coquitlam Central Station,Weekday,3:00 to 4:00 PM,506,347,15
2024,Coquitlam Central Station,Weekday,4:00 to 5:00 AM,0,9,4
2024,Coquitlam Central Station,Weekday,4:00 to 5:00 PM,542,382,16
2024,Coquitlam Central Station,Weekday,5:00 to 6:00 AM,7,185,5
2024,Coquitlam Central Station,Weekday,5:00 to 6:00 PM,554,380,17
2024,Coquitlam Central Station,Weekday,6:00 to 7:00 AM,236,376,6
2024,Coquitlam Central Station,Weekday,6:00 to 7:00 PM,420,256,18
2024,Coquitlam Central Station,Weekday,7:00 to 8:00 AM,291,507,7
2024,Coquitlam Central Station,Weekday,7:00 to 8:00 PM,271,158,19
2024,Coquitlam Central Station,Weekday,8:00 to 9:00 AM,265,457,8
2024,Coquitlam Central Station,Weekday,8:00 to 9:00 PM,220,135,20
2024,Coquitlam Central Station,Weekday,9:00 to 10:00 AM,180,286,9
2024,Coquitlam Central Station,Weekday,9:00 to 10:00 PM,203,127,21
2024,Coquitlam Central Station,Saturday,1:00 to 2:00 AM,48,2,1
2024,Coquitlam Central Station,Saturday,1:00 to 2:00 PM,253,279,13
2024,Coquitlam Central Station,Saturday,10:00 to 11:00 AM,196,215,10
2024,Coquitlam Central Station,Saturday,10:00 to 11:00 PM,204,135,22
2024,Coquitlam Central Station,Saturday,11:00 AM to 12:00 PM,203,236,11
2024,Coquitlam Central Station,Saturday,11:00 PM to 12:00 AM,131,78,23
2024,Coquitlam Central Station,Saturday,12:00 to 1:00 AM,98,29,0
2024,Coquitlam Central Station,Saturday,12:00 to 1:00 PM,211,261,12
2024,Coquitlam Central Station,Saturday,2:00 to 3:00 AM,0,0,2
2024,Coquitlam Central Station,Saturday,2:00 to 3:00 PM,283,284,14
2024,Coquitlam Central Station,Saturday,3:00 to 4:00 AM,0,0,3
2024,Coquitlam Central Station,Saturday,3:00 to 4:00 PM,290,315,15
2024,Coquitlam Central Station,Saturday,4:00 to 5:00 AM,0,0,4
2024,Coquitlam Central Station,Saturday,4:00 to 5:00 PM,324,319,16
2024,Edmonds Station,Saturday,1:00 to 2:00 PM,419,583,13
2024,Edmonds Station,Sunday/Holiday,3:00 to 4:00 AM,0,0,3
2024,Edmonds Station,Sunday/Holiday,6:00 to 7:00 AM,6,13,6
2024,Edmonds Station,Weekday,11:00 PM to 12:00 AM,239,90,23
2024,Edmonds Station,Saturday,1:00 to 2:00 AM,72,8,1
2024,Edmonds Station,Weekday,1:00 to 2:00 AM,45,6,1
2024,Edmonds Station,Weekday,12:00 to 1:00 AM,129,44,0
2024,Edmonds Station,Sunday/Holiday,6:00 to 7:00 PM,498,286,18
2024,Edmonds Station,Weekday,10:00 to 11:00 PM,348,145,22
2024,Edmonds Station,Sunday/Holiday,4:00 to 5:00 PM,540,410,16
2024,Edmonds Station,Weekday,10:00 to 11:00 AM,254,508,10
2024,Edmonds Station,Weekday,8:00 to 9:00 AM,649,1265,8
2024,Edmonds Station,Sunday/Holiday,12:00 to 1:00 AM,76,16,0
2024,Edmonds Station,Saturday,5:00 to 6:00 PM,633,507,17
2024,Edmonds Station,Saturday,4:00 to 5:00 PM,624,536,16
2024,Edmonds Station,Saturday,5:00 to 6:00 AM,0,1,5
2024,Edmonds Station,Weekday,9:00 to 10:00 AM,337,767,9
2024,Edmonds Station,Weekday,9:00 to 10:00 PM,449,189,21
2024,Edmonds Station,Saturday,7:00 to 8:00 AM,171,350,7
2024,Edmonds Station,Saturday,11:00 AM to 12:00 PM,300,530,11
2024,Edmonds Station,Sunday/Holiday,9:00 to 10:00 PM,296,172,21
2024,Edmonds Station,Weekday,11:00 AM to 12:00 PM,283,502,11
2024,Edmonds Station,Sunday/Holiday,2:00 to 3:00 AM,0,0,2
2024,Edmonds Station,Weekday,2:00 to 3:00 AM,0,0,2
2024,Edmonds Station,Saturday,11:00 PM to 12:00 AM,290,96,23
2024,Edmonds Station,Sunday/Holiday,10:00 to 11:00 AM,216,486,10
2024,Edmonds Station,Weekday,6:00 to 7:00 AM,477,791,6
2024,Edmonds Station,Sunday/Holiday,10:00 to 11:00 PM,252,121,22
2024,Edmonds Station,Weekday,12:00 to 1:00 PM,375,513,12
2024,Edmonds Station,Saturday,8:00 to 9:00 PM,402,233,20
2024,Edmonds Station,Weekday,7:00 to 8:00 PM,632,283,19
2024,Edmonds Station,Weekday,7:00 to 8:00 AM,616,1176,7
2024,Edmonds Station,Sunday/Holiday,4:00 to 5:00 AM,0,0,4
2024,Edmonds Station,Saturday,7:00 to 8:00 PM,488,300,19
2024,Edmonds Station,Saturday,12:00 to 1:00 PM,358,566,12
2024,Edmonds Station,Sunday/Holiday,12:00 to 1:00 PM,307,483,12
2024,Edmonds Station,Sunday/Holiday,8:00 to 9:00 AM,177,305,8
2024,Edmonds Station,Saturday,2:00 to 3:00 AM,0,0,2
2024,Edmonds Station,Saturday,2:00 to 3:00 PM,481,589,14
2024,Edmonds Station,Weekday,3:00 to 4:00 PM,850,836,15
2024,Edmonds Station,Weekday,2:00 to 3:00 PM,560,537,14
2024,Edmonds Station,Sunday/Holiday,7:00 to 8:00 AM,69,345,7
2024,Edmonds Station,Weekday,8:00 to 9:00 PM,473,211,20
2024,Edmonds Station,Sunday/Holiday,11:00 PM to 12:00 AM,184,71,23
2024,Edmonds Station,Weekday,4:00 to 5:00 PM,1122,913,16
2024,Edmonds Station,Weekday,5:00 to 6:00 PM,1309,823,17
2024,Edmonds Station,Saturday,3:00 to 4:00 AM,0,0,3
2024,Edmonds Station,Weekday,3:00 to 4:00 AM,0,0,3
2024,Edmonds Station,Saturday,10:00 to 11:00 PM,370,160,22
2024,Edmonds Station,Sunday/Holiday,2:00 to 3:00 PM,410,489,14
2024,Edmonds Station,Weekday,5:00 to 6:00 AM,108,359,5
2024,Edmonds Station,Saturday,9:00 to 10:00 AM,249,505,9
2024,Edmonds Station,Sunday/Holiday,1:00 to 2:00 AM,2,0,1
2024,Edmonds Station,Sunday/Holiday,1:00 to 2:00 PM,358,496,13
2024,Edmonds Station,Sunday/Holiday,9:00 to 10:00 AM,179,414,9
2024,Edmonds Station,Saturday,10:00 to 11:00 AM,270,522,10
2024,Edmonds Station,Sunday/Holiday,8:00 to 9:00 PM,348,190,20
2024,Edmonds Station,Sunday/Holiday,11:00 AM to 12:00 PM,236,455,11
2024,Edmonds Station,Sunday/Holiday,5:00 to 6:00 AM,1,3,5
2024,Edmonds Station,Saturday,3:00 to 4:00 PM,539,579,15
2024,Edmonds Station,Saturday,8:00 to 9:00 AM,217,473,8
2024,Edmonds Station,Weekday,1:00 to 2:00 PM,421,471,13
2024,Edmonds Station,Weekday,4:00 to 5:00 AM,0,0,4
2024,Edmonds Station,Saturday,12:00 to 1:00 AM,190,41,0
2024,Edmonds Station,Saturday,9:00 to 10:00 PM,399,208,21
2024,Edmonds Station,Saturday,6:00 to 7:00 AM,60,272,6
2024,Edmonds Station,Sunday/Holiday,5:00 to 6:00 PM,536,369,17
2024,Edmonds Station,Sunday/Holiday,3:00 to 4:00 PM,469,461,15
2024,Edmonds Station,Saturday,6:00 to 7:00 PM,579,406,18
2024,Edmonds Station,Weekday,6:00 to 7:00 PM,995,502,18
2024,Edmonds Station,Sunday/Holiday,7:00 to 8:00 PM,457,217,19
2024,Gateway Station,Sunday/Holiday,1:00 to 2:00 AM,4,1,1
2024,Gateway Station,Sunday/Holiday,5:00 to 6:00 AM,0,4,5
2024,Gateway Station,Saturday,9:00 to 10:00 PM,290,166,21
2024,Gateway Station,Sunday/Holiday,4:00 to 5:00 PM,287,256,16
2024,Gateway Station,Sunday/Holiday,4:00 to 5:00 AM,0,0,4
2024,Gateway Station,Saturday,10:00 to 11:00 AM,118,325,10
2024,Gateway Station,Saturday,10:00 to 11:00 PM,283,115,22
2024,Gateway Station,Saturday,11:00 AM to 12:00 PM,149,343,11
2024,Gateway Station,Saturday,11:00 PM to 12:00 AM,257,63,23
2024,Gateway Station,Saturday,12:00 to 1:00 AM,195,24,0
2024,Gateway Station,Saturday,12:00 to 1:00 PM,184,368,12
2024,Gateway Station,Saturday,2:00 to 3:00 AM,1,0,2
2024,Gateway Station,Saturday,2:00 to 3:00 PM,248,381,14
2024,Gateway Station,Sunday/Holiday,1:00 to 2:00 PM,175,354,13
2024,Gateway Station,Saturday,9:00 to 10:00 AM,105,361,9
2024,Gateway Station,Saturday,8:00 to 9:00 PM,309,159,20
2024,Gateway Station,Saturday,8:00 to 9:00 AM,137,390,8
2024,Gateway Station,Sunday/Holiday,10:00 to 11:00 AM,126,301,10
2024,Gateway Station,Sunday/Holiday,10:00 to 11:00 PM,215,96,22
2024,Gateway Station,Sunday/Holiday,11:00 AM to 12:00 PM,125,294,11
2024,Gateway Station,Saturday,7:00 to 8:00 PM,352,186,19
2024,Gateway Station,Saturday,7:00 to 8:00 AM,138,310,7
2024,Gateway Station,Sunday/Holiday,11:00 PM to 12:00 AM,205,45,23
2024,Gateway Station,Saturday,6:00 to 7:00 PM,394,244,18
2024,Gateway Station,Saturday,6:00 to 7:00 AM,50,261,6
2024,Gateway Station,Saturday,5:00 to 6:00 PM,396,278,17
2024,Gateway Station,Saturday,5:00 to 6:00 AM,0,9,5
2024,Gateway Station,Sunday/Holiday,12:00 to 1:00 AM,136,11,0
2024,Gateway Station,Sunday/Holiday,12:00 to 1:00 PM,144,342,12
2024,Gateway Station,Sunday/Holiday,2:00 to 3:00 AM,0,0,2
2024,Gateway Station,Sunday/Holiday,2:00 to 3:00 PM,197,335,14
2024,Gateway Station,Saturday,4:00 to 5:00 PM,353,318,16
2024,Gateway Station,Saturday,4:00 to 5:00 AM,0,0,4
2024,Gateway Station,Sunday/Holiday,3:00 to 4:00 PM,239,291,15
2024,Gateway Station,Saturday,3:00 to 4:00 PM,311,343,15
2024,Gateway Station,Sunday/Holiday,5:00 to 6:00 PM,331,217,17
2024,Gateway Station,Sunday/Holiday,6:00 to 7:00 AM,3,26,6
2024,Gateway Station,Sunday/Holiday,6:00 to 7:00 PM,336,190,18
2024,Gateway Station,Sunday/Holiday,7:00 to 8:00 AM,61,248,7
2024,Gateway Station,Sunday/Holiday,7:00 to 8:00 PM,337,156,19
2024,Gateway Station,Sunday/Holiday,8:00 to 9:00 AM,128,254,8
2024,Gateway Station,Sunday/Holiday,8:00 to 9:00 PM,290,137,20
2024,Gateway Station,Sunday/Holiday,9:00 to 10:00 AM,114,312,9
2024,Gateway Station,Sunday/Holiday,9:00 to 10:00 PM,229,132,21
2024,Gateway Station,Weekday,1:00 to 2:00 AM,72,5,1
2024,Gateway Station,Weekday,1:00 to 2:00 PM,215,348,13
2024,Gateway Station,Weekday,10:00 to 11:00 AM,119,324,10
2024,Gateway Station,Weekday,10:00 to 11:00 PM,276,101,22
2024,Gateway Station,Weekday,11:00 AM to 12:00 PM,142,350,11
2024,Gateway Station,Weekday,11:00 PM to 12:00 AM,235,46,23
2024,Gateway Station,Weekday,12:00 to 1:00 AM,173,17,0
2024,Gateway Station,Weekday,12:00 to 1:00 PM,191,358,12
2024,Gateway Station,Weekday,2:00 to 3:00 AM,0,0,2
2024,Gateway Station,Weekday,2:00 to 3:00 PM,266,348,14
2024,Gateway Station,Weekday,3:00 to 4:00 AM,0,0,3
2024,Gateway Station,Weekday,3:00 to 4:00 PM,465,391,15
2024,Gateway Station,Weekday,4:00 to 5:00 AM,0,14,4
2024,Gateway Station,Weekday,4:00 to 5:00 PM,663,389,16
2024,Gateway Station,Weekday,5:00 to 6:00 AM,26,461,5
2024,Gateway Station,Weekday,5:00 to 6:00 PM,734,316,17
2024,Gateway Station,Weekday,6:00 to 7:00 AM,183,760,6
2024,Gateway Station,Weekday,6:00 to 7:00 PM,616,226,18
2024,Gateway Station,Weekday,7:00 to 8:00 AM,195,838,7
2024,Gateway Station,Weekday,7:00 to 8:00 PM,438,160,19
2024,Gateway Station,Weekday,8:00 to 9:00 AM,207,671,8
2024,Gateway Station,Weekday,8:00 to 9:00 PM,349,140,20
2024,Gateway Station,Weekday,9:00 to 10:00 AM,116,444,9
2024,Gateway Station,Weekday,9:00 to 10:00 PM,324,141,21
2024,Gateway Station,Saturday,1:00 to 2:00 AM,107,7,1
2024,Gateway Station,Saturday,1:00 to 2:00 PM,202,389,13
2024,Gilmore Station,Saturday,8:00 to 9:00 PM,70,62,20
2024,Gilmore Station,Saturday,8:00 to 9:00 AM,111,83,8
2024,Gilmore Station,Saturday,7:00 to 8:00 PM,85,88,19
2024,Gilmore Station,Saturday,7:00 to 8:00 AM,98,57,7
2024,Gilmore Station,Saturday,6:00 to 7:00 PM,97,133,18
2024,Gilmore Station,Saturday,6:00 to 7:00 AM,32,28,6
2024,Gilmore Station,Saturday,5:00 to 6:00 PM,116,163,17
2024,Gilmore Station,Saturday,4:00 to 5:00 PM,115,183,16
2024,Gilmore Station,Saturday,4:00 to 5:00 AM,0,0,4
2024,Gilmore Station,Saturday,3:00 to 4:00 PM,118,185,15
2024,Gilmore Station,Saturday,3:00 to 4:00 AM,0,0,3
2024,Gilmore Station,Saturday,2:00 to 3:00 PM,119,170,14
2024,Gilmore Station,Saturday,2:00 to 3:00 AM,0,0,2
2024,Gilmore Station,Saturday,12:00 to 1:00 PM,102,156,12
2024,Gilmore Station,Saturday,12:00 to 1:00 AM,35,19,0
2024,Gilmore Station,Saturday,11:00 PM to 12:00 AM,48,33,23
2024,Gilmore Station,Saturday,11:00 AM to 12:00 PM,95,139,11
2024,Gilmore Station,Saturday,10:00 to 11:00 PM,73,45,22
2024,Gilmore Station,Saturday,10:00 to 11:00 AM,87,120,10
2024,Gilmore Station,Saturday,1:00 to 2:00 PM,110,166,13
2024,Gilmore Station,Saturday,1:00 to 2:00 AM,14,7,1
2024,Gilmore Station,Weekday,9:00 to 10:00 PM,71,65,21
2024,Gilmore Station,Weekday,9:00 to 10:00 AM,234,155,9
2024,Gilmore Station,Weekday,8:00 to 9:00 PM,82,95,20
2024,Gilmore Station,Weekday,8:00 to 9:00 AM,341,278,8
2024,Gilmore Station,Weekday,7:00 to 8:00 PM,112,139,19
2024,Gilmore Station,Weekday,7:00 to 8:00 AM,323,208,7
2024,Gilmore Station,Weekday,6:00 to 7:00 PM,183,245,18
2024,Gilmore Station,Weekday,6:00 to 7:00 AM,276,125,6
2024,Gilmore Station,Weekday,5:00 to 6:00 PM,274,427,17
2024,Gilmore Station,Weekday,5:00 to 6:00 AM,54,40,5
2024,Gilmore Station,Weekday,4:00 to 5:00 PM,222,423,16
2024,Gilmore Station,Weekday,3:00 to 4:00 PM,177,364,15
2024,Gilmore Station,Weekday,3:00 to 4:00 AM,0,0,3
2024,Gilmore Station,Weekday,2:00 to 3:00 PM,130,213,14
2024,Gilmore Station,Weekday,2:00 to 3:00 AM,0,0,2
2024,Gilmore Station,Weekday,12:00 to 1:00 PM,120,145,12
2024,Gilmore Station,Weekday,12:00 to 1:00 AM,18,14,0
2024,Gilmore Station,Weekday,11:00 PM to 12:00 AM,36,27,23
2024,Gilmore Station,Weekday,11:00 AM to 12:00 PM,101,139,11
2024,Gilmore Station,Weekday,10:00 to 11:00 PM,59,43,22
2024,Gilmore Station,Weekday,10:00 to 11:00 AM,116,123,10
2024,Gilmore Station,Weekday,1:00 to 2:00 PM,125,137,13
2024,Gilmore Station,Weekday,1:00 to 2:00 AM,7,5,1
2024,Gilmore Station,Sunday/Holiday,9:00 to 10:00 PM,51,39,21
2024,Gilmore Station,Sunday/Holiday,9:00 to 10:00 AM,54,73,9
2024,Gilmore Station,Sunday/Holiday,8:00 to 9:00 PM,55,52,20
2024,Gilmore Station,Sunday/Holiday,8:00 to 9:00 AM,49,55,8
2024,Gilmore Station,Sunday/Holiday,7:00 to 8:00 PM,72,65,19
2024,Gilmore Station,Sunday/Holiday,7:00 to 8:00 AM,37,35,7
2024,Gilmore Station,Sunday/Holiday,6:00 to 7:00 PM,81,85,18
2024,Gilmore Station,Sunday/Holiday,6:00 to 7:00 AM,4,2,6
2024,Gilmore Station,Sunday/Holiday,5:00 to 6:00 PM,95,112,17
2024,Gilmore Station,Sunday/Holiday,5:00 to 6:00 AM,1,0,5
2024,Gilmore Station,Sunday/Holiday,4:00 to 5:00 PM,99,126,16
2024,Gilmore Station,Sunday/Holiday,4:00 to 5:00 AM,0,0,4
2024,Gilmore Station,Sunday/Holiday,3:00 to 4:00 PM,96,124,15
2024,Gilmore Station,Sunday/Holiday,2:00 to 3:00 PM,93,118,14
2024,Gilmore Station,Sunday/Holiday,2:00 to 3:00 AM,0,0,2
2024,Gilmore Station,Sunday/Holiday,12:00 to 1:00 PM,76,110,12
2024,Gilmore Station,Sunday/Holiday,12:00 to 1:00 AM,12,8,0
2024,Gilmore Station,Sunday/Holiday,11:00 PM to 12:00 AM,30,20,23
2024,Gilmore Station,Sunday/Holiday,11:00 AM to 12:00 PM,70,105,11
2024,Gilmore Station,Saturday,9:00 to 10:00 AM,98,107,9
2024,Gilmore Station,Sunday/Holiday,10:00 to 11:00 PM,43,31,22
2024,Gilmore Station,Sunday/Holiday,10:00 to 11:00 AM,61,102,10
2024,Gilmore Station,Saturday,9:00 to 10:00 PM,66,52,21
2024,Gilmore Station,Sunday/Holiday,1:00 to 2:00 AM,0,0,1
2024,Gilmore Station,Sunday/Holiday,1:00 to 2:00 PM,85,111,13
2024,Granville Station,Saturday,11:00 AM to 12:00 PM,1299,503,11
2024,Granville Station,Weekday,10:00 to 11:00 AM,1274,347,10
2024,Granville Station,Weekday,1:00 to 2:00 PM,1155,867,13
2024,Granville Station,Saturday,10:00 to 11:00 PM,491,829,22
2024,Granville Station,Saturday,10:00 to 11:00 AM,1098,340,10
2024,Granville Station,Saturday,1:00 to 2:00 PM,1421,747,13
2024,Granville Station,Saturday,1:00 to 2:00 AM,27,154,1
2024,Granville Station,Weekday,9:00 to 10:00 PM,328,988,21
2024,Granville Station,Weekday,9:00 to 10:00 AM,2366,260,9
2024,Granville Station,Weekday,8:00 to 9:00 PM,398,1172,20
2024,Granville Station,Weekday,8:00 to 9:00 AM,3478,327,8
2024,Granville Station,Weekday,7:00 to 8:00 PM,579,1372,19
2024,Granville Station,Weekday,7:00 to 8:00 AM,1916,333,7
2024,Granville Station,Weekday,1:00 to 2:00 AM,11,64,1
2024,Granville Station,Weekday,6:00 to 7:00 PM,986,1885,18
2024,Granville Station,Weekday,6:00 to 7:00 AM,858,259,6
2024,Granville Station,Weekday,5:00 to 6:00 PM,1395,2605,17
2024,Granville Station,Weekday,5:00 to 6:00 AM,198,83,5
2024,Granville Station,Weekday,4:00 to 5:00 PM,1511,2416,16
2024,Granville Station,Weekday,4:00 to 5:00 AM,0,0,4
2024,Granville Station,Weekday,3:00 to 4:00 PM,1222,1618,15
2024,Granville Station,Weekday,3:00 to 4:00 AM,0,0,3
2024,Granville Station,Weekday,2:00 to 3:00 PM,1156,1142,14
2024,Granville Station,Sunday/Holiday,4:00 to 5:00 PM,1107,1305,16
2024,Granville Station,Sunday/Holiday,4:00 to 5:00 AM,0,0,4
2024,Granville Station,Sunday/Holiday,3:00 to 4:00 PM,1160,1014,15
2024,Granville Station,Sunday/Holiday,3:00 to 4:00 AM,0,0,3
2024,Granville Station,Sunday/Holiday,2:00 to 3:00 PM,1302,901,14
2024,Granville Station,Sunday/Holiday,2:00 to 3:00 AM,0,0,2
2024,Granville Station,Sunday/Holiday,12:00 to 1:00 PM,1219,605,12
2024,Granville Station,Sunday/Holiday,12:00 to 1:00 AM,31,120,0
2024,Granville Station,Sunday/Holiday,5:00 to 6:00 AM,2,1,5
2024,Granville Station,Sunday/Holiday,5:00 to 6:00 PM,854,1274,17
2024,Granville Station,Sunday/Holiday,6:00 to 7:00 AM,11,3,6
2024,Granville Station,Sunday/Holiday,6:00 to 7:00 PM,687,1233,18
2024,Granville Station,Sunday/Holiday,7:00 to 8:00 AM,574,96,7
2024,Granville Station,Sunday/Holiday,11:00 PM to 12:00 AM,146,425,23
2024,Granville Station,Sunday/Holiday,11:00 AM to 12:00 PM,1133,388,11
2024,Granville Station,Sunday/Holiday,10:00 to 11:00 PM,235,536,22
2024,Granville Station,Sunday/Holiday,10:00 to 11:00 AM,1108,310,10
2024,Granville Station,Sunday/Holiday,7:00 to 8:00 PM,501,1230,19
2024,Granville Station,Sunday/Holiday,1:00 to 2:00 PM,1299,673,13
2024,Granville Station,Sunday/Holiday,1:00 to 2:00 AM,1,2,1
2024,Granville Station,Sunday/Holiday,8:00 to 9:00 AM,711,172,8
2024,Granville Station,Saturday,9:00 to 10:00 PM,568,885,21
2024,Granville Station,Saturday,9:00 to 10:00 AM,1204,226,9
2024,Granville Station,Sunday/Holiday,8:00 to 9:00 PM,334,729,20
2024,Granville Station,Saturday,8:00 to 9:00 PM,588,1069,20
2024,Granville Station,Saturday,8:00 to 9:00 AM,954,194,8
2024,Granville Station,Saturday,7:00 to 8:00 PM,810,1170,19
2024,Granville Station,Sunday/Holiday,9:00 to 10:00 AM,935,196,9
2024,Granville Station,Sunday/Holiday,9:00 to 10:00 PM,275,605,21
2024,Granville Station,Saturday,7:00 to 8:00 AM,851,171,7
2024,Granville Station,Saturday,6:00 to 7:00 PM,1038,1414,18
2024,Granville Station,Saturday,6:00 to 7:00 AM,232,64,6
2024,Granville Station,Saturday,5:00 to 6:00 PM,1192,1444,17
2024,Granville Station,Saturday,5:00 to 6:00 AM,0,0,5
2024,Granville Station,Saturday,4:00 to 5:00 PM,1432,1436,16
2024,Granville Station,Weekday,2:00 to 3:00 AM,1,0,2
2024,Granville Station,Weekday,12:00 to 1:00 PM,1277,768,12
2024,Granville Station,Saturday,4:00 to 5:00 AM,0,0,4
2024,Granville Station,Saturday,3:00 to 4:00 PM,1405,1212,15
2024,Granville Station,Saturday,3:00 to 4:00 AM,0,0,3
2024,Granville Station,Weekday,12:00 to 1:00 AM,59,337,0
2024,Granville Station,Saturday,2:00 to 3:00 PM,1506,1001,14
2024,Granville Station,Weekday,11:00 PM to 12:00 AM,157,501,23
2024,Granville Station,Weekday,11:00 AM to 12:00 PM,1165,488,11
2024,Granville Station,Weekday,10:00 to 11:00 PM,268,694,22
2024,Granville Station,Saturday,2:00 to 3:00 AM,0,0,2
2024,Granville Station,Saturday,12:00 to 1:00 PM,1376,653,12
2024,Granville Station,Saturday,12:00 to 1:00 AM,139,543,0
2024,Granville Station,Saturday,11:00 PM to 12:00 AM,305,728,23
2024,Holdom Station,Sunday/Holiday,9:00 to 10:00 PM,76,39,21
2024,Holdom Station,Sunday/Holiday,9:00 to 10:00 AM,32,100,9
2024,Holdom Station,Sunday/Holiday,8:00 to 9:00 PM,84,39,20
2024,Holdom Station,Sunday/Holiday,8:00 to 9:00 AM,30,75,8
2024,Holdom Station,Sunday/Holiday,7:00 to 8:00 PM,105,49,19
2024,Holdom Station,Sunday/Holiday,7:00 to 8:00 AM,14,55,7
2024,Holdom Station,Sunday/Holiday,6:00 to 7:00 PM,117,66,18
2024,Holdom Station,Sunday/Holiday,6:00 to 7:00 AM,1,2,6
2024,Holdom Station,Sunday/Holiday,5:00 to 6:00 PM,123,92,17
2024,Holdom Station,Sunday/Holiday,5:00 to 6:00 AM,0,0,5
2024,Holdom Station,Sunday/Holiday,4:00 to 5:00 PM,118,99,16
2024,Holdom Station,Sunday/Holiday,4:00 to 5:00 AM,0,0,4
2024,Holdom Station,Sunday/Holiday,3:00 to 4:00 PM,102,109,15
2024,Holdom Station,Sunday/Holiday,3:00 to 4:00 AM,0,0,3
2024,Holdom Station,Sunday/Holiday,2:00 to 3:00 PM,86,123,14
2024,Holdom Station,Sunday/Holiday,2:00 to 3:00 AM,0,0,2
2024,Holdom Station,Sunday/Holiday,12:00 to 1:00 PM,59,122,12
2024,Holdom Station,Sunday/Holiday,12:00 to 1:00 AM,22,5,0
2024,Holdom Station,Sunday/Holiday,11:00 PM to 12:00 AM,44,16,23
2024,Holdom Station,Sunday/Holiday,11:00 AM to 12:00 PM,46,114,11
2024,Holdom Station,Sunday/Holiday,10:00 to 11:00 PM,61,24,22
2024,Holdom Station,Sunday/Holiday,10:00 to 11:00 AM,37,119,10
2024,Holdom Station,Sunday/Holiday,1:00 to 2:00 PM,75,122,13
2024,Holdom Station,Sunday/Holiday,1:00 to 2:00 AM,1,0,1
2024,Holdom Station,Saturday,9:00 to 10:00 PM,99,48,21
2024,Holdom Station,Saturday,9:00 to 10:00 AM,45,128,9
2024,Holdom Station,Saturday,8:00 to 9:00 PM,103,62,20
2024,Holdom Station,Saturday,8:00 to 9:00 AM,47,117,8
2024,Holdom Station,Saturday,7:00 to 8:00 PM,121,71,19
2024,Holdom Station,Saturday,7:00 to 8:00 AM,33,83,7
2024,Holdom Station,Saturday,6:00 to 7:00 PM,142,108,18
2024,Holdom Station,Saturday,6:00 to 7:00 AM,11,38,6
2024,Holdom Station,Saturday,5:00 to 6:00 PM,148,129,17
2024,Holdom Station,Saturday,5:00 to 6:00 AM,0,0,5
2024,Holdom Station,Saturday,4:00 to 5:00 PM,137,143,16
2024,Holdom Station,Saturday,4:00 to 5:00 AM,0,0,4
2024,Holdom Station,Weekday,1:00 to 2:00 AM,14,2,1
2024,Holdom Station,Weekday,1:00 to 2:00 PM,92,115,13
2024,Holdom Station,Weekday,10:00 to 11:00 AM,52,129,10
2024,Holdom Station,Weekday,10:00 to 11:00 PM,88,26,22
2024,Holdom Station,Weekday,11:00 AM to 12:00 PM,58,122,11
2024,Holdom Station,Weekday,11:00 PM to 12:00 AM,52,17,23
2024,Holdom Station,Weekday,12:00 to 1:00 AM,27,14,0
2024,Holdom Station,Weekday,12:00 to 1:00 PM,79,125,12
2024,Holdom Station,Weekday,2:00 to 3:00 AM,0,0,2
2024,Holdom Station,Weekday,2:00 to 3:00 PM,113,132,14
2024,Holdom Station,Weekday,3:00 to 4:00 AM,0,0,3
2024,Holdom Station,Weekday,3:00 to 4:00 PM,201,209,15
2024,Holdom Station,Weekday,4:00 to 5:00 AM,0,0,4
2024,Holdom Station,Weekday,4:00 to 5:00 PM,260,218,16
2024,Holdom Station,Weekday,5:00 to 6:00 AM,15,52,5
2024,Holdom Station,Weekday,5:00 to 6:00 PM,317,206,17
2024,Holdom Station,Weekday,6:00 to 7:00 AM,116,187,6
2024,Holdom Station,Weekday,6:00 to 7:00 PM,237,114,18
2024,Holdom Station,Weekday,7:00 to 8:00 AM,128,325,7
2024,Holdom Station,Weekday,7:00 to 8:00 PM,149,68,19
2024,Holdom Station,Weekday,8:00 to 9:00 AM,118,361,8
2024,Holdom Station,Weekday,8:00 to 9:00 PM,116,50,20
2024,Holdom Station,Weekday,9:00 to 10:00 AM,61,198,9
2024,Holdom Station,Weekday,9:00 to 10:00 PM,107,38,21
2024,Holdom Station,Saturday,1:00 to 2:00 AM,22,3,1
2024,Holdom Station,Saturday,1:00 to 2:00 PM,85,148,13
2024,Holdom Station,Saturday,10:00 to 11:00 AM,51,136,10
2024,Holdom Station,Saturday,10:00 to 11:00 PM,95,37,22
2024,Holdom Station,Saturday,11:00 AM to 12:00 PM,60,136,11
2024,Holdom Station,Saturday,11:00 PM to 12:00 AM,71,26,23
2024,Holdom Station,Saturday,12:00 to 1:00 AM,45,15,0
2024,Holdom Station,Saturday,12:00 to 1:00 PM,71,147,12
2024,Holdom Station,Saturday,2:00 to 3:00 AM,0,0,2
2024,Holdom Station,Saturday,2:00 to 3:00 PM,101,148,14
2024,Holdom Station,Saturday,3:00 to 4:00 AM,0,0,3
2024,Holdom Station,Saturday,3:00 to 4:00 PM,121,148,15
2024,Inlet Centre Station,Saturday,2:00 to 3:00 PM,98,116,14
2024,Inlet Centre Station,Saturday,2:00 to 3:00 AM,0,1,2
2024,Inlet Centre Station,Saturday,12:00 to 1:00 PM,80,108,12
2024,Inlet Centre Station,Saturday,12:00 to 1:00 AM,44,15,0
2024,Inlet Centre Station,Saturday,11:00 PM to 12:00 AM,49,22,23
2024,Inlet Centre Station,Saturday,11:00 AM to 12:00 PM,67,107,11
2024,Inlet Centre Station,Saturday,10:00 to 11:00 PM,72,45,22
2024,Inlet Centre Station,Saturday,10:00 to 11:00 AM,66,91,10
2024,Inlet Centre Station,Saturday,1:00 to 2:00 PM,86,108,13
2024,Inlet Centre Station,Saturday,1:00 to 2:00 AM,21,3,1
2024,Inlet Centre Station,Weekday,9:00 to 10:00 PM,67,38,21
2024,Inlet Centre Station,Weekday,9:00 to 10:00 AM,79,120,9
2024,Inlet Centre Station,Weekday,8:00 to 9:00 PM,79,45,20
2024,Inlet Centre Station,Weekday,8:00 to 9:00 AM,105,240,8
2024,Inlet Centre Station,Weekday,7:00 to 8:00 PM,107,66,19
2024,Inlet Centre Station,Weekday,7:00 to 8:00 AM,81,280,7
2024,Inlet Centre Station,Weekday,6:00 to 7:00 PM,200,101,18
2024,Inlet Centre Station,Weekday,6:00 to 7:00 AM,43,137,6
2024,Inlet Centre Station,Weekday,5:00 to 6:00 PM,297,149,17
2024,Inlet Centre Station,Weekday,5:00 to 6:00 AM,3,57,5
2024,Inlet Centre Station,Weekday,4:00 to 5:00 PM,256,155,16
2024,Inlet Centre Station,Weekday,4:00 to 5:00 AM,0,2,4
2024,Inlet Centre Station,Weekday,3:00 to 4:00 PM,187,124,15
2024,Inlet Centre Station,Weekday,2:00 to 3:00 PM,116,94,14
2024,Inlet Centre Station,Weekday,2:00 to 3:00 AM,0,0,2
2024,Inlet Centre Station,Weekday,12:00 to 1:00 PM,77,96,12
2024,Inlet Centre Station,Weekday,12:00 to 1:00 AM,20,7,0
2024,Inlet Centre Station,Weekday,11:00 PM to 12:00 AM,36,16,23
2024,Inlet Centre Station,Weekday,11:00 AM to 12:00 PM,62,96,11
2024,Inlet Centre Station,Weekday,10:00 to 11:00 PM,53,34,22
2024,Inlet Centre Station,Weekday,10:00 to 11:00 AM,60,91,10
2024,Inlet Centre Station,Weekday,1:00 to 2:00 PM,89,87,13
2024,Inlet Centre Station,Weekday,1:00 to 2:00 AM,8,2,1
2024,Inlet Centre Station,Saturday,3:00 to 4:00 AM,0,0,3
2024,Inlet Centre Station,Saturday,3:00 to 4:00 PM,108,123,15
2024,Inlet Centre Station,Saturday,4:00 to 5:00 AM,0,0,4
2024,Inlet Centre Station,Saturday,4:00 to 5:00 PM,116,136,16
2024,Inlet Centre Station,Saturday,5:00 to 6:00 AM,0,1,5
2024,Inlet Centre Station,Saturday,5:00 to 6:00 PM,111,129,17
2024,Inlet Centre Station,Saturday,6:00 to 7:00 AM,4,30,6
2024,Inlet Centre Station,Saturday,6:00 to 7:00 PM,102,101,18
2024,Inlet Centre Station,Saturday,7:00 to 8:00 AM,50,46,7
2024,Inlet Centre Station,Saturday,7:00 to 8:00 PM,87,67,19
2024,Inlet Centre Station,Saturday,8:00 to 9:00 AM,63,65,8
2024,Inlet Centre Station,Saturday,8:00 to 9:00 PM,64,51,20
2024,Inlet Centre Station,Saturday,9:00 to 10:00 AM,76,84,9
2024,Inlet Centre Station,Saturday,9:00 to 10:00 PM,56,42,21
2024,Inlet Centre Station,Sunday/Holiday,1:00 to 2:00 AM,1,0,1
2024,Inlet Centre Station,Sunday/Holiday,1:00 to 2:00 PM,73,87,13
2024,Inlet Centre Station,Sunday/Holiday,10:00 to 11:00 AM,56,78,10
2024,Inlet Centre Station,Sunday/Holiday,10:00 to 11:00 PM,37,26,22
2024,Inlet Centre Station,Sunday/Holiday,11:00 AM to 12:00 PM,60,86,11
2024,Inlet Centre Station,Sunday/Holiday,11:00 PM to 12:00 AM,28,15,23
2024,Inlet Centre Station,Sunday/Holiday,12:00 to 1:00 AM,14,3,0
2024,Inlet Centre Station,Sunday/Holiday,12:00 to 1:00 PM,64,86,12
2024,Inlet Centre Station,Sunday/Holiday,2:00 to 3:00 AM,0,0,2
2024,Inlet Centre Station,Sunday/Holiday,2:00 to 3:00 PM,85,85,14
2024,Inlet Centre Station,Sunday/Holiday,3:00 to 4:00 AM,0,0,3
2024,Inlet Centre Station,Sunday/Holiday,3:00 to 4:00 PM,90,87,15
2024,Inlet Centre Station,Sunday/Holiday,4:00 to 5:00 AM,0,0,4
2024,Inlet Centre Station,Sunday/Holiday,4:00 to 5:00 PM,95,89,16
2024,Inlet Centre Station,Sunday/Holiday,5:00 to 6:00 AM,0,0,5
2024,Inlet Centre Station,Sunday/Holiday,5:00 to 6:00 PM,86,81,17
2024,Inlet Centre Station,Sunday/Holiday,6:00 to 7:00 AM,1,8,6
2024,Inlet Centre Station,Sunday/Holiday,6:00 to 7:00 PM,83,61,18
2024,Inlet Centre Station,Sunday/Holiday,7:00 to 8:00 AM,8,34,7
2024,Inlet Centre Station,Sunday/Holiday,7:00 to 8:00 PM,64,51,19
2024,Inlet Centre Station,Sunday/Holiday,8:00 to 9:00 AM,50,43,8
2024,Inlet Centre Station,Sunday/Holiday,8:00 to 9:00 PM,52,42,20
2024,Inlet Centre Station,Sunday/Holiday,9:00 to 10:00 AM,49,64,9
2024,Inlet Centre Station,Sunday/Holiday,9:00 to 10:00 PM,42,36,21
2024,Joyce-Collingwood Station,Sunday/Holiday,8:00 to 9:00 AM,269,501,8
2024,Joyce-Collingwood Station,Sunday/Holiday,7:00 to 8:00 PM,844,393,19
2024,Joyce-Collingwood Station,Weekday,1:00 to 2:00 AM,59,14,1
2024,Joyce-Collingwood Station,Weekday,1:00 to 2:00 PM,681,771,13
2024,Joyce-Collingwood Station,Weekday,10:00 to 11:00 AM,487,722,10
2024,Joyce-Collingwood Station,Weekday,10:00 to 11:00 PM,598,274,22
2024,Joyce-Collingwood Station,Weekday,11:00 AM to 12:00 PM,518,735,11
2024,Joyce-Collingwood Station,Weekday,11:00 PM to 12:00 AM,399,191,23
2024,Joyce-Collingwood Station,Weekday,12:00 to 1:00 AM,224,83,0
2024,Joyce-Collingwood Station,Weekday,12:00 to 1:00 PM,602,769,12
2024,Joyce-Collingwood Station,Weekday,2:00 to 3:00 AM,0,0,2
2024,Joyce-Collingwood Station,Weekday,2:00 to 3:00 PM,845,801,14
2024,Joyce-Collingwood Station,Weekday,3:00 to 4:00 AM,0,0,3
2024,Joyce-Collingwood Station,Weekday,3:00 to 4:00 PM,1255,997,15
2024,Joyce-Collingwood Station,Weekday,4:00 to 5:00 AM,0,0,4
2024,Joyce-Collingwood Station,Weekday,4:00 to 5:00 PM,1550,1151,16
2024,Joyce-Collingwood Station,Weekday,5:00 to 6:00 AM,131,340,5
2024,Joyce-Collingwood Station,Weekday,5:00 to 6:00 PM,1787,1114,17
2024,Joyce-Collingwood Station,Weekday,6:00 to 7:00 AM,571,918,6
2024,Joyce-Collingwood Station,Weekday,6:00 to 7:00 PM,1398,915,18
2024,Joyce-Collingwood Station,Weekday,7:00 to 8:00 AM,680,1339,7
2024,Joyce-Collingwood Station,Weekday,7:00 to 8:00 PM,947,580,19
2024,Joyce-Collingwood Station,Weekday,8:00 to 9:00 AM,658,1668,8
2024,Joyce-Collingwood Station,Weekday,8:00 to 9:00 PM,789,428,20
2024,Joyce-Collingwood Station,Weekday,9:00 to 10:00 AM,504,1027,9
2024,Joyce-Collingwood Station,Weekday,9:00 to 10:00 PM,771,325,21
2024,Joyce-Collingwood Station,Saturday,1:00 to 2:00 AM,117,21,1
2024,Joyce-Collingwood Station,Saturday,1:00 to 2:00 PM,741,985,13
2024,Joyce-Collingwood Station,Saturday,10:00 to 11:00 AM,460,833,10
2024,Joyce-Collingwood Station,Saturday,10:00 to 11:00 PM,627,314,22
2024,Joyce-Collingwood Station,Saturday,11:00 AM to 12:00 PM,551,874,11
2024,Joyce-Collingwood Station,Saturday,11:00 PM to 12:00 AM,499,231,23
2024,Joyce-Collingwood Station,Saturday,12:00 to 1:00 AM,345,107,0
2024,Joyce-Collingwood Station,Saturday,12:00 to 1:00 PM,626,911,12
2024,Joyce-Collingwood Station,Saturday,2:00 to 3:00 AM,0,0,2
2024,Joyce-Collingwood Station,Saturday,2:00 to 3:00 PM,839,979,14
2024,Joyce-Collingwood Station,Saturday,3:00 to 4:00 AM,0,0,3
2024,Joyce-Collingwood Station,Saturday,3:00 to 4:00 PM,961,997,15
2024,Joyce-Collingwood Station,Saturday,4:00 to 5:00 AM,0,0,4
2024,Joyce-Collingwood Station,Saturday,4:00 to 5:00 PM,1079,969,16
2024,Joyce-Collingwood Station,Saturday,5:00 to 6:00 AM,0,0,5
2024,Joyce-Collingwood Station,Saturday,5:00 to 6:00 PM,1071,901,17
2024,Joyce-Collingwood Station,Saturday,6:00 to 7:00 AM,138,232,6
2024,Joyce-Collingwood Station,Saturday,6:00 to 7:00 PM,997,846,18
2024,Joyce-Collingwood Station,Saturday,7:00 to 8:00 AM,282,551,7
2024,Joyce-Collingwood Station,Saturday,7:00 to 8:00 PM,839,562,19
2024,Joyce-Collingwood Station,Saturday,8:00 to 9:00 AM,370,693,8
2024,Joyce-Collingwood Station,Saturday,8:00 to 9:00 PM,717,432,20
2024,Joyce-Collingwood Station,Saturday,9:00 to 10:00 AM,412,842,9
2024,Joyce-Collingwood Station,Saturday,9:00 to 10:00 PM,732,356,21
2024,Joyce-Collingwood Station,Sunday/Holiday,1:00 to 2:00 AM,2,1,1
2024,Joyce-Collingwood Station,Sunday/Holiday,1:00 to 2:00 PM,674,879,13
2024,Joyce-Collingwood Station,Sunday/Holiday,10:00 to 11:00 AM,436,858,10
2024,Joyce-Collingwood Station,Sunday/Holiday,10:00 to 11:00 PM,470,230,22
2024,Joyce-Collingwood Station,Sunday/Holiday,11:00 AM to 12:00 PM,494,781,11
2024,Joyce-Collingwood Station,Sunday/Holiday,11:00 PM to 12:00 AM,334,178,23
2024,Joyce-Collingwood Station,Sunday/Holiday,12:00 to 1:00 AM,115,45,0
2024,Joyce-Collingwood Station,Sunday/Holiday,12:00 to 1:00 PM,598,930,12
2024,Joyce-Collingwood Station,Sunday/Holiday,2:00 to 3:00 AM,0,0,2
2024,Joyce-Collingwood Station,Sunday/Holiday,2:00 to 3:00 PM,822,938,14
2024,Joyce-Collingwood Station,Sunday/Holiday,3:00 to 4:00 PM,875,803,15
2024,Joyce-Collingwood Station,Sunday/Holiday,4:00 to 5:00 AM,0,0,4
2024,Joyce-Collingwood Station,Sunday/Holiday,4:00 to 5:00 PM,955,910,16
2024,Joyce-Collingwood Station,Sunday/Holiday,7:00 to 8:00 AM,180,321,7
2024,Joyce-Collingwood Station,Sunday/Holiday,6:00 to 7:00 PM,949,625,18
2024,Joyce-Collingwood Station,Sunday/Holiday,6:00 to 7:00 AM,4,12,6
2024,Joyce-Collingwood Station,Sunday/Holiday,5:00 to 6:00 PM,966,675,17
2024,Joyce-Collingwood Station,Sunday/Holiday,5:00 to 6:00 AM,1,3,5
2024,Joyce-Collingwood Station,Sunday/Holiday,8:00 to 9:00 PM,605,393,20
2024,Joyce-Collingwood Station,Sunday/Holiday,9:00 to 10:00 AM,353,677,9
2024,Joyce-Collingwood Station,Sunday/Holiday,9:00 to 10:00 PM,551,289,21
2024,King Edward Station,Weekday,7:00 to 8:00 AM,364,572,7
2024,King Edward Station,Weekday,7:00 to 8:00 PM,373,212,19
2024,King Edward Station,Weekday,8:00 to 9:00 AM,342,747,8
2024,King Edward Station,Weekday,8:00 to 9:00 PM,298,141,20
2024,King Edward Station,Weekday,9:00 to 10:00 AM,227,496,9
2024,King Edward Station,Weekday,9:00 to 10:00 PM,296,114,21
2024,King Edward Station,Saturday,1:00 to 2:00 AM,29,4,1
2024,King Edward Station,Saturday,1:00 to 2:00 PM,313,410,13
2024,King Edward Station,Saturday,10:00 to 11:00 AM,178,347,10
2024,King Edward Station,Saturday,10:00 to 11:00 PM,254,90,22
2024,King Edward Station,Saturday,11:00 AM to 12:00 PM,225,381,11
2024,King Edward Station,Saturday,11:00 PM to 12:00 AM,174,50,23
2024,King Edward Station,Saturday,12:00 to 1:00 AM,101,27,0
2024,King Edward Station,Saturday,12:00 to 1:00 PM,268,380,12
2024,King Edward Station,Saturday,2:00 to 3:00 AM,0,0,2
2024,King Edward Station,Saturday,2:00 to 3:00 PM,369,407,14
2024,King Edward Station,Saturday,3:00 to 4:00 AM,1,1,3
2024,King Edward Station,Saturday,3:00 to 4:00 PM,409,415,15
2024,King Edward Station,Saturday,4:00 to 5:00 AM,1,5,4
2024,King Edward Station,Saturday,4:00 to 5:00 PM,437,393,16
2024,King Edward Station,Saturday,5:00 to 6:00 AM,12,29,5
2024,King Edward Station,Saturday,5:00 to 6:00 PM,433,344,17
2024,King Edward Station,Saturday,6:00 to 7:00 AM,47,104,6
2024,King Edward Station,Saturday,6:00 to 7:00 PM,400,312,18
2024,King Edward Station,Saturday,7:00 to 8:00 AM,82,187,7
2024,King Edward Station,Saturday,7:00 to 8:00 PM,327,220,19
2024,King Edward Station,Saturday,8:00 to 9:00 AM,108,233,8
2024,King Edward Station,Saturday,8:00 to 9:00 PM,275,150,20
2024,King Edward Station,Saturday,9:00 to 10:00 AM,157,335,9
2024,King Edward Station,Saturday,9:00 to 10:00 PM,274,123,21
2024,King Edward Station,Sunday/Holiday,1:00 to 2:00 AM,10,2,1
2024,King Edward Station,Sunday/Holiday,1:00 to 2:00 PM,277,364,13
2024,King Edward Station,Sunday/Holiday,10:00 to 11:00 AM,156,325,10
2024,King Edward Station,Sunday/Holiday,10:00 to 11:00 PM,179,60,22
2024,King Edward Station,Sunday/Holiday,11:00 AM to 12:00 PM,190,336,11
2024,King Edward Station,Sunday/Holiday,11:00 PM to 12:00 AM,110,31,23
2024,King Edward Station,Sunday/Holiday,12:00 to 1:00 AM,52,13,0
2024,King Edward Station,Sunday/Holiday,12:00 to 1:00 PM,235,341,12
2024,King Edward Station,Sunday/Holiday,2:00 to 3:00 AM,0,1,2
2024,King Edward Station,Sunday/Holiday,2:00 to 3:00 PM,324,341,14
2024,King Edward Station,Sunday/Holiday,3:00 to 4:00 AM,0,0,3
2024,King Edward Station,Sunday/Holiday,3:00 to 4:00 PM,371,338,15
2024,King Edward Station,Sunday/Holiday,4:00 to 5:00 AM,1,4,4
2024,King Edward Station,Sunday/Holiday,4:00 to 5:00 PM,392,315,16
2024,King Edward Station,Sunday/Holiday,5:00 to 6:00 AM,14,21,5
2024,King Edward Station,Sunday/Holiday,5:00 to 6:00 PM,395,258,17
2024,King Edward Station,Sunday/Holiday,6:00 to 7:00 AM,82,77,6
2024,King Edward Station,Sunday/Holiday,6:00 to 7:00 PM,356,207,18
2024,King Edward Station,Sunday/Holiday,7:00 to 8:00 AM,75,144,7
2024,King Edward Station,Sunday/Holiday,7:00 to 8:00 PM,301,147,19
2024,King Edward Station,Sunday/Holiday,8:00 to 9:00 AM,77,185,8
2024,King Edward Station,Sunday/Holiday,8:00 to 9:00 PM,252,106,20
2024,King Edward Station,Sunday/Holiday,9:00 to 10:00 AM,112,257,9
2024,King Edward Station,Sunday/Holiday,9:00 to 10:00 PM,238,85,21
2024,King Edward Station,Weekday,12:00 to 1:00 PM,267,326,12
2024,King Edward Station,Weekday,2:00 to 3:00 AM,0,0,2
2024,King Edward Station,Weekday,2:00 to 3:00 PM,382,359,14
2024,King Edward Station,Weekday,3:00 to 4:00 AM,0,0,3
2024,King Edward Station,Weekday,3:00 to 4:00 PM,520,580,15
2024,King Edward Station,Weekday,4:00 to 5:00 AM,1,6,4
2024,King Edward Station,Weekday,12:00 to 1:00 AM,61,15,0
2024,King Edward Station,Weekday,11:00 PM to 12:00 AM,119,36,23
2024,King Edward Station,Weekday,11:00 AM to 12:00 PM,210,324,11
2024,King Edward Station,Weekday,10:00 to 11:00 PM,214,78,22
2024,King Edward Station,Weekday,10:00 to 11:00 AM,184,332,10
2024,King Edward Station,Weekday,1:00 to 2:00 PM,296,327,13
2024,King Edward Station,Weekday,1:00 to 2:00 AM,14,2,1
2024,King Edward Station,Weekday,4:00 to 5:00 PM,671,597,16
2024,King Edward Station,Weekday,5:00 to 6:00 AM,33,81,5
2024,King Edward Station,Weekday,5:00 to 6:00 PM,790,477,17
2024,King Edward Station,Weekday,6:00 to 7:00 AM,184,313,6
2024,King Edward Station,Weekday,6:00 to 7:00 PM,594,342,18
2024,King George Station,Weekday,8:00 to 9:00 PM,379,235,20
2024,King George Station,Weekday,8:00 to 9:00 AM,310,1498,8
2024,King George Station,Weekday,7:00 to 8:00 PM,479,275,19
2024,King George Station,Weekday,7:00 to 8:00 AM,335,1960,7
2024,King George Station,Weekday,6:00 to 7:00 PM,794,420,18
2024,King George Station,Weekday,6:00 to 7:00 AM,359,1447,6
2024,King George Station,Weekday,5:00 to 6:00 PM,933,676,17
2024,King George Station,Weekday,5:00 to 6:00 AM,38,761,5
2024,King George Station,Weekday,4:00 to 5:00 PM,760,816,16
2024,King George Station,Weekday,4:00 to 5:00 AM,0,58,4
2024,King George Station,Weekday,3:00 to 4:00 PM,527,790,15
2024,King George Station,Weekday,3:00 to 4:00 AM,0,0,3
2024,King George Station,Weekday,2:00 to 3:00 PM,291,668,14
2024,King George Station,Weekday,2:00 to 3:00 AM,0,0,2
2024,King George Station,Weekday,12:00 to 1:00 PM,220,697,12
2024,King George Station,Weekday,12:00 to 1:00 AM,153,27,0
2024,King George Station,Weekday,1:00 to 2:00 AM,44,6,1
2024,King George Station,Weekday,1:00 to 2:00 PM,236,708,13
2024,King George Station,Weekday,10:00 to 11:00 AM,136,690,10
2024,King George Station,Weekday,10:00 to 11:00 PM,254,163,22
2024,King George Station,Weekday,11:00 AM to 12:00 PM,154,764,11
2024,King George Station,Weekday,11:00 PM to 12:00 AM,219,84,23
2024,King George Station,Sunday/Holiday,7:00 to 8:00 PM,332,256,19
2024,King George Station,Sunday/Holiday,8:00 to 9:00 AM,112,476,8
2024,King George Station,Sunday/Holiday,8:00 to 9:00 PM,280,243,20
2024,King George Station,Sunday/Holiday,9:00 to 10:00 AM,114,522,9
2024,King George Station,Saturday,4:00 to 5:00 AM,0,0,4
2024,King George Station,Saturday,4:00 to 5:00 PM,370,525,16
2024,King George Station,Saturday,5:00 to 6:00 AM,0,62,5
2024,King George Station,Saturday,5:00 to 6:00 PM,415,459,17
2024,King George Station,Saturday,6:00 to 7:00 AM,40,548,6
2024,King George Station,Saturday,6:00 to 7:00 PM,386,393,18
2024,King George Station,Saturday,7:00 to 8:00 AM,130,732,7
2024,King George Station,Saturday,7:00 to 8:00 PM,336,321,19
2024,King George Station,Saturday,8:00 to 9:00 AM,135,725,8
2024,King George Station,Saturday,8:00 to 9:00 PM,297,273,20
2024,King George Station,Saturday,9:00 to 10:00 AM,113,607,9
2024,King George Station,Saturday,9:00 to 10:00 PM,276,304,21
2024,King George Station,Sunday/Holiday,1:00 to 2:00 AM,4,1,1
2024,King George Station,Sunday/Holiday,1:00 to 2:00 PM,183,600,13
2024,King George Station,Sunday/Holiday,10:00 to 11:00 AM,103,524,10
2024,King George Station,Sunday/Holiday,10:00 to 11:00 PM,179,169,22
2024,King George Station,Sunday/Holiday,11:00 AM to 12:00 PM,133,541,11
2024,King George Station,Sunday/Holiday,11:00 PM to 12:00 AM,179,75,23
2024,King George Station,Sunday/Holiday,12:00 to 1:00 AM,85,16,0
2024,King George Station,Sunday/Holiday,12:00 to 1:00 PM,144,532,12
2024,King George Station,Sunday/Holiday,2:00 to 3:00 AM,0,0,2
2024,King George Station,Sunday/Holiday,2:00 to 3:00 PM,192,563,14
2024,King George Station,Sunday/Holiday,3:00 to 4:00 PM,235,496,15
2024,King George Station,Sunday/Holiday,4:00 to 5:00 AM,0,1,4
2024,King George Station,Sunday/Holiday,4:00 to 5:00 PM,279,411,16
2024,King George Station,Sunday/Holiday,5:00 to 6:00 AM,0,9,5
2024,King George Station,Sunday/Holiday,5:00 to 6:00 PM,316,341,17
2024,King George Station,Sunday/Holiday,6:00 to 7:00 AM,5,161,6
2024,King George Station,Sunday/Holiday,6:00 to 7:00 PM,325,286,18
2024,King George Station,Sunday/Holiday,7:00 to 8:00 AM,45,603,7
2024,King George Station,Saturday,3:00 to 4:00 PM,301,606,15
2024,King George Station,Saturday,3:00 to 4:00 AM,0,0,3
2024,King George Station,Saturday,2:00 to 3:00 PM,228,659,14
2024,King George Station,Saturday,2:00 to 3:00 AM,0,0,2
2024,King George Station,Saturday,12:00 to 1:00 PM,177,641,12
2024,King George Station,Saturday,12:00 to 1:00 AM,203,42,0
2024,King George Station,Saturday,11:00 PM to 12:00 AM,250,160,23
2024,King George Station,Saturday,11:00 AM to 12:00 PM,143,625,11
2024,King George Station,Saturday,10:00 to 11:00 PM,286,240,22
2024,King George Station,Saturday,10:00 to 11:00 AM,117,581,10
2024,King George Station,Saturday,1:00 to 2:00 PM,195,676,13
2024,King George Station,Saturday,1:00 to 2:00 AM,63,9,1
2024,King George Station,Weekday,9:00 to 10:00 PM,333,244,21
2024,King George Station,Weekday,9:00 to 10:00 AM,184,945,9
2024,King George Station,Sunday/Holiday,9:00 to 10:00 PM,204,258,21
2024,Lafarge Lake-Douglas Station,Sunday/Holiday,9:00 to 10:00 PM,79,42,21
2024,Lafarge Lake-Douglas Station,Sunday/Holiday,9:00 to 10:00 AM,33,73,9
2024,Lafarge Lake-Douglas Station,Sunday/Holiday,8:00 to 9:00 PM,91,57,20
2024,Lafarge Lake-Douglas Station,Sunday/Holiday,8:00 to 9:00 AM,31,50,8
2024,Lafarge Lake-Douglas Station,Sunday/Holiday,7:00 to 8:00 PM,111,69,19
2024,Lafarge Lake-Douglas Station,Sunday/Holiday,7:00 to 8:00 AM,2,34,7
2024,Lafarge Lake-Douglas Station,Sunday/Holiday,6:00 to 7:00 PM,131,75,18
2024,Lafarge Lake-Douglas Station,Sunday/Holiday,6:00 to 7:00 AM,1,12,6
2024,Lafarge Lake-Douglas Station,Sunday/Holiday,5:00 to 6:00 PM,133,88,17
2024,Lafarge Lake-Douglas Station,Sunday/Holiday,5:00 to 6:00 AM,0,1,5
2024,Lafarge Lake-Douglas Station,Sunday/Holiday,4:00 to 5:00 PM,127,86,16
2024,Lafarge Lake-Douglas Station,Sunday/Holiday,4:00 to 5:00 AM,0,0,4
2024,Lafarge Lake-Douglas Station,Sunday/Holiday,3:00 to 4:00 PM,106,78,15
2024,Lafarge Lake-Douglas Station,Sunday/Holiday,2:00 to 3:00 PM,88,86,14
2024,Lafarge Lake-Douglas Station,Sunday/Holiday,2:00 to 3:00 AM,0,0,2
2024,Lafarge Lake-Douglas Station,Sunday/Holiday,12:00 to 1:00 PM,62,96,12
2024,Lafarge Lake-Douglas Station,Sunday/Holiday,12:00 to 1:00 AM,22,1,0
2024,Lafarge Lake-Douglas Station,Sunday/Holiday,11:00 PM to 12:00 AM,34,18,23
2024,Lafarge Lake-Douglas Station,Sunday/Holiday,11:00 AM to 12:00 PM,54,96,11
2024,Lafarge Lake-Douglas Station,Sunday/Holiday,10:00 to 11:00 PM,45,55,22
2024,Lafarge Lake-Douglas Station,Sunday/Holiday,10:00 to 11:00 AM,42,92,10
2024,Lafarge Lake-Douglas Station,Sunday/Holiday,1:00 to 2:00 PM,82,97,13
2024,Lafarge Lake-Douglas Station,Sunday/Holiday,1:00 to 2:00 AM,2,1,1
2024,Lafarge Lake-Douglas Station,Saturday,9:00 to 10:00 PM,77,59,21
2024,Lafarge Lake-Douglas Station,Saturday,9:00 to 10:00 AM,47,82,9
2024,Lafarge Lake-Douglas Station,Saturday,8:00 to 9:00 PM,91,70,20
2024,Lafarge Lake-Douglas Station,Saturday,8:00 to 9:00 AM,43,81,8
2024,Lafarge Lake-Douglas Station,Saturday,7:00 to 8:00 PM,126,79,19
2024,Lafarge Lake-Douglas Station,Saturday,7:00 to 8:00 AM,24,57,7
2024,Lafarge Lake-Douglas Station,Saturday,6:00 to 7:00 PM,138,98,18
2024,Lafarge Lake-Douglas Station,Saturday,6:00 to 7:00 AM,1,32,6
2024,Lafarge Lake-Douglas Station,Saturday,5:00 to 6:00 PM,147,126,17
2024,Lafarge Lake-Douglas Station,Saturday,5:00 to 6:00 AM,0,7,5
2024,Lafarge Lake-Douglas Station,Saturday,4:00 to 5:00 PM,136,116,16
2024,Lafarge Lake-Douglas Station,Weekday,1:00 to 2:00 AM,11,1,1
2024,Lafarge Lake-Douglas Station,Weekday,1:00 to 2:00 PM,91,105,13
2024,Lafarge Lake-Douglas Station,Weekday,10:00 to 11:00 AM,77,116,10
2024,Lafarge Lake-Douglas Station,Weekday,10:00 to 11:00 PM,68,21,22
2024,Lafarge Lake-Douglas Station,Weekday,11:00 AM to 12:00 PM,85,125,11
2024,Lafarge Lake-Douglas Station,Weekday,11:00 PM to 12:00 AM,44,10,23
2024,Lafarge Lake-Douglas Station,Weekday,12:00 to 1:00 AM,28,3,0
2024,Lafarge Lake-Douglas Station,Weekday,12:00 to 1:00 PM,114,136,12
2024,Lafarge Lake-Douglas Station,Weekday,2:00 to 3:00 AM,1,1,2
2024,Lafarge Lake-Douglas Station,Weekday,2:00 to 3:00 PM,121,138,14
2024,Lafarge Lake-Douglas Station,Weekday,3:00 to 4:00 AM,0,0,3
2024,Lafarge Lake-Douglas Station,Weekday,3:00 to 4:00 PM,181,181,15
2024,Lafarge Lake-Douglas Station,Weekday,4:00 to 5:00 AM,0,12,4
2024,Lafarge Lake-Douglas Station,Weekday,4:00 to 5:00 PM,261,168,16
2024,Lafarge Lake-Douglas Station,Weekday,5:00 to 6:00 AM,1,76,5
2024,Lafarge Lake-Douglas Station,Weekday,5:00 to 6:00 PM,315,120,17
2024,Lafarge Lake-Douglas Station,Weekday,6:00 to 7:00 AM,42,178,6
2024,Lafarge Lake-Douglas Station,Weekday,6:00 to 7:00 PM,269,87,18
2024,Lafarge Lake-Douglas Station,Weekday,7:00 to 8:00 AM,71,331,7
2024,Lafarge Lake-Douglas Station,Weekday,7:00 to 8:00 PM,151,59,19
2024,Lafarge Lake-Douglas Station,Weekday,8:00 to 9:00 AM,158,251,8
2024,Lafarge Lake-Douglas Station,Weekday,8:00 to 9:00 PM,99,54,20
2024,Lafarge Lake-Douglas Station,Weekday,9:00 to 10:00 AM,96,147,9
2024,Lafarge Lake-Douglas Station,Weekday,9:00 to 10:00 PM,82,46,21
2024,Lafarge Lake-Douglas Station,Saturday,1:00 to 2:00 AM,23,0,1
2024,Lafarge Lake-Douglas Station,Saturday,1:00 to 2:00 PM,83,111,13
2024,Lafarge Lake-Douglas Station,Saturday,10:00 to 11:00 AM,52,98,10
2024,Lafarge Lake-Douglas Station,Saturday,10:00 to 11:00 PM,87,35,22
2024,Lafarge Lake-Douglas Station,Saturday,11:00 AM to 12:00 PM,62,104,11
2024,Lafarge Lake-Douglas Station,Saturday,11:00 PM to 12:00 AM,66,14,23
2024,Lafarge Lake-Douglas Station,Saturday,12:00 to 1:00 AM,44,6,0
2024,Lafarge Lake-Douglas Station,Saturday,12:00 to 1:00 PM,74,110,12
2024,Lafarge Lake-Douglas Station,Saturday,2:00 to 3:00 AM,2,1,2
2024,Lafarge Lake-Douglas Station,Saturday,2:00 to 3:00 PM,96,116,14
2024,Lafarge Lake-Douglas Station,Saturday,3:00 to 4:00 PM,109,111,15
2024,Lake City Way Station,Saturday,2:00 to 3:00 PM,22,37,14
2024,Lake City Way Station,Saturday,2:00 to 3:00 AM,0,0,2
2024,Lake City Way Station,Saturday,12:00 to 1:00 PM,19,32,12
2024,Lake City Way Station,Saturday,12:00 to 1:00 AM,13,3,0
2024,Lake City Way Station,Saturday,11:00 PM to 12:00 AM,18,8,23
2024,Lake City Way Station,Saturday,11:00 AM to 12:00 PM,16,29,11
2024,Lake City Way Station,Saturday,10:00 to 11:00 PM,29,8,22
2024,Lake City Way Station,Saturday,10:00 to 11:00 AM,14,27,10
2024,Lake City Way Station,Saturday,1:00 to 2:00 PM,23,36,13
2024,Lake City Way Station,Saturday,1:00 to 2:00 AM,7,2,1
2024,Lake City Way Station,Weekday,9:00 to 10:00 PM,23,14,21
2024,Lake City Way Station,Weekday,9:00 to 10:00 AM,52,36,9
2024,Lake City Way Station,Weekday,8:00 to 9:00 PM,25,17,20
2024,Lake City Way Station,Weekday,8:00 to 9:00 AM,126,64,8
2024,Lake City Way Station,Weekday,7:00 to 8:00 PM,32,30,19
2024,Lake City Way Station,Weekday,7:00 to 8:00 AM,148,63,7
2024,Lake City Way Station,Weekday,6:00 to 7:00 PM,50,52,18
2024,Lake City Way Station,Weekday,6:00 to 7:00 AM,153,36,6
2024,Lake City Way Station,Weekday,5:00 to 6:00 PM,71,127,17
2024,Lake City Way Station,Weekday,5:00 to 6:00 AM,17,13,5
2024,Lake City Way Station,Weekday,4:00 to 5:00 PM,64,168,16
2024,Lake City Way Station,Weekday,4:00 to 5:00 AM,0,0,4
2024,Lake City Way Station,Weekday,3:00 to 4:00 PM,56,141,15
2024,Lake City Way Station,Weekday,3:00 to 4:00 AM,0,0,3
2024,Lake City Way Station,Weekday,2:00 to 3:00 PM,35,60,14
2024,Lake City Way Station,Weekday,2:00 to 3:00 AM,0,0,2
2024,Lake City Way Station,Weekday,12:00 to 1:00 PM,25,31,12
2024,Lake City Way Station,Weekday,12:00 to 1:00 AM,7,4,0
2024,Lake City Way Station,Weekday,11:00 PM to 12:00 AM,17,13,23
2024,Lake City Way Station,Weekday,11:00 AM to 12:00 PM,26,33,11
2024,Lake City Way Station,Weekday,10:00 to 11:00 PM,24,13,22
2024,Lake City Way Station,Weekday,10:00 to 11:00 AM,25,31,10
2024,Lake City Way Station,Weekday,1:00 to 2:00 PM,35,34,13
2024,Lake City Way Station,Weekday,1:00 to 2:00 AM,5,2,1
2024,Lake City Way Station,Saturday,3:00 to 4:00 PM,28,42,15
2024,Lake City Way Station,Saturday,4:00 to 5:00 AM,0,0,4
2024,Lake City Way Station,Saturday,4:00 to 5:00 PM,31,42,16
2024,Lake City Way Station,Saturday,5:00 to 6:00 PM,34,56,17
2024,Lake City Way Station,Saturday,6:00 to 7:00 AM,32,6,6
2024,Lake City Way Station,Saturday,6:00 to 7:00 PM,29,42,18
2024,Lake City Way Station,Saturday,7:00 to 8:00 AM,24,17,7
2024,Lake City Way Station,Saturday,7:00 to 8:00 PM,26,27,19
2024,Lake City Way Station,Saturday,8:00 to 9:00 AM,48,22,8
2024,Lake City Way Station,Saturday,8:00 to 9:00 PM,23,16,20
2024,Lake City Way Station,Saturday,9:00 to 10:00 AM,17,26,9
2024,Lake City Way Station,Saturday,9:00 to 10:00 PM,20,10,21
2024,Lake City Way Station,Sunday/Holiday,1:00 to 2:00 AM,0,0,1
2024,Lake City Way Station,Sunday/Holiday,1:00 to 2:00 PM,20,25,13
2024,Lake City Way Station,Sunday/Holiday,10:00 to 11:00 AM,12,23,10
2024,Lake City Way Station,Sunday/Holiday,10:00 to 11:00 PM,14,6,22
2024,Lake City Way Station,Sunday/Holiday,11:00 AM to 12:00 PM,13,24,11
2024,Lake City Way Station,Sunday/Holiday,11:00 PM to 12:00 AM,15,4,23
2024,Lake City Way Station,Sunday/Holiday,12:00 to 1:00 AM,7,3,0
2024,Lake City Way Station,Sunday/Holiday,12:00 to 1:00 PM,16,23,12
2024,Lake City Way Station,Sunday/Holiday,2:00 to 3:00 AM,0,0,2
2024,Lake City Way Station,Sunday/Holiday,2:00 to 3:00 PM,21,27,14
2024,Lake City Way Station,Sunday/Holiday,3:00 to 4:00 PM,24,28,15
2024,Lake City Way Station,Sunday/Holiday,4:00 to 5:00 AM,0,0,4
2024,Lake City Way Station,Sunday/Holiday,4:00 to 5:00 PM,26,35,16
2024,Lake City Way Station,Sunday/Holiday,5:00 to 6:00 AM,0,0,5
2024,Lake City Way Station,Sunday/Holiday,5:00 to 6:00 PM,27,44,17
2024,Lake City Way Station,Sunday/Holiday,6:00 to 7:00 AM,2,1,6
2024,Lake City Way Station,Sunday/Holiday,6:00 to 7:00 PM,26,29,18
2024,Lake City Way Station,Sunday/Holiday,7:00 to 8:00 AM,25,13,7
2024,Lake City Way Station,Sunday/Holiday,7:00 to 8:00 PM,23,23,19
2024,Lake City Way Station,Sunday/Holiday,8:00 to 9:00 AM,34,13,8
2024,Lake City Way Station,Sunday/Holiday,8:00 to 9:00 PM,20,11,20
2024,Lake City Way Station,Sunday/Holiday,9:00 to 10:00 AM,14,22,9
2024,Lake City Way Station,Sunday/Holiday,9:00 to 10:00 PM,18,8,21
2024,Langara-49th Avenue Station,Weekday,1:00 to 2:00 AM,18,2,1
2024,Langara-49th Avenue Station,Weekday,1:00 to 2:00 PM,372,453,13
2024,Langara-49th Avenue Station,Weekday,10:00 to 11:00 AM,425,450,10
2024,Langara-49th Avenue Station,Sunday/Holiday,9:00 to 10:00 PM,263,85,21
2024,Langara-49th Avenue Station,Sunday/Holiday,9:00 to 10:00 AM,96,293,9
2024,Langara-49th Avenue Station,Sunday/Holiday,8:00 to 9:00 PM,284,94,20
2024,Langara-49th Avenue Station,Sunday/Holiday,8:00 to 9:00 AM,68,218,8
2024,Langara-49th Avenue Station,Sunday/Holiday,7:00 to 8:00 PM,348,141,19
2024,Langara-49th Avenue Station,Sunday/Holiday,7:00 to 8:00 AM,69,209,7
2024,Langara-49th Avenue Station,Sunday/Holiday,6:00 to 7:00 PM,380,193,18
2024,Langara-49th Avenue Station,Sunday/Holiday,6:00 to 7:00 AM,38,98,6
2024,Langara-49th Avenue Station,Sunday/Holiday,5:00 to 6:00 PM,409,267,17
2024,Langara-49th Avenue Station,Sunday/Holiday,5:00 to 6:00 AM,11,30,5
2024,Langara-49th Avenue Station,Sunday/Holiday,4:00 to 5:00 PM,392,303,16
2024,Langara-49th Avenue Station,Sunday/Holiday,4:00 to 5:00 AM,1,3,4
2024,Langara-49th Avenue Station,Sunday/Holiday,3:00 to 4:00 PM,367,338,15
2024,Langara-49th Avenue Station,Sunday/Holiday,3:00 to 4:00 AM,0,1,3
2024,Langara-49th Avenue Station,Sunday/Holiday,2:00 to 3:00 PM,302,366,14
2024,Langara-49th Avenue Station,Sunday/Holiday,2:00 to 3:00 AM,1,1,2
2024,Langara-49th Avenue Station,Sunday/Holiday,12:00 to 1:00 PM,199,384,12
2024,Langara-49th Avenue Station,Sunday/Holiday,12:00 to 1:00 AM,69,13,0
2024,Langara-49th Avenue Station,Sunday/Holiday,11:00 PM to 12:00 AM,134,27,23
2024,Langara-49th Avenue Station,Sunday/Holiday,11:00 AM to 12:00 PM,146,373,11
2024,Langara-49th Avenue Station,Sunday/Holiday,10:00 to 11:00 PM,221,57,22
2024,Langara-49th Avenue Station,Sunday/Holiday,10:00 to 11:00 AM,129,360,10
2024,Langara-49th Avenue Station,Sunday/Holiday,1:00 to 2:00 PM,246,398,13
2024,Langara-49th Avenue Station,Sunday/Holiday,1:00 to 2:00 AM,15,2,1
2024,Langara-49th Avenue Station,Saturday,9:00 to 10:00 PM,319,113,21
2024,Langara-49th Avenue Station,Saturday,9:00 to 10:00 AM,137,375,9
2024,Langara-49th Avenue Station,Saturday,8:00 to 9:00 PM,321,144,20
2024,Langara-49th Avenue Station,Saturday,8:00 to 9:00 AM,134,284,8
2024,Langara-49th Avenue Station,Saturday,7:00 to 8:00 PM,347,207,19
2024,Langara-49th Avenue Station,Saturday,7:00 to 8:00 AM,79,241,7
2024,Langara-49th Avenue Station,Saturday,6:00 to 7:00 PM,414,293,18
2024,Langara-49th Avenue Station,Saturday,6:00 to 7:00 AM,39,107,6
2024,Langara-49th Avenue Station,Saturday,5:00 to 6:00 PM,460,354,17
2024,Langara-49th Avenue Station,Weekday,10:00 to 11:00 PM,261,73,22
2024,Langara-49th Avenue Station,Weekday,11:00 AM to 12:00 PM,297,434,11
2024,Langara-49th Avenue Station,Weekday,11:00 PM to 12:00 AM,145,30,23
2024,Langara-49th Avenue Station,Weekday,12:00 to 1:00 AM,81,12,0
2024,Langara-49th Avenue Station,Weekday,12:00 to 1:00 PM,412,565,12
2024,Langara-49th Avenue Station,Weekday,2:00 to 3:00 AM,1,1,2
2024,Langara-49th Avenue Station,Weekday,2:00 to 3:00 PM,471,614,14
2024,Langara-49th Avenue Station,Weekday,3:00 to 4:00 AM,0,0,3
2024,Langara-49th Avenue Station,Weekday,3:00 to 4:00 PM,555,632,15
2024,Langara-49th Avenue Station,Weekday,4:00 to 5:00 AM,1,6,4
2024,Langara-49th Avenue Station,Weekday,4:00 to 5:00 PM,709,782,16
2024,Langara-49th Avenue Station,Weekday,5:00 to 6:00 AM,12,69,5
2024,Langara-49th Avenue Station,Weekday,5:00 to 6:00 PM,785,542,17
2024,Langara-49th Avenue Station,Weekday,6:00 to 7:00 AM,108,325,6
2024,Langara-49th Avenue Station,Weekday,6:00 to 7:00 PM,604,437,18
2024,Langara-49th Avenue Station,Weekday,7:00 to 8:00 AM,311,590,7
2024,Langara-49th Avenue Station,Weekday,7:00 to 8:00 PM,395,230,19
2024,Langara-49th Avenue Station,Weekday,8:00 to 9:00 AM,560,746,8
2024,Langara-49th Avenue Station,Weekday,8:00 to 9:00 PM,331,184,20
2024,Langara-49th Avenue Station,Weekday,9:00 to 10:00 AM,377,531,9
2024,Langara-49th Avenue Station,Weekday,9:00 to 10:00 PM,339,146,21
2024,Langara-49th Avenue Station,Saturday,1:00 to 2:00 AM,36,2,1
2024,Langara-49th Avenue Station,Saturday,1:00 to 2:00 PM,275,441,13
2024,Langara-49th Avenue Station,Saturday,10:00 to 11:00 AM,147,390,10
2024,Langara-49th Avenue Station,Saturday,10:00 to 11:00 PM,298,85,22
2024,Langara-49th Avenue Station,Saturday,11:00 AM to 12:00 PM,191,414,11
2024,Langara-49th Avenue Station,Saturday,11:00 PM to 12:00 AM,209,44,23
2024,Langara-49th Avenue Station,Saturday,12:00 to 1:00 AM,126,16,0
2024,Langara-49th Avenue Station,Saturday,12:00 to 1:00 PM,247,449,12
2024,Langara-49th Avenue Station,Saturday,2:00 to 3:00 AM,1,1,2
2024,Langara-49th Avenue Station,Saturday,2:00 to 3:00 PM,330,438,14
2024,Langara-49th Avenue Station,Saturday,3:00 to 4:00 AM,0,0,3
2024,Langara-49th Avenue Station,Saturday,3:00 to 4:00 PM,401,430,15
2024,Langara-49th Avenue Station,Saturday,4:00 to 5:00 AM,1,3,4
2024,Langara-49th Avenue Station,Saturday,4:00 to 5:00 PM,442,410,16
2024,Langara-49th Avenue Station,Saturday,5:00 to 6:00 AM,10,33,5
2024,Lansdowne Station,Saturday,4:00 to 5:00 AM,0,4,4
2024,Lansdowne Station,Saturday,4:00 to 5:00 PM,383,383,16
2024,Lansdowne Station,Saturday,5:00 to 6:00 AM,7,19,5
2024,Lansdowne Station,Saturday,5:00 to 6:00 PM,382,347,17
2024,Lansdowne Station,Saturday,6:00 to 7:00 AM,29,49,6
2024,Lansdowne Station,Saturday,6:00 to 7:00 PM,338,305,18
2024,Lansdowne Station,Saturday,7:00 to 8:00 AM,85,78,7
2024,Lansdowne Station,Saturday,7:00 to 8:00 PM,216,224,19
2024,Lansdowne Station,Saturday,8:00 to 9:00 AM,127,131,8
2024,Lansdowne Station,Saturday,8:00 to 9:00 PM,176,182,20
2024,Lansdowne Station,Saturday,9:00 to 10:00 AM,195,187,9
2024,Lansdowne Station,Saturday,9:00 to 10:00 PM,143,148,21
2024,Lansdowne Station,Sunday/Holiday,1:00 to 2:00 AM,9,1,1
2024,Lansdowne Station,Sunday/Holiday,1:00 to 2:00 PM,262,282,13
2024,Lansdowne Station,Sunday/Holiday,10:00 to 11:00 AM,190,197,10
2024,Lansdowne Station,Sunday/Holiday,10:00 to 11:00 PM,80,70,22
2024,Lansdowne Station,Sunday/Holiday,11:00 AM to 12:00 PM,220,231,11
2024,Lansdowne Station,Sunday/Holiday,11:00 PM to 12:00 AM,52,34,23
2024,Lansdowne Station,Sunday/Holiday,12:00 to 1:00 AM,26,16,0
2024,Lansdowne Station,Sunday/Holiday,12:00 to 1:00 PM,245,255,12
2024,Lansdowne Station,Sunday/Holiday,2:00 to 3:00 AM,1,1,2
2024,Lansdowne Station,Sunday/Holiday,2:00 to 3:00 PM,288,300,14
2024,Lansdowne Station,Sunday/Holiday,3:00 to 4:00 AM,0,0,3
2024,Lansdowne Station,Sunday/Holiday,3:00 to 4:00 PM,317,306,15
2024,Lansdowne Station,Sunday/Holiday,4:00 to 5:00 AM,0,4,4
2024,Lansdowne Station,Sunday/Holiday,4:00 to 5:00 PM,325,283,16
2024,Lansdowne Station,Sunday/Holiday,5:00 to 6:00 AM,7,17,5
2024,Lansdowne Station,Sunday/Holiday,5:00 to 6:00 PM,319,265,17
2024,Lansdowne Station,Sunday/Holiday,6:00 to 7:00 AM,19,44,6
2024,Lansdowne Station,Sunday/Holiday,6:00 to 7:00 PM,267,235,18
2024,Lansdowne Station,Sunday/Holiday,7:00 to 8:00 AM,44,63,7
2024,Lansdowne Station,Sunday/Holiday,7:00 to 8:00 PM,178,178,19
2024,Lansdowne Station,Sunday/Holiday,8:00 to 9:00 AM,66,81,8
2024,Lansdowne Station,Sunday/Holiday,8:00 to 9:00 PM,131,128,20
2024,Lansdowne Station,Sunday/Holiday,9:00 to 10:00 AM,125,139,9
2024,Lansdowne Station,Sunday/Holiday,9:00 to 10:00 PM,109,113,21
2024,Lansdowne Station,Saturday,3:00 to 4:00 PM,363,388,15
2024,Lansdowne Station,Saturday,3:00 to 4:00 AM,0,0,3
2024,Lansdowne Station,Saturday,2:00 to 3:00 PM,323,379,14
2024,Lansdowne Station,Saturday,2:00 to 3:00 AM,0,0,2
2024,Lansdowne Station,Saturday,12:00 to 1:00 PM,301,308,12
2024,Lansdowne Station,Saturday,12:00 to 1:00 AM,58,24,0
2024,Lansdowne Station,Saturday,11:00 PM to 12:00 AM,101,47,23
2024,Lansdowne Station,Saturday,11:00 AM to 12:00 PM,276,278,11
2024,Lansdowne Station,Saturday,10:00 to 11:00 PM,130,99,22
2024,Lansdowne Station,Saturday,10:00 to 11:00 AM,238,235,10
2024,Lansdowne Station,Saturday,1:00 to 2:00 PM,305,363,13
2024,Lansdowne Station,Saturday,1:00 to 2:00 AM,24,1,1
2024,Lansdowne Station,Weekday,9:00 to 10:00 PM,141,112,21
2024,Lansdowne Station,Weekday,9:00 to 10:00 AM,242,288,9
2024,Lansdowne Station,Weekday,8:00 to 9:00 PM,169,141,20
2024,Lansdowne Station,Weekday,8:00 to 9:00 AM,221,421,8
2024,Lansdowne Station,Weekday,7:00 to 8:00 PM,232,186,19
2024,Lansdowne Station,Weekday,7:00 to 8:00 AM,125,366,7
2024,Lansdowne Station,Weekday,6:00 to 7:00 PM,475,279,18
2024,Lansdowne Station,Weekday,6:00 to 7:00 AM,109,163,6
2024,Lansdowne Station,Weekday,5:00 to 6:00 PM,627,349,17
2024,Lansdowne Station,Weekday,5:00 to 6:00 AM,11,43,5
2024,Lansdowne Station,Weekday,4:00 to 5:00 PM,515,401,16
2024,Lansdowne Station,Weekday,4:00 to 5:00 AM,0,6,4
2024,Lansdowne Station,Weekday,3:00 to 4:00 PM,398,374,15
2024,Lansdowne Station,Weekday,3:00 to 4:00 AM,0,0,3
2024,Lansdowne Station,Weekday,2:00 to 3:00 PM,295,305,14
2024,Lansdowne Station,Weekday,2:00 to 3:00 AM,0,0,2
2024,Lansdowne Station,Weekday,12:00 to 1:00 PM,279,293,12
2024,Lansdowne Station,Weekday,12:00 to 1:00 AM,22,12,0
2024,Lansdowne Station,Weekday,1:00 to 2:00 AM,9,1,1
2024,Lansdowne Station,Weekday,1:00 to 2:00 PM,265,297,13
2024,Lansdowne Station,Weekday,10:00 to 11:00 AM,211,237,10
2024,Lansdowne Station,Weekday,10:00 to 11:00 PM,80,58,22
2024,Lansdowne Station,Weekday,11:00 AM to 12:00 PM,236,258,11
2024,Lansdowne Station,Weekday,11:00 PM to 12:00 AM,50,25,23
2024,Lincoln Station,Weekday,1:00 to 2:00 AM,11,1,1
2024,Lincoln Station,Weekday,1:00 to 2:00 PM,203,195,13
2024,Lincoln Station,Weekday,10:00 to 11:00 AM,155,171,10
2024,Lincoln Station,Weekday,10:00 to 11:00 PM,74,54,22
2024,Lincoln Station,Weekday,11:00 AM to 12:00 PM,168,184,11
2024,Lincoln Station,Weekday,11:00 PM to 12:00 AM,40,22,23
2024,Lincoln Station,Weekday,12:00 to 1:00 AM,22,8,0
2024,Lincoln Station,Weekday,12:00 to 1:00 PM,197,183,12
2024,Lincoln Station,Weekday,2:00 to 3:00 AM,0,0,2
2024,Lincoln Station,Weekday,2:00 to 3:00 PM,239,199,14
2024,Lincoln Station,Weekday,3:00 to 4:00 PM,328,253,15
2024,Lincoln Station,Weekday,4:00 to 5:00 AM,0,7,4
2024,Lincoln Station,Weekday,4:00 to 5:00 PM,391,274,16
2024,Lincoln Station,Weekday,5:00 to 6:00 AM,0,90,5
2024,Lincoln Station,Weekday,5:00 to 6:00 PM,426,290,17
2024,Lincoln Station,Weekday,6:00 to 7:00 AM,55,230,6
2024,Lincoln Station,Weekday,6:00 to 7:00 PM,338,211,18
2024,Lincoln Station,Weekday,7:00 to 8:00 AM,73,390,7
2024,Lincoln Station,Weekday,7:00 to 8:00 PM,176,176,19
2024,Lincoln Station,Weekday,8:00 to 9:00 AM,136,304,8
2024,Lincoln Station,Weekday,8:00 to 9:00 PM,114,120,20
2024,Lincoln Station,Weekday,9:00 to 10:00 AM,161,202,9
2024,Lincoln Station,Weekday,9:00 to 10:00 PM,93,96,21
2024,Lincoln Station,Saturday,1:00 to 2:00 AM,23,1,1
2024,Lincoln Station,Saturday,1:00 to 2:00 PM,216,231,13
2024,Lincoln Station,Saturday,10:00 to 11:00 AM,182,159,10
2024,Lincoln Station,Saturday,10:00 to 11:00 PM,83,69,22
2024,Lincoln Station,Saturday,11:00 AM to 12:00 PM,213,187,11
2024,Lincoln Station,Saturday,11:00 PM to 12:00 AM,60,34,23
2024,Lincoln Station,Saturday,12:00 to 1:00 AM,43,11,0
2024,Lincoln Station,Saturday,12:00 to 1:00 PM,210,211,12
2024,Lincoln Station,Saturday,2:00 to 3:00 AM,0,0,2
2024,Lincoln Station,Saturday,2:00 to 3:00 PM,224,248,14
2024,Lincoln Station,Saturday,3:00 to 4:00 AM,0,0,3
2024,Lincoln Station,Saturday,3:00 to 4:00 PM,228,267,15
2024,Lincoln Station,Saturday,4:00 to 5:00 PM,238,279,16
2024,Lincoln Station,Saturday,5:00 to 6:00 AM,0,10,5
2024,Lincoln Station,Saturday,5:00 to 6:00 PM,214,278,17
2024,Lincoln Station,Saturday,6:00 to 7:00 AM,1,49,6
2024,Lincoln Station,Saturday,6:00 to 7:00 PM,176,229,18
2024,Lincoln Station,Saturday,7:00 to 8:00 AM,46,89,7
2024,Lincoln Station,Saturday,7:00 to 8:00 PM,135,216,19
2024,Lincoln Station,Saturday,8:00 to 9:00 AM,88,106,8
2024,Lincoln Station,Saturday,8:00 to 9:00 PM,99,122,20
2024,Lincoln Station,Saturday,9:00 to 10:00 AM,169,124,9
2024,Lincoln Station,Saturday,9:00 to 10:00 PM,88,84,21
2024,Lincoln Station,Sunday/Holiday,1:00 to 2:00 AM,1,0,1
2024,Lincoln Station,Sunday/Holiday,1:00 to 2:00 PM,187,192,13
2024,Lincoln Station,Sunday/Holiday,10:00 to 11:00 AM,171,135,10
2024,Lincoln Station,Sunday/Holiday,10:00 to 11:00 PM,49,60,22
2024,Lincoln Station,Sunday/Holiday,11:00 AM to 12:00 PM,171,153,11
2024,Lincoln Station,Sunday/Holiday,11:00 PM to 12:00 AM,30,23,23
2024,Lincoln Station,Sunday/Holiday,12:00 to 1:00 AM,19,2,0
2024,Lincoln Station,Sunday/Holiday,12:00 to 1:00 PM,174,174,12
2024,Lincoln Station,Sunday/Holiday,2:00 to 3:00 AM,0,0,2
2024,Lincoln Station,Sunday/Holiday,2:00 to 3:00 PM,192,203,14
2024,Lincoln Station,Sunday/Holiday,3:00 to 4:00 PM,193,211,15
2024,Lincoln Station,Sunday/Holiday,4:00 to 5:00 AM,0,0,4
2024,Lincoln Station,Sunday/Holiday,4:00 to 5:00 PM,193,212,16
2024,Lincoln Station,Sunday/Holiday,5:00 to 6:00 AM,0,1,5
2024,Lincoln Station,Sunday/Holiday,5:00 to 6:00 PM,174,207,17
2024,Lincoln Station,Sunday/Holiday,6:00 to 7:00 AM,1,25,6
2024,Lincoln Station,Sunday/Holiday,6:00 to 7:00 PM,139,234,18
2024,Lincoln Station,Sunday/Holiday,7:00 to 8:00 AM,3,60,7
2024,Lincoln Station,Sunday/Holiday,7:00 to 8:00 PM,109,118,19
2024,Lincoln Station,Sunday/Holiday,8:00 to 9:00 AM,69,72,8
2024,Lincoln Station,Sunday/Holiday,8:00 to 9:00 PM,82,90,20
2024,Lincoln Station,Sunday/Holiday,9:00 to 10:00 AM,94,101,9
2024,Lincoln Station,Sunday/Holiday,9:00 to 10:00 PM,66,68,21
2024,Lougheed Town Centre Station,Sunday/Holiday,6:00 to 7:00 PM,556,424,18
2024,Lougheed Town Centre Station,Sunday/Holiday,8:00 to 9:00 AM,169,269,8
2024,Lougheed Town Centre Station,Sunday/Holiday,8:00 to 9:00 PM,351,243,20
2024,Lougheed Town Centre Station,Sunday/Holiday,9:00 to 10:00 AM,222,374,9
2024,Lougheed Town Centre Station,Sunday/Holiday,9:00 to 10:00 PM,290,214,21
2024,Lougheed Town Centre Station,Sunday/Holiday,6:00 to 7:00 AM,4,19,6
2024,Lougheed Town Centre Station,Sunday/Holiday,5:00 to 6:00 PM,606,470,17
2024,Lougheed Town Centre Station,Sunday/Holiday,5:00 to 6:00 AM,1,3,5
2024,Lougheed Town Centre Station,Sunday/Holiday,4:00 to 5:00 PM,590,521,16
2024,Lougheed Town Centre Station,Sunday/Holiday,4:00 to 5:00 AM,0,0,4
2024,Lougheed Town Centre Station,Sunday/Holiday,3:00 to 4:00 PM,554,555,15
2024,Lougheed Town Centre Station,Sunday/Holiday,3:00 to 4:00 AM,0,0,3
2024,Lougheed Town Centre Station,Sunday/Holiday,2:00 to 3:00 PM,514,568,14
2024,Lougheed Town Centre Station,Sunday/Holiday,2:00 to 3:00 AM,0,0,2
2024,Lougheed Town Centre Station,Sunday/Holiday,12:00 to 1:00 PM,402,523,12
2024,Lougheed Town Centre Station,Sunday/Holiday,12:00 to 1:00 AM,103,24,0
2024,Lougheed Town Centre Station,Sunday/Holiday,11:00 PM to 12:00 AM,159,84,23
2024,Lougheed Town Centre Station,Sunday/Holiday,11:00 AM to 12:00 PM,345,503,11
2024,Lougheed Town Centre Station,Sunday/Holiday,10:00 to 11:00 PM,236,162,22
2024,Lougheed Town Centre Station,Sunday/Holiday,10:00 to 11:00 AM,330,491,10
2024,Lougheed Town Centre Station,Sunday/Holiday,1:00 to 2:00 PM,478,556,13
2024,Lougheed Town Centre Station,Sunday/Holiday,1:00 to 2:00 AM,3,1,1
2024,Lougheed Town Centre Station,Saturday,9:00 to 10:00 PM,393,259,21
2024,Lougheed Town Centre Station,Saturday,9:00 to 10:00 AM,319,491,9
2024,Lougheed Town Centre Station,Saturday,8:00 to 9:00 PM,431,293,20
2024,Lougheed Town Centre Station,Saturday,8:00 to 9:00 AM,269,462,8
2024,Lougheed Town Centre Station,Saturday,7:00 to 8:00 PM,546,414,19
2024,Lougheed Town Centre Station,Saturday,7:00 to 8:00 AM,162,324,7
2024,Lougheed Town Centre Station,Saturday,6:00 to 7:00 PM,684,548,18
2024,Lougheed Town Centre Station,Saturday,6:00 to 7:00 AM,56,201,6
2024,Lougheed Town Centre Station,Saturday,5:00 to 6:00 PM,768,626,17
2024,Lougheed Town Centre Station,Saturday,5:00 to 6:00 AM,0,3,5
2024,Lougheed Town Centre Station,Saturday,4:00 to 5:00 PM,750,696,16
2024,Lougheed Town Centre Station,Saturday,4:00 to 5:00 AM,0,0,4
2024,Lougheed Town Centre Station,Saturday,3:00 to 4:00 PM,684,717,15
2024,Lougheed Town Centre Station,Saturday,3:00 to 4:00 AM,0,0,3
2024,Lougheed Town Centre Station,Saturday,2:00 to 3:00 PM,611,691,14
2024,Lougheed Town Centre Station,Saturday,2:00 to 3:00 AM,1,1,2
2024,Lougheed Town Centre Station,Saturday,12:00 to 1:00 PM,490,643,12
2024,Lougheed Town Centre Station,Saturday,12:00 to 1:00 AM,181,62,0
2024,Lougheed Town Centre Station,Saturday,11:00 PM to 12:00 AM,248,125,23
2024,Lougheed Town Centre Station,Saturday,11:00 AM to 12:00 PM,428,620,11
2024,Lougheed Town Centre Station,Saturday,10:00 to 11:00 PM,379,221,22
2024,Lougheed Town Centre Station,Saturday,10:00 to 11:00 AM,369,536,10
2024,Lougheed Town Centre Station,Saturday,1:00 to 2:00 PM,554,685,13
2024,Lougheed Town Centre Station,Saturday,1:00 to 2:00 AM,104,18,1
2024,Lougheed Town Centre Station,Weekday,9:00 to 10:00 PM,424,220,21
2024,Lougheed Town Centre Station,Weekday,9:00 to 10:00 AM,311,805,9
2024,Lougheed Town Centre Station,Weekday,8:00 to 9:00 PM,516,258,20
2024,Lougheed Town Centre Station,Weekday,8:00 to 9:00 AM,351,1244,8
2024,Lougheed Town Centre Station,Weekday,7:00 to 8:00 PM,671,371,19
2024,Lougheed Town Centre Station,Weekday,7:00 to 8:00 AM,305,1429,7
2024,Lougheed Town Centre Station,Weekday,6:00 to 7:00 PM,1202,547,18
2024,Lougheed Town Centre Station,Weekday,6:00 to 7:00 AM,342,940,6
2024,Lougheed Town Centre Station,Weekday,5:00 to 6:00 PM,1637,736,17
2024,Lougheed Town Centre Station,Weekday,5:00 to 6:00 AM,66,391,5
2024,Lougheed Town Centre Station,Weekday,4:00 to 5:00 PM,1435,738,16
2024,Lougheed Town Centre Station,Weekday,4:00 to 5:00 AM,0,4,4
2024,Lougheed Town Centre Station,Weekday,3:00 to 4:00 PM,1144,743,15
2024,Lougheed Town Centre Station,Weekday,3:00 to 4:00 AM,0,0,3
2024,Lougheed Town Centre Station,Weekday,2:00 to 3:00 PM,697,574,14
2024,Lougheed Town Centre Station,Weekday,2:00 to 3:00 AM,1,1,2
2024,Lougheed Town Centre Station,Weekday,12:00 to 1:00 PM,492,572,12
2024,Lougheed Town Centre Station,Weekday,12:00 to 1:00 AM,95,39,0
2024,Lougheed Town Centre Station,Weekday,11:00 PM to 12:00 AM,180,86,23
2024,Lougheed Town Centre Station,Weekday,11:00 AM to 12:00 PM,384,603,11
2024,Lougheed Town Centre Station,Weekday,10:00 to 11:00 PM,331,176,22
2024,Lougheed Town Centre Station,Weekday,10:00 to 11:00 AM,330,575,10
2024,Lougheed Town Centre Station,Weekday,1:00 to 2:00 PM,533,581,13
2024,Lougheed Town Centre Station,Weekday,1:00 to 2:00 AM,44,11,1
2024,Lougheed Town Centre Station,Sunday/Holiday,7:00 to 8:00 PM,462,280,19
2024,Lougheed Town Centre Station,Sunday/Holiday,7:00 to 8:00 AM,93,243,7
2024,Main Street-Science World Station,Weekday,1:00 to 2:00 AM,12,25,1
2024,Main Street-Science World Station,Sunday/Holiday,9:00 to 10:00 PM,181,274,21
2024,Main Street-Science World Station,Sunday/Holiday,9:00 to 10:00 AM,402,212,9
2024,Main Street-Science World Station,Sunday/Holiday,8:00 to 9:00 PM,222,326,20
2024,Main Street-Science World Station,Sunday/Holiday,8:00 to 9:00 AM,298,197,8
2024,Main Street-Science World Station,Sunday/Holiday,7:00 to 8:00 PM,306,376,19
2024,Main Street-Science World Station,Sunday/Holiday,7:00 to 8:00 AM,180,97,7
2024,Main Street-Science World Station,Sunday/Holiday,6:00 to 7:00 PM,374,492,18
2024,Main Street-Science World Station,Sunday/Holiday,6:00 to 7:00 AM,7,4,6
2024,Main Street-Science World Station,Sunday/Holiday,5:00 to 6:00 PM,435,699,17
2024,Main Street-Science World Station,Sunday/Holiday,5:00 to 6:00 AM,1,1,5
2024,Main Street-Science World Station,Sunday/Holiday,4:00 to 5:00 PM,512,719,16
2024,Main Street-Science World Station,Sunday/Holiday,4:00 to 5:00 AM,0,0,4
2024,Main Street-Science World Station,Sunday/Holiday,3:00 to 4:00 PM,617,707,15
2024,Main Street-Science World Station,Sunday/Holiday,3:00 to 4:00 AM,0,0,3
2024,Main Street-Science World Station,Sunday/Holiday,2:00 to 3:00 PM,628,645,14
2024,Main Street-Science World Station,Sunday/Holiday,2:00 to 3:00 AM,0,0,2
2024,Main Street-Science World Station,Sunday/Holiday,12:00 to 1:00 PM,578,478,12
2024,Main Street-Science World Station,Sunday/Holiday,12:00 to 1:00 AM,30,60,0
2024,Main Street-Science World Station,Sunday/Holiday,11:00 PM to 12:00 AM,117,199,23
2024,Main Street-Science World Station,Sunday/Holiday,11:00 AM to 12:00 PM,555,392,11
2024,Main Street-Science World Station,Sunday/Holiday,10:00 to 11:00 PM,161,250,22
2024,Main Street-Science World Station,Sunday/Holiday,10:00 to 11:00 AM,500,290,10
2024,Main Street-Science World Station,Sunday/Holiday,1:00 to 2:00 PM,612,603,13
2024,Main Street-Science World Station,Sunday/Holiday,1:00 to 2:00 AM,1,1,1
2024,Main Street-Science World Station,Saturday,9:00 to 10:00 PM,386,383,21
2024,Main Street-Science World Station,Saturday,9:00 to 10:00 AM,589,264,9
2024,Main Street-Science World Station,Saturday,8:00 to 9:00 PM,385,392,20
2024,Main Street-Science World Station,Saturday,8:00 to 9:00 AM,431,205,8
2024,Main Street-Science World Station,Saturday,7:00 to 8:00 PM,442,483,19
2024,Main Street-Science World Station,Saturday,7:00 to 8:00 AM,405,165,7
2024,Main Street-Science World Station,Saturday,6:00 to 7:00 PM,538,679,18
2024,Main Street-Science World Station,Saturday,6:00 to 7:00 AM,150,61,6
2024,Main Street-Science World Station,Saturday,5:00 to 6:00 PM,605,860,17
2024,Main Street-Science World Station,Saturday,5:00 to 6:00 AM,0,0,5
2024,Main Street-Science World Station,Saturday,4:00 to 5:00 PM,658,929,16
2024,Main Street-Science World Station,Saturday,4:00 to 5:00 AM,0,0,4
2024,Main Street-Science World Station,Saturday,3:00 to 4:00 PM,738,907,15
2024,Main Street-Science World Station,Saturday,3:00 to 4:00 AM,0,0,3
2024,Main Street-Science World Station,Saturday,2:00 to 3:00 PM,729,812,14
2024,Main Street-Science World Station,Saturday,2:00 to 3:00 AM,0,0,2
2024,Main Street-Science World Station,Saturday,12:00 to 1:00 PM,658,565,12
2024,Main Street-Science World Station,Saturday,12:00 to 1:00 AM,111,239,0
2024,Main Street-Science World Station,Saturday,11:00 PM to 12:00 AM,199,360,23
2024,Main Street-Science World Station,Saturday,11:00 AM to 12:00 PM,664,458,11
2024,Main Street-Science World Station,Saturday,10:00 to 11:00 PM,268,480,22
2024,Main Street-Science World Station,Saturday,10:00 to 11:00 AM,582,348,10
2024,Main Street-Science World Station,Saturday,1:00 to 2:00 PM,718,703,13
2024,Main Street-Science World Station,Saturday,1:00 to 2:00 AM,25,57,1
2024,Main Street-Science World Station,Weekday,9:00 to 10:00 PM,247,381,21
2024,Main Street-Science World Station,Weekday,9:00 to 10:00 AM,923,370,9
2024,Main Street-Science World Station,Weekday,8:00 to 9:00 PM,291,449,20
2024,Main Street-Science World Station,Weekday,8:00 to 9:00 AM,1087,628,8
2024,Main Street-Science World Station,Weekday,7:00 to 8:00 PM,395,540,19
2024,Main Street-Science World Station,Weekday,7:00 to 8:00 AM,1053,451,7
2024,Main Street-Science World Station,Weekday,6:00 to 7:00 PM,635,897,18
2024,Main Street-Science World Station,Weekday,6:00 to 7:00 AM,896,257,6
2024,Main Street-Science World Station,Weekday,5:00 to 6:00 PM,878,1464,17
2024,Main Street-Science World Station,Weekday,5:00 to 6:00 AM,127,108,5
2024,Main Street-Science World Station,Weekday,4:00 to 5:00 PM,826,1419,16
2024,Main Street-Science World Station,Weekday,4:00 to 5:00 AM,0,0,4
2024,Main Street-Science World Station,Weekday,3:00 to 4:00 PM,724,1308,15
2024,Main Street-Science World Station,Weekday,3:00 to 4:00 AM,0,0,3
2024,Main Street-Science World Station,Weekday,2:00 to 3:00 PM,566,746,14
2024,Main Street-Science World Station,Weekday,2:00 to 3:00 AM,0,0,2
2024,Main Street-Science World Station,Weekday,12:00 to 1:00 PM,566,547,12
2024,Main Street-Science World Station,Weekday,12:00 to 1:00 AM,67,118,0
2024,Main Street-Science World Station,Weekday,11:00 PM to 12:00 AM,138,237,23
2024,Main Street-Science World Station,Weekday,11:00 AM to 12:00 PM,568,418,11
2024,Main Street-Science World Station,Weekday,10:00 to 11:00 PM,199,313,22
2024,Main Street-Science World Station,Weekday,10:00 to 11:00 AM,538,339,10
2024,Main Street-Science World Station,Weekday,1:00 to 2:00 PM,569,574,13
2024,Marine Drive Station,Weekday,11:00 AM to 12:00 PM,317,516,11
2024,Marine Drive Station,Weekday,11:00 PM to 12:00 AM,221,83,23
2024,Marine Drive Station,Weekday,12:00 to 1:00 AM,134,35,0
2024,Marine Drive Station,Weekday,12:00 to 1:00 PM,415,539,12
2024,Marine Drive Station,Weekday,2:00 to 3:00 AM,1,1,2
2024,Marine Drive Station,Weekday,2:00 to 3:00 PM,580,597,14
2024,Marine Drive Station,Weekday,3:00 to 4:00 AM,0,0,3
2024,Marine Drive Station,Weekday,3:00 to 4:00 PM,825,830,15
2024,Marine Drive Station,Weekday,4:00 to 5:00 AM,1,20,4
2024,Marine Drive Station,Weekday,4:00 to 5:00 PM,1055,867,16
2024,Marine Drive Station,Weekday,5:00 to 6:00 AM,89,211,5
2024,Marine Drive Station,Weekday,5:00 to 6:00 PM,1187,833,17
2024,Marine Drive Station,Weekday,6:00 to 7:00 AM,358,489,6
2024,Marine Drive Station,Weekday,6:00 to 7:00 PM,961,576,18
2024,Marine Drive Station,Weekday,7:00 to 8:00 AM,454,818,7
2024,Marine Drive Station,Weekday,7:00 to 8:00 PM,611,341,19
2024,Marine Drive Station,Weekday,8:00 to 9:00 AM,443,1021,8
2024,Marine Drive Station,Weekday,8:00 to 9:00 PM,505,267,20
2024,Marine Drive Station,Weekday,9:00 to 10:00 AM,334,651,9
2024,Marine Drive Station,Weekday,9:00 to 10:00 PM,483,254,21
2024,Marine Drive Station,Saturday,1:00 to 2:00 AM,63,9,1
2024,Marine Drive Station,Saturday,1:00 to 2:00 PM,491,669,13
2024,Marine Drive Station,Saturday,10:00 to 11:00 AM,260,530,10
2024,Marine Drive Station,Saturday,10:00 to 11:00 PM,399,164,22
2024,Marine Drive Station,Saturday,11:00 AM to 12:00 PM,330,583,11
2024,Marine Drive Station,Saturday,11:00 PM to 12:00 AM,285,98,23
2024,Marine Drive Station,Saturday,12:00 to 1:00 AM,185,47,0
2024,Marine Drive Station,Saturday,12:00 to 1:00 PM,415,621,12
2024,Marine Drive Station,Saturday,2:00 to 3:00 AM,1,0,2
2024,Marine Drive Station,Saturday,2:00 to 3:00 PM,589,688,14
2024,Marine Drive Station,Saturday,3:00 to 4:00 AM,0,0,3
2024,Marine Drive Station,Saturday,3:00 to 4:00 PM,699,670,15
2024,Marine Drive Station,Saturday,4:00 to 5:00 AM,1,14,4
2024,Marine Drive Station,Saturday,4:00 to 5:00 PM,737,639,16
2024,Marine Drive Station,Saturday,5:00 to 6:00 AM,49,131,5
2024,Marine Drive Station,Saturday,5:00 to 6:00 PM,714,546,17
2024,Marine Drive Station,Sunday/Holiday,8:00 to 9:00 AM,128,280,8
2024,Marine Drive Station,Sunday/Holiday,7:00 to 8:00 PM,515,289,19
2024,Marine Drive Station,Sunday/Holiday,7:00 to 8:00 AM,122,259,7
2024,Marine Drive Station,Sunday/Holiday,6:00 to 7:00 PM,631,399,18
2024,Marine Drive Station,Sunday/Holiday,6:00 to 7:00 AM,82,204,6
2024,Marine Drive Station,Sunday/Holiday,5:00 to 6:00 PM,642,457,17
2024,Marine Drive Station,Sunday/Holiday,5:00 to 6:00 AM,46,110,5
2024,Marine Drive Station,Sunday/Holiday,4:00 to 5:00 PM,640,535,16
2024,Marine Drive Station,Sunday/Holiday,4:00 to 5:00 AM,1,11,4
2024,Marine Drive Station,Sunday/Holiday,3:00 to 4:00 PM,633,588,15
2024,Marine Drive Station,Sunday/Holiday,3:00 to 4:00 AM,0,0,3
2024,Marine Drive Station,Sunday/Holiday,2:00 to 3:00 PM,529,598,14
2024,Marine Drive Station,Sunday/Holiday,2:00 to 3:00 AM,1,1,2
2024,Marine Drive Station,Sunday/Holiday,12:00 to 1:00 PM,374,563,12
2024,Marine Drive Station,Sunday/Holiday,12:00 to 1:00 AM,116,30,0
2024,Marine Drive Station,Sunday/Holiday,11:00 PM to 12:00 AM,200,67,23
2024,Marine Drive Station,Sunday/Holiday,11:00 AM to 12:00 PM,317,525,11
2024,Marine Drive Station,Sunday/Holiday,10:00 to 11:00 PM,320,130,22
2024,Marine Drive Station,Sunday/Holiday,10:00 to 11:00 AM,230,502,10
2024,Marine Drive Station,Sunday/Holiday,1:00 to 2:00 PM,445,600,13
2024,Marine Drive Station,Sunday/Holiday,1:00 to 2:00 AM,27,5,1
2024,Marine Drive Station,Saturday,9:00 to 10:00 PM,452,269,21
2024,Marine Drive Station,Saturday,9:00 to 10:00 AM,230,514,9
2024,Marine Drive Station,Saturday,8:00 to 9:00 PM,477,279,20
2024,Marine Drive Station,Saturday,8:00 to 9:00 AM,191,384,8
2024,Marine Drive Station,Saturday,7:00 to 8:00 PM,534,352,19
2024,Marine Drive Station,Saturday,7:00 to 8:00 AM,152,317,7
2024,Marine Drive Station,Sunday/Holiday,9:00 to 10:00 PM,378,215,21
2024,Marine Drive Station,Sunday/Holiday,9:00 to 10:00 AM,185,388,9
2024,Marine Drive Station,Sunday/Holiday,8:00 to 9:00 PM,418,223,20
2024,Marine Drive Station,Weekday,1:00 to 2:00 AM,36,6,1
2024,Marine Drive Station,Weekday,1:00 to 2:00 PM,458,537,13
2024,Marine Drive Station,Weekday,10:00 to 11:00 AM,281,513,10
2024,Marine Drive Station,Saturday,6:00 to 7:00 PM,689,507,18
2024,Marine Drive Station,Weekday,10:00 to 11:00 PM,357,151,22
2024,Marine Drive Station,Saturday,6:00 to 7:00 AM,93,215,6
2024,Metrotown Station,Weekday,1:00 to 2:00 AM,44,16,1
2024,Metrotown Station,Weekday,1:00 to 2:00 PM,1707,1384,13
2024,Metrotown Station,Weekday,10:00 to 11:00 AM,1356,851,10
2024,Metrotown Station,Weekday,10:00 to 11:00 PM,458,468,22
2024,Metrotown Station,Weekday,11:00 AM to 12:00 PM,1457,1046,11
2024,Metrotown Station,Weekday,11:00 PM to 12:00 AM,279,211,23
2024,Metrotown Station,Weekday,12:00 to 1:00 AM,134,94,0
2024,Metrotown Station,Weekday,12:00 to 1:00 PM,1657,1261,12
2024,Metrotown Station,Weekday,2:00 to 3:00 AM,0,0,2
2024,Metrotown Station,Weekday,2:00 to 3:00 PM,1797,1657,14
2024,Metrotown Station,Weekday,3:00 to 4:00 AM,0,0,3
2024,Metrotown Station,Weekday,3:00 to 4:00 PM,2382,2142,15
2024,Metrotown Station,Weekday,4:00 to 5:00 AM,0,0,4
2024,Metrotown Station,Weekday,4:00 to 5:00 PM,2647,2568,16
2024,Metrotown Station,Weekday,5:00 to 6:00 AM,212,247,5
2024,Metrotown Station,Weekday,5:00 to 6:00 PM,2809,2565,17
2024,Metrotown Station,Weekday,6:00 to 7:00 AM,852,797,6
2024,Metrotown Station,Weekday,6:00 to 7:00 PM,2050,2110,18
2024,Metrotown Station,Weekday,7:00 to 8:00 AM,1397,1137,7
2024,Metrotown Station,Weekday,7:00 to 8:00 PM,1243,1523,19
2024,Metrotown Station,Weekday,8:00 to 9:00 AM,1805,1417,8
2024,Metrotown Station,Weekday,8:00 to 9:00 PM,791,1378,20
2024,Metrotown Station,Weekday,9:00 to 10:00 AM,1541,938,9
2024,Metrotown Station,Weekday,9:00 to 10:00 PM,598,1223,21
2024,Metrotown Station,Saturday,1:00 to 2:00 AM,82,23,1
2024,Metrotown Station,Saturday,1:00 to 2:00 PM,2088,1532,13
2024,Metrotown Station,Saturday,10:00 to 11:00 AM,1295,840,10
2024,Metrotown Station,Saturday,10:00 to 11:00 PM,520,538,22
2024,Metrotown Station,Saturday,11:00 AM to 12:00 PM,1580,1071,11
2024,Metrotown Station,Saturday,11:00 PM to 12:00 AM,370,266,23
2024,Metrotown Station,Saturday,12:00 to 1:00 AM,213,130,0
2024,Metrotown Station,Saturday,12:00 to 1:00 PM,1884,1336,12
2024,Metrotown Station,Saturday,2:00 to 3:00 AM,0,0,2
2024,Metrotown Station,Saturday,2:00 to 3:00 PM,2171,1785,14
2024,Metrotown Station,Saturday,3:00 to 4:00 AM,0,0,3
2024,Metrotown Station,Saturday,3:00 to 4:00 PM,2221,2031,15
2024,Metrotown Station,Saturday,4:00 to 5:00 AM,0,0,4
2024,Metrotown Station,Saturday,4:00 to 5:00 PM,2146,2183,16
2024,Metrotown Station,Saturday,5:00 to 6:00 AM,0,0,5
2024,Metrotown Station,Saturday,5:00 to 6:00 PM,1965,2122,17
2024,Metrotown Station,Saturday,6:00 to 7:00 AM,145,155,6
2024,Metrotown Station,Saturday,6:00 to 7:00 PM,1644,1949,18
2024,Metrotown Station,Saturday,7:00 to 8:00 AM,486,414,7
2024,Metrotown Station,Saturday,7:00 to 8:00 PM,1179,1591,19
2024,Metrotown Station,Saturday,8:00 to 9:00 AM,845,526,8
2024,Metrotown Station,Saturday,8:00 to 9:00 PM,758,1371,20
2024,Metrotown Station,Saturday,9:00 to 10:00 AM,1042,646,9
2024,Metrotown Station,Saturday,9:00 to 10:00 PM,568,1261,21
2024,Metrotown Station,Sunday/Holiday,1:00 to 2:00 AM,2,1,1
2024,Metrotown Station,Sunday/Holiday,1:00 to 2:00 PM,1853,1321,13
2024,Metrotown Station,Sunday/Holiday,10:00 to 11:00 AM,1186,726,10
2024,Metrotown Station,Sunday/Holiday,10:00 to 11:00 PM,372,360,22
2024,Metrotown Station,Sunday/Holiday,11:00 AM to 12:00 PM,1442,871,11
2024,Metrotown Station,Sunday/Holiday,11:00 PM to 12:00 AM,239,238,23
2024,Metrotown Station,Sunday/Holiday,12:00 to 1:00 AM,80,52,0
2024,Metrotown Station,Sunday/Holiday,12:00 to 1:00 PM,1668,1107,12
2024,Metrotown Station,Sunday/Holiday,2:00 to 3:00 AM,0,0,2
2024,Metrotown Station,Sunday/Holiday,2:00 to 3:00 PM,1997,1551,14
2024,Metrotown Station,Sunday/Holiday,3:00 to 4:00 AM,0,0,3
2024,Metrotown Station,Sunday/Holiday,3:00 to 4:00 PM,1926,1735,15
2024,Metrotown Station,Sunday/Holiday,4:00 to 5:00 AM,0,0,4
2024,Metrotown Station,Sunday/Holiday,4:00 to 5:00 PM,1874,1845,16
2024,Metrotown Station,Sunday/Holiday,5:00 to 6:00 AM,2,3,5
2024,Metrotown Station,Sunday/Holiday,5:00 to 6:00 PM,1628,1793,17
2024,Metrotown Station,Sunday/Holiday,6:00 to 7:00 AM,11,10,6
2024,Metrotown Station,Sunday/Holiday,6:00 to 7:00 PM,1278,1793,18
2024,Metrotown Station,Sunday/Holiday,7:00 to 8:00 AM,225,217,7
2024,Metrotown Station,Sunday/Holiday,7:00 to 8:00 PM,841,1759,19
2024,Metrotown Station,Sunday/Holiday,8:00 to 9:00 AM,481,393,8
2024,Metrotown Station,Sunday/Holiday,8:00 to 9:00 PM,600,820,20
2024,Metrotown Station,Sunday/Holiday,9:00 to 10:00 AM,724,546,9
2024,Metrotown Station,Sunday/Holiday,9:00 to 10:00 PM,461,542,21
2024,Moody Centre Station,Sunday/Holiday,9:00 to 10:00 PM,38,61,21
2024,Moody Centre Station,Sunday/Holiday,9:00 to 10:00 AM,64,51,9
2024,Moody Centre Station,Sunday/Holiday,8:00 to 9:00 PM,58,72,20
2024,Moody Centre Station,Sunday/Holiday,6:00 to 7:00 AM,1,9,6
2024,Moody Centre Station,Sunday/Holiday,5:00 to 6:00 PM,109,124,17
2024,Moody Centre Station,Sunday/Holiday,5:00 to 6:00 AM,0,0,5
2024,Moody Centre Station,Sunday/Holiday,4:00 to 5:00 PM,128,131,16
2024,Moody Centre Station,Sunday/Holiday,4:00 to 5:00 AM,0,0,4
2024,Moody Centre Station,Sunday/Holiday,3:00 to 4:00 PM,129,122,15
2024,Moody Centre Station,Sunday/Holiday,3:00 to 4:00 AM,0,0,3
2024,Moody Centre Station,Sunday/Holiday,2:00 to 3:00 PM,122,110,14
2024,Moody Centre Station,Sunday/Holiday,2:00 to 3:00 AM,0,0,2
2024,Moody Centre Station,Sunday/Holiday,12:00 to 1:00 PM,102,94,12
2024,Moody Centre Station,Sunday/Holiday,12:00 to 1:00 AM,14,5,0
2024,Moody Centre Station,Sunday/Holiday,11:00 PM to 12:00 AM,25,18,23
2024,Moody Centre Station,Sunday/Holiday,11:00 AM to 12:00 PM,87,89,11
2024,Moody Centre Station,Sunday/Holiday,10:00 to 11:00 PM,36,39,22
2024,Moody Centre Station,Sunday/Holiday,10:00 to 11:00 AM,75,70,10
2024,Moody Centre Station,Sunday/Holiday,1:00 to 2:00 PM,120,105,13
2024,Moody Centre Station,Sunday/Holiday,1:00 to 2:00 AM,0,0,1
2024,Moody Centre Station,Saturday,9:00 to 10:00 PM,63,75,21
2024,Moody Centre Station,Saturday,9:00 to 10:00 AM,74,73,9
2024,Moody Centre Station,Saturday,8:00 to 9:00 PM,79,87,20
2024,Moody Centre Station,Saturday,8:00 to 9:00 AM,75,56,8
2024,Moody Centre Station,Saturday,7:00 to 8:00 PM,112,108,19
2024,Moody Centre Station,Saturday,7:00 to 8:00 AM,40,36,7
2024,Moody Centre Station,Saturday,6:00 to 7:00 PM,128,140,18
2024,Moody Centre Station,Saturday,6:00 to 7:00 AM,7,17,6
2024,Moody Centre Station,Saturday,5:00 to 6:00 PM,150,178,17
2024,Moody Centre Station,Saturday,5:00 to 6:00 AM,0,0,5
2024,Moody Centre Station,Saturday,4:00 to 5:00 PM,163,175,16
2024,Moody Centre Station,Saturday,4:00 to 5:00 AM,0,0,4
2024,Moody Centre Station,Saturday,3:00 to 4:00 PM,152,162,15
2024,Moody Centre Station,Saturday,3:00 to 4:00 AM,0,0,3
2024,Moody Centre Station,Saturday,2:00 to 3:00 PM,150,140,14
2024,Moody Centre Station,Saturday,2:00 to 3:00 AM,0,0,2
2024,Moody Centre Station,Saturday,12:00 to 1:00 PM,118,112,12
2024,Moody Centre Station,Saturday,12:00 to 1:00 AM,37,25,0
2024,Moody Centre Station,Saturday,11:00 PM to 12:00 AM,52,54,23
2024,Moody Centre Station,Saturday,11:00 AM to 12:00 PM,98,100,11
2024,Moody Centre Station,Saturday,10:00 to 11:00 PM,81,67,22
2024,Moody Centre Station,Saturday,10:00 to 11:00 AM,85,88,10
2024,Moody Centre Station,Saturday,1:00 to 2:00 PM,140,128,13
2024,Moody Centre Station,Saturday,1:00 to 2:00 AM,19,5,1
2024,Moody Centre Station,Weekday,9:00 to 10:00 PM,65,54,21
2024,Moody Centre Station,Weekday,9:00 to 10:00 AM,81,111,9
2024,Moody Centre Station,Weekday,8:00 to 9:00 PM,75,69,20
2024,Moody Centre Station,Weekday,8:00 to 9:00 AM,181,195,8
2024,Moody Centre Station,Weekday,7:00 to 8:00 PM,110,79,19
2024,Moody Centre Station,Weekday,7:00 to 8:00 AM,168,213,7
2024,Moody Centre Station,Weekday,6:00 to 7:00 PM,174,142,18
2024,Moody Centre Station,Weekday,6:00 to 7:00 AM,97,162,6
2024,Moody Centre Station,Weekday,5:00 to 6:00 PM,258,293,17
2024,Moody Centre Station,Weekday,5:00 to 6:00 AM,7,38,5
2024,Moody Centre Station,Weekday,4:00 to 5:00 PM,251,262,16
2024,Moody Centre Station,Weekday,4:00 to 5:00 AM,0,0,4
2024,Moody Centre Station,Weekday,3:00 to 4:00 PM,186,237,15
2024,Moody Centre Station,Weekday,3:00 to 4:00 AM,0,0,3
2024,Moody Centre Station,Weekday,2:00 to 3:00 PM,118,149,14
2024,Moody Centre Station,Weekday,2:00 to 3:00 AM,0,0,2
2024,Moody Centre Station,Weekday,12:00 to 1:00 PM,87,91,12
2024,Moody Centre Station,Weekday,12:00 to 1:00 AM,18,10,0
2024,Moody Centre Station,Weekday,11:00 PM to 12:00 AM,34,24,23
2024,Moody Centre Station,Weekday,11:00 AM to 12:00 PM,75,94,11
2024,Moody Centre Station,Weekday,10:00 to 11:00 PM,55,41,22
2024,Moody Centre Station,Weekday,10:00 to 11:00 AM,72,83,10
2024,Moody Centre Station,Weekday,1:00 to 2:00 PM,94,100,13
2024,Moody Centre Station,Weekday,1:00 to 2:00 AM,8,2,1
2024,Moody Centre Station,Sunday/Holiday,6:00 to 7:00 PM,98,102,18
2024,Moody Centre Station,Sunday/Holiday,7:00 to 8:00 AM,11,25,7
2024,Moody Centre Station,Sunday/Holiday,7:00 to 8:00 PM,76,80,19
2024,Moody Centre Station,Sunday/Holiday,8:00 to 9:00 AM,42,36,8
2024,Nanaimo Station,Weekday,1:00 to 2:00 AM,22,5,1
2024,Nanaimo Station,Weekday,1:00 to 2:00 PM,281,325,13
2024,Nanaimo Station,Weekday,10:00 to 11:00 AM,180,336,10
2024,Nanaimo Station,Weekday,10:00 to 11:00 PM,269,96,22
2024,Nanaimo Station,Weekday,11:00 AM to 12:00 PM,193,322,11
2024,Nanaimo Station,Weekday,11:00 PM to 12:00 AM,179,76,23
2024,Nanaimo Station,Weekday,12:00 to 1:00 AM,85,35,0
2024,Nanaimo Station,Weekday,12:00 to 1:00 PM,233,312,12
2024,Nanaimo Station,Weekday,2:00 to 3:00 AM,0,0,2
2024,Nanaimo Station,Weekday,2:00 to 3:00 PM,361,363,14
2024,Nanaimo Station,Weekday,3:00 to 4:00 AM,0,0,3
2024,Nanaimo Station,Weekday,3:00 to 4:00 PM,524,487,15
2024,Nanaimo Station,Weekday,4:00 to 5:00 AM,0,0,4
2024,Nanaimo Station,Sunday/Holiday,9:00 to 10:00 PM,246,116,21
2024,Nanaimo Station,Sunday/Holiday,9:00 to 10:00 AM,136,286,9
2024,Nanaimo Station,Sunday/Holiday,8:00 to 9:00 PM,272,134,20
2024,Nanaimo Station,Sunday/Holiday,8:00 to 9:00 AM,108,223,8
2024,Nanaimo Station,Sunday/Holiday,7:00 to 8:00 PM,354,169,19
2024,Nanaimo Station,Sunday/Holiday,7:00 to 8:00 AM,71,128,7
2024,Nanaimo Station,Sunday/Holiday,6:00 to 7:00 PM,380,236,18
2024,Nanaimo Station,Sunday/Holiday,6:00 to 7:00 AM,2,4,6
2024,Nanaimo Station,Sunday/Holiday,5:00 to 6:00 PM,397,283,17
2024,Nanaimo Station,Sunday/Holiday,5:00 to 6:00 AM,0,1,5
2024,Nanaimo Station,Sunday/Holiday,4:00 to 5:00 PM,391,343,16
2024,Nanaimo Station,Sunday/Holiday,4:00 to 5:00 AM,0,0,4
2024,Nanaimo Station,Sunday/Holiday,3:00 to 4:00 PM,353,366,15
2024,Nanaimo Station,Sunday/Holiday,3:00 to 4:00 AM,0,0,3
2024,Nanaimo Station,Sunday/Holiday,2:00 to 3:00 PM,315,378,14
2024,Nanaimo Station,Sunday/Holiday,2:00 to 3:00 AM,0,0,2
2024,Nanaimo Station,Sunday/Holiday,12:00 to 1:00 PM,221,370,12
2024,Nanaimo Station,Sunday/Holiday,12:00 to 1:00 AM,49,18,0
2024,Nanaimo Station,Sunday/Holiday,11:00 PM to 12:00 AM,160,69,23
2024,Nanaimo Station,Sunday/Holiday,11:00 AM to 12:00 PM,178,347,11
2024,Nanaimo Station,Sunday/Holiday,10:00 to 11:00 PM,210,83,22
2024,Nanaimo Station,Weekday,4:00 to 5:00 PM,704,527,16
2024,Nanaimo Station,Weekday,5:00 to 6:00 AM,36,124,5
2024,Nanaimo Station,Sunday/Holiday,10:00 to 11:00 AM,158,366,10
2024,Nanaimo Station,Sunday/Holiday,1:00 to 2:00 PM,264,371,13
2024,Nanaimo Station,Sunday/Holiday,1:00 to 2:00 AM,1,1,1
2024,Nanaimo Station,Saturday,9:00 to 10:00 PM,326,158,21
2024,Nanaimo Station,Weekday,5:00 to 6:00 PM,789,487,17
2024,Nanaimo Station,Weekday,6:00 to 7:00 AM,226,381,6
2024,Nanaimo Station,Weekday,6:00 to 7:00 PM,593,368,18
2024,Nanaimo Station,Weekday,7:00 to 8:00 AM,315,594,7
2024,Nanaimo Station,Weekday,7:00 to 8:00 PM,406,234,19
2024,Nanaimo Station,Weekday,8:00 to 9:00 AM,338,790,8
2024,Nanaimo Station,Weekday,8:00 to 9:00 PM,351,167,20
2024,Nanaimo Station,Weekday,9:00 to 10:00 AM,225,491,9
2024,Nanaimo Station,Weekday,9:00 to 10:00 PM,336,131,21
2024,Nanaimo Station,Saturday,1:00 to 2:00 AM,47,8,1
2024,Nanaimo Station,Saturday,9:00 to 10:00 AM,179,366,9
2024,Nanaimo Station,Saturday,8:00 to 9:00 PM,316,180,20
2024,Nanaimo Station,Saturday,1:00 to 2:00 PM,297,413,13
2024,Nanaimo Station,Saturday,10:00 to 11:00 AM,178,376,10
2024,Nanaimo Station,Saturday,8:00 to 9:00 AM,155,303,8
2024,Nanaimo Station,Saturday,7:00 to 8:00 PM,370,246,19
2024,Nanaimo Station,Saturday,10:00 to 11:00 PM,300,113,22
2024,Nanaimo Station,Saturday,7:00 to 8:00 AM,120,227,7
2024,Nanaimo Station,Saturday,6:00 to 7:00 PM,419,337,18
2024,Nanaimo Station,Saturday,6:00 to 7:00 AM,56,85,6
2024,Nanaimo Station,Saturday,11:00 AM to 12:00 PM,209,378,11
2024,Nanaimo Station,Saturday,11:00 PM to 12:00 AM,241,106,23
2024,Nanaimo Station,Saturday,5:00 to 6:00 PM,458,384,17
2024,Nanaimo Station,Saturday,4:00 to 5:00 PM,450,455,16
2024,Nanaimo Station,Saturday,4:00 to 5:00 AM,0,0,4
2024,Nanaimo Station,Saturday,3:00 to 4:00 PM,421,444,15
2024,Nanaimo Station,Saturday,3:00 to 4:00 AM,0,0,3
2024,Nanaimo Station,Saturday,12:00 to 1:00 AM,148,48,0
2024,Nanaimo Station,Saturday,12:00 to 1:00 PM,256,392,12
2024,Nanaimo Station,Saturday,2:00 to 3:00 AM,0,0,2
2024,Nanaimo Station,Saturday,2:00 to 3:00 PM,365,422,14
2024,New Westminster Station,Sunday/Holiday,9:00 to 10:00 PM,341,322,21
2024,New Westminster Station,Sunday/Holiday,9:00 to 10:00 AM,314,350,9
2024,New Westminster Station,Sunday/Holiday,8:00 to 9:00 PM,427,372,20
2024,New Westminster Station,Sunday/Holiday,8:00 to 9:00 AM,235,269,8
2024,New Westminster Station,Sunday/Holiday,7:00 to 8:00 PM,584,408,19
2024,New Westminster Station,Sunday/Holiday,7:00 to 8:00 AM,142,292,7
2024,New Westminster Station,Sunday/Holiday,6:00 to 7:00 PM,683,540,18
2024,New Westminster Station,Sunday/Holiday,6:00 to 7:00 AM,6,10,6
2024,New Westminster Station,Sunday/Holiday,5:00 to 6:00 PM,712,607,17
2024,New Westminster Station,Sunday/Holiday,5:00 to 6:00 AM,1,3,5
2024,New Westminster Station,Sunday/Holiday,4:00 to 5:00 PM,711,625,16
2024,New Westminster Station,Sunday/Holiday,4:00 to 5:00 AM,0,0,4
2024,New Westminster Station,Sunday/Holiday,3:00 to 4:00 PM,698,644,15
2024,New Westminster Station,Sunday/Holiday,3:00 to 4:00 AM,0,0,3
2024,New Westminster Station,Sunday/Holiday,2:00 to 3:00 PM,662,621,14
2024,New Westminster Station,Sunday/Holiday,2:00 to 3:00 AM,0,0,2
2024,New Westminster Station,Sunday/Holiday,12:00 to 1:00 PM,488,563,12
2024,New Westminster Station,Sunday/Holiday,12:00 to 1:00 AM,70,55,0
2024,New Westminster Station,Sunday/Holiday,11:00 PM to 12:00 AM,179,170,23
2024,New Westminster Station,Sunday/Holiday,11:00 AM to 12:00 PM,417,494,11
2024,New Westminster Station,Sunday/Holiday,10:00 to 11:00 PM,275,231,22
2024,New Westminster Station,Sunday/Holiday,10:00 to 11:00 AM,384,441,10
2024,New Westminster Station,Sunday/Holiday,1:00 to 2:00 PM,558,603,13
2024,New Westminster Station,Sunday/Holiday,1:00 to 2:00 AM,2,1,1
2024,New Westminster Station,Saturday,9:00 to 10:00 PM,476,444,21
2024,New Westminster Station,Saturday,9:00 to 10:00 AM,442,432,9
2024,New Westminster Station,Saturday,8:00 to 9:00 PM,535,462,20
2024,New Westminster Station,Saturday,8:00 to 9:00 AM,424,386,8
2024,New Westminster Station,Saturday,7:00 to 8:00 PM,663,541,19
2024,New Westminster Station,Saturday,7:00 to 8:00 AM,239,319,7
2024,New Westminster Station,Saturday,6:00 to 7:00 PM,831,751,18
2024,New Westminster Station,Saturday,6:00 to 7:00 AM,98,221,6
2024,New Westminster Station,Saturday,5:00 to 6:00 PM,890,843,17
2024,New Westminster Station,Saturday,5:00 to 6:00 AM,0,0,5
2024,New Westminster Station,Saturday,4:00 to 5:00 PM,882,878,16
2024,New Westminster Station,Saturday,4:00 to 5:00 AM,0,0,4
2024,New Westminster Station,Saturday,3:00 to 4:00 PM,829,890,15
2024,New Westminster Station,Saturday,3:00 to 4:00 AM,0,0,3
2024,New Westminster Station,Weekday,3:00 to 4:00 PM,1252,1249,15
2024,New Westminster Station,Weekday,2:00 to 3:00 PM,895,958,14
2024,New Westminster Station,Weekday,4:00 to 5:00 AM,0,0,4
2024,New Westminster Station,Weekday,4:00 to 5:00 PM,1498,1354,16
2024,New Westminster Station,Weekday,2:00 to 3:00 AM,0,0,2
2024,New Westminster Station,Weekday,12:00 to 1:00 PM,898,759,12
2024,New Westminster Station,Weekday,12:00 to 1:00 AM,113,89,0
2024,New Westminster Station,Weekday,5:00 to 6:00 AM,97,335,5
2024,New Westminster Station,Weekday,5:00 to 6:00 PM,1626,1194,17
2024,New Westminster Station,Weekday,6:00 to 7:00 AM,421,736,6
2024,New Westminster Station,Weekday,11:00 PM to 12:00 AM,225,181,23
2024,New Westminster Station,Weekday,11:00 AM to 12:00 PM,703,579,11
2024,New Westminster Station,Weekday,6:00 to 7:00 PM,1259,1062,18
2024,New Westminster Station,Weekday,7:00 to 8:00 AM,571,988,7
2024,New Westminster Station,Weekday,7:00 to 8:00 PM,712,596,19
2024,New Westminster Station,Weekday,8:00 to 9:00 AM,968,918,8
2024,New Westminster Station,Weekday,8:00 to 9:00 PM,510,561,20
2024,New Westminster Station,Weekday,10:00 to 11:00 PM,361,288,22
2024,New Westminster Station,Weekday,10:00 to 11:00 AM,652,522,10
2024,New Westminster Station,Weekday,1:00 to 2:00 PM,681,709,13
2024,New Westminster Station,Weekday,9:00 to 10:00 AM,766,568,9
2024,New Westminster Station,Weekday,9:00 to 10:00 PM,464,549,21
2024,New Westminster Station,Saturday,1:00 to 2:00 AM,79,26,1
2024,New Westminster Station,Saturday,1:00 to 2:00 PM,682,718,13
2024,New Westminster Station,Saturday,10:00 to 11:00 AM,453,503,10
2024,New Westminster Station,Saturday,10:00 to 11:00 PM,421,327,22
2024,New Westminster Station,Saturday,11:00 AM to 12:00 PM,534,590,11
2024,New Westminster Station,Saturday,11:00 PM to 12:00 AM,283,237,23
2024,New Westminster Station,Saturday,12:00 to 1:00 AM,177,128,0
2024,New Westminster Station,Saturday,12:00 to 1:00 PM,631,683,12
2024,New Westminster Station,Weekday,1:00 to 2:00 AM,45,19,1
2024,New Westminster Station,Saturday,2:00 to 3:00 AM,0,1,2
2024,New Westminster Station,Saturday,2:00 to 3:00 PM,787,792,14
2024,Oakridge-41st Avenue Station,Saturday,8:00 to 9:00 PM,312,145,20
2024,Oakridge-41st Avenue Station,Saturday,9:00 to 10:00 AM,162,368,9
2024,Oakridge-41st Avenue Station,Saturday,9:00 to 10:00 PM,313,119,21
2024,Oakridge-41st Avenue Station,Saturday,8:00 to 9:00 AM,137,269,8
2024,Oakridge-41st Avenue Station,Saturday,7:00 to 8:00 PM,334,199,19
2024,Oakridge-41st Avenue Station,Sunday/Holiday,1:00 to 2:00 AM,26,5,1
2024,Oakridge-41st Avenue Station,Sunday/Holiday,9:00 to 10:00 PM,277,94,21
2024,Oakridge-41st Avenue Station,Sunday/Holiday,9:00 to 10:00 AM,115,271,9
2024,Oakridge-41st Avenue Station,Sunday/Holiday,8:00 to 9:00 PM,287,105,20
2024,Oakridge-41st Avenue Station,Sunday/Holiday,8:00 to 9:00 AM,80,197,8
2024,Oakridge-41st Avenue Station,Sunday/Holiday,1:00 to 2:00 PM,246,386,13
2024,Oakridge-41st Avenue Station,Sunday/Holiday,10:00 to 11:00 AM,147,344,10
2024,Oakridge-41st Avenue Station,Sunday/Holiday,10:00 to 11:00 PM,231,64,22
2024,Oakridge-41st Avenue Station,Sunday/Holiday,11:00 AM to 12:00 PM,168,358,11
2024,Oakridge-41st Avenue Station,Sunday/Holiday,11:00 PM to 12:00 AM,168,37,23
2024,Oakridge-41st Avenue Station,Sunday/Holiday,12:00 to 1:00 AM,100,14,0
2024,Oakridge-41st Avenue Station,Sunday/Holiday,7:00 to 8:00 PM,324,143,19
2024,Oakridge-41st Avenue Station,Sunday/Holiday,7:00 to 8:00 AM,79,176,7
2024,Oakridge-41st Avenue Station,Sunday/Holiday,12:00 to 1:00 PM,202,362,12
2024,Oakridge-41st Avenue Station,Sunday/Holiday,2:00 to 3:00 AM,1,1,2
2024,Oakridge-41st Avenue Station,Sunday/Holiday,2:00 to 3:00 PM,302,366,14
2024,Oakridge-41st Avenue Station,Sunday/Holiday,3:00 to 4:00 AM,0,1,3
2024,Oakridge-41st Avenue Station,Sunday/Holiday,3:00 to 4:00 PM,353,341,15
2024,Oakridge-41st Avenue Station,Sunday/Holiday,4:00 to 5:00 AM,1,13,4
2024,Oakridge-41st Avenue Station,Sunday/Holiday,4:00 to 5:00 PM,387,294,16
2024,Oakridge-41st Avenue Station,Sunday/Holiday,5:00 to 6:00 AM,23,104,5
2024,Oakridge-41st Avenue Station,Sunday/Holiday,5:00 to 6:00 PM,404,252,17
2024,Oakridge-41st Avenue Station,Sunday/Holiday,6:00 to 7:00 AM,50,172,6
2024,Oakridge-41st Avenue Station,Sunday/Holiday,6:00 to 7:00 PM,363,213,18
2024,Oakridge-41st Avenue Station,Weekday,7:00 to 8:00 PM,365,229,19
2024,Oakridge-41st Avenue Station,Weekday,7:00 to 8:00 AM,403,516,7
2024,Oakridge-41st Avenue Station,Weekday,6:00 to 7:00 PM,555,401,18
2024,Oakridge-41st Avenue Station,Weekday,6:00 to 7:00 AM,306,359,6
2024,Oakridge-41st Avenue Station,Weekday,5:00 to 6:00 PM,711,587,17
2024,Oakridge-41st Avenue Station,Weekday,5:00 to 6:00 AM,41,157,5
2024,Oakridge-41st Avenue Station,Weekday,4:00 to 5:00 PM,638,624,16
2024,Oakridge-41st Avenue Station,Weekday,4:00 to 5:00 AM,1,16,4
2024,Oakridge-41st Avenue Station,Weekday,3:00 to 4:00 PM,497,742,15
2024,Oakridge-41st Avenue Station,Weekday,3:00 to 4:00 AM,0,0,3
2024,Oakridge-41st Avenue Station,Weekday,2:00 to 3:00 PM,364,474,14
2024,Oakridge-41st Avenue Station,Weekday,2:00 to 3:00 AM,0,1,2
2024,Oakridge-41st Avenue Station,Weekday,12:00 to 1:00 PM,270,374,12
2024,Oakridge-41st Avenue Station,Weekday,12:00 to 1:00 AM,102,18,0
2024,Oakridge-41st Avenue Station,Weekday,11:00 PM to 12:00 AM,169,44,23
2024,Oakridge-41st Avenue Station,Weekday,11:00 AM to 12:00 PM,240,360,11
2024,Oakridge-41st Avenue Station,Weekday,10:00 to 11:00 PM,253,82,22
2024,Oakridge-41st Avenue Station,Weekday,10:00 to 11:00 AM,230,362,10
2024,Oakridge-41st Avenue Station,Weekday,1:00 to 2:00 PM,299,378,13
2024,Oakridge-41st Avenue Station,Weekday,1:00 to 2:00 AM,28,6,1
2024,Oakridge-41st Avenue Station,Weekday,8:00 to 9:00 AM,443,649,8
2024,Oakridge-41st Avenue Station,Weekday,8:00 to 9:00 PM,315,164,20
2024,Oakridge-41st Avenue Station,Saturday,7:00 to 8:00 AM,109,214,7
2024,Oakridge-41st Avenue Station,Saturday,6:00 to 7:00 PM,406,295,18
2024,Oakridge-41st Avenue Station,Saturday,6:00 to 7:00 AM,64,175,6
2024,Oakridge-41st Avenue Station,Saturday,5:00 to 6:00 PM,436,332,17
2024,Oakridge-41st Avenue Station,Saturday,5:00 to 6:00 AM,24,104,5
2024,Oakridge-41st Avenue Station,Saturday,4:00 to 5:00 PM,441,400,16
2024,Oakridge-41st Avenue Station,Saturday,4:00 to 5:00 AM,1,9,4
2024,Oakridge-41st Avenue Station,Saturday,3:00 to 4:00 PM,405,438,15
2024,Oakridge-41st Avenue Station,Saturday,3:00 to 4:00 AM,0,0,3
2024,Oakridge-41st Avenue Station,Saturday,2:00 to 3:00 PM,355,451,14
2024,Oakridge-41st Avenue Station,Saturday,2:00 to 3:00 AM,0,1,2
2024,Oakridge-41st Avenue Station,Saturday,12:00 to 1:00 PM,256,449,12
2024,Oakridge-41st Avenue Station,Saturday,12:00 to 1:00 AM,154,24,0
2024,Oakridge-41st Avenue Station,Saturday,11:00 PM to 12:00 AM,232,49,23
2024,Oakridge-41st Avenue Station,Saturday,11:00 AM to 12:00 PM,211,426,11
2024,Oakridge-41st Avenue Station,Saturday,10:00 to 11:00 PM,283,92,22
2024,Oakridge-41st Avenue Station,Saturday,10:00 to 11:00 AM,176,386,10
2024,Oakridge-41st Avenue Station,Saturday,1:00 to 2:00 PM,294,459,13
2024,Oakridge-41st Avenue Station,Saturday,1:00 to 2:00 AM,45,7,1
2024,Oakridge-41st Avenue Station,Weekday,9:00 to 10:00 PM,331,123,21
2024,Oakridge-41st Avenue Station,Weekday,9:00 to 10:00 AM,267,449,9
2024,Olympic Village Station,Saturday,10:00 to 11:00 PM,77,76,22
2024,Olympic Village Station,Saturday,11:00 AM to 12:00 PM,188,179,11
2024,Olympic Village Station,Saturday,11:00 PM to 12:00 AM,51,55,23
2024,Olympic Village Station,Saturday,12:00 to 1:00 AM,30,29,0
2024,Olympic Village Station,Saturday,12:00 to 1:00 PM,209,206,12
2024,Olympic Village Station,Saturday,2:00 to 3:00 AM,0,0,2
2024,Olympic Village Station,Saturday,2:00 to 3:00 PM,230,243,14
2024,Olympic Village Station,Saturday,3:00 to 4:00 AM,0,0,3
2024,Olympic Village Station,Saturday,3:00 to 4:00 PM,232,256,15
2024,Olympic Village Station,Saturday,4:00 to 5:00 AM,1,4,4
2024,Olympic Village Station,Saturday,4:00 to 5:00 PM,231,258,16
2024,Olympic Village Station,Saturday,5:00 to 6:00 AM,10,15,5
2024,Olympic Village Station,Saturday,5:00 to 6:00 PM,200,251,17
2024,Olympic Village Station,Saturday,6:00 to 7:00 AM,22,35,6
2024,Olympic Village Station,Saturday,6:00 to 7:00 PM,165,227,18
2024,Olympic Village Station,Saturday,7:00 to 8:00 AM,59,56,7
2024,Olympic Village Station,Saturday,7:00 to 8:00 PM,125,161,19
2024,Olympic Village Station,Saturday,8:00 to 9:00 AM,95,79,8
2024,Olympic Village Station,Saturday,8:00 to 9:00 PM,100,109,20
2024,Olympic Village Station,Saturday,9:00 to 10:00 AM,140,122,9
2024,Olympic Village Station,Saturday,9:00 to 10:00 PM,90,91,21
2024,Olympic Village Station,Sunday/Holiday,1:00 to 2:00 AM,4,2,1
2024,Olympic Village Station,Sunday/Holiday,1:00 to 2:00 PM,178,191,13
2024,Olympic Village Station,Sunday/Holiday,10:00 to 11:00 AM,132,134,10
2024,Olympic Village Station,Sunday/Holiday,10:00 to 11:00 PM,52,39,22
2024,Olympic Village Station,Sunday/Holiday,11:00 AM to 12:00 PM,156,161,11
2024,Olympic Village Station,Sunday/Holiday,9:00 to 10:00 PM,64,60,21
2024,Olympic Village Station,Sunday/Holiday,11:00 PM to 12:00 AM,33,26,23
2024,Olympic Village Station,Sunday/Holiday,12:00 to 1:00 AM,17,10,0
2024,Olympic Village Station,Sunday/Holiday,12:00 to 1:00 PM,169,178,12
2024,Olympic Village Station,Sunday/Holiday,2:00 to 3:00 AM,0,0,2
2024,Olympic Village Station,Sunday/Holiday,2:00 to 3:00 PM,180,203,14
2024,Olympic Village Station,Sunday/Holiday,3:00 to 4:00 AM,0,0,3
2024,Olympic Village Station,Sunday/Holiday,3:00 to 4:00 PM,186,205,15
2024,Olympic Village Station,Sunday/Holiday,4:00 to 5:00 AM,1,3,4
2024,Olympic Village Station,Sunday/Holiday,4:00 to 5:00 PM,176,197,16
2024,Olympic Village Station,Sunday/Holiday,5:00 to 6:00 AM,6,14,5
2024,Olympic Village Station,Sunday/Holiday,5:00 to 6:00 PM,153,187,17
2024,Olympic Village Station,Sunday/Holiday,6:00 to 7:00 AM,21,31,6
2024,Olympic Village Station,Sunday/Holiday,6:00 to 7:00 PM,128,160,18
2024,Olympic Village Station,Sunday/Holiday,7:00 to 8:00 AM,41,48,7
2024,Olympic Village Station,Sunday/Holiday,7:00 to 8:00 PM,95,108,19
2024,Olympic Village Station,Sunday/Holiday,8:00 to 9:00 AM,70,71,8
2024,Olympic Village Station,Saturday,10:00 to 11:00 AM,158,151,10
2024,Olympic Village Station,Saturday,1:00 to 2:00 PM,220,228,13
2024,Olympic Village Station,Saturday,1:00 to 2:00 AM,8,7,1
2024,Olympic Village Station,Weekday,9:00 to 10:00 PM,91,108,21
2024,Olympic Village Station,Sunday/Holiday,8:00 to 9:00 PM,73,77,20
2024,Olympic Village Station,Sunday/Holiday,9:00 to 10:00 AM,107,100,9
2024,Olympic Village Station,Weekday,1:00 to 2:00 AM,5,3,1
2024,Olympic Village Station,Weekday,1:00 to 2:00 PM,187,195,13
2024,Olympic Village Station,Weekday,10:00 to 11:00 AM,159,146,10
2024,Olympic Village Station,Weekday,10:00 to 11:00 PM,65,73,22
2024,Olympic Village Station,Weekday,11:00 AM to 12:00 PM,172,168,11
2024,Olympic Village Station,Weekday,11:00 PM to 12:00 AM,35,37,23
2024,Olympic Village Station,Weekday,12:00 to 1:00 AM,18,14,0
2024,Olympic Village Station,Weekday,12:00 to 1:00 PM,190,189,12
2024,Olympic Village Station,Weekday,2:00 to 3:00 AM,0,0,2
2024,Olympic Village Station,Weekday,2:00 to 3:00 PM,198,225,14
2024,Olympic Village Station,Weekday,3:00 to 4:00 AM,0,0,3
2024,Olympic Village Station,Weekday,3:00 to 4:00 PM,266,327,15
2024,Olympic Village Station,Weekday,4:00 to 5:00 AM,1,5,4
2024,Olympic Village Station,Weekday,4:00 to 5:00 PM,328,473,16
2024,Olympic Village Station,Weekday,5:00 to 6:00 AM,20,28,5
2024,Olympic Village Station,Weekday,5:00 to 6:00 PM,355,491,17
2024,Olympic Village Station,Weekday,6:00 to 7:00 AM,108,113,6
2024,Olympic Village Station,Weekday,6:00 to 7:00 PM,257,347,18
2024,Olympic Village Station,Weekday,7:00 to 8:00 AM,239,237,7
2024,Olympic Village Station,Weekday,7:00 to 8:00 PM,149,183,19
2024,Olympic Village Station,Weekday,8:00 to 9:00 AM,403,331,8
2024,Olympic Village Station,Weekday,8:00 to 9:00 PM,106,132,20
2024,Olympic Village Station,Weekday,9:00 to 10:00 AM,269,186,9
2024,Patterson Station,Sunday/Holiday,1:00 to 2:00 PM,194,218,13
2024,Patterson Station,Sunday/Holiday,10:00 to 11:00 AM,121,202,10
2024,Patterson Station,Sunday/Holiday,10:00 to 11:00 PM,129,106,22
2024,Patterson Station,Sunday/Holiday,11:00 AM to 12:00 PM,143,204,11
2024,Patterson Station,Sunday/Holiday,11:00 PM to 12:00 AM,70,67,23
2024,Patterson Station,Sunday/Holiday,12:00 to 1:00 AM,27,11,0
2024,Patterson Station,Saturday,6:00 to 7:00 PM,274,226,18
2024,Patterson Station,Saturday,7:00 to 8:00 AM,76,119,7
2024,Patterson Station,Saturday,7:00 to 8:00 PM,214,160,19
2024,Patterson Station,Sunday/Holiday,4:00 to 5:00 PM,248,196,16
2024,Patterson Station,Sunday/Holiday,4:00 to 5:00 AM,0,0,4
2024,Patterson Station,Sunday/Holiday,3:00 to 4:00 PM,234,212,15
2024,Patterson Station,Sunday/Holiday,3:00 to 4:00 AM,0,0,3
2024,Patterson Station,Sunday/Holiday,2:00 to 3:00 PM,228,213,14
2024,Patterson Station,Sunday/Holiday,2:00 to 3:00 AM,0,0,2
2024,Patterson Station,Sunday/Holiday,12:00 to 1:00 PM,175,217,12
2024,Patterson Station,Weekday,7:00 to 8:00 AM,182,392,7
2024,Patterson Station,Weekday,7:00 to 8:00 PM,259,157,19
2024,Patterson Station,Weekday,8:00 to 9:00 AM,202,479,8
2024,Patterson Station,Weekday,8:00 to 9:00 PM,192,129,20
2024,Patterson Station,Weekday,9:00 to 10:00 AM,148,286,9
2024,Patterson Station,Weekday,9:00 to 10:00 PM,183,94,21
2024,Patterson Station,Saturday,1:00 to 2:00 AM,31,7,1
2024,Patterson Station,Saturday,1:00 to 2:00 PM,229,247,13
2024,Patterson Station,Weekday,10:00 to 11:00 PM,154,82,22
2024,Patterson Station,Weekday,11:00 AM to 12:00 PM,129,195,11
2024,Patterson Station,Weekday,11:00 PM to 12:00 AM,86,50,23
2024,Patterson Station,Weekday,12:00 to 1:00 AM,44,23,0
2024,Patterson Station,Weekday,12:00 to 1:00 PM,165,194,12
2024,Patterson Station,Weekday,10:00 to 11:00 AM,125,209,10
2024,Patterson Station,Weekday,1:00 to 2:00 PM,188,188,13
2024,Patterson Station,Weekday,1:00 to 2:00 AM,13,6,1
2024,Patterson Station,Sunday/Holiday,9:00 to 10:00 PM,189,94,21
2024,Patterson Station,Weekday,2:00 to 3:00 AM,0,0,2
2024,Patterson Station,Weekday,2:00 to 3:00 PM,227,230,14
2024,Patterson Station,Weekday,3:00 to 4:00 AM,0,0,3
2024,Patterson Station,Weekday,3:00 to 4:00 PM,346,349,15
2024,Patterson Station,Weekday,4:00 to 5:00 AM,0,0,4
2024,Patterson Station,Weekday,4:00 to 5:00 PM,459,325,16
2024,Patterson Station,Weekday,5:00 to 6:00 AM,35,68,5
2024,Patterson Station,Weekday,5:00 to 6:00 PM,554,329,17
2024,Patterson Station,Weekday,6:00 to 7:00 AM,244,239,6
2024,Patterson Station,Weekday,6:00 to 7:00 PM,424,229,18
2024,Patterson Station,Sunday/Holiday,9:00 to 10:00 AM,91,160,9
2024,Patterson Station,Sunday/Holiday,8:00 to 9:00 PM,186,110,20
2024,Patterson Station,Sunday/Holiday,8:00 to 9:00 AM,64,115,8
2024,Patterson Station,Sunday/Holiday,7:00 to 8:00 PM,223,124,19
2024,Patterson Station,Sunday/Holiday,7:00 to 8:00 AM,26,63,7
2024,Patterson Station,Sunday/Holiday,6:00 to 7:00 PM,248,158,18
2024,Patterson Station,Sunday/Holiday,6:00 to 7:00 AM,2,2,6
2024,Patterson Station,Sunday/Holiday,5:00 to 6:00 PM,263,182,17
2024,Patterson Station,Sunday/Holiday,5:00 to 6:00 AM,0,1,5
2024,Patterson Station,Saturday,10:00 to 11:00 AM,145,226,10
2024,Patterson Station,Saturday,10:00 to 11:00 PM,177,85,22
2024,Patterson Station,Saturday,11:00 AM to 12:00 PM,180,232,11
2024,Patterson Station,Saturday,11:00 PM to 12:00 AM,127,61,23
2024,Patterson Station,Saturday,12:00 to 1:00 AM,84,31,0
2024,Patterson Station,Saturday,12:00 to 1:00 PM,196,250,12
2024,Patterson Station,Saturday,2:00 to 3:00 AM,0,0,2
2024,Patterson Station,Saturday,8:00 to 9:00 AM,133,174,8
2024,Patterson Station,Saturday,8:00 to 9:00 PM,171,128,20
2024,Patterson Station,Saturday,2:00 to 3:00 PM,251,267,14
2024,Patterson Station,Saturday,3:00 to 4:00 PM,270,273,15
2024,Patterson Station,Saturday,4:00 to 5:00 AM,0,0,4
2024,Patterson Station,Saturday,4:00 to 5:00 PM,290,269,16
2024,Patterson Station,Saturday,5:00 to 6:00 AM,0,0,5
2024,Patterson Station,Saturday,5:00 to 6:00 PM,296,236,17
2024,Patterson Station,Saturday,6:00 to 7:00 AM,19,44,6
2024,Patterson Station,Saturday,9:00 to 10:00 AM,125,225,9
2024,Patterson Station,Saturday,9:00 to 10:00 PM,177,109,21
2024,Patterson Station,Sunday/Holiday,1:00 to 2:00 AM,1,1,1
2024,Production Way-University Station,Weekday,1:00 to 2:00 PM,306,260,13
2024,Production Way-University Station,Weekday,10:00 to 11:00 AM,318,138,10
2024,Production Way-University Station,Weekday,10:00 to 11:00 PM,78,86,22
2024,Production Way-University Station,Weekday,11:00 AM to 12:00 PM,283,190,11
2024,Production Way-University Station,Weekday,11:00 PM to 12:00 AM,38,63,23
2024,Production Way-University Station,Weekday,12:00 to 1:00 AM,19,12,0
2024,Production Way-University Station,Weekday,12:00 to 1:00 PM,266,255,12
2024,Production Way-University Station,Weekday,2:00 to 3:00 AM,0,0,2
2024,Production Way-University Station,Weekday,2:00 to 3:00 PM,244,358,14
2024,Production Way-University Station,Weekday,3:00 to 4:00 AM,0,0,3
2024,Production Way-University Station,Weekday,3:00 to 4:00 PM,220,556,15
2024,Production Way-University Station,Weekday,4:00 to 5:00 AM,0,3,4
2024,Production Way-University Station,Weekday,4:00 to 5:00 PM,264,731,16
2024,Production Way-University Station,Weekday,5:00 to 6:00 AM,50,50,5
2024,Production Way-University Station,Weekday,5:00 to 6:00 PM,289,708,17
2024,Production Way-University Station,Weekday,6:00 to 7:00 AM,233,141,6
2024,Production Way-University Station,Weekday,6:00 to 7:00 PM,205,321,18
2024,Production Way-University Station,Weekday,7:00 to 8:00 AM,515,205,7
2024,Production Way-University Station,Weekday,7:00 to 8:00 PM,125,207,19
2024,Production Way-University Station,Weekday,8:00 to 9:00 AM,720,193,8
2024,Production Way-University Station,Weekday,8:00 to 9:00 PM,99,169,20
2024,Production Way-University Station,Weekday,9:00 to 10:00 AM,485,139,9
2024,Production Way-University Station,Weekday,9:00 to 10:00 PM,99,116,21
2024,Production Way-University Station,Saturday,1:00 to 2:00 AM,13,4,1
2024,Production Way-University Station,Saturday,1:00 to 2:00 PM,144,170,13
2024,Production Way-University Station,Saturday,10:00 to 11:00 AM,103,111,10
2024,Production Way-University Station,Saturday,10:00 to 11:00 PM,85,49,22
2024,Production Way-University Station,Saturday,11:00 AM to 12:00 PM,115,135,11
2024,Production Way-University Station,Saturday,11:00 PM to 12:00 AM,56,34,23
2024,Production Way-University Station,Saturday,12:00 to 1:00 AM,32,12,0
2024,Production Way-University Station,Saturday,12:00 to 1:00 PM,128,158,12
2024,Production Way-University Station,Saturday,2:00 to 3:00 AM,0,0,2
2024,Production Way-University Station,Saturday,2:00 to 3:00 PM,169,182,14
2024,Production Way-University Station,Saturday,3:00 to 4:00 PM,157,199,15
2024,Production Way-University Station,Saturday,4:00 to 5:00 AM,0,0,4
2024,Production Way-University Station,Saturday,4:00 to 5:00 PM,164,201,16
2024,Production Way-University Station,Saturday,5:00 to 6:00 AM,0,0,5
2024,Production Way-University Station,Saturday,5:00 to 6:00 PM,153,202,17
2024,Production Way-University Station,Saturday,6:00 to 7:00 AM,30,51,6
2024,Production Way-University Station,Saturday,6:00 to 7:00 PM,122,145,18
2024,Production Way-University Station,Saturday,7:00 to 8:00 AM,80,60,7
2024,Production Way-University Station,Saturday,7:00 to 8:00 PM,104,85,19
2024,Production Way-University Station,Saturday,8:00 to 9:00 AM,87,66,8
2024,Production Way-University Station,Saturday,8:00 to 9:00 PM,82,73,20
2024,Production Way-University Station,Saturday,9:00 to 10:00 AM,93,90,9
2024,Production Way-University Station,Saturday,9:00 to 10:00 PM,81,63,21
2024,Production Way-University Station,Sunday/Holiday,1:00 to 2:00 AM,0,0,1
2024,Production Way-University Station,Sunday/Holiday,1:00 to 2:00 PM,127,128,13
2024,Production Way-University Station,Sunday/Holiday,10:00 to 11:00 AM,77,95,10
2024,Production Way-University Station,Sunday/Holiday,10:00 to 11:00 PM,49,39,22
2024,Production Way-University Station,Sunday/Holiday,9:00 to 10:00 PM,68,45,21
2024,Production Way-University Station,Sunday/Holiday,9:00 to 10:00 AM,66,68,9
2024,Production Way-University Station,Sunday/Holiday,8:00 to 9:00 PM,74,59,20
2024,Production Way-University Station,Sunday/Holiday,8:00 to 9:00 AM,59,48,8
2024,Production Way-University Station,Sunday/Holiday,7:00 to 8:00 PM,88,65,19
2024,Production Way-University Station,Sunday/Holiday,7:00 to 8:00 AM,48,70,7
2024,Production Way-University Station,Sunday/Holiday,6:00 to 7:00 PM,107,103,18
2024,Production Way-University Station,Sunday/Holiday,6:00 to 7:00 AM,3,4,6
2024,Production Way-University Station,Sunday/Holiday,5:00 to 6:00 PM,126,143,17
2024,Production Way-University Station,Sunday/Holiday,5:00 to 6:00 AM,1,0,5
2024,Production Way-University Station,Sunday/Holiday,4:00 to 5:00 PM,133,160,16
2024,Production Way-University Station,Sunday/Holiday,4:00 to 5:00 AM,0,0,4
2024,Production Way-University Station,Sunday/Holiday,3:00 to 4:00 PM,132,139,15
2024,Production Way-University Station,Sunday/Holiday,2:00 to 3:00 PM,146,136,14
2024,Production Way-University Station,Sunday/Holiday,12:00 to 1:00 PM,101,116,12
2024,Production Way-University Station,Sunday/Holiday,12:00 to 1:00 AM,17,7,0
2024,Production Way-University Station,Sunday/Holiday,11:00 PM to 12:00 AM,36,31,23
2024,Production Way-University Station,Sunday/Holiday,11:00 AM to 12:00 PM,91,102,11
2024,Production Way-University Station,Weekday,1:00 to 2:00 AM,7,3,1
2024,Renfrew Station,Sunday/Holiday,7:00 to 8:00 PM,89,72,19
2024,Renfrew Station,Sunday/Holiday,7:00 to 8:00 AM,54,41,7
2024,Renfrew Station,Sunday/Holiday,6:00 to 7:00 PM,113,98,18
2024,Renfrew Station,Sunday/Holiday,6:00 to 7:00 AM,1,2,6
2024,Renfrew Station,Sunday/Holiday,5:00 to 6:00 PM,128,199,17
2024,Renfrew Station,Sunday/Holiday,5:00 to 6:00 AM,0,0,5
2024,Renfrew Station,Sunday/Holiday,4:00 to 5:00 PM,136,193,16
2024,Renfrew Station,Sunday/Holiday,4:00 to 5:00 AM,0,0,4
2024,Renfrew Station,Sunday/Holiday,3:00 to 4:00 PM,118,174,15
2024,Renfrew Station,Sunday/Holiday,3:00 to 4:00 AM,0,0,3
2024,Renfrew Station,Sunday/Holiday,2:00 to 3:00 PM,111,170,14
2024,Renfrew Station,Sunday/Holiday,2:00 to 3:00 AM,0,0,2
2024,Renfrew Station,Sunday/Holiday,12:00 to 1:00 PM,125,204,12
2024,Renfrew Station,Sunday/Holiday,12:00 to 1:00 AM,16,7,0
2024,Renfrew Station,Sunday/Holiday,11:00 PM to 12:00 AM,45,25,23
2024,Renfrew Station,Sunday/Holiday,11:00 AM to 12:00 PM,109,143,11
2024,Renfrew Station,Sunday/Holiday,10:00 to 11:00 PM,59,34,22
2024,Renfrew Station,Sunday/Holiday,10:00 to 11:00 AM,101,135,10
2024,Renfrew Station,Sunday/Holiday,1:00 to 2:00 PM,163,173,13
2024,Renfrew Station,Sunday/Holiday,1:00 to 2:00 AM,0,0,1
2024,Renfrew Station,Saturday,9:00 to 10:00 PM,92,64,21
2024,Renfrew Station,Saturday,9:00 to 10:00 AM,99,127,9
2024,Renfrew Station,Saturday,8:00 to 9:00 PM,86,82,20
2024,Renfrew Station,Saturday,8:00 to 9:00 AM,288,93,8
2024,Renfrew Station,Saturday,7:00 to 8:00 PM,107,97,19
2024,Renfrew Station,Saturday,7:00 to 8:00 AM,90,65,7
2024,Renfrew Station,Saturday,6:00 to 7:00 PM,127,142,18
2024,Renfrew Station,Saturday,6:00 to 7:00 AM,20,31,6
2024,Renfrew Station,Saturday,5:00 to 6:00 PM,145,274,17
2024,Renfrew Station,Saturday,5:00 to 6:00 AM,0,0,5
2024,Renfrew Station,Saturday,4:00 to 5:00 PM,165,252,16
2024,Renfrew Station,Saturday,4:00 to 5:00 AM,0,0,4
2024,Renfrew Station,Saturday,3:00 to 4:00 PM,142,208,15
2024,Renfrew Station,Saturday,2:00 to 3:00 PM,143,188,14
2024,Renfrew Station,Saturday,2:00 to 3:00 AM,0,0,2
2024,Renfrew Station,Saturday,12:00 to 1:00 PM,159,235,12
2024,Renfrew Station,Saturday,12:00 to 1:00 AM,37,19,0
2024,Renfrew Station,Saturday,11:00 PM to 12:00 AM,67,36,23
2024,Renfrew Station,Saturday,11:00 AM to 12:00 PM,117,191,11
2024,Renfrew Station,Saturday,10:00 to 11:00 PM,85,50,22
2024,Renfrew Station,Saturday,10:00 to 11:00 AM,101,161,10
2024,Renfrew Station,Saturday,1:00 to 2:00 PM,219,188,13
2024,Renfrew Station,Saturday,1:00 to 2:00 AM,14,6,1
2024,Renfrew Station,Weekday,9:00 to 10:00 PM,96,177,21
2024,Renfrew Station,Weekday,9:00 to 10:00 AM,269,179,9
2024,Renfrew Station,Sunday/Holiday,9:00 to 10:00 PM,68,45,21
2024,Renfrew Station,Sunday/Holiday,9:00 to 10:00 AM,83,90,9
2024,Renfrew Station,Sunday/Holiday,8:00 to 9:00 PM,79,56,20
2024,Renfrew Station,Sunday/Holiday,8:00 to 9:00 AM,174,63,8
2024,Renfrew Station,Weekday,8:00 to 9:00 PM,104,183,20
2024,Renfrew Station,Weekday,8:00 to 9:00 AM,667,205,8
2024,Renfrew Station,Weekday,7:00 to 8:00 PM,130,211,19
2024,Renfrew Station,Weekday,7:00 to 8:00 AM,411,159,7
2024,Renfrew Station,Weekday,6:00 to 7:00 PM,213,283,18
2024,Renfrew Station,Weekday,6:00 to 7:00 AM,111,141,6
2024,Renfrew Station,Weekday,5:00 to 6:00 PM,370,447,17
2024,Renfrew Station,Weekday,5:00 to 6:00 AM,30,43,5
2024,Renfrew Station,Weekday,4:00 to 5:00 PM,310,588,16
2024,Renfrew Station,Weekday,4:00 to 5:00 AM,0,0,4
2024,Renfrew Station,Weekday,3:00 to 4:00 PM,248,448,15
2024,Renfrew Station,Weekday,3:00 to 4:00 AM,0,0,3
2024,Renfrew Station,Weekday,2:00 to 3:00 PM,223,320,14
2024,Renfrew Station,Weekday,2:00 to 3:00 AM,0,0,2
2024,Renfrew Station,Weekday,12:00 to 1:00 PM,365,315,12
2024,Renfrew Station,Weekday,12:00 to 1:00 AM,28,12,0
2024,Renfrew Station,Weekday,11:00 PM to 12:00 AM,53,28,23
2024,Renfrew Station,Weekday,11:00 AM to 12:00 PM,160,259,11
2024,Renfrew Station,Weekday,10:00 to 11:00 PM,77,83,22
2024,Renfrew Station,Weekday,10:00 to 11:00 AM,224,202,10
2024,Renfrew Station,Weekday,1:00 to 2:00 PM,235,221,13
2024,Renfrew Station,Weekday,1:00 to 2:00 AM,7,4,1
2024,Richmond-Brighouse Station,Weekday,1:00 to 2:00 AM,33,2,1
2024,Richmond-Brighouse Station,Weekday,1:00 to 2:00 PM,554,607,13
2024,Richmond-Brighouse Station,Weekday,10:00 to 11:00 AM,342,654,10
2024,Richmond-Brighouse Station,Weekday,10:00 to 11:00 PM,222,82,22
2024,Richmond-Brighouse Station,Weekday,11:00 AM to 12:00 PM,374,625,11
2024,Richmond-Brighouse Station,Weekday,11:00 PM to 12:00 AM,127,34,23
2024,Richmond-Brighouse Station,Weekday,12:00 to 1:00 AM,80,14,0
2024,Richmond-Brighouse Station,Weekday,12:00 to 1:00 PM,498,611,12
2024,Richmond-Brighouse Station,Weekday,2:00 to 3:00 AM,1,1,2
2024,Richmond-Brighouse Station,Weekday,2:00 to 3:00 PM,676,630,14
2024,Richmond-Brighouse Station,Weekday,3:00 to 4:00 AM,0,0,3
2024,Richmond-Brighouse Station,Weekday,3:00 to 4:00 PM,889,771,15
2024,Richmond-Brighouse Station,Weekday,6:00 to 7:00 AM,300,586,6
2024,Richmond-Brighouse Station,Weekday,6:00 to 7:00 PM,1069,482,18
2024,Richmond-Brighouse Station,Weekday,7:00 to 8:00 AM,337,1191,7
2024,Richmond-Brighouse Station,Weekday,7:00 to 8:00 PM,657,298,19
2024,Richmond-Brighouse Station,Weekday,8:00 to 9:00 AM,388,1229,8
2024,Richmond-Brighouse Station,Weekday,8:00 to 9:00 PM,463,244,20
2024,Richmond-Brighouse Station,Weekday,9:00 to 10:00 AM,357,825,9
2024,Richmond-Brighouse Station,Weekday,9:00 to 10:00 PM,380,216,21
2024,Richmond-Brighouse Station,Saturday,1:00 to 2:00 AM,74,2,1
2024,Richmond-Brighouse Station,Saturday,1:00 to 2:00 PM,580,715,13
2024,Richmond-Brighouse Station,Saturday,10:00 to 11:00 AM,365,590,10
2024,Richmond-Brighouse Station,Saturday,10:00 to 11:00 PM,308,134,22
2024,Richmond-Brighouse Station,Saturday,11:00 AM to 12:00 PM,425,636,11
2024,Richmond-Brighouse Station,Saturday,11:00 PM to 12:00 AM,213,61,23
2024,Richmond-Brighouse Station,Saturday,12:00 to 1:00 AM,164,25,0
2024,Richmond-Brighouse Station,Saturday,12:00 to 1:00 PM,523,675,12
2024,Richmond-Brighouse Station,Saturday,2:00 to 3:00 AM,1,1,2
2024,Richmond-Brighouse Station,Saturday,2:00 to 3:00 PM,652,751,14
2024,Richmond-Brighouse Station,Saturday,3:00 to 4:00 AM,0,0,3
2024,Richmond-Brighouse Station,Saturday,3:00 to 4:00 PM,744,733,15
2024,Richmond-Brighouse Station,Saturday,4:00 to 5:00 AM,1,18,4
2024,Richmond-Brighouse Station,Saturday,4:00 to 5:00 PM,786,721,16
2024,Richmond-Brighouse Station,Saturday,5:00 to 6:00 AM,24,141,5
2024,Richmond-Brighouse Station,Saturday,5:00 to 6:00 PM,743,648,17
2024,Richmond-Brighouse Station,Sunday/Holiday,3:00 to 4:00 AM,0,0,3
2024,Richmond-Brighouse Station,Sunday/Holiday,2:00 to 3:00 PM,581,623,14
2024,Richmond-Brighouse Station,Sunday/Holiday,2:00 to 3:00 AM,1,1,2
2024,Richmond-Brighouse Station,Sunday/Holiday,12:00 to 1:00 PM,442,574,12
2024,Richmond-Brighouse Station,Sunday/Holiday,12:00 to 1:00 AM,83,19,0
2024,Richmond-Brighouse Station,Sunday/Holiday,11:00 PM to 12:00 AM,136,46,23
2024,Richmond-Brighouse Station,Sunday/Holiday,11:00 AM to 12:00 PM,372,551,11
2024,Richmond-Brighouse Station,Sunday/Holiday,10:00 to 11:00 PM,228,90,22
2024,Richmond-Brighouse Station,Sunday/Holiday,3:00 to 4:00 PM,649,598,15
2024,Richmond-Brighouse Station,Sunday/Holiday,10:00 to 11:00 AM,328,538,10
2024,Richmond-Brighouse Station,Sunday/Holiday,4:00 to 5:00 AM,1,14,4
2024,Richmond-Brighouse Station,Sunday/Holiday,4:00 to 5:00 PM,672,555,16
2024,Richmond-Brighouse Station,Sunday/Holiday,1:00 to 2:00 PM,521,635,13
2024,Richmond-Brighouse Station,Sunday/Holiday,1:00 to 2:00 AM,31,2,1
2024,Richmond-Brighouse Station,Saturday,9:00 to 10:00 PM,349,264,21
2024,Richmond-Brighouse Station,Saturday,9:00 to 10:00 AM,342,502,9
2024,Richmond-Brighouse Station,Sunday/Holiday,5:00 to 6:00 AM,22,119,5
2024,Richmond-Brighouse Station,Sunday/Holiday,5:00 to 6:00 PM,648,498,17
2024,Richmond-Brighouse Station,Sunday/Holiday,6:00 to 7:00 AM,84,231,6
2024,Richmond-Brighouse Station,Sunday/Holiday,6:00 to 7:00 PM,575,418,18
2024,Richmond-Brighouse Station,Saturday,8:00 to 9:00 PM,433,298,20
2024,Richmond-Brighouse Station,Saturday,8:00 to 9:00 AM,196,399,8
2024,Richmond-Brighouse Station,Sunday/Holiday,7:00 to 8:00 AM,137,250,7
2024,Richmond-Brighouse Station,Sunday/Holiday,7:00 to 8:00 PM,447,330,19
2024,Richmond-Brighouse Station,Sunday/Holiday,8:00 to 9:00 AM,156,287,8
2024,Richmond-Brighouse Station,Sunday/Holiday,8:00 to 9:00 PM,339,198,20
2024,Richmond-Brighouse Station,Sunday/Holiday,9:00 to 10:00 AM,181,431,9
2024,Richmond-Brighouse Station,Sunday/Holiday,9:00 to 10:00 PM,285,156,21
2024,Richmond-Brighouse Station,Saturday,7:00 to 8:00 PM,526,379,19
2024,Richmond-Brighouse Station,Saturday,7:00 to 8:00 AM,162,290,7
2024,Richmond-Brighouse Station,Saturday,6:00 to 7:00 PM,696,543,18
2024,Richmond-Brighouse Station,Saturday,6:00 to 7:00 AM,79,224,6
2024,Richmond-Brighouse Station,Weekday,5:00 to 6:00 PM,1306,708,17
2024,Richmond-Brighouse Station,Weekday,5:00 to 6:00 AM,38,231,5
2024,Richmond-Brighouse Station,Weekday,4:00 to 5:00 PM,1139,752,16
2024,Richmond-Brighouse Station,Weekday,4:00 to 5:00 AM,1,47,4
2024,Royal Oak Station,Saturday,5:00 to 6:00 AM,0,0,5
2024,Royal Oak Station,Saturday,4:00 to 5:00 PM,330,306,16
2024,Royal Oak Station,Saturday,4:00 to 5:00 AM,0,0,4
2024,Royal Oak Station,Saturday,3:00 to 4:00 PM,293,297,15
2024,Royal Oak Station,Saturday,3:00 to 4:00 AM,0,0,3
2024,Royal Oak Station,Saturday,2:00 to 3:00 PM,273,304,14
2024,Royal Oak Station,Saturday,2:00 to 3:00 AM,0,0,2
2024,Royal Oak Station,Saturday,12:00 to 1:00 PM,208,285,12
2024,Royal Oak Station,Saturday,12:00 to 1:00 AM,120,33,0
2024,Royal Oak Station,Saturday,11:00 PM to 12:00 AM,167,62,23
2024,Royal Oak Station,Saturday,11:00 AM to 12:00 PM,180,280,11
2024,Royal Oak Station,Saturday,10:00 to 11:00 PM,212,102,22
2024,Royal Oak Station,Saturday,10:00 to 11:00 AM,158,270,10
2024,Royal Oak Station,Saturday,1:00 to 2:00 PM,242,295,13
2024,Royal Oak Station,Saturday,1:00 to 2:00 AM,47,6,1
2024,Royal Oak Station,Weekday,9:00 to 10:00 PM,220,130,21
2024,Royal Oak Station,Weekday,9:00 to 10:00 AM,290,386,9
2024,Royal Oak Station,Weekday,8:00 to 9:00 PM,241,146,20
2024,Royal Oak Station,Weekday,8:00 to 9:00 AM,422,612,8
2024,Royal Oak Station,Weekday,7:00 to 8:00 PM,329,189,19
2024,Royal Oak Station,Weekday,7:00 to 8:00 AM,224,523,7
2024,Royal Oak Station,Weekday,6:00 to 7:00 PM,549,301,18
2024,Royal Oak Station,Weekday,6:00 to 7:00 AM,146,351,6
2024,Royal Oak Station,Weekday,5:00 to 6:00 PM,711,422,17
2024,Royal Oak Station,Weekday,5:00 to 6:00 AM,25,122,5
2024,Royal Oak Station,Weekday,4:00 to 5:00 PM,579,422,16
2024,Royal Oak Station,Weekday,4:00 to 5:00 AM,0,0,4
2024,Royal Oak Station,Weekday,3:00 to 4:00 PM,405,545,15
2024,Royal Oak Station,Weekday,3:00 to 4:00 AM,0,0,3
2024,Royal Oak Station,Weekday,2:00 to 3:00 PM,257,273,14
2024,Royal Oak Station,Weekday,2:00 to 3:00 AM,0,0,2
2024,Royal Oak Station,Weekday,12:00 to 1:00 PM,208,266,12
2024,Royal Oak Station,Weekday,12:00 to 1:00 AM,65,18,0
2024,Royal Oak Station,Weekday,11:00 PM to 12:00 AM,121,44,23
2024,Royal Oak Station,Weekday,11:00 AM to 12:00 PM,151,241,11
2024,Royal Oak Station,Weekday,10:00 to 11:00 PM,185,85,22
2024,Royal Oak Station,Weekday,10:00 to 11:00 AM,150,259,10
2024,Royal Oak Station,Weekday,1:00 to 2:00 PM,206,241,13
2024,Royal Oak Station,Weekday,1:00 to 2:00 AM,22,5,1
2024,Royal Oak Station,Sunday/Holiday,8:00 to 9:00 AM,92,150,8
2024,Royal Oak Station,Sunday/Holiday,8:00 to 9:00 PM,182,114,20
2024,Royal Oak Station,Sunday/Holiday,9:00 to 10:00 AM,118,208,9
2024,Royal Oak Station,Sunday/Holiday,9:00 to 10:00 PM,157,97,21
2024,Royal Oak Station,Sunday/Holiday,7:00 to 8:00 PM,238,132,19
2024,Royal Oak Station,Sunday/Holiday,7:00 to 8:00 AM,32,102,7
2024,Royal Oak Station,Sunday/Holiday,6:00 to 7:00 PM,287,175,18
2024,Royal Oak Station,Sunday/Holiday,6:00 to 7:00 AM,3,4,6
2024,Royal Oak Station,Sunday/Holiday,5:00 to 6:00 PM,284,213,17
2024,Royal Oak Station,Sunday/Holiday,5:00 to 6:00 AM,0,1,5
2024,Royal Oak Station,Sunday/Holiday,4:00 to 5:00 PM,273,231,16
2024,Royal Oak Station,Sunday/Holiday,4:00 to 5:00 AM,0,0,4
2024,Royal Oak Station,Sunday/Holiday,3:00 to 4:00 PM,254,254,15
2024,Royal Oak Station,Sunday/Holiday,2:00 to 3:00 PM,225,263,14
2024,Royal Oak Station,Sunday/Holiday,2:00 to 3:00 AM,0,0,2
2024,Royal Oak Station,Sunday/Holiday,12:00 to 1:00 PM,199,270,12
2024,Royal Oak Station,Sunday/Holiday,12:00 to 1:00 AM,41,10,0
2024,Royal Oak Station,Sunday/Holiday,11:00 PM to 12:00 AM,106,43,23
2024,Royal Oak Station,Sunday/Holiday,11:00 AM to 12:00 PM,156,254,11
2024,Royal Oak Station,Sunday/Holiday,10:00 to 11:00 PM,137,75,22
2024,Royal Oak Station,Sunday/Holiday,10:00 to 11:00 AM,149,253,10
2024,Royal Oak Station,Sunday/Holiday,1:00 to 2:00 PM,208,260,13
2024,Royal Oak Station,Sunday/Holiday,1:00 to 2:00 AM,1,0,1
2024,Royal Oak Station,Saturday,9:00 to 10:00 PM,210,122,21
2024,Royal Oak Station,Saturday,9:00 to 10:00 AM,153,256,9
2024,Royal Oak Station,Saturday,8:00 to 9:00 PM,209,146,20
2024,Royal Oak Station,Saturday,8:00 to 9:00 AM,132,221,8
2024,Royal Oak Station,Saturday,7:00 to 8:00 PM,253,183,19
2024,Royal Oak Station,Saturday,7:00 to 8:00 AM,76,162,7
2024,Royal Oak Station,Saturday,6:00 to 7:00 PM,331,261,18
2024,Royal Oak Station,Saturday,6:00 to 7:00 AM,18,76,6
2024,Royal Oak Station,Saturday,5:00 to 6:00 PM,341,295,17
2024,Rupert Station,Weekday,7:00 to 8:00 AM,93,174,7
2024,Rupert Station,Weekday,7:00 to 8:00 PM,132,101,19
2024,Rupert Station,Weekday,8:00 to 9:00 AM,125,217,8
2024,Rupert Station,Weekday,8:00 to 9:00 PM,111,80,20
2024,Rupert Station,Weekday,9:00 to 10:00 AM,94,159,9
2024,Rupert Station,Weekday,9:00 to 10:00 PM,105,57,21
2024,Rupert Station,Saturday,1:00 to 2:00 AM,15,3,1
2024,Rupert Station,Saturday,1:00 to 2:00 PM,143,172,13
2024,Rupert Station,Saturday,10:00 to 11:00 AM,98,139,10
2024,Rupert Station,Saturday,10:00 to 11:00 PM,85,53,22
2024,Rupert Station,Saturday,11:00 AM to 12:00 PM,119,158,11
2024,Rupert Station,Saturday,11:00 PM to 12:00 AM,57,35,23
2024,Rupert Station,Saturday,12:00 to 1:00 AM,39,12,0
2024,Rupert Station,Saturday,12:00 to 1:00 PM,138,156,12
2024,Rupert Station,Saturday,2:00 to 3:00 AM,0,0,2
2024,Rupert Station,Saturday,2:00 to 3:00 PM,161,176,14
2024,Rupert Station,Saturday,3:00 to 4:00 PM,161,178,15
2024,Rupert Station,Sunday/Holiday,9:00 to 10:00 PM,79,51,21
2024,Rupert Station,Sunday/Holiday,9:00 to 10:00 AM,69,96,9
2024,Rupert Station,Sunday/Holiday,8:00 to 9:00 PM,87,69,20
2024,Rupert Station,Sunday/Holiday,8:00 to 9:00 AM,51,79,8
2024,Rupert Station,Sunday/Holiday,7:00 to 8:00 PM,117,81,19
2024,Rupert Station,Sunday/Holiday,7:00 to 8:00 AM,30,51,7
2024,Rupert Station,Sunday/Holiday,6:00 to 7:00 PM,131,108,18
2024,Rupert Station,Sunday/Holiday,6:00 to 7:00 AM,1,1,6
2024,Rupert Station,Sunday/Holiday,5:00 to 6:00 PM,145,134,17
2024,Rupert Station,Sunday/Holiday,5:00 to 6:00 AM,0,0,5
2024,Rupert Station,Sunday/Holiday,4:00 to 5:00 PM,149,143,16
2024,Rupert Station,Sunday/Holiday,4:00 to 5:00 AM,0,0,4
2024,Rupert Station,Saturday,4:00 to 5:00 AM,0,0,4
2024,Rupert Station,Saturday,4:00 to 5:00 PM,172,167,16
2024,Rupert Station,Saturday,5:00 to 6:00 AM,0,0,5
2024,Rupert Station,Saturday,5:00 to 6:00 PM,162,152,17
2024,Rupert Station,Saturday,6:00 to 7:00 AM,22,30,6
2024,Rupert Station,Saturday,6:00 to 7:00 PM,139,131,18
2024,Rupert Station,Saturday,7:00 to 8:00 AM,46,83,7
2024,Rupert Station,Saturday,7:00 to 8:00 PM,124,96,19
2024,Rupert Station,Saturday,8:00 to 9:00 AM,66,103,8
2024,Rupert Station,Saturday,8:00 to 9:00 PM,90,86,20
2024,Rupert Station,Sunday/Holiday,3:00 to 4:00 PM,142,156,15
2024,Rupert Station,Sunday/Holiday,2:00 to 3:00 PM,136,151,14
2024,Rupert Station,Sunday/Holiday,12:00 to 1:00 PM,107,141,12
2024,Rupert Station,Sunday/Holiday,12:00 to 1:00 AM,19,4,0
2024,Rupert Station,Sunday/Holiday,11:00 PM to 12:00 AM,43,29,23
2024,Rupert Station,Sunday/Holiday,11:00 AM to 12:00 PM,103,128,11
2024,Rupert Station,Sunday/Holiday,10:00 to 11:00 PM,68,41,22
2024,Rupert Station,Sunday/Holiday,10:00 to 11:00 AM,88,124,10
2024,Rupert Station,Sunday/Holiday,1:00 to 2:00 PM,124,149,13
2024,Rupert Station,Sunday/Holiday,1:00 to 2:00 AM,0,0,1
2024,Rupert Station,Saturday,9:00 to 10:00 PM,91,63,21
2024,Rupert Station,Saturday,9:00 to 10:00 AM,75,122,9
2024,Rupert Station,Weekday,6:00 to 7:00 PM,184,146,18
2024,Rupert Station,Weekday,6:00 to 7:00 AM,70,117,6
2024,Rupert Station,Weekday,5:00 to 6:00 PM,252,199,17
2024,Rupert Station,Weekday,5:00 to 6:00 AM,15,38,5
2024,Rupert Station,Weekday,4:00 to 5:00 PM,254,216,16
2024,Rupert Station,Weekday,4:00 to 5:00 AM,0,0,4
2024,Rupert Station,Weekday,3:00 to 4:00 PM,223,193,15
2024,Rupert Station,Weekday,3:00 to 4:00 AM,0,0,3
2024,Rupert Station,Weekday,2:00 to 3:00 PM,168,160,14
2024,Rupert Station,Weekday,2:00 to 3:00 AM,0,0,2
2024,Rupert Station,Weekday,12:00 to 1:00 PM,127,156,12
2024,Rupert Station,Weekday,12:00 to 1:00 AM,27,7,0
2024,Rupert Station,Weekday,11:00 PM to 12:00 AM,46,32,23
2024,Rupert Station,Weekday,11:00 AM to 12:00 PM,100,148,11
2024,Rupert Station,Weekday,10:00 to 11:00 PM,85,45,22
2024,Rupert Station,Weekday,10:00 to 11:00 AM,89,148,10
2024,Rupert Station,Weekday,1:00 to 2:00 PM,138,153,13
2024,Rupert Station,Weekday,1:00 to 2:00 AM,9,3,1
2024,Sapperton Station,Weekday,5:00 to 6:00 AM,45,75,5
2024,Sapperton Station,Weekday,5:00 to 6:00 PM,254,251,17
2024,Sapperton Station,Sunday/Holiday,11:00 PM to 12:00 AM,37,28,23
2024,Sapperton Station,Sunday/Holiday,11:00 AM to 12:00 PM,54,93,11
2024,Sapperton Station,Sunday/Holiday,10:00 to 11:00 PM,50,37,22
2024,Sapperton Station,Sunday/Holiday,10:00 to 11:00 AM,50,90,10
2024,Sapperton Station,Sunday/Holiday,1:00 to 2:00 PM,78,107,13
2024,Sapperton Station,Sunday/Holiday,1:00 to 2:00 AM,1,0,1
2024,Sapperton Station,Saturday,9:00 to 10:00 PM,70,46,21
2024,Sapperton Station,Saturday,9:00 to 10:00 AM,57,90,9
2024,Sapperton Station,Saturday,8:00 to 9:00 PM,71,59,20
2024,Sapperton Station,Weekday,6:00 to 7:00 AM,383,148,6
2024,Sapperton Station,Weekday,6:00 to 7:00 PM,204,139,18
2024,Sapperton Station,Saturday,8:00 to 9:00 AM,58,81,8
2024,Sapperton Station,Saturday,7:00 to 8:00 PM,102,100,19
2024,Sapperton Station,Saturday,7:00 to 8:00 AM,84,106,7
2024,Sapperton Station,Saturday,6:00 to 7:00 PM,128,99,18
2024,Sapperton Station,Saturday,6:00 to 7:00 AM,57,39,6
2024,Sapperton Station,Saturday,5:00 to 6:00 PM,123,121,17
2024,Sapperton Station,Saturday,5:00 to 6:00 AM,0,0,5
2024,Sapperton Station,Saturday,4:00 to 5:00 PM,116,138,16
2024,Sapperton Station,Saturday,4:00 to 5:00 AM,0,0,4
2024,Sapperton Station,Saturday,3:00 to 4:00 PM,123,177,15
2024,Sapperton Station,Saturday,3:00 to 4:00 AM,0,0,3
2024,Sapperton Station,Saturday,2:00 to 3:00 PM,111,146,14
2024,Sapperton Station,Weekday,7:00 to 8:00 AM,314,283,7
2024,Sapperton Station,Weekday,7:00 to 8:00 PM,114,122,19
2024,Sapperton Station,Weekday,8:00 to 9:00 AM,254,217,8
2024,Sapperton Station,Weekday,8:00 to 9:00 PM,78,62,20
2024,Sapperton Station,Weekday,9:00 to 10:00 AM,141,140,9
2024,Sapperton Station,Weekday,9:00 to 10:00 PM,78,39,21
2024,Sapperton Station,Saturday,1:00 to 2:00 AM,25,5,1
2024,Sapperton Station,Saturday,1:00 to 2:00 PM,93,149,13
2024,Sapperton Station,Saturday,10:00 to 11:00 AM,68,105,10
2024,Sapperton Station,Saturday,10:00 to 11:00 PM,75,47,22
2024,Sapperton Station,Saturday,11:00 AM to 12:00 PM,76,117,11
2024,Sapperton Station,Saturday,11:00 PM to 12:00 AM,59,38,23
2024,Sapperton Station,Saturday,12:00 to 1:00 AM,41,19,0
2024,Sapperton Station,Saturday,12:00 to 1:00 PM,88,123,12
2024,Sapperton Station,Saturday,2:00 to 3:00 AM,0,0,2
2024,Sapperton Station,Sunday/Holiday,9:00 to 10:00 PM,52,34,21
2024,Sapperton Station,Sunday/Holiday,9:00 to 10:00 AM,45,69,9
2024,Sapperton Station,Sunday/Holiday,8:00 to 9:00 PM,61,46,20
2024,Sapperton Station,Sunday/Holiday,8:00 to 9:00 AM,42,54,8
2024,Sapperton Station,Sunday/Holiday,7:00 to 8:00 PM,83,79,19
2024,Sapperton Station,Sunday/Holiday,7:00 to 8:00 AM,37,95,7
2024,Sapperton Station,Weekday,1:00 to 2:00 AM,12,4,1
2024,Sapperton Station,Weekday,1:00 to 2:00 PM,130,138,13
2024,Sapperton Station,Weekday,10:00 to 11:00 AM,98,120,10
2024,Sapperton Station,Weekday,10:00 to 11:00 PM,67,64,22
2024,Sapperton Station,Weekday,11:00 AM to 12:00 PM,92,129,11
2024,Sapperton Station,Weekday,11:00 PM to 12:00 AM,46,38,23
2024,Sapperton Station,Sunday/Holiday,6:00 to 7:00 PM,109,68,18
2024,Sapperton Station,Sunday/Holiday,6:00 to 7:00 AM,3,3,6
2024,Sapperton Station,Weekday,12:00 to 1:00 AM,26,17,0
2024,Sapperton Station,Weekday,12:00 to 1:00 PM,100,131,12
2024,Sapperton Station,Weekday,2:00 to 3:00 AM,0,0,2
2024,Sapperton Station,Sunday/Holiday,5:00 to 6:00 PM,100,82,17
2024,Sapperton Station,Sunday/Holiday,5:00 to 6:00 AM,0,1,5
2024,Sapperton Station,Weekday,2:00 to 3:00 PM,148,237,14
2024,Sapperton Station,Weekday,3:00 to 4:00 AM,0,0,3
2024,Sapperton Station,Weekday,3:00 to 4:00 PM,175,438,15
2024,Sapperton Station,Weekday,4:00 to 5:00 AM,0,0,4
2024,Sapperton Station,Sunday/Holiday,4:00 to 5:00 PM,92,101,16
2024,Sapperton Station,Sunday/Holiday,4:00 to 5:00 AM,0,0,4
2024,Sapperton Station,Sunday/Holiday,3:00 to 4:00 PM,103,123,15
2024,Sapperton Station,Sunday/Holiday,2:00 to 3:00 PM,96,106,14
2024,Sapperton Station,Sunday/Holiday,2:00 to 3:00 AM,0,0,2
2024,Sapperton Station,Sunday/Holiday,12:00 to 1:00 PM,64,106,12
2024,Sapperton Station,Sunday/Holiday,12:00 to 1:00 AM,22,13,0
2024,Sapperton Station,Weekday,4:00 to 5:00 PM,205,382,16
2024,Scott Road Station,Saturday,12:00 to 1:00 AM,511,72,0
2024,Scott Road Station,Saturday,12:00 to 1:00 PM,366,615,12
2024,Scott Road Station,Saturday,2:00 to 3:00 AM,2,1,2
2024,Scott Road Station,Saturday,2:00 to 3:00 PM,432,708,14
2024,Scott Road Station,Saturday,3:00 to 4:00 AM,0,0,3
2024,Scott Road Station,Saturday,3:00 to 4:00 PM,585,669,15
2024,Scott Road Station,Saturday,4:00 to 5:00 PM,716,621,16
2024,Scott Road Station,Saturday,5:00 to 6:00 AM,0,31,5
2024,Scott Road Station,Saturday,5:00 to 6:00 PM,771,579,17
2024,Scott Road Station,Saturday,6:00 to 7:00 AM,130,468,6
2024,Scott Road Station,Saturday,6:00 to 7:00 PM,757,498,18
2024,Scott Road Station,Saturday,7:00 to 8:00 AM,274,666,7
2024,Scott Road Station,Saturday,7:00 to 8:00 PM,726,357,19
2024,Scott Road Station,Saturday,8:00 to 9:00 AM,268,609,8
2024,Scott Road Station,Saturday,8:00 to 9:00 PM,655,321,20
2024,Scott Road Station,Saturday,9:00 to 10:00 AM,216,550,9
2024,Scott Road Station,Saturday,9:00 to 10:00 PM,604,343,21
2024,Scott Road Station,Sunday/Holiday,1:00 to 2:00 AM,9,2,1
2024,Scott Road Station,Sunday/Holiday,1:00 to 2:00 PM,306,626,13
2024,Scott Road Station,Sunday/Holiday,10:00 to 11:00 AM,213,488,10
2024,Scott Road Station,Sunday/Holiday,10:00 to 11:00 PM,406,196,22
2024,Scott Road Station,Sunday/Holiday,11:00 AM to 12:00 PM,240,516,11
2024,Scott Road Station,Sunday/Holiday,11:00 PM to 12:00 AM,418,123,23
2024,Scott Road Station,Sunday/Holiday,12:00 to 1:00 AM,351,43,0
2024,Scott Road Station,Sunday/Holiday,12:00 to 1:00 PM,282,509,12
2024,Scott Road Station,Sunday/Holiday,2:00 to 3:00 AM,0,0,2
2024,Scott Road Station,Sunday/Holiday,2:00 to 3:00 PM,343,602,14
2024,Scott Road Station,Sunday/Holiday,3:00 to 4:00 AM,0,0,3
2024,Scott Road Station,Sunday/Holiday,3:00 to 4:00 PM,462,532,15
2024,Scott Road Station,Sunday/Holiday,4:00 to 5:00 AM,0,0,4
2024,Scott Road Station,Sunday/Holiday,4:00 to 5:00 PM,579,470,16
2024,Scott Road Station,Sunday/Holiday,5:00 to 6:00 AM,3,6,5
2024,Scott Road Station,Sunday/Holiday,5:00 to 6:00 PM,657,389,17
2024,Scott Road Station,Sunday/Holiday,6:00 to 7:00 AM,8,75,6
2024,Scott Road Station,Sunday/Holiday,6:00 to 7:00 PM,669,328,18
2024,Scott Road Station,Sunday/Holiday,7:00 to 8:00 AM,139,514,7
2024,Scott Road Station,Sunday/Holiday,7:00 to 8:00 PM,710,302,19
2024,Scott Road Station,Sunday/Holiday,8:00 to 9:00 AM,241,416,8
2024,Scott Road Station,Sunday/Holiday,8:00 to 9:00 PM,567,299,20
2024,Scott Road Station,Sunday/Holiday,9:00 to 10:00 AM,226,430,9
2024,Scott Road Station,Sunday/Holiday,9:00 to 10:00 PM,432,280,21
2024,Scott Road Station,Weekday,1:00 to 2:00 AM,147,13,1
2024,Scott Road Station,Weekday,1:00 to 2:00 PM,471,637,13
2024,Scott Road Station,Weekday,10:00 to 11:00 AM,235,577,10
2024,Scott Road Station,Weekday,10:00 to 11:00 PM,561,244,22
2024,Scott Road Station,Weekday,11:00 AM to 12:00 PM,301,633,11
2024,Scott Road Station,Weekday,11:00 PM to 12:00 AM,467,140,23
2024,Scott Road Station,Weekday,12:00 to 1:00 AM,333,55,0
2024,Scott Road Station,Weekday,12:00 to 1:00 PM,466,621,12
2024,Scott Road Station,Weekday,2:00 to 3:00 AM,0,1,2
2024,Scott Road Station,Weekday,2:00 to 3:00 PM,594,649,14
2024,Scott Road Station,Weekday,3:00 to 4:00 AM,0,0,3
2024,Scott Road Station,Weekday,3:00 to 4:00 PM,1003,758,15
2024,Scott Road Station,Weekday,4:00 to 5:00 AM,0,8,4
2024,Scott Road Station,Weekday,4:00 to 5:00 PM,1323,817,16
2024,Scott Road Station,Weekday,5:00 to 6:00 AM,234,584,5
2024,Scott Road Station,Weekday,5:00 to 6:00 PM,1483,682,17
2024,Scott Road Station,Weekday,6:00 to 7:00 AM,461,1106,6
2024,Scott Road Station,Weekday,6:00 to 7:00 PM,1202,470,18
2024,Scott Road Station,Weekday,7:00 to 8:00 AM,487,1512,7
2024,Scott Road Station,Weekday,7:00 to 8:00 PM,829,313,19
2024,Scott Road Station,Weekday,8:00 to 9:00 AM,354,1175,8
2024,Scott Road Station,Weekday,8:00 to 9:00 PM,746,257,20
2024,Scott Road Station,Weekday,9:00 to 10:00 AM,250,793,9
2024,Scott Road Station,Weekday,9:00 to 10:00 PM,695,285,21
2024,Scott Road Station,Saturday,1:00 to 2:00 AM,234,17,1
2024,Scott Road Station,Saturday,1:00 to 2:00 PM,379,684,13
2024,Scott Road Station,Saturday,10:00 to 11:00 AM,213,531,10
2024,Scott Road Station,Saturday,10:00 to 11:00 PM,661,291,22
2024,Scott Road Station,Saturday,11:00 AM to 12:00 PM,281,578,11
2024,Scott Road Station,Saturday,11:00 PM to 12:00 AM,606,148,23
2024,Sea Island Station,Saturday,4:00 to 5:00 AM,0,1,4
2024,Sea Island Station,Saturday,3:00 to 4:00 PM,56,50,15
2024,Sea Island Station,Saturday,2:00 to 3:00 PM,80,74,14
2024,Sea Island Station,Saturday,12:00 to 1:00 PM,37,35,12
2024,Sea Island Station,Saturday,12:00 to 1:00 AM,16,6,0
2024,Sea Island Station,Saturday,11:00 PM to 12:00 AM,27,13,23
2024,Sea Island Station,Saturday,11:00 AM to 12:00 PM,29,41,11
2024,Sea Island Station,Saturday,10:00 to 11:00 PM,43,34,22
2024,Sea Island Station,Saturday,10:00 to 11:00 AM,24,32,10
2024,Sea Island Station,Saturday,1:00 to 2:00 PM,54,37,13
2024,Sea Island Station,Saturday,1:00 to 2:00 AM,2,1,1
2024,Sea Island Station,Weekday,9:00 to 10:00 PM,34,29,21
2024,Sea Island Station,Weekday,9:00 to 10:00 AM,41,48,9
2024,Sea Island Station,Weekday,8:00 to 9:00 PM,25,24,20
2024,Sea Island Station,Weekday,8:00 to 9:00 AM,85,42,8
2024,Sea Island Station,Weekday,7:00 to 8:00 PM,23,37,19
2024,Sea Island Station,Weekday,7:00 to 8:00 AM,84,51,7
2024,Sea Island Station,Weekday,6:00 to 7:00 PM,26,54,18
2024,Sea Island Station,Weekday,6:00 to 7:00 AM,90,66,6
2024,Sea Island Station,Weekday,5:00 to 6:00 PM,49,77,17
2024,Sea Island Station,Weekday,5:00 to 6:00 AM,45,59,5
2024,Sea Island Station,Weekday,4:00 to 5:00 PM,60,99,16
2024,Sea Island Station,Weekday,4:00 to 5:00 AM,0,1,4
2024,Sea Island Station,Weekday,3:00 to 4:00 PM,93,89,15
2024,Sea Island Station,Weekday,3:00 to 4:00 AM,0,0,3
2024,Sea Island Station,Weekday,2:00 to 3:00 PM,114,95,14
2024,Sea Island Station,Weekday,2:00 to 3:00 AM,0,0,2
2024,Sea Island Station,Weekday,12:00 to 1:00 PM,51,38,12
2024,Sea Island Station,Weekday,12:00 to 1:00 AM,16,7,0
2024,Sea Island Station,Weekday,11:00 PM to 12:00 AM,22,15,23
2024,Sea Island Station,Weekday,11:00 AM to 12:00 PM,41,36,11
2024,Sea Island Station,Weekday,10:00 to 11:00 PM,46,45,22
2024,Sea Island Station,Weekday,10:00 to 11:00 AM,34,40,10
2024,Sea Island Station,Weekday,1:00 to 2:00 PM,87,47,13
2024,Sea Island Station,Weekday,1:00 to 2:00 AM,4,1,1
2024,Sea Island Station,Saturday,4:00 to 5:00 PM,43,36,16
2024,Sea Island Station,Saturday,5:00 to 6:00 AM,22,52,5
2024,Sea Island Station,Saturday,5:00 to 6:00 PM,36,28,17
2024,Sea Island Station,Saturday,6:00 to 7:00 AM,43,59,6
2024,Sea Island Station,Saturday,6:00 to 7:00 PM,21,27,18
2024,Sea Island Station,Saturday,7:00 to 8:00 AM,47,34,7
2024,Sea Island Station,Saturday,7:00 to 8:00 PM,22,16,19
2024,Sea Island Station,Saturday,8:00 to 9:00 AM,20,28,8
2024,Sea Island Station,Saturday,8:00 to 9:00 PM,24,16,20
2024,Sea Island Station,Saturday,9:00 to 10:00 AM,21,20,9
2024,Sea Island Station,Saturday,9:00 to 10:00 PM,31,22,21
2024,Sea Island Station,Sunday/Holiday,1:00 to 2:00 AM,4,1,1
2024,Sea Island Station,Sunday/Holiday,1:00 to 2:00 PM,56,32,13
2024,Sea Island Station,Sunday/Holiday,10:00 to 11:00 AM,25,22,10
2024,Sea Island Station,Sunday/Holiday,10:00 to 11:00 PM,45,29,22
2024,Sea Island Station,Sunday/Holiday,11:00 AM to 12:00 PM,30,24,11
2024,Sea Island Station,Sunday/Holiday,11:00 PM to 12:00 AM,25,12,23
2024,Sea Island Station,Sunday/Holiday,12:00 to 1:00 AM,17,5,0
2024,Sea Island Station,Sunday/Holiday,12:00 to 1:00 PM,41,26,12
2024,Sea Island Station,Sunday/Holiday,2:00 to 3:00 AM,0,0,2
2024,Sea Island Station,Sunday/Holiday,2:00 to 3:00 PM,73,63,14
2024,Sea Island Station,Sunday/Holiday,3:00 to 4:00 AM,0,0,3
2024,Sea Island Station,Sunday/Holiday,3:00 to 4:00 PM,54,49,15
2024,Sea Island Station,Sunday/Holiday,4:00 to 5:00 AM,0,0,4
2024,Sea Island Station,Sunday/Holiday,4:00 to 5:00 PM,41,32,16
2024,Sea Island Station,Sunday/Holiday,5:00 to 6:00 AM,22,53,5
2024,Sea Island Station,Sunday/Holiday,5:00 to 6:00 PM,40,32,17
2024,Sea Island Station,Sunday/Holiday,6:00 to 7:00 AM,29,57,6
2024,Sea Island Station,Sunday/Holiday,6:00 to 7:00 PM,23,27,18
2024,Sea Island Station,Sunday/Holiday,7:00 to 8:00 AM,24,36,7
2024,Sea Island Station,Sunday/Holiday,7:00 to 8:00 PM,25,19,19
2024,Sea Island Station,Sunday/Holiday,8:00 to 9:00 AM,18,23,8
2024,Sea Island Station,Sunday/Holiday,8:00 to 9:00 PM,26,16,20
2024,Sea Island Station,Sunday/Holiday,9:00 to 10:00 AM,20,19,9
2024,Sea Island Station,Sunday/Holiday,9:00 to 10:00 PM,35,23,21
2024,Sperling-Burnaby Lake Station,Saturday,11:00 PM to 12:00 AM,47,18,23
2024,Sperling-Burnaby Lake Station,Saturday,12:00 to 1:00 AM,31,8,0
2024,Sperling-Burnaby Lake Station,Saturday,12:00 to 1:00 PM,57,106,12
2024,Sperling-Burnaby Lake Station,Saturday,2:00 to 3:00 AM,0,0,2
2024,Sperling-Burnaby Lake Station,Saturday,2:00 to 3:00 PM,77,102,14
2024,Sperling-Burnaby Lake Station,Saturday,3:00 to 4:00 PM,87,105,15
2024,Sperling-Burnaby Lake Station,Saturday,4:00 to 5:00 AM,0,0,4
2024,Sperling-Burnaby Lake Station,Saturday,4:00 to 5:00 PM,92,104,16
2024,Sperling-Burnaby Lake Station,Saturday,5:00 to 6:00 AM,0,0,5
2024,Sperling-Burnaby Lake Station,Saturday,5:00 to 6:00 PM,102,85,17
2024,Sperling-Burnaby Lake Station,Saturday,6:00 to 7:00 AM,7,25,6
2024,Sperling-Burnaby Lake Station,Saturday,6:00 to 7:00 PM,101,77,18
2024,Sperling-Burnaby Lake Station,Saturday,7:00 to 8:00 AM,22,50,7
2024,Sperling-Burnaby Lake Station,Saturday,7:00 to 8:00 PM,77,54,19
2024,Sperling-Burnaby Lake Station,Saturday,8:00 to 9:00 AM,29,74,8
2024,Sperling-Burnaby Lake Station,Saturday,8:00 to 9:00 PM,71,42,20
2024,Sperling-Burnaby Lake Station,Saturday,9:00 to 10:00 AM,35,90,9
2024,Sperling-Burnaby Lake Station,Saturday,9:00 to 10:00 PM,61,33,21
2024,Sperling-Burnaby Lake Station,Sunday/Holiday,1:00 to 2:00 AM,0,0,1
2024,Sperling-Burnaby Lake Station,Sunday/Holiday,9:00 to 10:00 PM,57,28,21
2024,Sperling-Burnaby Lake Station,Sunday/Holiday,9:00 to 10:00 AM,28,75,9
2024,Sperling-Burnaby Lake Station,Sunday/Holiday,8:00 to 9:00 PM,60,30,20
2024,Sperling-Burnaby Lake Station,Sunday/Holiday,8:00 to 9:00 AM,23,52,8
2024,Sperling-Burnaby Lake Station,Sunday/Holiday,7:00 to 8:00 PM,70,37,19
2024,Sperling-Burnaby Lake Station,Sunday/Holiday,7:00 to 8:00 AM,12,32,7
2024,Sperling-Burnaby Lake Station,Sunday/Holiday,6:00 to 7:00 PM,82,49,18
2024,Sperling-Burnaby Lake Station,Sunday/Holiday,6:00 to 7:00 AM,1,2,6
2024,Sperling-Burnaby Lake Station,Sunday/Holiday,5:00 to 6:00 PM,82,64,17
2024,Sperling-Burnaby Lake Station,Sunday/Holiday,5:00 to 6:00 AM,0,0,5
2024,Sperling-Burnaby Lake Station,Sunday/Holiday,4:00 to 5:00 PM,76,77,16
2024,Sperling-Burnaby Lake Station,Sunday/Holiday,3:00 to 4:00 PM,72,78,15
2024,Sperling-Burnaby Lake Station,Sunday/Holiday,3:00 to 4:00 AM,0,0,3
2024,Sperling-Burnaby Lake Station,Sunday/Holiday,2:00 to 3:00 PM,60,79,14
2024,Sperling-Burnaby Lake Station,Sunday/Holiday,2:00 to 3:00 AM,0,0,2
2024,Sperling-Burnaby Lake Station,Sunday/Holiday,12:00 to 1:00 PM,43,81,12
2024,Sperling-Burnaby Lake Station,Sunday/Holiday,12:00 to 1:00 AM,15,3,0
2024,Sperling-Burnaby Lake Station,Sunday/Holiday,11:00 PM to 12:00 AM,34,12,23
2024,Sperling-Burnaby Lake Station,Sunday/Holiday,11:00 AM to 12:00 PM,37,81,11
2024,Sperling-Burnaby Lake Station,Sunday/Holiday,10:00 to 11:00 PM,40,21,22
2024,Sperling-Burnaby Lake Station,Sunday/Holiday,10:00 to 11:00 AM,36,80,10
2024,Sperling-Burnaby Lake Station,Sunday/Holiday,1:00 to 2:00 PM,55,89,13
2024,Sperling-Burnaby Lake Station,Weekday,1:00 to 2:00 AM,6,2,1
2024,Sperling-Burnaby Lake Station,Weekday,1:00 to 2:00 PM,75,90,13
2024,Sperling-Burnaby Lake Station,Weekday,10:00 to 11:00 AM,46,90,10
2024,Sperling-Burnaby Lake Station,Weekday,10:00 to 11:00 PM,56,24,22
2024,Sperling-Burnaby Lake Station,Weekday,11:00 AM to 12:00 PM,51,91,11
2024,Sperling-Burnaby Lake Station,Weekday,11:00 PM to 12:00 AM,37,16,23
2024,Sperling-Burnaby Lake Station,Weekday,12:00 to 1:00 AM,20,5,0
2024,Sperling-Burnaby Lake Station,Weekday,12:00 to 1:00 PM,67,95,12
2024,Sperling-Burnaby Lake Station,Weekday,2:00 to 3:00 AM,0,0,2
2024,Sperling-Burnaby Lake Station,Weekday,2:00 to 3:00 PM,88,109,14
2024,Sperling-Burnaby Lake Station,Weekday,3:00 to 4:00 AM,0,0,3
2024,Sperling-Burnaby Lake Station,Weekday,3:00 to 4:00 PM,146,143,15
2024,Sperling-Burnaby Lake Station,Weekday,4:00 to 5:00 AM,0,0,4
2024,Sperling-Burnaby Lake Station,Weekday,4:00 to 5:00 PM,171,151,16
2024,Sperling-Burnaby Lake Station,Weekday,5:00 to 6:00 AM,10,46,5
2024,Sperling-Burnaby Lake Station,Weekday,5:00 to 6:00 PM,200,153,17
2024,Sperling-Burnaby Lake Station,Weekday,6:00 to 7:00 AM,48,126,6
2024,Sperling-Burnaby Lake Station,Weekday,6:00 to 7:00 PM,159,90,18
2024,Sperling-Burnaby Lake Station,Weekday,7:00 to 8:00 AM,101,176,7
2024,Sperling-Burnaby Lake Station,Weekday,7:00 to 8:00 PM,99,48,19
2024,Sperling-Burnaby Lake Station,Weekday,8:00 to 9:00 AM,92,203,8
2024,Sperling-Burnaby Lake Station,Weekday,8:00 to 9:00 PM,86,41,20
2024,Sperling-Burnaby Lake Station,Weekday,9:00 to 10:00 AM,57,128,9
2024,Sperling-Burnaby Lake Station,Weekday,9:00 to 10:00 PM,70,32,21
2024,Sperling-Burnaby Lake Station,Saturday,1:00 to 2:00 AM,12,2,1
2024,Sperling-Burnaby Lake Station,Saturday,1:00 to 2:00 PM,74,108,13
2024,Sperling-Burnaby Lake Station,Saturday,10:00 to 11:00 AM,42,96,10
2024,Sperling-Burnaby Lake Station,Saturday,10:00 to 11:00 PM,64,34,22
2024,Sperling-Burnaby Lake Station,Saturday,11:00 AM to 12:00 PM,49,106,11
2024,Stadium-Chinatown Station,Sunday/Holiday,9:00 to 10:00 PM,200,615,21
2024,Stadium-Chinatown Station,Sunday/Holiday,9:00 to 10:00 AM,479,210,9
2024,Stadium-Chinatown Station,Sunday/Holiday,8:00 to 9:00 PM,257,525,20
2024,Stadium-Chinatown Station,Sunday/Holiday,8:00 to 9:00 AM,354,149,8
2024,Stadium-Chinatown Station,Sunday/Holiday,7:00 to 8:00 PM,402,673,19
2024,Stadium-Chinatown Station,Sunday/Holiday,7:00 to 8:00 AM,251,90,7
2024,Stadium-Chinatown Station,Sunday/Holiday,6:00 to 7:00 PM,611,837,18
2024,Stadium-Chinatown Station,Sunday/Holiday,6:00 to 7:00 AM,5,3,6
2024,Stadium-Chinatown Station,Sunday/Holiday,5:00 to 6:00 PM,807,901,17
2024,Stadium-Chinatown Station,Sunday/Holiday,5:00 to 6:00 AM,1,1,5
2024,Stadium-Chinatown Station,Sunday/Holiday,4:00 to 5:00 PM,888,937,16
2024,Stadium-Chinatown Station,Sunday/Holiday,4:00 to 5:00 AM,0,0,4
2024,Stadium-Chinatown Station,Weekday,1:00 to 2:00 AM,12,41,1
2024,Stadium-Chinatown Station,Weekday,1:00 to 2:00 PM,774,704,13
2024,Stadium-Chinatown Station,Weekday,10:00 to 11:00 AM,713,318,10
2024,Stadium-Chinatown Station,Weekday,10:00 to 11:00 PM,217,826,22
2024,Stadium-Chinatown Station,Weekday,11:00 AM to 12:00 PM,740,418,11
2024,Stadium-Chinatown Station,Weekday,11:00 PM to 12:00 AM,110,562,23
2024,Stadium-Chinatown Station,Weekday,12:00 to 1:00 AM,44,225,0
2024,Stadium-Chinatown Station,Weekday,12:00 to 1:00 PM,937,616,12
2024,Stadium-Chinatown Station,Weekday,2:00 to 3:00 AM,0,0,2
2024,Stadium-Chinatown Station,Weekday,2:00 to 3:00 PM,803,863,14
2024,Stadium-Chinatown Station,Weekday,3:00 to 4:00 AM,0,0,3
2024,Stadium-Chinatown Station,Weekday,3:00 to 4:00 PM,935,1182,15
2024,Stadium-Chinatown Station,Weekday,4:00 to 5:00 AM,0,0,4
2024,Stadium-Chinatown Station,Weekday,4:00 to 5:00 PM,1263,1614,16
2024,Stadium-Chinatown Station,Weekday,5:00 to 6:00 AM,97,91,5
2024,Stadium-Chinatown Station,Weekday,5:00 to 6:00 PM,1327,1623,17
2024,Stadium-Chinatown Station,Weekday,6:00 to 7:00 AM,484,272,6
2024,Stadium-Chinatown Station,Weekday,6:00 to 7:00 PM,1249,1189,18
2024,Stadium-Chinatown Station,Weekday,7:00 to 8:00 AM,880,356,7
2024,Stadium-Chinatown Station,Weekday,7:00 to 8:00 PM,683,924,19
2024,Stadium-Chinatown Station,Weekday,8:00 to 9:00 AM,1617,366,8
2024,Stadium-Chinatown Station,Weekday,8:00 to 9:00 PM,336,759,20
2024,Stadium-Chinatown Station,Weekday,9:00 to 10:00 AM,1151,300,9
2024,Stadium-Chinatown Station,Weekday,9:00 to 10:00 PM,241,1018,21
2024,Stadium-Chinatown Station,Saturday,1:00 to 2:00 AM,21,94,1
2024,Stadium-Chinatown Station,Saturday,1:00 to 2:00 PM,1127,682,13
2024,Stadium-Chinatown Station,Saturday,10:00 to 11:00 AM,710,346,10
2024,Stadium-Chinatown Station,Saturday,10:00 to 11:00 PM,335,1143,22
2024,Stadium-Chinatown Station,Saturday,11:00 AM to 12:00 PM,866,479,11
2024,Stadium-Chinatown Station,Saturday,11:00 PM to 12:00 AM,180,1092,23
2024,Stadium-Chinatown Station,Sunday/Holiday,3:00 to 4:00 PM,933,944,15
2024,Stadium-Chinatown Station,Sunday/Holiday,3:00 to 4:00 AM,0,0,3
2024,Stadium-Chinatown Station,Sunday/Holiday,2:00 to 3:00 PM,935,752,14
2024,Stadium-Chinatown Station,Sunday/Holiday,2:00 to 3:00 AM,0,0,2
2024,Stadium-Chinatown Station,Sunday/Holiday,12:00 to 1:00 PM,918,577,12
2024,Stadium-Chinatown Station,Sunday/Holiday,12:00 to 1:00 AM,22,106,0
2024,Stadium-Chinatown Station,Sunday/Holiday,11:00 PM to 12:00 AM,101,415,23
2024,Stadium-Chinatown Station,Sunday/Holiday,11:00 AM to 12:00 PM,824,443,11
2024,Stadium-Chinatown Station,Sunday/Holiday,10:00 to 11:00 PM,186,447,22
2024,Stadium-Chinatown Station,Sunday/Holiday,10:00 to 11:00 AM,669,327,10
2024,Stadium-Chinatown Station,Sunday/Holiday,1:00 to 2:00 PM,904,650,13
2024,Stadium-Chinatown Station,Sunday/Holiday,1:00 to 2:00 AM,1,3,1
2024,Stadium-Chinatown Station,Saturday,9:00 to 10:00 PM,396,1813,21
2024,Stadium-Chinatown Station,Saturday,9:00 to 10:00 AM,670,246,9
2024,Stadium-Chinatown Station,Saturday,8:00 to 9:00 PM,473,719,20
2024,Stadium-Chinatown Station,Saturday,8:00 to 9:00 AM,571,182,8
2024,Stadium-Chinatown Station,Saturday,7:00 to 8:00 PM,1116,1050,19
2024,Stadium-Chinatown Station,Saturday,7:00 to 8:00 AM,331,177,7
2024,Stadium-Chinatown Station,Saturday,6:00 to 7:00 PM,1729,1238,18
2024,Stadium-Chinatown Station,Saturday,6:00 to 7:00 AM,137,60,6
2024,Stadium-Chinatown Station,Saturday,5:00 to 6:00 PM,1510,1092,17
2024,Stadium-Chinatown Station,Saturday,5:00 to 6:00 AM,0,0,5
2024,Stadium-Chinatown Station,Saturday,4:00 to 5:00 PM,1536,1105,16
2024,Stadium-Chinatown Station,Saturday,4:00 to 5:00 AM,0,0,4
2024,Stadium-Chinatown Station,Saturday,3:00 to 4:00 PM,1492,1035,15
2024,Stadium-Chinatown Station,Saturday,3:00 to 4:00 AM,0,0,3
2024,Stadium-Chinatown Station,Saturday,2:00 to 3:00 PM,1336,830,14
2024,Stadium-Chinatown Station,Saturday,2:00 to 3:00 AM,0,0,2
2024,Stadium-Chinatown Station,Saturday,12:00 to 1:00 PM,1019,599,12
2024,Stadium-Chinatown Station,Saturday,12:00 to 1:00 AM,84,509,0
2024,Surrey Central Station,Weekday,7:00 to 8:00 PM,1582,529,19
2024,Surrey Central Station,Weekday,8:00 to 9:00 AM,864,1551,8
2024,Surrey Central Station,Weekday,8:00 to 9:00 PM,1294,456,20
2024,Surrey Central Station,Weekday,9:00 to 10:00 AM,599,1104,9
2024,Surrey Central Station,Weekday,9:00 to 10:00 PM,1268,449,21
2024,Surrey Central Station,Saturday,1:00 to 2:00 AM,353,18,1
2024,Surrey Central Station,Saturday,1:00 to 2:00 PM,863,1021,13
2024,Surrey Central Station,Saturday,10:00 to 11:00 AM,499,807,10
2024,Surrey Central Station,Saturday,10:00 to 11:00 PM,1004,336,22
2024,Surrey Central Station,Saturday,11:00 AM to 12:00 PM,603,901,11
2024,Surrey Central Station,Saturday,11:00 PM to 12:00 AM,909,179,23
2024,Surrey Central Station,Saturday,12:00 to 1:00 AM,659,74,0
2024,Surrey Central Station,Saturday,12:00 to 1:00 PM,780,982,12
2024,Surrey Central Station,Saturday,2:00 to 3:00 AM,10,2,2
2024,Surrey Central Station,Saturday,2:00 to 3:00 PM,978,1029,14
2024,Surrey Central Station,Saturday,3:00 to 4:00 AM,0,0,3
2024,Surrey Central Station,Saturday,3:00 to 4:00 PM,1308,983,15
2024,Surrey Central Station,Saturday,4:00 to 5:00 AM,0,0,4
2024,Surrey Central Station,Saturday,4:00 to 5:00 PM,1518,910,16
2024,Surrey Central Station,Saturday,5:00 to 6:00 AM,0,64,5
2024,Surrey Central Station,Saturday,5:00 to 6:00 PM,1605,812,17
2024,Surrey Central Station,Saturday,6:00 to 7:00 AM,184,853,6
2024,Surrey Central Station,Saturday,6:00 to 7:00 PM,1522,720,18
2024,Surrey Central Station,Saturday,7:00 to 8:00 AM,551,989,7
2024,Surrey Central Station,Sunday/Holiday,5:00 to 6:00 AM,2,9,5
2024,Surrey Central Station,Sunday/Holiday,4:00 to 5:00 PM,1167,731,16
2024,Surrey Central Station,Sunday/Holiday,4:00 to 5:00 AM,0,1,4
2024,Surrey Central Station,Sunday/Holiday,3:00 to 4:00 PM,987,819,15
2024,Surrey Central Station,Sunday/Holiday,3:00 to 4:00 AM,0,0,3
2024,Surrey Central Station,Sunday/Holiday,2:00 to 3:00 PM,747,887,14
2024,Surrey Central Station,Sunday/Holiday,2:00 to 3:00 AM,0,0,2
2024,Surrey Central Station,Sunday/Holiday,12:00 to 1:00 PM,571,800,12
2024,Surrey Central Station,Sunday/Holiday,12:00 to 1:00 AM,496,32,0
2024,Surrey Central Station,Sunday/Holiday,11:00 PM to 12:00 AM,700,117,23
2024,Surrey Central Station,Sunday/Holiday,11:00 AM to 12:00 PM,487,734,11
2024,Surrey Central Station,Sunday/Holiday,10:00 to 11:00 PM,712,253,22
2024,Surrey Central Station,Sunday/Holiday,10:00 to 11:00 AM,459,705,10
2024,Surrey Central Station,Weekday,1:00 to 2:00 AM,245,15,1
2024,Surrey Central Station,Saturday,7:00 to 8:00 PM,1274,588,19
2024,Surrey Central Station,Saturday,8:00 to 9:00 AM,588,953,8
2024,Surrey Central Station,Saturday,8:00 to 9:00 PM,1148,502,20
2024,Surrey Central Station,Saturday,9:00 to 10:00 AM,503,786,9
2024,Surrey Central Station,Saturday,9:00 to 10:00 PM,1061,501,21
2024,Surrey Central Station,Sunday/Holiday,1:00 to 2:00 AM,16,2,1
2024,Surrey Central Station,Sunday/Holiday,1:00 to 2:00 PM,693,902,13
2024,Surrey Central Station,Weekday,1:00 to 2:00 PM,985,1029,13
2024,Surrey Central Station,Weekday,10:00 to 11:00 AM,590,859,10
2024,Surrey Central Station,Weekday,10:00 to 11:00 PM,953,269,22
2024,Surrey Central Station,Weekday,11:00 AM to 12:00 PM,644,1001,11
2024,Surrey Central Station,Weekday,11:00 PM to 12:00 AM,829,119,23
2024,Surrey Central Station,Weekday,12:00 to 1:00 AM,570,57,0
2024,Surrey Central Station,Sunday/Holiday,9:00 to 10:00 PM,787,373,21
2024,Surrey Central Station,Sunday/Holiday,9:00 to 10:00 AM,422,670,9
2024,Surrey Central Station,Sunday/Holiday,8:00 to 9:00 PM,1073,410,20
2024,Surrey Central Station,Sunday/Holiday,8:00 to 9:00 AM,522,605,8
2024,Surrey Central Station,Sunday/Holiday,7:00 to 8:00 PM,1324,472,19
2024,Surrey Central Station,Sunday/Holiday,7:00 to 8:00 AM,245,784,7
2024,Surrey Central Station,Sunday/Holiday,6:00 to 7:00 PM,1294,576,18
2024,Surrey Central Station,Sunday/Holiday,6:00 to 7:00 AM,11,181,6
2024,Surrey Central Station,Sunday/Holiday,5:00 to 6:00 PM,1318,635,17
2024,Surrey Central Station,Weekday,12:00 to 1:00 PM,908,1041,12
2024,Surrey Central Station,Weekday,2:00 to 3:00 AM,4,1,2
2024,Surrey Central Station,Weekday,2:00 to 3:00 PM,1178,1022,14
2024,Surrey Central Station,Weekday,3:00 to 4:00 AM,0,0,3
2024,Surrey Central Station,Weekday,3:00 to 4:00 PM,1996,1181,15
2024,Surrey Central Station,Weekday,4:00 to 5:00 AM,0,90,4
2024,Surrey Central Station,Weekday,4:00 to 5:00 PM,2576,1270,16
2024,Surrey Central Station,Weekday,5:00 to 6:00 AM,158,855,5
2024,Surrey Central Station,Weekday,5:00 to 6:00 PM,2786,1070,17
2024,Surrey Central Station,Weekday,6:00 to 7:00 AM,765,1639,6
2024,Surrey Central Station,Weekday,6:00 to 7:00 PM,2373,728,18
2024,Surrey Central Station,Weekday,7:00 to 8:00 AM,867,2084,7
2024,Templeton Station,Saturday,7:00 to 8:00 AM,52,108,7
2024,Templeton Station,Saturday,6:00 to 7:00 PM,180,318,18
2024,Templeton Station,Saturday,6:00 to 7:00 AM,29,170,6
2024,Templeton Station,Saturday,5:00 to 6:00 PM,243,347,17
2024,Templeton Station,Saturday,5:00 to 6:00 AM,15,103,5
2024,Templeton Station,Saturday,4:00 to 5:00 PM,336,343,16
2024,Templeton Station,Saturday,4:00 to 5:00 AM,0,3,4
2024,Templeton Station,Saturday,3:00 to 4:00 PM,435,334,15
2024,Templeton Station,Saturday,2:00 to 3:00 PM,443,290,14
2024,Templeton Station,Saturday,2:00 to 3:00 AM,0,0,2
2024,Templeton Station,Saturday,12:00 to 1:00 PM,379,170,12
2024,Templeton Station,Saturday,12:00 to 1:00 AM,95,8,0
2024,Templeton Station,Saturday,11:00 PM to 12:00 AM,114,12,23
2024,Templeton Station,Weekday,3:00 to 4:00 AM,0,0,3
2024,Templeton Station,Weekday,3:00 to 4:00 PM,418,267,15
2024,Templeton Station,Weekday,4:00 to 5:00 AM,0,3,4
2024,Templeton Station,Saturday,11:00 AM to 12:00 PM,295,143,11
2024,Templeton Station,Saturday,10:00 to 11:00 PM,89,62,22
2024,Templeton Station,Saturday,10:00 to 11:00 AM,224,111,10
2024,Templeton Station,Saturday,1:00 to 2:00 PM,418,231,13
2024,Templeton Station,Saturday,1:00 to 2:00 AM,12,1,1
2024,Templeton Station,Weekday,9:00 to 10:00 PM,90,147,21
2024,Templeton Station,Weekday,9:00 to 10:00 AM,136,142,9
2024,Templeton Station,Weekday,8:00 to 9:00 PM,90,211,20
2024,Templeton Station,Weekday,8:00 to 9:00 AM,78,169,8
2024,Templeton Station,Weekday,7:00 to 8:00 PM,109,188,19
2024,Templeton Station,Weekday,7:00 to 8:00 AM,92,192,7
2024,Templeton Station,Weekday,6:00 to 7:00 PM,193,222,18
2024,Templeton Station,Weekday,6:00 to 7:00 AM,49,220,6
2024,Templeton Station,Weekday,5:00 to 6:00 PM,268,251,17
2024,Templeton Station,Weekday,5:00 to 6:00 AM,20,124,5
2024,Templeton Station,Weekday,4:00 to 5:00 PM,348,282,16
2024,Templeton Station,Saturday,7:00 to 8:00 PM,106,274,19
2024,Templeton Station,Saturday,8:00 to 9:00 AM,69,91,8
2024,Templeton Station,Saturday,8:00 to 9:00 PM,81,290,20
2024,Templeton Station,Saturday,9:00 to 10:00 AM,133,99,9
2024,Templeton Station,Saturday,9:00 to 10:00 PM,83,182,21
2024,Templeton Station,Sunday/Holiday,1:00 to 2:00 AM,15,1,1
2024,Templeton Station,Sunday/Holiday,1:00 to 2:00 PM,446,242,13
2024,Templeton Station,Sunday/Holiday,10:00 to 11:00 AM,232,104,10
2024,Templeton Station,Sunday/Holiday,10:00 to 11:00 PM,91,61,22
2024,Templeton Station,Sunday/Holiday,11:00 AM to 12:00 PM,304,151,11
2024,Templeton Station,Sunday/Holiday,11:00 PM to 12:00 AM,121,13,23
2024,Templeton Station,Sunday/Holiday,12:00 to 1:00 AM,92,16,0
2024,Templeton Station,Sunday/Holiday,12:00 to 1:00 PM,385,181,12
2024,Templeton Station,Sunday/Holiday,2:00 to 3:00 AM,0,0,2
2024,Templeton Station,Sunday/Holiday,2:00 to 3:00 PM,470,294,14
2024,Templeton Station,Sunday/Holiday,3:00 to 4:00 AM,0,0,3
2024,Templeton Station,Sunday/Holiday,3:00 to 4:00 PM,454,349,15
2024,Templeton Station,Sunday/Holiday,4:00 to 5:00 AM,0,2,4
2024,Templeton Station,Sunday/Holiday,4:00 to 5:00 PM,348,377,16
2024,Templeton Station,Sunday/Holiday,5:00 to 6:00 AM,13,96,5
2024,Templeton Station,Sunday/Holiday,5:00 to 6:00 PM,249,368,17
2024,Templeton Station,Sunday/Holiday,6:00 to 7:00 AM,30,169,6
2024,Templeton Station,Sunday/Holiday,6:00 to 7:00 PM,165,324,18
2024,Templeton Station,Sunday/Holiday,7:00 to 8:00 AM,66,112,7
2024,Templeton Station,Sunday/Holiday,7:00 to 8:00 PM,107,277,19
2024,Templeton Station,Sunday/Holiday,8:00 to 9:00 AM,69,74,8
2024,Templeton Station,Sunday/Holiday,8:00 to 9:00 PM,82,261,20
2024,Templeton Station,Sunday/Holiday,9:00 to 10:00 AM,136,96,9
2024,Templeton Station,Sunday/Holiday,9:00 to 10:00 PM,88,176,21
2024,Templeton Station,Weekday,2:00 to 3:00 PM,353,227,14
2024,Templeton Station,Weekday,2:00 to 3:00 AM,0,0,2
2024,Templeton Station,Weekday,12:00 to 1:00 PM,269,165,12
2024,Templeton Station,Weekday,12:00 to 1:00 AM,87,27,0
2024,Templeton Station,Weekday,11:00 PM to 12:00 AM,127,13,23
2024,Templeton Station,Weekday,11:00 AM to 12:00 PM,222,152,11
2024,Templeton Station,Weekday,10:00 to 11:00 PM,99,47,22
2024,Templeton Station,Weekday,10:00 to 11:00 AM,184,127,10
2024,Templeton Station,Weekday,1:00 to 2:00 PM,298,209,13
2024,Templeton Station,Weekday,1:00 to 2:00 AM,12,1,1
2024,VCC-Clark Station,Sunday/Holiday,3:00 to 4:00 PM,71,86,15
2024,VCC-Clark Station,Sunday/Holiday,3:00 to 4:00 AM,0,0,3
2024,VCC-Clark Station,Sunday/Holiday,2:00 to 3:00 PM,72,75,14
2024,VCC-Clark Station,Sunday/Holiday,2:00 to 3:00 AM,0,0,2
2024,VCC-Clark Station,Sunday/Holiday,12:00 to 1:00 PM,69,61,12
2024,VCC-Clark Station,Sunday/Holiday,12:00 to 1:00 AM,6,8,0
2024,VCC-Clark Station,Sunday/Holiday,11:00 PM to 12:00 AM,18,23,23
2024,VCC-Clark Station,Sunday/Holiday,11:00 AM to 12:00 PM,60,59,11
2024,VCC-Clark Station,Sunday/Holiday,10:00 to 11:00 PM,21,24,22
2024,VCC-Clark Station,Sunday/Holiday,10:00 to 11:00 AM,62,50,10
2024,VCC-Clark Station,Sunday/Holiday,1:00 to 2:00 PM,71,70,13
2024,VCC-Clark Station,Sunday/Holiday,1:00 to 2:00 AM,0,0,1
2024,VCC-Clark Station,Saturday,9:00 to 10:00 PM,33,54,21
2024,VCC-Clark Station,Saturday,9:00 to 10:00 AM,76,53,9
2024,VCC-Clark Station,Saturday,8:00 to 9:00 PM,36,53,20
2024,VCC-Clark Station,Sunday/Holiday,4:00 to 5:00 AM,0,0,4
2024,VCC-Clark Station,Sunday/Holiday,4:00 to 5:00 PM,63,97,16
2024,VCC-Clark Station,Sunday/Holiday,5:00 to 6:00 AM,0,0,5
2024,VCC-Clark Station,Sunday/Holiday,5:00 to 6:00 PM,57,95,17
2024,VCC-Clark Station,Sunday/Holiday,6:00 to 7:00 AM,1,2,6
2024,VCC-Clark Station,Sunday/Holiday,6:00 to 7:00 PM,46,79,18
2024,VCC-Clark Station,Sunday/Holiday,7:00 to 8:00 AM,22,22,7
2024,VCC-Clark Station,Sunday/Holiday,7:00 to 8:00 PM,39,56,19
2024,VCC-Clark Station,Sunday/Holiday,8:00 to 9:00 AM,44,32,8
2024,VCC-Clark Station,Sunday/Holiday,8:00 to 9:00 PM,27,34,20
2024,VCC-Clark Station,Sunday/Holiday,9:00 to 10:00 AM,63,40,9
2024,VCC-Clark Station,Saturday,8:00 to 9:00 AM,61,51,8
2024,VCC-Clark Station,Saturday,7:00 to 8:00 PM,51,82,19
2024,VCC-Clark Station,Saturday,7:00 to 8:00 AM,40,38,7
2024,VCC-Clark Station,Saturday,6:00 to 7:00 PM,64,117,18
2024,VCC-Clark Station,Saturday,6:00 to 7:00 AM,15,14,6
2024,VCC-Clark Station,Saturday,5:00 to 6:00 PM,85,137,17
2024,VCC-Clark Station,Saturday,5:00 to 6:00 AM,0,0,5
2024,VCC-Clark Station,Saturday,4:00 to 5:00 PM,93,142,16
2024,VCC-Clark Station,Saturday,4:00 to 5:00 AM,0,0,4
2024,VCC-Clark Station,Saturday,3:00 to 4:00 PM,97,139,15
2024,VCC-Clark Station,Saturday,3:00 to 4:00 AM,0,0,3
2024,VCC-Clark Station,Saturday,2:00 to 3:00 PM,98,117,14
2024,VCC-Clark Station,Weekday,1:00 to 2:00 AM,3,4,1
2024,VCC-Clark Station,Weekday,1:00 to 2:00 PM,103,127,13
2024,VCC-Clark Station,Weekday,10:00 to 11:00 AM,141,65,10
2024,VCC-Clark Station,Sunday/Holiday,9:00 to 10:00 PM,26,31,21
2024,VCC-Clark Station,Weekday,10:00 to 11:00 PM,28,47,22
2024,VCC-Clark Station,Weekday,11:00 AM to 12:00 PM,131,104,11
2024,VCC-Clark Station,Weekday,11:00 PM to 12:00 AM,20,33,23
2024,VCC-Clark Station,Weekday,12:00 to 1:00 AM,9,12,0
2024,VCC-Clark Station,Weekday,12:00 to 1:00 PM,156,126,12
2024,VCC-Clark Station,Weekday,2:00 to 3:00 AM,0,0,2
2024,VCC-Clark Station,Weekday,2:00 to 3:00 PM,113,200,14
2024,VCC-Clark Station,Weekday,3:00 to 4:00 AM,0,0,3
2024,VCC-Clark Station,Weekday,3:00 to 4:00 PM,132,381,15
2024,VCC-Clark Station,Weekday,4:00 to 5:00 AM,0,0,4
2024,VCC-Clark Station,Weekday,4:00 to 5:00 PM,141,415,16
2024,VCC-Clark Station,Weekday,5:00 to 6:00 AM,23,28,5
2024,VCC-Clark Station,Weekday,5:00 to 6:00 PM,150,423,17
2024,VCC-Clark Station,Weekday,6:00 to 7:00 AM,180,96,6
2024,VCC-Clark Station,Weekday,6:00 to 7:00 PM,89,264,18
2024,VCC-Clark Station,Weekday,7:00 to 8:00 AM,372,130,7
2024,VCC-Clark Station,Weekday,7:00 to 8:00 PM,53,138,19
2024,VCC-Clark Station,Weekday,8:00 to 9:00 AM,486,140,8
2024,VCC-Clark Station,Weekday,8:00 to 9:00 PM,38,92,20
2024,VCC-Clark Station,Weekday,9:00 to 10:00 AM,237,83,9
2024,VCC-Clark Station,Weekday,9:00 to 10:00 PM,30,78,21
2024,VCC-Clark Station,Saturday,1:00 to 2:00 AM,7,5,1
2024,VCC-Clark Station,Saturday,1:00 to 2:00 PM,100,98,13
2024,VCC-Clark Station,Saturday,10:00 to 11:00 AM,86,65,10
2024,VCC-Clark Station,Saturday,10:00 to 11:00 PM,30,32,22
2024,VCC-Clark Station,Saturday,11:00 AM to 12:00 PM,86,66,11
2024,VCC-Clark Station,Saturday,11:00 PM to 12:00 AM,24,29,23
2024,VCC-Clark Station,Saturday,12:00 to 1:00 AM,14,14,0
2024,VCC-Clark Station,Saturday,12:00 to 1:00 PM,98,89,12
2024,VCC-Clark Station,Saturday,2:00 to 3:00 AM,0,0,2
2024,Vancouver City Centre Station,Saturday,5:00 to 6:00 PM,987,1125,17
2024,Vancouver City Centre Station,Saturday,6:00 to 7:00 AM,166,127,6
2024,Vancouver City Centre Station,Saturday,6:00 to 7:00 PM,885,1041,18
2024,Vancouver City Centre Station,Saturday,7:00 to 8:00 AM,303,195,7
2024,Vancouver City Centre Station,Saturday,7:00 to 8:00 PM,608,810,19
2024,Vancouver City Centre Station,Saturday,8:00 to 9:00 AM,473,263,8
2024,Vancouver City Centre Station,Saturday,8:00 to 9:00 PM,415,671,20
2024,Vancouver City Centre Station,Saturday,5:00 to 6:00 AM,66,57,5
2024,Vancouver City Centre Station,Saturday,4:00 to 5:00 PM,1129,1136,16
2024,Vancouver City Centre Station,Saturday,4:00 to 5:00 AM,1,18,4
2024,Vancouver City Centre Station,Saturday,3:00 to 4:00 PM,1143,1027,15
2024,Vancouver City Centre Station,Saturday,3:00 to 4:00 AM,0,1,3
2024,Vancouver City Centre Station,Saturday,9:00 to 10:00 AM,617,364,9
2024,Vancouver City Centre Station,Saturday,9:00 to 10:00 PM,361,606,21
2024,Vancouver City Centre Station,Sunday/Holiday,1:00 to 2:00 AM,22,19,1
2024,Vancouver City Centre Station,Sunday/Holiday,1:00 to 2:00 PM,961,717,13
2024,Vancouver City Centre Station,Sunday/Holiday,10:00 to 11:00 AM,715,406,10
2024,Vancouver City Centre Station,Sunday/Holiday,10:00 to 11:00 PM,210,315,22
2024,Vancouver City Centre Station,Sunday/Holiday,11:00 AM to 12:00 PM,800,496,11
2024,Vancouver City Centre Station,Sunday/Holiday,11:00 PM to 12:00 AM,120,201,23
2024,Vancouver City Centre Station,Sunday/Holiday,12:00 to 1:00 AM,62,93,0
2024,Vancouver City Centre Station,Sunday/Holiday,12:00 to 1:00 PM,891,627,12
2024,Vancouver City Centre Station,Sunday/Holiday,2:00 to 3:00 AM,1,1,2
2024,Vancouver City Centre Station,Sunday/Holiday,2:00 to 3:00 PM,943,831,14
2024,Vancouver City Centre Station,Sunday/Holiday,3:00 to 4:00 AM,1,1,3
2024,Vancouver City Centre Station,Sunday/Holiday,3:00 to 4:00 PM,904,948,15
2024,Vancouver City Centre Station,Sunday/Holiday,4:00 to 5:00 AM,1,20,4
2024,Vancouver City Centre Station,Sunday/Holiday,4:00 to 5:00 PM,847,985,16
2024,Vancouver City Centre Station,Sunday/Holiday,5:00 to 6:00 AM,60,56,5
2024,Vancouver City Centre Station,Sunday/Holiday,5:00 to 6:00 PM,738,983,17
2024,Vancouver City Centre Station,Sunday/Holiday,6:00 to 7:00 AM,172,136,6
2024,Vancouver City Centre Station,Sunday/Holiday,6:00 to 7:00 PM,598,894,18
2024,Vancouver City Centre Station,Sunday/Holiday,7:00 to 8:00 AM,290,179,7
2024,Vancouver City Centre Station,Sunday/Holiday,7:00 to 8:00 PM,409,721,19
2024,Vancouver City Centre Station,Sunday/Holiday,8:00 to 9:00 AM,407,191,8
2024,Vancouver City Centre Station,Sunday/Holiday,8:00 to 9:00 PM,316,476,20
2024,Vancouver City Centre Station,Weekday,1:00 to 2:00 AM,25,21,1
2024,Vancouver City Centre Station,Weekday,1:00 to 2:00 PM,877,780,13
2024,Vancouver City Centre Station,Weekday,10:00 to 11:00 AM,821,450,10
2024,Vancouver City Centre Station,Weekday,10:00 to 11:00 PM,208,429,22
2024,Vancouver City Centre Station,Weekday,11:00 AM to 12:00 PM,836,545,11
2024,Vancouver City Centre Station,Weekday,11:00 PM to 12:00 AM,110,249,23
2024,Vancouver City Centre Station,Weekday,12:00 to 1:00 AM,63,112,0
2024,Vancouver City Centre Station,Weekday,12:00 to 1:00 PM,900,671,12
2024,Vancouver City Centre Station,Weekday,2:00 to 3:00 AM,1,1,2
2024,Vancouver City Centre Station,Weekday,2:00 to 3:00 PM,920,932,14
2024,Vancouver City Centre Station,Weekday,3:00 to 4:00 AM,0,1,3
2024,Vancouver City Centre Station,Weekday,3:00 to 4:00 PM,1054,1293,15
2024,Vancouver City Centre Station,Weekday,4:00 to 5:00 AM,1,16,4
2024,Vancouver City Centre Station,Weekday,4:00 to 5:00 PM,1265,1915,16
2024,Vancouver City Centre Station,Weekday,5:00 to 6:00 AM,136,103,5
2024,Vancouver City Centre Station,Weekday,5:00 to 6:00 PM,1222,2094,17
2024,Vancouver City Centre Station,Weekday,6:00 to 7:00 AM,534,322,6
2024,Vancouver City Centre Station,Weekday,6:00 to 7:00 PM,879,1344,18
2024,Vancouver City Centre Station,Weekday,7:00 to 8:00 AM,1270,480,7
2024,Vancouver City Centre Station,Weekday,7:00 to 8:00 PM,513,827,19
2024,Vancouver City Centre Station,Weekday,8:00 to 9:00 AM,2205,578,8
2024,Vancouver City Centre Station,Weekday,8:00 to 9:00 PM,350,645,20
2024,Vancouver City Centre Station,Weekday,9:00 to 10:00 AM,1297,463,9
2024,Vancouver City Centre Station,Weekday,9:00 to 10:00 PM,294,560,21
2024,Vancouver City Centre Station,Saturday,1:00 to 2:00 AM,36,45,1
2024,Vancouver City Centre Station,Saturday,1:00 to 2:00 PM,1104,762,13
2024,Vancouver City Centre Station,Saturday,10:00 to 11:00 AM,710,450,10
2024,Vancouver City Centre Station,Saturday,10:00 to 11:00 PM,289,564,22
2024,Vancouver City Centre Station,Saturday,11:00 AM to 12:00 PM,920,570,11
2024,Vancouver City Centre Station,Saturday,11:00 PM to 12:00 AM,174,422,23
2024,Vancouver City Centre Station,Saturday,12:00 to 1:00 AM,101,229,0
2024,Vancouver City Centre Station,Saturday,12:00 to 1:00 PM,1022,670,12
2024,Vancouver City Centre Station,Sunday/Holiday,9:00 to 10:00 PM,273,409,21
2024,Vancouver City Centre Station,Sunday/Holiday,9:00 to 10:00 AM,482,294,9
2024,Vancouver City Centre Station,Saturday,2:00 to 3:00 AM,0,1,2
2024,Vancouver City Centre Station,Saturday,2:00 to 3:00 PM,1157,919,14
2024,Waterfront Station,Saturday,9:00 to 10:00 AM,1254,712,9
2024,Waterfront Station,Saturday,9:00 to 10:00 PM,864,1325,21
2024,Waterfront Station,Sunday/Holiday,1:00 to 2:00 AM,19,9,1
2024,Waterfront Station,Sunday/Holiday,1:00 to 2:00 PM,1641,1290,13
2024,Waterfront Station,Sunday/Holiday,10:00 to 11:00 AM,1327,748,10
2024,Waterfront Station,Sunday/Holiday,10:00 to 11:00 PM,450,727,22
2024,Waterfront Station,Sunday/Holiday,11:00 AM to 12:00 PM,1534,875,11
2024,Waterfront Station,Sunday/Holiday,11:00 PM to 12:00 AM,273,508,23
2024,Waterfront Station,Sunday/Holiday,12:00 to 1:00 AM,94,119,0
2024,Waterfront Station,Sunday/Holiday,12:00 to 1:00 PM,1594,1070,12
2024,Waterfront Station,Sunday/Holiday,2:00 to 3:00 AM,1,1,2
2024,Waterfront Station,Sunday/Holiday,2:00 to 3:00 PM,1627,1540,14
2024,Waterfront Station,Sunday/Holiday,3:00 to 4:00 AM,1,1,3
2024,Waterfront Station,Sunday/Holiday,3:00 to 4:00 PM,1567,1850,15
2024,Waterfront Station,Sunday/Holiday,4:00 to 5:00 AM,1,11,4
2024,Waterfront Station,Sunday/Holiday,4:00 to 5:00 PM,1472,2038,16
2024,Waterfront Station,Sunday/Holiday,5:00 to 6:00 AM,32,33,5
2024,Waterfront Station,Sunday/Holiday,5:00 to 6:00 PM,1241,2071,17
2024,Waterfront Station,Sunday/Holiday,6:00 to 7:00 AM,110,57,6
2024,Waterfront Station,Sunday/Holiday,6:00 to 7:00 PM,989,1766,18
2024,Waterfront Station,Sunday/Holiday,7:00 to 8:00 AM,500,271,7
2024,Waterfront Station,Sunday/Holiday,7:00 to 8:00 PM,789,1435,19
2024,Waterfront Station,Sunday/Holiday,8:00 to 9:00 AM,801,459,8
2024,Waterfront Station,Sunday/Holiday,8:00 to 9:00 PM,633,1137,20
2024,Waterfront Station,Sunday/Holiday,9:00 to 10:00 AM,972,610,9
2024,Waterfront Station,Sunday/Holiday,9:00 to 10:00 PM,559,978,21
2024,Waterfront Station,Saturday,6:00 to 7:00 AM,298,158,6
2024,Waterfront Station,Saturday,5:00 to 6:00 PM,1606,2403,17
2024,Waterfront Station,Saturday,5:00 to 6:00 AM,36,34,5
2024,Waterfront Station,Saturday,4:00 to 5:00 PM,1781,2374,16
2024,Waterfront Station,Saturday,4:00 to 5:00 AM,1,11,4
2024,Waterfront Station,Saturday,3:00 to 4:00 PM,1858,2138,15
2024,Waterfront Station,Saturday,3:00 to 4:00 AM,0,1,3
2024,Waterfront Station,Saturday,2:00 to 3:00 PM,1875,1753,14
2024,Waterfront Station,Saturday,2:00 to 3:00 AM,1,1,2
2024,Waterfront Station,Saturday,12:00 to 1:00 PM,1761,1195,12
2024,Waterfront Station,Saturday,12:00 to 1:00 AM,256,661,0
2024,Waterfront Station,Saturday,11:00 PM to 12:00 AM,499,1045,23
2024,Waterfront Station,Saturday,11:00 AM to 12:00 PM,1688,973,11
2024,Waterfront Station,Saturday,10:00 to 11:00 PM,723,1126,22
2024,Waterfront Station,Saturday,10:00 to 11:00 AM,1448,778,10
2024,Waterfront Station,Saturday,1:00 to 2:00 PM,1805,1421,13
2024,Waterfront Station,Saturday,1:00 to 2:00 AM,53,119,1
2024,Waterfront Station,Weekday,9:00 to 10:00 PM,627,1383,21
2024,Waterfront Station,Weekday,9:00 to 10:00 AM,2375,823,9
2024,Waterfront Station,Weekday,8:00 to 9:00 PM,690,1446,20
2024,Waterfront Station,Weekday,8:00 to 9:00 AM,3834,1582,8
2024,Waterfront Station,Weekday,7:00 to 8:00 PM,861,1732,19
2024,Waterfront Station,Weekday,7:00 to 8:00 AM,2185,1206,7
2024,Waterfront Station,Weekday,6:00 to 7:00 PM,1466,2694,18
2024,Waterfront Station,Weekday,6:00 to 7:00 AM,1195,706,6
2024,Waterfront Station,Weekday,5:00 to 6:00 PM,2323,4517,17
2024,Waterfront Station,Weekday,5:00 to 6:00 AM,261,162,5
2024,Waterfront Station,Weekday,4:00 to 5:00 PM,2679,4224,16
2024,Waterfront Station,Weekday,4:00 to 5:00 AM,2,11,4
2024,Waterfront Station,Weekday,3:00 to 4:00 PM,2073,2871,15
2024,Waterfront Station,Weekday,3:00 to 4:00 AM,1,1,3
2024,Waterfront Station,Weekday,2:00 to 3:00 PM,1559,1883,14
2024,Waterfront Station,Weekday,2:00 to 3:00 AM,1,1,2
2024,Waterfront Station,Weekday,12:00 to 1:00 PM,1536,1260,12
2024,Waterfront Station,Weekday,12:00 to 1:00 AM,142,351,0
2024,Waterfront Station,Weekday,11:00 PM to 12:00 AM,299,630,23
2024,Waterfront Station,Weekday,11:00 AM to 12:00 PM,1453,956,11
2024,Waterfront Station,Weekday,10:00 to 11:00 PM,525,927,22
2024,Waterfront Station,Weekday,10:00 to 11:00 AM,1518,803,10
2024,Waterfront Station,Weekday,1:00 to 2:00 PM,1495,1524,13
2024,Waterfront Station,Weekday,1:00 to 2:00 AM,33,55,1
2024,Waterfront Station,Saturday,6:00 to 7:00 PM,1369,2144,18
2024,Waterfront Station,Saturday,7:00 to 8:00 AM,716,347,7
2024,Waterfront Station,Saturday,7:00 to 8:00 PM,1034,1707,19
2024,Waterfront Station,Saturday,8:00 to 9:00 AM,994,520,8
2024,Waterfront Station,Saturday,8:00 to 9:00 PM,841,1380,20
2024,YVR-Airport Station,Saturday,9:00 to 10:00 AM,514,228,9
2024,YVR-Airport Station,Saturday,8:00 to 9:00 PM,245,330,20
2024,YVR-Airport Station,Saturday,8:00 to 9:00 AM,369,209,8
2024,YVR-Airport Station,Saturday,7:00 to 8:00 PM,245,322,19
2024,YVR-Airport Station,Saturday,7:00 to 8:00 AM,425,213,7
2024,YVR-Airport Station,Saturday,6:00 to 7:00 PM,261,366,18
2024,YVR-Airport Station,Saturday,6:00 to 7:00 AM,483,93,6
2024,YVR-Airport Station,Saturday,5:00 to 6:00 PM,293,428,17
2024,YVR-Airport Station,Saturday,5:00 to 6:00 AM,287,56,5
2024,YVR-Airport Station,Saturday,4:00 to 5:00 PM,318,554,16
2024,YVR-Airport Station,Saturday,4:00 to 5:00 AM,0,6,4
2024,YVR-Airport Station,Saturday,3:00 to 4:00 PM,430,659,15
2024,YVR-Airport Station,Saturday,2:00 to 3:00 PM,495,616,14
2024,YVR-Airport Station,Saturday,2:00 to 3:00 AM,0,0,2
2024,YVR-Airport Station,Saturday,12:00 to 1:00 PM,445,553,12
2024,YVR-Airport Station,Saturday,12:00 to 1:00 AM,31,242,0
2024,YVR-Airport Station,Saturday,11:00 PM to 12:00 AM,44,388,23
2024,YVR-Airport Station,Saturday,11:00 AM to 12:00 PM,512,455,11
2024,YVR-Airport Station,Saturday,10:00 to 11:00 PM,114,430,22
2024,YVR-Airport Station,Saturday,10:00 to 11:00 AM,532,356,10
2024,YVR-Airport Station,Sunday/Holiday,12:00 to 1:00 AM,22,250,0
2024,YVR-Airport Station,Sunday/Holiday,12:00 to 1:00 PM,459,584,12
2024,YVR-Airport Station,Sunday/Holiday,2:00 to 3:00 AM,0,0,2
2024,YVR-Airport Station,Sunday/Holiday,2:00 to 3:00 PM,490,641,14
2024,YVR-Airport Station,Sunday/Holiday,3:00 to 4:00 AM,0,0,3
2024,YVR-Airport Station,Sunday/Holiday,3:00 to 4:00 PM,426,684,15
2024,YVR-Airport Station,Sunday/Holiday,4:00 to 5:00 AM,0,5,4
2024,YVR-Airport Station,Sunday/Holiday,4:00 to 5:00 PM,317,576,16
2024,YVR-Airport Station,Sunday/Holiday,5:00 to 6:00 AM,267,56,5
2024,YVR-Airport Station,Sunday/Holiday,5:00 to 6:00 PM,295,462,17
2024,YVR-Airport Station,Sunday/Holiday,6:00 to 7:00 AM,457,98,6
2024,YVR-Airport Station,Sunday/Holiday,6:00 to 7:00 PM,259,371,18
2024,YVR-Airport Station,Sunday/Holiday,7:00 to 8:00 AM,399,201,7
2024,YVR-Airport Station,Sunday/Holiday,7:00 to 8:00 PM,252,365,19
2024,YVR-Airport Station,Sunday/Holiday,8:00 to 9:00 AM,350,160,8
2024,YVR-Airport Station,Sunday/Holiday,8:00 to 9:00 PM,238,369,20
2024,YVR-Airport Station,Sunday/Holiday,9:00 to 10:00 AM,454,216,9
2024,YVR-Airport Station,Sunday/Holiday,9:00 to 10:00 PM,181,462,21
2024,YVR-Airport Station,Saturday,9:00 to 10:00 PM,196,374,21
2024,YVR-Airport Station,Sunday/Holiday,1:00 to 2:00 AM,9,2,1
2024,YVR-Airport Station,Sunday/Holiday,1:00 to 2:00 PM,492,549,13
2024,YVR-Airport Station,Sunday/Holiday,10:00 to 11:00 AM,531,360,10
2024,YVR-Airport Station,Sunday/Holiday,10:00 to 11:00 PM,98,487,22
2024,YVR-Airport Station,Sunday/Holiday,11:00 AM to 12:00 PM,511,443,11
2024,YVR-Airport Station,Sunday/Holiday,11:00 PM to 12:00 AM,31,410,23
2024,YVR-Airport Station,Weekday,1:00 to 2:00 AM,12,2,1
2024,YVR-Airport Station,Weekday,1:00 to 2:00 PM,521,565,13
2024,YVR-Airport Station,Weekday,10:00 to 11:00 AM,534,359,10
2024,YVR-Airport Station,Weekday,10:00 to 11:00 PM,109,427,22
2024,YVR-Airport Station,Weekday,11:00 AM to 12:00 PM,543,438,11
2024,YVR-Airport Station,Weekday,11:00 PM to 12:00 AM,38,363,23
2024,YVR-Airport Station,Weekday,12:00 to 1:00 AM,23,228,0
2024,YVR-Airport Station,Weekday,12:00 to 1:00 PM,470,578,12
2024,YVR-Airport Station,Weekday,2:00 to 3:00 AM,0,0,2
2024,YVR-Airport Station,Weekday,2:00 to 3:00 PM,506,711,14
2024,YVR-Airport Station,Weekday,3:00 to 4:00 AM,0,0,3
2024,YVR-Airport Station,Weekday,3:00 to 4:00 PM,446,809,15
2024,YVR-Airport Station,Weekday,4:00 to 5:00 AM,0,7,4
2024,YVR-Airport Station,Weekday,4:00 to 5:00 PM,347,749,16
2024,YVR-Airport Station,Weekday,5:00 to 6:00 AM,329,59,5
2024,YVR-Airport Station,Weekday,5:00 to 6:00 PM,328,564,17
2024,YVR-Airport Station,Weekday,6:00 to 7:00 AM,678,96,6
2024,YVR-Airport Station,Weekday,6:00 to 7:00 PM,283,421,18
2024,YVR-Airport Station,Weekday,7:00 to 8:00 AM,595,238,7
2024,YVR-Airport Station,Weekday,7:00 to 8:00 PM,265,350,19
2024,YVR-Airport Station,Weekday,8:00 to 9:00 AM,501,205,8
2024,YVR-Airport Station,Weekday,8:00 to 9:00 PM,258,354,20
2024,YVR-Airport Station,Weekday,9:00 to 10:00 AM,534,234,9
2024,YVR-Airport Station,Weekday,9:00 to 10:00 PM,202,405,21
2024,YVR-Airport Station,Saturday,1:00 to 2:00 AM,12,1,1
2024,YVR-Airport Station,Saturday,1:00 to 2:00 PM,482,543,13
2024,Yaletown-Roundhouse Station,Sunday/Holiday,12:00 to 1:00 PM,464,427,12
2024,Yaletown-Roundhouse Station,Sunday/Holiday,12:00 to 1:00 AM,46,91,0
2024,Yaletown-Roundhouse Station,Sunday/Holiday,11:00 PM to 12:00 AM,102,174,23
2024,Yaletown-Roundhouse Station,Sunday/Holiday,11:00 AM to 12:00 PM,401,388,11
2024,Yaletown-Roundhouse Station,Sunday/Holiday,10:00 to 11:00 PM,183,239,22
2024,Yaletown-Roundhouse Station,Sunday/Holiday,10:00 to 11:00 AM,332,337,10
2024,Yaletown-Roundhouse Station,Sunday/Holiday,1:00 to 2:00 PM,491,444,13
2024,Yaletown-Roundhouse Station,Sunday/Holiday,1:00 to 2:00 AM,15,17,1
2024,Yaletown-Roundhouse Station,Saturday,9:00 to 10:00 PM,341,451,21
2024,Yaletown-Roundhouse Station,Saturday,9:00 to 10:00 AM,375,310,9
2024,Yaletown-Roundhouse Station,Saturday,8:00 to 9:00 PM,398,392,20
2024,Yaletown-Roundhouse Station,Saturday,8:00 to 9:00 AM,274,217,8
2024,Yaletown-Roundhouse Station,Saturday,7:00 to 8:00 PM,510,476,19
2024,Yaletown-Roundhouse Station,Saturday,7:00 to 8:00 AM,198,167,7
2024,Yaletown-Roundhouse Station,Saturday,6:00 to 7:00 PM,694,534,18
2024,Yaletown-Roundhouse Station,Saturday,6:00 to 7:00 AM,101,113,6
2024,Yaletown-Roundhouse Station,Saturday,5:00 to 6:00 PM,717,554,17
2024,Yaletown-Roundhouse Station,Saturday,5:00 to 6:00 AM,27,63,5
2024,Yaletown-Roundhouse Station,Saturday,4:00 to 5:00 PM,740,604,16
2024,Yaletown-Roundhouse Station,Saturday,4:00 to 5:00 AM,1,12,4
2024,Yaletown-Roundhouse Station,Saturday,3:00 to 4:00 PM,688,590,15
2024,Yaletown-Roundhouse Station,Saturday,3:00 to 4:00 AM,0,0,3
2024,Yaletown-Roundhouse Station,Saturday,2:00 to 3:00 PM,626,547,14
2024,Yaletown-Roundhouse Station,Sunday/Holiday,7:00 to 8:00 AM,195,149,7
2024,Yaletown-Roundhouse Station,Sunday/Holiday,7:00 to 8:00 PM,332,404,19
2024,Yaletown-Roundhouse Station,Sunday/Holiday,8:00 to 9:00 AM,186,163,8
2024,Yaletown-Roundhouse Station,Sunday/Holiday,8:00 to 9:00 PM,258,337,20
2024,Yaletown-Roundhouse Station,Sunday/Holiday,9:00 to 10:00 AM,282,235,9
2024,Yaletown-Roundhouse Station,Sunday/Holiday,9:00 to 10:00 PM,219,306,21
2024,Yaletown-Roundhouse Station,Saturday,2:00 to 3:00 AM,1,0,2
2024,Yaletown-Roundhouse Station,Saturday,12:00 to 1:00 PM,532,482,12
2024,Yaletown-Roundhouse Station,Saturday,12:00 to 1:00 AM,85,261,0
2024,Yaletown-Roundhouse Station,Saturday,11:00 PM to 12:00 AM,154,399,23
2024,Yaletown-Roundhouse Station,Saturday,11:00 AM to 12:00 PM,456,444,11
2024,Yaletown-Roundhouse Station,Saturday,10:00 to 11:00 PM,256,421,22
2024,Yaletown-Roundhouse Station,Saturday,10:00 to 11:00 AM,390,381,10
2024,Yaletown-Roundhouse Station,Sunday/Holiday,2:00 to 3:00 AM,1,0,2
2024,Yaletown-Roundhouse Station,Sunday/Holiday,2:00 to 3:00 PM,525,497,14
2024,Yaletown-Roundhouse Station,Sunday/Holiday,3:00 to 4:00 AM,0,0,3
2024,Yaletown-Roundhouse Station,Sunday/Holiday,3:00 to 4:00 PM,532,507,15
2024,Yaletown-Roundhouse Station,Sunday/Holiday,4:00 to 5:00 AM,0,14,4
2024,Yaletown-Roundhouse Station,Sunday/Holiday,4:00 to 5:00 PM,556,523,16
2024,Yaletown-Roundhouse Station,Sunday/Holiday,5:00 to 6:00 AM,27,59,5
2024,Yaletown-Roundhouse Station,Sunday/Holiday,5:00 to 6:00 PM,520,482,17
2024,Yaletown-Roundhouse Station,Sunday/Holiday,6:00 to 7:00 AM,101,104,6
2024,Yaletown-Roundhouse Station,Sunday/Holiday,6:00 to 7:00 PM,439,426,18
2024,Yaletown-Roundhouse Station,Saturday,1:00 to 2:00 PM,558,493,13
2024,Yaletown-Roundhouse Station,Saturday,1:00 to 2:00 AM,20,54,1
2024,Yaletown-Roundhouse Station,Weekday,9:00 to 10:00 PM,265,386,21
2024,Yaletown-Roundhouse Station,Weekday,9:00 to 10:00 AM,624,432,9
2024,Yaletown-Roundhouse Station,Weekday,8:00 to 9:00 PM,302,403,20
2024,Yaletown-Roundhouse Station,Weekday,8:00 to 9:00 AM,667,630,8
2024,Yaletown-Roundhouse Station,Weekday,7:00 to 8:00 PM,408,479,19
2024,Yaletown-Roundhouse Station,Weekday,7:00 to 8:00 AM,474,502,7
2024,Yaletown-Roundhouse Station,Weekday,6:00 to 7:00 PM,701,645,18
2024,Yaletown-Roundhouse Station,Weekday,6:00 to 7:00 AM,214,315,6
2024,Yaletown-Roundhouse Station,Weekday,5:00 to 6:00 PM,916,846,17
2024,Yaletown-Roundhouse Station,Weekday,5:00 to 6:00 AM,34,103,5
2024,Yaletown-Roundhouse Station,Weekday,4:00 to 5:00 PM,874,803,16
2024,Yaletown-Roundhouse Station,Weekday,4:00 to 5:00 AM,0,16,4
2024,Yaletown-Roundhouse Station,Weekday,3:00 to 4:00 PM,673,616,15
2024,Yaletown-Roundhouse Station,Weekday,3:00 to 4:00 AM,0,0,3
2024,Yaletown-Roundhouse Station,Weekday,2:00 to 3:00 PM,520,513,14
2024,Yaletown-Roundhouse Station,Weekday,2:00 to 3:00 AM,1,0,2
2024,Yaletown-Roundhouse Station,Weekday,12:00 to 1:00 PM,464,429,12
2024,Yaletown-Roundhouse Station,Weekday,12:00 to 1:00 AM,51,104,0
2024,Yaletown-Roundhouse Station,Weekday,11:00 PM to 12:00 AM,104,212,23
2024,Yaletown-Roundhouse Station,Weekday,11:00 AM to 12:00 PM,401,386,11
2024,Yaletown-Roundhouse Station,Weekday,10:00 to 11:00 PM,197,311,22
2024,Yaletown-Roundhouse Station,Weekday,10:00 to 11:00 AM,393,373,10
2024,Yaletown-Roundhouse Station,Weekday,1:00 to 2:00 PM,464,430,13
2024,Yaletown-Roundhouse Station,Weekday,1:00 to 2:00 AM,16,20,1
2025,22nd Street Station,Weekday,1:00 to 2:00 AM,19,25,1
2025,22nd Street Station,Weekday,1:00 to 2:00 PM,439,421,13
2025,22nd Street Station,Weekday,10:00 to 11:00 AM,233,402,10
2025,22nd Street Station,Weekday,10:00 to 11:00 PM,308,231,22
2025,22nd Street Station,Weekday,11:00 AM to 12:00 PM,263,394,11
2025,22nd Street Station,Weekday,11:00 PM to 12:00 AM,195,189,23
2025,22nd Street Station,Weekday,12:00 to 1:00 AM,102,90,0
2025,22nd Street Station,Weekday,12:00 to 1:00 PM,357,412,12
2025,22nd Street Station,Weekday,2:00 to 3:00 AM,0,0,2
2025,22nd Street Station,Weekday,2:00 to 3:00 PM,508,483,14
2025,22nd Street Station,Weekday,3:00 to 4:00 AM,0,0,3
2025,22nd Street Station,Weekday,3:00 to 4:00 PM,729,733,15
2025,22nd Street Station,Weekday,4:00 to 5:00 AM,0,0,4
2025,22nd Street Station,Weekday,4:00 to 5:00 PM,876,975,16
2025,22nd Street Station,Weekday,5:00 to 6:00 AM,420,296,5
2025,22nd Street Station,Weekday,5:00 to 6:00 PM,928,927,17
2025,22nd Street Station,Weekday,6:00 to 7:00 AM,803,701,6
2025,22nd Street Station,Weekday,6:00 to 7:00 PM,726,643,18
2025,22nd Street Station,Weekday,7:00 to 8:00 AM,826,930,7
2025,22nd Street Station,Weekday,7:00 to 8:00 PM,476,354,19
2025,22nd Street Station,Weekday,8:00 to 9:00 AM,577,817,8
2025,22nd Street Station,Weekday,8:00 to 9:00 PM,396,267,20
2025,22nd Street Station,Weekday,9:00 to 10:00 AM,295,558,9
2025,22nd Street Station,Weekday,9:00 to 10:00 PM,404,222,21
2025,22nd Street Station,Saturday,1:00 to 2:00 AM,39,24,1
2025,22nd Street Station,Saturday,1:00 to 2:00 PM,370,450,13
2025,22nd Street Station,Saturday,10:00 to 11:00 AM,252,373,10
2025,22nd Street Station,Saturday,10:00 to 11:00 PM,298,239,22
2025,22nd Street Station,Saturday,11:00 AM to 12:00 PM,273,404,11
2025,22nd Street Station,Saturday,11:00 PM to 12:00 AM,227,188,23
2025,22nd Street Station,Saturday,12:00 to 1:00 AM,135,103,0
2025,22nd Street Station,Saturday,12:00 to 1:00 PM,317,398,12
2025,22nd Street Station,Saturday,2:00 to 3:00 AM,0,0,2
2025,22nd Street Station,Saturday,2:00 to 3:00 PM,391,457,14
2025,22nd Street Station,Sunday/Holiday,9:00 to 10:00 PM,280,204,21
2025,22nd Street Station,Sunday/Holiday,9:00 to 10:00 AM,243,313,9
2025,22nd Street Station,Sunday/Holiday,8:00 to 9:00 PM,311,245,20
2025,22nd Street Station,Sunday/Holiday,8:00 to 9:00 AM,238,278,8
2025,22nd Street Station,Sunday/Holiday,7:00 to 8:00 PM,387,263,19
2025,22nd Street Station,Sunday/Holiday,7:00 to 8:00 AM,193,323,7
2025,22nd Street Station,Sunday/Holiday,6:00 to 7:00 PM,432,351,18
2025,22nd Street Station,Sunday/Holiday,6:00 to 7:00 AM,10,11,6
2025,22nd Street Station,Sunday/Holiday,5:00 to 6:00 PM,427,371,17
2025,22nd Street Station,Sunday/Holiday,5:00 to 6:00 AM,4,3,5
2025,22nd Street Station,Sunday/Holiday,4:00 to 5:00 PM,413,398,16
2025,22nd Street Station,Sunday/Holiday,3:00 to 4:00 PM,381,413,15
2025,22nd Street Station,Sunday/Holiday,3:00 to 4:00 AM,0,0,3
2025,22nd Street Station,Sunday/Holiday,2:00 to 3:00 PM,341,420,14
2025,22nd Street Station,Sunday/Holiday,12:00 to 1:00 PM,283,383,12
2025,22nd Street Station,Sunday/Holiday,12:00 to 1:00 AM,52,45,0
2025,22nd Street Station,Sunday/Holiday,11:00 PM to 12:00 AM,156,146,23
2025,22nd Street Station,Sunday/Holiday,11:00 AM to 12:00 PM,241,336,11
2025,22nd Street Station,Sunday/Holiday,10:00 to 11:00 PM,206,190,22
2025,22nd Street Station,Sunday/Holiday,10:00 to 11:00 AM,243,345,10
2025,22nd Street Station,Sunday/Holiday,1:00 to 2:00 PM,339,406,13
2025,22nd Street Station,Sunday/Holiday,1:00 to 2:00 AM,1,1,1
2025,22nd Street Station,Saturday,9:00 to 10:00 PM,372,231,21
2025,22nd Street Station,Saturday,9:00 to 10:00 AM,269,368,9
2025,22nd Street Station,Saturday,8:00 to 9:00 PM,342,268,20
2025,22nd Street Station,Saturday,8:00 to 9:00 AM,283,373,8
2025,22nd Street Station,Saturday,7:00 to 8:00 PM,390,324,19
2025,22nd Street Station,Saturday,7:00 to 8:00 AM,289,394,7
2025,22nd Street Station,Saturday,6:00 to 7:00 PM,470,423,18
2025,22nd Street Station,Saturday,6:00 to 7:00 AM,210,283,6
2025,22nd Street Station,Saturday,5:00 to 6:00 PM,481,499,17
2025,22nd Street Station,Saturday,5:00 to 6:00 AM,0,1,5
2025,22nd Street Station,Saturday,4:00 to 5:00 PM,482,501,16
2025,22nd Street Station,Saturday,4:00 to 5:00 AM,0,0,4
2025,22nd Street Station,Saturday,3:00 to 4:00 PM,443,500,15
2025,29th Avenue Station,Sunday/Holiday,5:00 to 6:00 AM,0,1,5
2025,29th Avenue Station,Sunday/Holiday,4:00 to 5:00 PM,417,330,16
2025,29th Avenue Station,Sunday/Holiday,5:00 to 6:00 PM,433,278,17
2025,29th Avenue Station,Weekday,8:00 to 9:00 AM,257,832,8
2025,29th Avenue Station,Weekday,12:00 to 1:00 PM,253,356,12
2025,29th Avenue Station,Weekday,3:00 to 4:00 PM,602,498,15
2025,29th Avenue Station,Weekday,5:00 to 6:00 PM,883,409,17
2025,29th Avenue Station,Saturday,3:00 to 4:00 PM,419,419,15
2025,29th Avenue Station,Sunday/Holiday,9:00 to 10:00 PM,262,101,21
2025,29th Avenue Station,Saturday,7:00 to 8:00 PM,373,210,19
2025,29th Avenue Station,Sunday/Holiday,7:00 to 8:00 PM,374,148,19
2025,29th Avenue Station,Saturday,4:00 to 5:00 AM,0,0,4
2025,29th Avenue Station,Saturday,5:00 to 6:00 PM,485,381,17
2025,29th Avenue Station,Sunday/Holiday,10:00 to 11:00 AM,152,396,10
2025,29th Avenue Station,Sunday/Holiday,2:00 to 3:00 AM,0,0,2
2025,29th Avenue Station,Sunday/Holiday,12:00 to 1:00 PM,242,378,12
2025,29th Avenue Station,Saturday,4:00 to 5:00 PM,470,417,16
2025,29th Avenue Station,Weekday,4:00 to 5:00 PM,797,434,16
2025,29th Avenue Station,Weekday,8:00 to 9:00 PM,378,142,20
2025,29th Avenue Station,Sunday/Holiday,3:00 to 4:00 PM,364,358,15
2025,29th Avenue Station,Weekday,1:00 to 2:00 AM,25,4,1
2025,29th Avenue Station,Saturday,8:00 to 9:00 PM,339,162,20
2025,29th Avenue Station,Sunday/Holiday,7:00 to 8:00 AM,55,126,7
2025,29th Avenue Station,Sunday/Holiday,11:00 AM to 12:00 PM,173,370,11
2025,29th Avenue Station,Sunday/Holiday,8:00 to 9:00 PM,300,114,20
2025,29th Avenue Station,Weekday,2:00 to 3:00 AM,0,0,2
2025,29th Avenue Station,Saturday,1:00 to 2:00 AM,49,7,1
2025,29th Avenue Station,Saturday,2:00 to 3:00 AM,0,0,2
2025,29th Avenue Station,Sunday/Holiday,8:00 to 9:00 AM,88,242,8
2025,29th Avenue Station,Sunday/Holiday,9:00 to 10:00 AM,128,311,9
2025,29th Avenue Station,Saturday,11:00 PM to 12:00 AM,224,86,23
2025,29th Avenue Station,Sunday/Holiday,1:00 to 2:00 PM,271,395,13
2025,29th Avenue Station,Sunday/Holiday,1:00 to 2:00 AM,1,0,1
2025,29th Avenue Station,Sunday/Holiday,2:00 to 3:00 PM,316,385,14
2025,29th Avenue Station,Weekday,6:00 to 7:00 PM,634,336,18
2025,29th Avenue Station,Saturday,6:00 to 7:00 PM,457,308,18
2025,29th Avenue Station,Sunday/Holiday,6:00 to 7:00 PM,408,219,18
2025,29th Avenue Station,Sunday/Holiday,10:00 to 11:00 PM,220,84,22
2025,29th Avenue Station,Sunday/Holiday,12:00 to 1:00 AM,53,13,0
2025,29th Avenue Station,Weekday,1:00 to 2:00 PM,293,345,13
2025,29th Avenue Station,Weekday,3:00 to 4:00 AM,0,0,3
2025,29th Avenue Station,Saturday,7:00 to 8:00 AM,92,233,7
2025,29th Avenue Station,Weekday,5:00 to 6:00 AM,32,116,5
2025,29th Avenue Station,Saturday,1:00 to 2:00 PM,305,426,13
2025,29th Avenue Station,Weekday,9:00 to 10:00 AM,189,565,9
2025,29th Avenue Station,Saturday,8:00 to 9:00 AM,132,321,8
2025,29th Avenue Station,Sunday/Holiday,6:00 to 7:00 AM,1,5,6
2025,29th Avenue Station,Weekday,2:00 to 3:00 PM,395,346,14
2025,29th Avenue Station,Weekday,12:00 to 1:00 AM,99,23,0
2025,29th Avenue Station,Saturday,9:00 to 10:00 AM,172,404,9
2025,29th Avenue Station,Saturday,2:00 to 3:00 PM,368,411,14
2025,29th Avenue Station,Sunday/Holiday,11:00 PM to 12:00 AM,158,58,23
2025,29th Avenue Station,Saturday,11:00 AM to 12:00 PM,202,408,11
2025,29th Avenue Station,Weekday,11:00 AM to 12:00 PM,190,368,11
2025,29th Avenue Station,Weekday,9:00 to 10:00 PM,374,110,21
2025,29th Avenue Station,Weekday,11:00 PM to 12:00 AM,184,61,23
2025,29th Avenue Station,Saturday,9:00 to 10:00 PM,342,134,21
2025,29th Avenue Station,Sunday/Holiday,4:00 to 5:00 AM,0,0,4
2025,29th Avenue Station,Weekday,10:00 to 11:00 AM,167,390,10
2025,29th Avenue Station,Saturday,10:00 to 11:00 AM,187,416,10
2025,29th Avenue Station,Saturday,12:00 to 1:00 AM,149,36,0
2025,29th Avenue Station,Weekday,6:00 to 7:00 AM,152,469,6
2025,29th Avenue Station,Weekday,7:00 to 8:00 PM,426,210,19
2025,29th Avenue Station,Weekday,10:00 to 11:00 PM,273,93,22
2025,29th Avenue Station,Saturday,6:00 to 7:00 AM,42,92,6
2025,29th Avenue Station,Saturday,12:00 to 1:00 PM,246,419,12
2025,29th Avenue Station,Saturday,10:00 to 11:00 PM,290,119,22
2025,29th Avenue Station,Weekday,7:00 to 8:00 AM,209,652,7
2025,Aberdeen Station,Saturday,12:00 to 1:00 AM,19,21,0
2025,Aberdeen Station,Saturday,11:00 PM to 12:00 AM,35,43,23
2025,Aberdeen Station,Saturday,11:00 AM to 12:00 PM,381,181,11
2025,Aberdeen Station,Saturday,10:00 to 11:00 PM,51,84,22
2025,Aberdeen Station,Saturday,10:00 to 11:00 AM,302,115,10
2025,Aberdeen Station,Saturday,1:00 to 2:00 PM,383,314,13
2025,Aberdeen Station,Saturday,1:00 to 2:00 AM,6,1,1
2025,Aberdeen Station,Weekday,9:00 to 10:00 PM,61,103,21
2025,Aberdeen Station,Weekday,9:00 to 10:00 AM,226,98,9
2025,Aberdeen Station,Weekday,8:00 to 9:00 PM,75,135,20
2025,Aberdeen Station,Weekday,8:00 to 9:00 AM,199,133,8
2025,Aberdeen Station,Weekday,7:00 to 8:00 PM,126,228,19
2025,Aberdeen Station,Weekday,7:00 to 8:00 AM,134,114,7
2025,Aberdeen Station,Weekday,6:00 to 7:00 PM,252,330,18
2025,Aberdeen Station,Weekday,6:00 to 7:00 AM,63,62,6
2025,Aberdeen Station,Weekday,5:00 to 6:00 PM,362,358,17
2025,Aberdeen Station,Weekday,5:00 to 6:00 AM,15,26,5
2025,Aberdeen Station,Weekday,4:00 to 5:00 PM,354,330,16
2025,Aberdeen Station,Weekday,4:00 to 5:00 AM,0,1,4
2025,Aberdeen Station,Weekday,3:00 to 4:00 PM,318,309,15
2025,Aberdeen Station,Weekday,3:00 to 4:00 AM,0,0,3
2025,Aberdeen Station,Weekday,2:00 to 3:00 PM,264,278,14
2025,Aberdeen Station,Weekday,2:00 to 3:00 AM,1,1,2
2025,Aberdeen Station,Weekday,12:00 to 1:00 PM,241,208,12
2025,Aberdeen Station,Weekday,12:00 to 1:00 AM,14,14,0
2025,Aberdeen Station,Weekday,11:00 PM to 12:00 AM,23,29,23
2025,Aberdeen Station,Weekday,11:00 AM to 12:00 PM,278,152,11
2025,Aberdeen Station,Weekday,10:00 to 11:00 PM,41,64,22
2025,Aberdeen Station,Weekday,10:00 to 11:00 AM,252,110,10
2025,Aberdeen Station,Weekday,1:00 to 2:00 PM,264,248,13
2025,Aberdeen Station,Weekday,1:00 to 2:00 AM,4,2,1
2025,Aberdeen Station,Sunday/Holiday,9:00 to 10:00 PM,53,109,21
2025,Aberdeen Station,Sunday/Holiday,9:00 to 10:00 AM,168,59,9
2025,Aberdeen Station,Sunday/Holiday,8:00 to 9:00 PM,67,138,20
2025,Aberdeen Station,Sunday/Holiday,8:00 to 9:00 AM,82,40,8
2025,Aberdeen Station,Sunday/Holiday,7:00 to 8:00 PM,107,235,19
2025,Aberdeen Station,Sunday/Holiday,7:00 to 8:00 AM,50,39,7
2025,Aberdeen Station,Sunday/Holiday,6:00 to 7:00 PM,186,285,18
2025,Aberdeen Station,Sunday/Holiday,6:00 to 7:00 AM,28,42,6
2025,Aberdeen Station,Sunday/Holiday,5:00 to 6:00 PM,255,307,17
2025,Aberdeen Station,Sunday/Holiday,5:00 to 6:00 AM,10,13,5
2025,Aberdeen Station,Sunday/Holiday,4:00 to 5:00 PM,291,332,16
2025,Aberdeen Station,Sunday/Holiday,4:00 to 5:00 AM,0,1,4
2025,Aberdeen Station,Sunday/Holiday,3:00 to 4:00 PM,286,336,15
2025,Aberdeen Station,Sunday/Holiday,3:00 to 4:00 AM,0,0,3
2025,Aberdeen Station,Sunday/Holiday,2:00 to 3:00 PM,316,319,14
2025,Aberdeen Station,Sunday/Holiday,2:00 to 3:00 AM,1,1,2
2025,Aberdeen Station,Sunday/Holiday,12:00 to 1:00 PM,343,214,12
2025,Aberdeen Station,Sunday/Holiday,12:00 to 1:00 AM,11,14,0
2025,Aberdeen Station,Sunday/Holiday,11:00 PM to 12:00 AM,22,29,23
2025,Aberdeen Station,Sunday/Holiday,11:00 AM to 12:00 PM,294,143,11
2025,Aberdeen Station,Sunday/Holiday,10:00 to 11:00 PM,35,60,22
2025,Aberdeen Station,Sunday/Holiday,10:00 to 11:00 AM,274,96,10
2025,Aberdeen Station,Sunday/Holiday,1:00 to 2:00 PM,304,278,13
2025,Aberdeen Station,Sunday/Holiday,1:00 to 2:00 AM,3,2,1
2025,Aberdeen Station,Saturday,9:00 to 10:00 PM,64,139,21
2025,Aberdeen Station,Saturday,9:00 to 10:00 AM,223,79,9
2025,Aberdeen Station,Saturday,8:00 to 9:00 PM,86,192,20
2025,Aberdeen Station,Saturday,8:00 to 9:00 AM,114,52,8
2025,Aberdeen Station,Saturday,7:00 to 8:00 PM,150,272,19
2025,Aberdeen Station,Saturday,7:00 to 8:00 AM,57,39,7
2025,Aberdeen Station,Saturday,6:00 to 7:00 PM,234,349,18
2025,Aberdeen Station,Saturday,6:00 to 7:00 AM,33,40,6
2025,Aberdeen Station,Saturday,5:00 to 6:00 PM,331,380,17
2025,Aberdeen Station,Saturday,5:00 to 6:00 AM,9,14,5
2025,Aberdeen Station,Saturday,4:00 to 5:00 PM,332,401,16
2025,Aberdeen Station,Saturday,4:00 to 5:00 AM,0,1,4
2025,Aberdeen Station,Saturday,3:00 to 4:00 PM,365,405,15
2025,Aberdeen Station,Saturday,3:00 to 4:00 AM,0,0,3
2025,Aberdeen Station,Saturday,2:00 to 3:00 PM,352,372,14
2025,Aberdeen Station,Saturday,2:00 to 3:00 AM,1,1,2
2025,Aberdeen Station,Saturday,12:00 to 1:00 PM,366,259,12
2025,Braid Station,Saturday,12:00 to 1:00 PM,173,166,12
2025,Braid Station,Saturday,2:00 to 3:00 AM,0,1,2
2025,Braid Station,Saturday,2:00 to 3:00 PM,199,203,14
2025,Braid Station,Saturday,3:00 to 4:00 AM,0,0,3
2025,Braid Station,Saturday,3:00 to 4:00 PM,207,229,15
2025,Braid Station,Saturday,4:00 to 5:00 AM,0,0,4
2025,Braid Station,Saturday,4:00 to 5:00 PM,223,231,16
2025,Braid Station,Saturday,5:00 to 6:00 AM,0,0,5
2025,Braid Station,Saturday,5:00 to 6:00 PM,232,270,17
2025,Braid Station,Saturday,6:00 to 7:00 AM,90,120,6
2025,Braid Station,Saturday,6:00 to 7:00 PM,204,214,18
2025,Braid Station,Saturday,7:00 to 8:00 AM,113,93,7
2025,Braid Station,Saturday,7:00 to 8:00 PM,202,155,19
2025,Braid Station,Saturday,8:00 to 9:00 AM,124,108,8
2025,Braid Station,Saturday,8:00 to 9:00 PM,153,131,20
2025,Braid Station,Saturday,9:00 to 10:00 AM,124,103,9
2025,Braid Station,Saturday,9:00 to 10:00 PM,128,122,21
2025,Braid Station,Sunday/Holiday,1:00 to 2:00 AM,1,1,1
2025,Braid Station,Sunday/Holiday,1:00 to 2:00 PM,161,152,13
2025,Braid Station,Sunday/Holiday,10:00 to 11:00 AM,117,111,10
2025,Braid Station,Sunday/Holiday,10:00 to 11:00 PM,60,67,22
2025,Braid Station,Sunday/Holiday,11:00 AM to 12:00 PM,116,117,11
2025,Braid Station,Sunday/Holiday,11:00 PM to 12:00 AM,38,36,23
2025,Braid Station,Sunday/Holiday,12:00 to 1:00 AM,18,8,0
2025,Braid Station,Sunday/Holiday,12:00 to 1:00 PM,144,150,12
2025,Braid Station,Sunday/Holiday,2:00 to 3:00 AM,0,0,2
2025,Braid Station,Sunday/Holiday,2:00 to 3:00 PM,156,166,14
2025,Braid Station,Sunday/Holiday,3:00 to 4:00 AM,0,0,3
2025,Braid Station,Sunday/Holiday,3:00 to 4:00 PM,170,171,15
2025,Braid Station,Sunday/Holiday,4:00 to 5:00 AM,0,0,4
2025,Braid Station,Sunday/Holiday,4:00 to 5:00 PM,171,174,16
2025,Braid Station,Saturday,12:00 to 1:00 AM,39,25,0
2025,Braid Station,Saturday,11:00 PM to 12:00 AM,60,59,23
2025,Braid Station,Saturday,11:00 AM to 12:00 PM,148,153,11
2025,Braid Station,Saturday,10:00 to 11:00 PM,88,95,22
2025,Braid Station,Saturday,10:00 to 11:00 AM,128,137,10
2025,Braid Station,Saturday,1:00 to 2:00 PM,191,192,13
2025,Braid Station,Saturday,1:00 to 2:00 AM,20,10,1
2025,Braid Station,Weekday,9:00 to 10:00 PM,104,104,21
2025,Braid Station,Weekday,9:00 to 10:00 AM,180,189,9
2025,Braid Station,Weekday,8:00 to 9:00 PM,132,103,20
2025,Braid Station,Weekday,8:00 to 9:00 AM,302,282,8
2025,Braid Station,Weekday,7:00 to 8:00 PM,222,142,19
2025,Braid Station,Weekday,7:00 to 8:00 AM,430,343,7
2025,Braid Station,Weekday,6:00 to 7:00 PM,313,275,18
2025,Braid Station,Weekday,6:00 to 7:00 AM,457,319,6
2025,Braid Station,Weekday,5:00 to 6:00 PM,423,508,17
2025,Braid Station,Weekday,5:00 to 6:00 AM,152,143,5
2025,Braid Station,Weekday,4:00 to 5:00 PM,434,497,16
2025,Braid Station,Weekday,4:00 to 5:00 AM,0,0,4
2025,Braid Station,Weekday,3:00 to 4:00 PM,338,395,15
2025,Braid Station,Weekday,3:00 to 4:00 AM,0,0,3
2025,Braid Station,Weekday,2:00 to 3:00 PM,231,244,14
2025,Braid Station,Weekday,2:00 to 3:00 AM,0,1,2
2025,Braid Station,Weekday,12:00 to 1:00 PM,181,175,12
2025,Braid Station,Weekday,12:00 to 1:00 AM,24,14,0
2025,Braid Station,Weekday,11:00 PM to 12:00 AM,44,51,23
2025,Braid Station,Weekday,11:00 AM to 12:00 PM,139,171,11
2025,Braid Station,Weekday,10:00 to 11:00 PM,69,81,22
2025,Braid Station,Weekday,10:00 to 11:00 AM,131,151,10
2025,Braid Station,Weekday,1:00 to 2:00 PM,230,178,13
2025,Braid Station,Weekday,1:00 to 2:00 AM,11,7,1
2025,Braid Station,Sunday/Holiday,8:00 to 9:00 PM,116,96,20
2025,Braid Station,Sunday/Holiday,8:00 to 9:00 AM,92,62,8
2025,Braid Station,Sunday/Holiday,7:00 to 8:00 PM,165,129,19
2025,Braid Station,Sunday/Holiday,7:00 to 8:00 AM,82,114,7
2025,Braid Station,Sunday/Holiday,6:00 to 7:00 PM,143,165,18
2025,Braid Station,Sunday/Holiday,6:00 to 7:00 AM,6,6,6
2025,Braid Station,Sunday/Holiday,5:00 to 6:00 PM,161,174,17
2025,Braid Station,Sunday/Holiday,5:00 to 6:00 AM,2,1,5
2025,Braid Station,Sunday/Holiday,9:00 to 10:00 AM,105,90,9
2025,Braid Station,Sunday/Holiday,9:00 to 10:00 PM,77,65,21
2025,Brentwood Town Centre Station,Saturday,12:00 to 1:00 PM,342,350,12
2025,Brentwood Town Centre Station,Saturday,2:00 to 3:00 AM,0,0,2
2025,Brentwood Town Centre Station,Saturday,2:00 to 3:00 PM,404,441,14
2025,Brentwood Town Centre Station,Saturday,3:00 to 4:00 AM,0,0,3
2025,Brentwood Town Centre Station,Saturday,3:00 to 4:00 PM,435,464,15
2025,Brentwood Town Centre Station,Saturday,4:00 to 5:00 AM,0,0,4
2025,Brentwood Town Centre Station,Saturday,4:00 to 5:00 PM,477,456,16
2025,Brentwood Town Centre Station,Saturday,5:00 to 6:00 AM,0,0,5
2025,Brentwood Town Centre Station,Saturday,5:00 to 6:00 PM,498,432,17
2025,Brentwood Town Centre Station,Saturday,6:00 to 7:00 AM,41,55,6
2025,Brentwood Town Centre Station,Saturday,6:00 to 7:00 PM,430,372,18
2025,Brentwood Town Centre Station,Saturday,7:00 to 8:00 AM,141,117,7
2025,Brentwood Town Centre Station,Saturday,7:00 to 8:00 PM,344,284,19
2025,Brentwood Town Centre Station,Saturday,8:00 to 9:00 AM,239,192,8
2025,Brentwood Town Centre Station,Saturday,8:00 to 9:00 PM,259,257,20
2025,Brentwood Town Centre Station,Saturday,9:00 to 10:00 AM,230,239,9
2025,Brentwood Town Centre Station,Saturday,9:00 to 10:00 PM,220,230,21
2025,Brentwood Town Centre Station,Sunday/Holiday,1:00 to 2:00 AM,1,1,1
2025,Brentwood Town Centre Station,Sunday/Holiday,1:00 to 2:00 PM,332,321,13
2025,Brentwood Town Centre Station,Sunday/Holiday,10:00 to 11:00 AM,229,242,10
2025,Brentwood Town Centre Station,Sunday/Holiday,10:00 to 11:00 PM,127,104,22
2025,Brentwood Town Centre Station,Sunday/Holiday,11:00 AM to 12:00 PM,276,250,11
2025,Brentwood Town Centre Station,Sunday/Holiday,11:00 PM to 12:00 AM,85,73,23
2025,Brentwood Town Centre Station,Sunday/Holiday,12:00 to 1:00 AM,31,22,0
2025,Brentwood Town Centre Station,Sunday/Holiday,12:00 to 1:00 PM,297,291,12
2025,Brentwood Town Centre Station,Sunday/Holiday,2:00 to 3:00 AM,0,0,2
2025,Brentwood Town Centre Station,Sunday/Holiday,2:00 to 3:00 PM,347,349,14
2025,Brentwood Town Centre Station,Sunday/Holiday,3:00 to 4:00 PM,364,362,15
2025,Brentwood Town Centre Station,Sunday/Holiday,4:00 to 5:00 AM,0,0,4
2025,Brentwood Town Centre Station,Sunday/Holiday,4:00 to 5:00 PM,392,363,16
2025,Brentwood Town Centre Station,Sunday/Holiday,5:00 to 6:00 AM,0,1,5
2025,Brentwood Town Centre Station,Weekday,10:00 to 11:00 AM,273,263,10
2025,Brentwood Town Centre Station,Weekday,1:00 to 2:00 PM,326,363,13
2025,Brentwood Town Centre Station,Weekday,1:00 to 2:00 AM,17,11,1
2025,Brentwood Town Centre Station,Weekday,10:00 to 11:00 PM,177,131,22
2025,Brentwood Town Centre Station,Weekday,11:00 AM to 12:00 PM,280,288,11
2025,Brentwood Town Centre Station,Weekday,11:00 PM to 12:00 AM,99,82,23
2025,Brentwood Town Centre Station,Weekday,12:00 to 1:00 AM,47,42,0
2025,Brentwood Town Centre Station,Weekday,12:00 to 1:00 PM,313,337,12
2025,Brentwood Town Centre Station,Weekday,2:00 to 3:00 AM,0,0,2
2025,Brentwood Town Centre Station,Weekday,2:00 to 3:00 PM,389,454,14
2025,Brentwood Town Centre Station,Weekday,3:00 to 4:00 AM,0,0,3
2025,Brentwood Town Centre Station,Weekday,3:00 to 4:00 PM,564,655,15
2025,Brentwood Town Centre Station,Weekday,4:00 to 5:00 AM,0,0,4
2025,Brentwood Town Centre Station,Weekday,4:00 to 5:00 PM,738,765,16
2025,Brentwood Town Centre Station,Weekday,5:00 to 6:00 AM,61,78,5
2025,Brentwood Town Centre Station,Sunday/Holiday,9:00 to 10:00 PM,156,144,21
2025,Brentwood Town Centre Station,Sunday/Holiday,9:00 to 10:00 AM,158,186,9
2025,Brentwood Town Centre Station,Sunday/Holiday,8:00 to 9:00 PM,206,186,20
2025,Brentwood Town Centre Station,Sunday/Holiday,8:00 to 9:00 AM,122,128,8
2025,Brentwood Town Centre Station,Sunday/Holiday,7:00 to 8:00 PM,264,230,19
2025,Brentwood Town Centre Station,Sunday/Holiday,7:00 to 8:00 AM,63,84,7
2025,Brentwood Town Centre Station,Sunday/Holiday,6:00 to 7:00 PM,329,280,18
2025,Brentwood Town Centre Station,Sunday/Holiday,6:00 to 7:00 AM,4,3,6
2025,Brentwood Town Centre Station,Sunday/Holiday,5:00 to 6:00 PM,379,324,17
2025,Brentwood Town Centre Station,Weekday,5:00 to 6:00 PM,931,747,17
2025,Brentwood Town Centre Station,Weekday,6:00 to 7:00 AM,470,270,6
2025,Brentwood Town Centre Station,Weekday,6:00 to 7:00 PM,653,484,18
2025,Brentwood Town Centre Station,Weekday,7:00 to 8:00 AM,513,536,7
2025,Brentwood Town Centre Station,Weekday,7:00 to 8:00 PM,383,319,19
2025,Brentwood Town Centre Station,Weekday,8:00 to 9:00 AM,579,659,8
2025,Brentwood Town Centre Station,Weekday,8:00 to 9:00 PM,262,246,20
2025,Brentwood Town Centre Station,Weekday,9:00 to 10:00 AM,354,385,9
2025,Brentwood Town Centre Station,Weekday,9:00 to 10:00 PM,206,208,21
2025,Brentwood Town Centre Station,Saturday,1:00 to 2:00 AM,33,24,1
2025,Brentwood Town Centre Station,Saturday,1:00 to 2:00 PM,380,410,13
2025,Brentwood Town Centre Station,Saturday,10:00 to 11:00 AM,249,263,10
2025,Brentwood Town Centre Station,Saturday,10:00 to 11:00 PM,198,167,22
2025,Brentwood Town Centre Station,Saturday,11:00 AM to 12:00 PM,306,310,11
2025,Brentwood Town Centre Station,Saturday,11:00 PM to 12:00 AM,136,120,23
2025,Brentwood Town Centre Station,Saturday,12:00 to 1:00 AM,90,80,0
2025,Bridgeport Station,Sunday/Holiday,11:00 AM to 12:00 PM,392,515,11
2025,Bridgeport Station,Sunday/Holiday,11:00 PM to 12:00 AM,156,162,23
2025,Bridgeport Station,Sunday/Holiday,12:00 to 1:00 AM,63,55,0
2025,Bridgeport Station,Sunday/Holiday,10:00 to 11:00 PM,202,231,22
2025,Bridgeport Station,Weekday,5:00 to 6:00 PM,1328,617,17
2025,Bridgeport Station,Weekday,5:00 to 6:00 AM,106,267,5
2025,Bridgeport Station,Weekday,4:00 to 5:00 PM,1247,631,16
2025,Bridgeport Station,Weekday,4:00 to 5:00 AM,1,17,4
2025,Bridgeport Station,Weekday,3:00 to 4:00 PM,938,499,15
2025,Bridgeport Station,Weekday,3:00 to 4:00 AM,0,0,3
2025,Bridgeport Station,Weekday,2:00 to 3:00 PM,627,429,14
2025,Bridgeport Station,Weekday,2:00 to 3:00 AM,1,1,2
2025,Bridgeport Station,Weekday,12:00 to 1:00 PM,394,415,12
2025,Bridgeport Station,Weekday,12:00 to 1:00 AM,81,53,0
2025,Bridgeport Station,Weekday,11:00 PM to 12:00 AM,203,126,23
2025,Bridgeport Station,Weekday,11:00 AM to 12:00 PM,323,488,11
2025,Bridgeport Station,Weekday,10:00 to 11:00 PM,265,168,22
2025,Bridgeport Station,Weekday,10:00 to 11:00 AM,270,476,10
2025,Bridgeport Station,Weekday,1:00 to 2:00 PM,446,437,13
2025,Bridgeport Station,Weekday,1:00 to 2:00 AM,24,6,1
2025,Bridgeport Station,Weekday,6:00 to 7:00 AM,228,661,6
2025,Bridgeport Station,Weekday,6:00 to 7:00 PM,834,425,18
2025,Bridgeport Station,Weekday,7:00 to 8:00 AM,415,1150,7
2025,Bridgeport Station,Weekday,7:00 to 8:00 PM,482,296,19
2025,Bridgeport Station,Weekday,8:00 to 9:00 AM,389,1150,8
2025,Bridgeport Station,Weekday,8:00 to 9:00 PM,356,220,20
2025,Bridgeport Station,Weekday,9:00 to 10:00 AM,302,687,9
2025,Bridgeport Station,Weekday,9:00 to 10:00 PM,312,238,21
2025,Bridgeport Station,Saturday,1:00 to 2:00 AM,45,7,1
2025,Bridgeport Station,Saturday,1:00 to 2:00 PM,475,600,13
2025,Bridgeport Station,Saturday,10:00 to 11:00 AM,343,487,10
2025,Bridgeport Station,Saturday,10:00 to 11:00 PM,359,285,22
2025,Bridgeport Station,Saturday,11:00 AM to 12:00 PM,409,612,11
2025,Bridgeport Station,Saturday,11:00 PM to 12:00 AM,271,228,23
2025,Bridgeport Station,Saturday,12:00 to 1:00 AM,127,87,0
2025,Bridgeport Station,Saturday,12:00 to 1:00 PM,418,551,12
2025,Bridgeport Station,Saturday,2:00 to 3:00 AM,1,0,2
2025,Bridgeport Station,Saturday,2:00 to 3:00 PM,535,546,14
2025,Bridgeport Station,Saturday,3:00 to 4:00 AM,0,0,3
2025,Bridgeport Station,Saturday,3:00 to 4:00 PM,628,580,15
2025,Bridgeport Station,Saturday,4:00 to 5:00 AM,1,6,4
2025,Bridgeport Station,Saturday,4:00 to 5:00 PM,641,575,16
2025,Bridgeport Station,Saturday,5:00 to 6:00 AM,72,65,5
2025,Bridgeport Station,Saturday,5:00 to 6:00 PM,652,591,17
2025,Bridgeport Station,Saturday,6:00 to 7:00 AM,113,150,6
2025,Bridgeport Station,Saturday,6:00 to 7:00 PM,580,458,18
2025,Bridgeport Station,Saturday,7:00 to 8:00 AM,239,205,7
2025,Bridgeport Station,Saturday,7:00 to 8:00 PM,545,340,19
2025,Bridgeport Station,Saturday,8:00 to 9:00 AM,262,276,8
2025,Bridgeport Station,Saturday,8:00 to 9:00 PM,431,275,20
2025,Bridgeport Station,Saturday,9:00 to 10:00 AM,324,436,9
2025,Bridgeport Station,Saturday,9:00 to 10:00 PM,378,374,21
2025,Bridgeport Station,Sunday/Holiday,1:00 to 2:00 AM,18,7,1
2025,Bridgeport Station,Sunday/Holiday,1:00 to 2:00 PM,483,494,13
2025,Bridgeport Station,Sunday/Holiday,10:00 to 11:00 AM,318,437,10
2025,Bridgeport Station,Sunday/Holiday,9:00 to 10:00 PM,263,328,21
2025,Bridgeport Station,Sunday/Holiday,9:00 to 10:00 AM,270,351,9
2025,Bridgeport Station,Sunday/Holiday,8:00 to 9:00 PM,327,269,20
2025,Bridgeport Station,Sunday/Holiday,8:00 to 9:00 AM,208,213,8
2025,Bridgeport Station,Sunday/Holiday,7:00 to 8:00 PM,449,325,19
2025,Bridgeport Station,Sunday/Holiday,7:00 to 8:00 AM,196,177,7
2025,Bridgeport Station,Sunday/Holiday,6:00 to 7:00 PM,486,382,18
2025,Bridgeport Station,Sunday/Holiday,6:00 to 7:00 AM,90,147,6
2025,Bridgeport Station,Sunday/Holiday,5:00 to 6:00 PM,555,490,17
2025,Bridgeport Station,Sunday/Holiday,5:00 to 6:00 AM,68,67,5
2025,Bridgeport Station,Sunday/Holiday,4:00 to 5:00 PM,580,474,16
2025,Bridgeport Station,Sunday/Holiday,4:00 to 5:00 AM,1,4,4
2025,Bridgeport Station,Sunday/Holiday,3:00 to 4:00 PM,598,508,15
2025,Bridgeport Station,Sunday/Holiday,3:00 to 4:00 AM,0,0,3
2025,Bridgeport Station,Sunday/Holiday,2:00 to 3:00 PM,517,466,14
2025,Bridgeport Station,Sunday/Holiday,2:00 to 3:00 AM,1,1,2
2025,Bridgeport Station,Sunday/Holiday,12:00 to 1:00 PM,414,444,12
2025,Broadway-City Hall Station,Sunday/Holiday,9:00 to 10:00 PM,212,217,21
2025,Broadway-City Hall Station,Sunday/Holiday,9:00 to 10:00 AM,288,220,9
2025,Broadway-City Hall Station,Sunday/Holiday,8:00 to 9:00 PM,243,250,20
2025,Broadway-City Hall Station,Sunday/Holiday,6:00 to 7:00 AM,131,96,6
2025,Broadway-City Hall Station,Sunday/Holiday,5:00 to 6:00 PM,509,484,17
2025,Broadway-City Hall Station,Sunday/Holiday,5:00 to 6:00 AM,41,44,5
2025,Broadway-City Hall Station,Sunday/Holiday,6:00 to 7:00 PM,424,394,18
2025,Broadway-City Hall Station,Sunday/Holiday,7:00 to 8:00 AM,133,155,7
2025,Broadway-City Hall Station,Sunday/Holiday,7:00 to 8:00 PM,319,319,19
2025,Broadway-City Hall Station,Sunday/Holiday,8:00 to 9:00 AM,189,161,8
2025,Broadway-City Hall Station,Weekday,10:00 to 11:00 AM,571,438,10
2025,Broadway-City Hall Station,Weekday,1:00 to 2:00 PM,631,583,13
2025,Broadway-City Hall Station,Weekday,1:00 to 2:00 AM,15,8,1
2025,Broadway-City Hall Station,Sunday/Holiday,4:00 to 5:00 PM,536,518,16
2025,Broadway-City Hall Station,Sunday/Holiday,4:00 to 5:00 AM,2,11,4
2025,Broadway-City Hall Station,Sunday/Holiday,3:00 to 4:00 PM,534,578,15
2025,Broadway-City Hall Station,Sunday/Holiday,3:00 to 4:00 AM,0,1,3
2025,Broadway-City Hall Station,Sunday/Holiday,2:00 to 3:00 PM,518,546,14
2025,Broadway-City Hall Station,Sunday/Holiday,2:00 to 3:00 AM,0,1,2
2025,Broadway-City Hall Station,Weekday,10:00 to 11:00 PM,187,206,22
2025,Broadway-City Hall Station,Weekday,11:00 AM to 12:00 PM,531,491,11
2025,Broadway-City Hall Station,Weekday,11:00 PM to 12:00 AM,106,109,23
2025,Broadway-City Hall Station,Weekday,12:00 to 1:00 AM,62,40,0
2025,Broadway-City Hall Station,Weekday,12:00 to 1:00 PM,588,554,12
2025,Broadway-City Hall Station,Weekday,2:00 to 3:00 AM,1,1,2
2025,Broadway-City Hall Station,Weekday,2:00 to 3:00 PM,659,755,14
2025,Broadway-City Hall Station,Weekday,3:00 to 4:00 AM,0,1,3
2025,Broadway-City Hall Station,Weekday,3:00 to 4:00 PM,795,1094,15
2025,Broadway-City Hall Station,Weekday,4:00 to 5:00 AM,1,13,4
2025,Broadway-City Hall Station,Weekday,4:00 to 5:00 PM,946,1499,16
2025,Broadway-City Hall Station,Weekday,5:00 to 6:00 AM,104,79,5
2025,Broadway-City Hall Station,Weekday,5:00 to 6:00 PM,1014,1353,17
2025,Broadway-City Hall Station,Weekday,6:00 to 7:00 AM,392,278,6
2025,Broadway-City Hall Station,Weekday,6:00 to 7:00 PM,685,782,18
2025,Broadway-City Hall Station,Weekday,7:00 to 8:00 AM,854,559,7
2025,Broadway-City Hall Station,Weekday,7:00 to 8:00 PM,391,496,19
2025,Broadway-City Hall Station,Weekday,8:00 to 9:00 AM,1274,714,8
2025,Broadway-City Hall Station,Weekday,8:00 to 9:00 PM,301,363,20
2025,Broadway-City Hall Station,Weekday,9:00 to 10:00 AM,800,489,9
2025,Broadway-City Hall Station,Weekday,9:00 to 10:00 PM,256,321,21
2025,Broadway-City Hall Station,Saturday,1:00 to 2:00 AM,25,11,1
2025,Broadway-City Hall Station,Saturday,1:00 to 2:00 PM,587,595,13
2025,Broadway-City Hall Station,Saturday,10:00 to 11:00 AM,443,382,10
2025,Broadway-City Hall Station,Saturday,10:00 to 11:00 PM,236,214,22
2025,Broadway-City Hall Station,Saturday,11:00 AM to 12:00 PM,493,458,11
2025,Broadway-City Hall Station,Saturday,11:00 PM to 12:00 AM,154,129,23
2025,Broadway-City Hall Station,Saturday,12:00 to 1:00 AM,99,64,0
2025,Broadway-City Hall Station,Saturday,12:00 to 1:00 PM,547,543,12
2025,Broadway-City Hall Station,Saturday,2:00 to 3:00 AM,0,1,2
2025,Broadway-City Hall Station,Saturday,2:00 to 3:00 PM,601,652,14
2025,Broadway-City Hall Station,Saturday,3:00 to 4:00 AM,0,0,3
2025,Broadway-City Hall Station,Saturday,3:00 to 4:00 PM,612,708,15
2025,Broadway-City Hall Station,Saturday,4:00 to 5:00 AM,1,11,4
2025,Broadway-City Hall Station,Saturday,4:00 to 5:00 PM,617,681,16
2025,Broadway-City Hall Station,Saturday,5:00 to 6:00 AM,43,57,5
2025,Broadway-City Hall Station,Saturday,5:00 to 6:00 PM,579,618,17
2025,Broadway-City Hall Station,Saturday,6:00 to 7:00 AM,147,105,6
2025,Broadway-City Hall Station,Saturday,6:00 to 7:00 PM,504,534,18
2025,Broadway-City Hall Station,Saturday,7:00 to 8:00 AM,176,181,7
2025,Broadway-City Hall Station,Saturday,7:00 to 8:00 PM,348,402,19
2025,Broadway-City Hall Station,Saturday,8:00 to 9:00 AM,273,206,8
2025,Broadway-City Hall Station,Saturday,8:00 to 9:00 PM,286,310,20
2025,Broadway-City Hall Station,Saturday,9:00 to 10:00 AM,419,316,9
2025,Broadway-City Hall Station,Saturday,9:00 to 10:00 PM,254,272,21
2025,Broadway-City Hall Station,Sunday/Holiday,1:00 to 2:00 AM,14,7,1
2025,Broadway-City Hall Station,Sunday/Holiday,1:00 to 2:00 PM,510,522,13
2025,Broadway-City Hall Station,Sunday/Holiday,10:00 to 11:00 AM,378,322,10
2025,Broadway-City Hall Station,Sunday/Holiday,10:00 to 11:00 PM,169,158,22
2025,Broadway-City Hall Station,Sunday/Holiday,11:00 AM to 12:00 PM,415,383,11
2025,Broadway-City Hall Station,Sunday/Holiday,11:00 PM to 12:00 AM,106,80,23
2025,Broadway-City Hall Station,Sunday/Holiday,12:00 to 1:00 AM,56,31,0
2025,Broadway-City Hall Station,Sunday/Holiday,12:00 to 1:00 PM,448,459,12
2025,Burquitlam Station,Weekday,1:00 to 2:00 AM,23,3,1
2025,Burquitlam Station,Weekday,1:00 to 2:00 PM,223,250,13
2025,Burquitlam Station,Sunday/Holiday,9:00 to 10:00 AM,67,184,9
2025,Burquitlam Station,Sunday/Holiday,8:00 to 9:00 PM,180,79,20
2025,Burquitlam Station,Sunday/Holiday,8:00 to 9:00 AM,50,123,8
2025,Burquitlam Station,Sunday/Holiday,7:00 to 8:00 PM,215,90,19
2025,Burquitlam Station,Sunday/Holiday,7:00 to 8:00 AM,24,91,7
2025,Burquitlam Station,Sunday/Holiday,6:00 to 7:00 PM,257,123,18
2025,Burquitlam Station,Sunday/Holiday,6:00 to 7:00 AM,1,12,6
2025,Burquitlam Station,Sunday/Holiday,5:00 to 6:00 PM,263,157,17
2025,Burquitlam Station,Sunday/Holiday,5:00 to 6:00 AM,0,1,5
2025,Burquitlam Station,Sunday/Holiday,4:00 to 5:00 PM,244,192,16
2025,Burquitlam Station,Sunday/Holiday,3:00 to 4:00 PM,225,214,15
2025,Burquitlam Station,Sunday/Holiday,3:00 to 4:00 AM,0,0,3
2025,Burquitlam Station,Sunday/Holiday,2:00 to 3:00 PM,194,228,14
2025,Burquitlam Station,Sunday/Holiday,12:00 to 1:00 PM,139,225,12
2025,Burquitlam Station,Sunday/Holiday,12:00 to 1:00 AM,41,6,0
2025,Burquitlam Station,Sunday/Holiday,11:00 PM to 12:00 AM,82,25,23
2025,Burquitlam Station,Sunday/Holiday,11:00 AM to 12:00 PM,112,223,11
2025,Burquitlam Station,Sunday/Holiday,10:00 to 11:00 PM,121,39,22
2025,Burquitlam Station,Sunday/Holiday,10:00 to 11:00 AM,92,221,10
2025,Burquitlam Station,Sunday/Holiday,1:00 to 2:00 PM,175,234,13
2025,Burquitlam Station,Sunday/Holiday,1:00 to 2:00 AM,1,0,1
2025,Burquitlam Station,Saturday,9:00 to 10:00 PM,197,83,21
2025,Burquitlam Station,Saturday,9:00 to 10:00 AM,94,237,9
2025,Burquitlam Station,Saturday,8:00 to 9:00 PM,209,99,20
2025,Burquitlam Station,Saturday,8:00 to 9:00 AM,163,196,8
2025,Burquitlam Station,Saturday,7:00 to 8:00 PM,250,119,19
2025,Burquitlam Station,Saturday,7:00 to 8:00 AM,65,129,7
2025,Burquitlam Station,Saturday,6:00 to 7:00 PM,295,182,18
2025,Burquitlam Station,Saturday,6:00 to 7:00 AM,15,70,6
2025,Burquitlam Station,Saturday,5:00 to 6:00 PM,305,225,17
2025,Burquitlam Station,Saturday,5:00 to 6:00 AM,0,1,5
2025,Burquitlam Station,Saturday,4:00 to 5:00 PM,292,263,16
2025,Burquitlam Station,Saturday,3:00 to 4:00 PM,262,279,15
2025,Burquitlam Station,Saturday,3:00 to 4:00 AM,0,0,3
2025,Burquitlam Station,Saturday,2:00 to 3:00 PM,226,292,14
2025,Burquitlam Station,Saturday,2:00 to 3:00 AM,0,0,2
2025,Burquitlam Station,Saturday,12:00 to 1:00 PM,159,268,12
2025,Burquitlam Station,Saturday,12:00 to 1:00 AM,91,16,0
2025,Burquitlam Station,Saturday,11:00 PM to 12:00 AM,126,40,23
2025,Burquitlam Station,Saturday,11:00 AM to 12:00 PM,130,254,11
2025,Burquitlam Station,Saturday,10:00 to 11:00 PM,192,59,22
2025,Burquitlam Station,Saturday,10:00 to 11:00 AM,98,244,10
2025,Burquitlam Station,Saturday,1:00 to 2:00 PM,195,317,13
2025,Burquitlam Station,Saturday,1:00 to 2:00 AM,37,4,1
2025,Burquitlam Station,Weekday,9:00 to 10:00 PM,216,71,21
2025,Burquitlam Station,Weekday,9:00 to 10:00 AM,177,320,9
2025,Burquitlam Station,Weekday,8:00 to 9:00 PM,237,84,20
2025,Burquitlam Station,Weekday,8:00 to 9:00 AM,210,540,8
2025,Burquitlam Station,Weekday,7:00 to 8:00 PM,318,141,19
2025,Burquitlam Station,Weekday,7:00 to 8:00 AM,226,568,7
2025,Burquitlam Station,Weekday,6:00 to 7:00 PM,501,248,18
2025,Burquitlam Station,Weekday,6:00 to 7:00 AM,429,331,6
2025,Burquitlam Station,Weekday,5:00 to 6:00 PM,643,411,17
2025,Burquitlam Station,Weekday,5:00 to 6:00 AM,21,130,5
2025,Burquitlam Station,Weekday,4:00 to 5:00 PM,529,433,16
2025,Burquitlam Station,Weekday,4:00 to 5:00 AM,0,0,4
2025,Burquitlam Station,Weekday,3:00 to 4:00 PM,403,533,15
2025,Burquitlam Station,Weekday,3:00 to 4:00 AM,0,0,3
2025,Burquitlam Station,Weekday,2:00 to 3:00 PM,264,308,14
2025,Burquitlam Station,Weekday,2:00 to 3:00 AM,0,0,2
2025,Burquitlam Station,Weekday,12:00 to 1:00 PM,195,253,12
2025,Burquitlam Station,Sunday/Holiday,9:00 to 10:00 PM,145,65,21
2025,Burquitlam Station,Weekday,12:00 to 1:00 AM,53,10,0
2025,Burquitlam Station,Weekday,11:00 PM to 12:00 AM,105,27,23
2025,Burquitlam Station,Weekday,11:00 AM to 12:00 PM,171,231,11
2025,Burquitlam Station,Weekday,10:00 to 11:00 PM,164,46,22
2025,Burquitlam Station,Weekday,10:00 to 11:00 AM,151,231,10
2025,Burrard Station,Sunday/Holiday,7:00 to 8:00 PM,354,733,19
2025,Burrard Station,Sunday/Holiday,7:00 to 8:00 AM,468,172,7
2025,Burrard Station,Sunday/Holiday,6:00 to 7:00 PM,490,872,18
2025,Burrard Station,Sunday/Holiday,6:00 to 7:00 AM,13,4,6
2025,Burrard Station,Sunday/Holiday,5:00 to 6:00 PM,569,1018,17
2025,Burrard Station,Sunday/Holiday,5:00 to 6:00 AM,3,2,5
2025,Burrard Station,Sunday/Holiday,4:00 to 5:00 PM,686,928,16
2025,Burrard Station,Sunday/Holiday,4:00 to 5:00 AM,0,0,4
2025,Burrard Station,Sunday/Holiday,3:00 to 4:00 PM,745,762,15
2025,Burrard Station,Sunday/Holiday,3:00 to 4:00 AM,0,0,3
2025,Burrard Station,Sunday/Holiday,2:00 to 3:00 PM,801,584,14
2025,Burrard Station,Sunday/Holiday,2:00 to 3:00 AM,1,0,2
2025,Burrard Station,Sunday/Holiday,12:00 to 1:00 PM,667,424,12
2025,Burrard Station,Sunday/Holiday,12:00 to 1:00 AM,27,108,0
2025,Burrard Station,Sunday/Holiday,11:00 PM to 12:00 AM,123,451,23
2025,Burrard Station,Sunday/Holiday,11:00 AM to 12:00 PM,691,328,11
2025,Burrard Station,Sunday/Holiday,10:00 to 11:00 PM,218,526,22
2025,Burrard Station,Sunday/Holiday,10:00 to 11:00 AM,718,285,10
2025,Burrard Station,Sunday/Holiday,1:00 to 2:00 PM,743,481,13
2025,Burrard Station,Sunday/Holiday,1:00 to 2:00 AM,2,3,1
2025,Burrard Station,Saturday,9:00 to 10:00 PM,429,751,21
2025,Burrard Station,Saturday,9:00 to 10:00 AM,793,253,9
2025,Burrard Station,Saturday,8:00 to 9:00 PM,472,746,20
2025,Burrard Station,Saturday,8:00 to 9:00 AM,766,224,8
2025,Burrard Station,Saturday,7:00 to 8:00 PM,600,817,19
2025,Burrard Station,Saturday,7:00 to 8:00 AM,693,241,7
2025,Burrard Station,Saturday,6:00 to 7:00 PM,776,969,18
2025,Burrard Station,Saturday,6:00 to 7:00 AM,274,78,6
2025,Burrard Station,Saturday,5:00 to 6:00 PM,836,1113,17
2025,Burrard Station,Saturday,5:00 to 6:00 AM,0,0,5
2025,Burrard Station,Saturday,4:00 to 5:00 PM,929,1085,16
2025,Burrard Station,Saturday,4:00 to 5:00 AM,0,0,4
2025,Burrard Station,Saturday,3:00 to 4:00 PM,923,910,15
2025,Burrard Station,Saturday,3:00 to 4:00 AM,0,0,3
2025,Burrard Station,Saturday,2:00 to 3:00 PM,931,693,14
2025,Burrard Station,Saturday,2:00 to 3:00 AM,0,0,2
2025,Burrard Station,Saturday,12:00 to 1:00 PM,757,468,12
2025,Burrard Station,Saturday,12:00 to 1:00 AM,98,476,0
2025,Burrard Station,Saturday,11:00 PM to 12:00 AM,194,746,23
2025,Burrard Station,Saturday,11:00 AM to 12:00 PM,755,387,11
2025,Burrard Station,Saturday,10:00 to 11:00 PM,338,726,22
2025,Burrard Station,Saturday,10:00 to 11:00 AM,733,311,10
2025,Burrard Station,Saturday,1:00 to 2:00 PM,848,568,13
2025,Burrard Station,Saturday,1:00 to 2:00 AM,21,75,1
2025,Burrard Station,Weekday,9:00 to 10:00 PM,279,796,21
2025,Burrard Station,Weekday,9:00 to 10:00 AM,2140,354,9
2025,Burrard Station,Weekday,8:00 to 9:00 PM,284,887,20
2025,Burrard Station,Weekday,8:00 to 9:00 AM,4306,503,8
2025,Burrard Station,Weekday,7:00 to 8:00 PM,403,1049,19
2025,Burrard Station,Weekday,7:00 to 8:00 AM,2709,561,7
2025,Burrard Station,Weekday,6:00 to 7:00 PM,702,1690,18
2025,Burrard Station,Weekday,6:00 to 7:00 AM,1276,316,6
2025,Burrard Station,Weekday,5:00 to 6:00 PM,1010,3268,17
2025,Burrard Station,Weekday,5:00 to 6:00 AM,303,127,5
2025,Burrard Station,Weekday,4:00 to 5:00 PM,1118,3386,16
2025,Burrard Station,Weekday,4:00 to 5:00 AM,0,0,4
2025,Burrard Station,Weekday,3:00 to 4:00 PM,904,2001,15
2025,Burrard Station,Weekday,3:00 to 4:00 AM,0,0,3
2025,Burrard Station,Weekday,2:00 to 3:00 PM,858,1117,14
2025,Burrard Station,Weekday,2:00 to 3:00 AM,1,1,2
2025,Burrard Station,Weekday,12:00 to 1:00 PM,736,564,12
2025,Burrard Station,Weekday,12:00 to 1:00 AM,54,292,0
2025,Burrard Station,Weekday,11:00 PM to 12:00 AM,130,547,23
2025,Burrard Station,Weekday,11:00 AM to 12:00 PM,833,442,11
2025,Burrard Station,Weekday,10:00 to 11:00 PM,244,637,22
2025,Burrard Station,Weekday,10:00 to 11:00 AM,966,330,10
2025,Burrard Station,Weekday,1:00 to 2:00 PM,765,691,13
2025,Burrard Station,Weekday,1:00 to 2:00 AM,12,38,1
2025,Burrard Station,Sunday/Holiday,9:00 to 10:00 PM,215,625,21
2025,Burrard Station,Sunday/Holiday,9:00 to 10:00 AM,619,201,9
2025,Burrard Station,Sunday/Holiday,8:00 to 9:00 PM,250,641,20
2025,Burrard Station,Sunday/Holiday,8:00 to 9:00 AM,711,194,8
2025,Capstan Station,Sunday/Holiday,8:00 to 9:00 PM,63,63,20
2025,Capstan Station,Sunday/Holiday,8:00 to 9:00 AM,25,35,8
2025,Capstan Station,Sunday/Holiday,7:00 to 8:00 PM,96,72,19
2025,Capstan Station,Sunday/Holiday,9:00 to 10:00 AM,37,64,9
2025,Capstan Station,Sunday/Holiday,9:00 to 10:00 PM,51,53,21
2025,Capstan Station,Weekday,1:00 to 2:00 AM,5,2,1
2025,Capstan Station,Weekday,1:00 to 2:00 PM,78,93,13
2025,Capstan Station,Weekday,10:00 to 11:00 AM,64,95,10
2025,Capstan Station,Weekday,10:00 to 11:00 PM,42,38,22
2025,Capstan Station,Weekday,11:00 AM to 12:00 PM,64,90,11
2025,Capstan Station,Weekday,11:00 PM to 12:00 AM,22,19,23
2025,Capstan Station,Weekday,12:00 to 1:00 AM,14,7,0
2025,Capstan Station,Weekday,12:00 to 1:00 PM,80,92,12
2025,Capstan Station,Weekday,2:00 to 3:00 AM,0,1,2
2025,Capstan Station,Weekday,2:00 to 3:00 PM,93,105,14
2025,Capstan Station,Weekday,3:00 to 4:00 AM,0,0,3
2025,Capstan Station,Weekday,3:00 to 4:00 PM,131,131,15
2025,Capstan Station,Weekday,4:00 to 5:00 AM,1,1,4
2025,Capstan Station,Weekday,4:00 to 5:00 PM,180,116,16
2025,Capstan Station,Weekday,5:00 to 6:00 AM,4,14,5
2025,Capstan Station,Weekday,5:00 to 6:00 PM,240,118,17
2025,Capstan Station,Weekday,6:00 to 7:00 AM,51,51,6
2025,Capstan Station,Weekday,6:00 to 7:00 PM,185,93,18
2025,Capstan Station,Weekday,7:00 to 8:00 AM,44,130,7
2025,Capstan Station,Weekday,7:00 to 8:00 PM,112,68,19
2025,Capstan Station,Weekday,8:00 to 9:00 AM,47,197,8
2025,Capstan Station,Weekday,8:00 to 9:00 PM,74,54,20
2025,Capstan Station,Weekday,9:00 to 10:00 AM,56,134,9
2025,Capstan Station,Weekday,9:00 to 10:00 PM,64,49,21
2025,Capstan Station,Saturday,1:00 to 2:00 AM,9,2,1
2025,Capstan Station,Saturday,1:00 to 2:00 PM,109,124,13
2025,Capstan Station,Saturday,10:00 to 11:00 AM,75,98,10
2025,Capstan Station,Saturday,10:00 to 11:00 PM,50,55,22
2025,Capstan Station,Saturday,11:00 AM to 12:00 PM,94,105,11
2025,Capstan Station,Saturday,11:00 PM to 12:00 AM,33,32,23
2025,Capstan Station,Saturday,12:00 to 1:00 AM,24,11,0
2025,Capstan Station,Saturday,12:00 to 1:00 PM,97,115,12
2025,Capstan Station,Saturday,2:00 to 3:00 AM,0,0,2
2025,Capstan Station,Saturday,2:00 to 3:00 PM,113,132,14
2025,Capstan Station,Saturday,3:00 to 4:00 AM,0,0,3
2025,Capstan Station,Saturday,3:00 to 4:00 PM,128,133,15
2025,Capstan Station,Saturday,4:00 to 5:00 AM,1,1,4
2025,Capstan Station,Saturday,4:00 to 5:00 PM,138,128,16
2025,Capstan Station,Saturday,5:00 to 6:00 AM,2,9,5
2025,Capstan Station,Saturday,5:00 to 6:00 PM,153,127,17
2025,Capstan Station,Saturday,6:00 to 7:00 AM,10,15,6
2025,Capstan Station,Saturday,6:00 to 7:00 PM,138,109,18
2025,Capstan Station,Saturday,7:00 to 8:00 AM,27,28,7
2025,Capstan Station,Saturday,7:00 to 8:00 PM,106,89,19
2025,Capstan Station,Saturday,8:00 to 9:00 AM,35,54,8
2025,Capstan Station,Saturday,8:00 to 9:00 PM,85,81,20
2025,Capstan Station,Saturday,9:00 to 10:00 AM,54,82,9
2025,Capstan Station,Saturday,9:00 to 10:00 PM,70,72,21
2025,Capstan Station,Sunday/Holiday,1:00 to 2:00 AM,4,2,1
2025,Capstan Station,Sunday/Holiday,1:00 to 2:00 PM,96,106,13
2025,Capstan Station,Sunday/Holiday,10:00 to 11:00 AM,69,87,10
2025,Capstan Station,Sunday/Holiday,10:00 to 11:00 PM,35,42,22
2025,Capstan Station,Sunday/Holiday,11:00 AM to 12:00 PM,72,87,11
2025,Capstan Station,Sunday/Holiday,11:00 PM to 12:00 AM,21,21,23
2025,Capstan Station,Sunday/Holiday,12:00 to 1:00 AM,12,7,0
2025,Capstan Station,Sunday/Holiday,12:00 to 1:00 PM,91,99,12
2025,Capstan Station,Sunday/Holiday,2:00 to 3:00 AM,0,1,2
2025,Capstan Station,Sunday/Holiday,2:00 to 3:00 PM,105,114,14
2025,Capstan Station,Sunday/Holiday,3:00 to 4:00 AM,0,0,3
2025,Capstan Station,Sunday/Holiday,3:00 to 4:00 PM,106,112,15
2025,Capstan Station,Sunday/Holiday,4:00 to 5:00 AM,1,1,4
2025,Capstan Station,Sunday/Holiday,4:00 to 5:00 PM,126,105,16
2025,Capstan Station,Sunday/Holiday,5:00 to 6:00 AM,2,6,5
2025,Capstan Station,Sunday/Holiday,5:00 to 6:00 PM,123,101,17
2025,Capstan Station,Sunday/Holiday,7:00 to 8:00 AM,18,25,7
2025,Capstan Station,Sunday/Holiday,6:00 to 7:00 PM,120,83,18
2025,Capstan Station,Sunday/Holiday,6:00 to 7:00 AM,8,14,6
2025,Columbia Station,Sunday/Holiday,9:00 to 10:00 PM,92,81,21
2025,Columbia Station,Sunday/Holiday,9:00 to 10:00 AM,70,132,9
2025,Columbia Station,Sunday/Holiday,8:00 to 9:00 PM,110,103,20
2025,Columbia Station,Sunday/Holiday,8:00 to 9:00 AM,58,99,8
2025,Columbia Station,Sunday/Holiday,7:00 to 8:00 PM,138,102,19
2025,Columbia Station,Sunday/Holiday,7:00 to 8:00 AM,31,94,7
2025,Columbia Station,Sunday/Holiday,6:00 to 7:00 PM,165,132,18
2025,Columbia Station,Sunday/Holiday,6:00 to 7:00 AM,1,4,6
2025,Columbia Station,Sunday/Holiday,5:00 to 6:00 PM,171,151,17
2025,Columbia Station,Sunday/Holiday,5:00 to 6:00 AM,0,1,5
2025,Columbia Station,Sunday/Holiday,4:00 to 5:00 PM,172,166,16
2025,Columbia Station,Sunday/Holiday,4:00 to 5:00 AM,0,0,4
2025,Columbia Station,Sunday/Holiday,3:00 to 4:00 PM,155,183,15
2025,Columbia Station,Sunday/Holiday,2:00 to 3:00 PM,146,172,14
2025,Columbia Station,Sunday/Holiday,2:00 to 3:00 AM,0,0,2
2025,Columbia Station,Sunday/Holiday,12:00 to 1:00 PM,115,206,12
2025,Columbia Station,Sunday/Holiday,12:00 to 1:00 AM,33,15,0
2025,Columbia Station,Sunday/Holiday,11:00 PM to 12:00 AM,62,44,23
2025,Columbia Station,Sunday/Holiday,11:00 AM to 12:00 PM,115,165,11
2025,Columbia Station,Sunday/Holiday,10:00 to 11:00 PM,81,72,22
2025,Columbia Station,Sunday/Holiday,10:00 to 11:00 AM,111,167,10
2025,Columbia Station,Sunday/Holiday,1:00 to 2:00 PM,131,190,13
2025,Columbia Station,Sunday/Holiday,1:00 to 2:00 AM,1,1,1
2025,Columbia Station,Saturday,9:00 to 10:00 PM,130,128,21
2025,Columbia Station,Saturday,9:00 to 10:00 AM,108,162,9
2025,Columbia Station,Saturday,8:00 to 9:00 PM,140,126,20
2025,Columbia Station,Saturday,8:00 to 9:00 AM,196,132,8
2025,Columbia Station,Saturday,7:00 to 8:00 PM,176,139,19
2025,Columbia Station,Saturday,7:00 to 8:00 AM,52,104,7
2025,Columbia Station,Saturday,6:00 to 7:00 PM,218,194,18
2025,Columbia Station,Saturday,6:00 to 7:00 AM,22,66,6
2025,Columbia Station,Saturday,5:00 to 6:00 PM,216,250,17
2025,Columbia Station,Saturday,5:00 to 6:00 AM,0,0,5
2025,Columbia Station,Saturday,4:00 to 5:00 PM,211,236,16
2025,Columbia Station,Saturday,4:00 to 5:00 AM,0,0,4
2025,Columbia Station,Weekday,1:00 to 2:00 AM,18,7,1
2025,Columbia Station,Weekday,1:00 to 2:00 PM,147,202,13
2025,Columbia Station,Saturday,1:00 to 2:00 AM,34,12,1
2025,Columbia Station,Weekday,9:00 to 10:00 PM,120,106,21
2025,Columbia Station,Weekday,9:00 to 10:00 AM,171,229,9
2025,Columbia Station,Weekday,8:00 to 9:00 PM,136,121,20
2025,Columbia Station,Weekday,8:00 to 9:00 AM,370,402,8
2025,Columbia Station,Weekday,7:00 to 8:00 PM,195,143,19
2025,Columbia Station,Weekday,7:00 to 8:00 AM,161,454,7
2025,Columbia Station,Weekday,6:00 to 7:00 PM,308,232,18
2025,Columbia Station,Weekday,6:00 to 7:00 AM,85,307,6
2025,Columbia Station,Weekday,5:00 to 6:00 PM,390,353,17
2025,Columbia Station,Weekday,5:00 to 6:00 AM,31,132,5
2025,Columbia Station,Weekday,4:00 to 5:00 PM,363,341,16
2025,Columbia Station,Weekday,4:00 to 5:00 AM,0,0,4
2025,Columbia Station,Weekday,3:00 to 4:00 PM,276,319,15
2025,Columbia Station,Weekday,3:00 to 4:00 AM,0,0,3
2025,Columbia Station,Weekday,2:00 to 3:00 PM,209,254,14
2025,Columbia Station,Weekday,2:00 to 3:00 AM,0,0,2
2025,Columbia Station,Weekday,12:00 to 1:00 PM,163,219,12
2025,Columbia Station,Weekday,12:00 to 1:00 AM,39,21,0
2025,Columbia Station,Weekday,11:00 PM to 12:00 AM,67,53,23
2025,Columbia Station,Weekday,11:00 AM to 12:00 PM,217,201,11
2025,Columbia Station,Weekday,10:00 to 11:00 PM,101,81,22
2025,Columbia Station,Weekday,10:00 to 11:00 AM,117,169,10
2025,Columbia Station,Saturday,1:00 to 2:00 PM,160,233,13
2025,Columbia Station,Saturday,10:00 to 11:00 AM,106,179,10
2025,Columbia Station,Saturday,10:00 to 11:00 PM,121,106,22
2025,Columbia Station,Saturday,11:00 AM to 12:00 PM,195,231,11
2025,Columbia Station,Saturday,11:00 PM to 12:00 AM,93,83,23
2025,Columbia Station,Saturday,12:00 to 1:00 AM,66,41,0
2025,Columbia Station,Saturday,12:00 to 1:00 PM,161,219,12
2025,Columbia Station,Saturday,2:00 to 3:00 AM,0,0,2
2025,Columbia Station,Saturday,2:00 to 3:00 PM,189,291,14
2025,Columbia Station,Saturday,3:00 to 4:00 PM,200,258,15
2025,Commercial-Broadway Station,Sunday/Holiday,9:00 to 10:00 PM,496,495,21
2025,Commercial-Broadway Station,Sunday/Holiday,9:00 to 10:00 AM,606,477,9
2025,Commercial-Broadway Station,Sunday/Holiday,8:00 to 9:00 PM,586,556,20
2025,Commercial-Broadway Station,Sunday/Holiday,8:00 to 9:00 AM,427,377,8
2025,Commercial-Broadway Station,Sunday/Holiday,7:00 to 8:00 PM,701,671,19
2025,Commercial-Broadway Station,Sunday/Holiday,7:00 to 8:00 AM,284,232,7
2025,Commercial-Broadway Station,Sunday/Holiday,6:00 to 7:00 PM,879,864,18
2025,Commercial-Broadway Station,Sunday/Holiday,6:00 to 7:00 AM,16,11,6
2025,Commercial-Broadway Station,Sunday/Holiday,5:00 to 6:00 PM,1013,950,17
2025,Commercial-Broadway Station,Sunday/Holiday,5:00 to 6:00 AM,2,10,5
2025,Commercial-Broadway Station,Sunday/Holiday,4:00 to 5:00 PM,1056,1040,16
2025,Commercial-Broadway Station,Sunday/Holiday,4:00 to 5:00 AM,0,0,4
2025,Commercial-Broadway Station,Weekday,1:00 to 2:00 AM,54,46,1
2025,Commercial-Broadway Station,Weekday,1:00 to 2:00 PM,978,910,13
2025,Commercial-Broadway Station,Weekday,10:00 to 11:00 AM,892,704,10
2025,Commercial-Broadway Station,Weekday,10:00 to 11:00 PM,545,534,22
2025,Commercial-Broadway Station,Weekday,11:00 AM to 12:00 PM,825,789,11
2025,Commercial-Broadway Station,Weekday,11:00 PM to 12:00 AM,340,385,23
2025,Commercial-Broadway Station,Weekday,12:00 to 1:00 AM,177,176,0
2025,Commercial-Broadway Station,Weekday,12:00 to 1:00 PM,940,887,12
2025,Commercial-Broadway Station,Weekday,2:00 to 3:00 AM,1,0,2
2025,Commercial-Broadway Station,Weekday,2:00 to 3:00 PM,1137,1098,14
2025,Commercial-Broadway Station,Weekday,3:00 to 4:00 AM,0,0,3
2025,Commercial-Broadway Station,Weekday,3:00 to 4:00 PM,1436,1742,15
2025,Commercial-Broadway Station,Weekday,4:00 to 5:00 AM,0,6,4
2025,Commercial-Broadway Station,Weekday,4:00 to 5:00 PM,1831,2111,16
2025,Commercial-Broadway Station,Weekday,5:00 to 6:00 AM,261,237,5
2025,Commercial-Broadway Station,Weekday,5:00 to 6:00 PM,1985,2138,17
2025,Commercial-Broadway Station,Weekday,6:00 to 7:00 AM,973,707,6
2025,Commercial-Broadway Station,Weekday,6:00 to 7:00 PM,1400,1491,18
2025,Commercial-Broadway Station,Weekday,7:00 to 8:00 AM,1644,1139,7
2025,Commercial-Broadway Station,Weekday,7:00 to 8:00 PM,854,972,19
2025,Commercial-Broadway Station,Weekday,8:00 to 9:00 AM,1940,1434,8
2025,Commercial-Broadway Station,Weekday,8:00 to 9:00 PM,681,748,20
2025,Commercial-Broadway Station,Weekday,9:00 to 10:00 AM,1307,887,9
2025,Commercial-Broadway Station,Weekday,9:00 to 10:00 PM,663,660,21
2025,Commercial-Broadway Station,Saturday,1:00 to 2:00 AM,106,75,1
2025,Commercial-Broadway Station,Saturday,1:00 to 2:00 PM,1036,1040,13
2025,Commercial-Broadway Station,Saturday,10:00 to 11:00 AM,831,720,10
2025,Commercial-Broadway Station,Saturday,10:00 to 11:00 PM,658,614,22
2025,Commercial-Broadway Station,Saturday,11:00 AM to 12:00 PM,852,818,11
2025,Commercial-Broadway Station,Saturday,11:00 PM to 12:00 AM,461,493,23
2025,Commercial-Broadway Station,Saturday,12:00 to 1:00 AM,279,284,0
2025,Commercial-Broadway Station,Saturday,12:00 to 1:00 PM,945,949,12
2025,Commercial-Broadway Station,Sunday/Holiday,3:00 to 4:00 PM,1032,1055,15
2025,Commercial-Broadway Station,Sunday/Holiday,3:00 to 4:00 AM,0,0,3
2025,Commercial-Broadway Station,Sunday/Holiday,2:00 to 3:00 PM,1022,973,14
2025,Commercial-Broadway Station,Sunday/Holiday,2:00 to 3:00 AM,0,0,2
2025,Commercial-Broadway Station,Sunday/Holiday,12:00 to 1:00 PM,851,832,12
2025,Commercial-Broadway Station,Sunday/Holiday,12:00 to 1:00 AM,106,95,0
2025,Commercial-Broadway Station,Sunday/Holiday,11:00 PM to 12:00 AM,292,315,23
2025,Commercial-Broadway Station,Sunday/Holiday,11:00 AM to 12:00 PM,762,713,11
2025,Commercial-Broadway Station,Sunday/Holiday,10:00 to 11:00 PM,430,421,22
2025,Commercial-Broadway Station,Sunday/Holiday,10:00 to 11:00 AM,747,631,10
2025,Commercial-Broadway Station,Sunday/Holiday,1:00 to 2:00 PM,951,935,13
2025,Commercial-Broadway Station,Sunday/Holiday,1:00 to 2:00 AM,4,3,1
2025,Commercial-Broadway Station,Saturday,9:00 to 10:00 PM,709,637,21
2025,Commercial-Broadway Station,Saturday,9:00 to 10:00 AM,825,612,9
2025,Commercial-Broadway Station,Saturday,8:00 to 9:00 PM,700,666,20
2025,Commercial-Broadway Station,Saturday,8:00 to 9:00 AM,665,501,8
2025,Commercial-Broadway Station,Saturday,7:00 to 8:00 PM,842,854,19
2025,Commercial-Broadway Station,Saturday,7:00 to 8:00 AM,466,400,7
2025,Commercial-Broadway Station,Saturday,6:00 to 7:00 PM,1095,1135,18
2025,Commercial-Broadway Station,Saturday,6:00 to 7:00 AM,261,151,6
2025,Commercial-Broadway Station,Saturday,5:00 to 6:00 PM,1189,1260,17
2025,Commercial-Broadway Station,Saturday,5:00 to 6:00 AM,1,9,5
2025,Commercial-Broadway Station,Saturday,4:00 to 5:00 PM,1227,1306,16
2025,Commercial-Broadway Station,Saturday,4:00 to 5:00 AM,1,1,4
2025,Commercial-Broadway Station,Saturday,3:00 to 4:00 PM,1198,1269,15
2025,Commercial-Broadway Station,Saturday,3:00 to 4:00 AM,0,0,3
2025,Commercial-Broadway Station,Saturday,2:00 to 3:00 PM,1135,1129,14
2025,Commercial-Broadway Station,Saturday,2:00 to 3:00 AM,1,1,2
2025,Coquitlam Central Station,Saturday,1:00 to 2:00 AM,49,3,1
2025,Coquitlam Central Station,Weekday,9:00 to 10:00 PM,201,120,21
2025,Coquitlam Central Station,Weekday,9:00 to 10:00 AM,176,291,9
2025,Coquitlam Central Station,Weekday,8:00 to 9:00 PM,215,138,20
2025,Coquitlam Central Station,Weekday,8:00 to 9:00 AM,270,455,8
2025,Coquitlam Central Station,Weekday,7:00 to 8:00 PM,263,160,19
2025,Coquitlam Central Station,Weekday,7:00 to 8:00 AM,307,488,7
2025,Coquitlam Central Station,Weekday,6:00 to 7:00 PM,398,257,18
2025,Coquitlam Central Station,Weekday,6:00 to 7:00 AM,243,363,6
2025,Coquitlam Central Station,Weekday,5:00 to 6:00 PM,543,377,17
2025,Coquitlam Central Station,Weekday,5:00 to 6:00 AM,5,198,5
2025,Coquitlam Central Station,Weekday,4:00 to 5:00 PM,536,384,16
2025,Coquitlam Central Station,Weekday,4:00 to 5:00 AM,0,9,4
2025,Coquitlam Central Station,Weekday,3:00 to 4:00 PM,512,331,15
2025,Coquitlam Central Station,Weekday,3:00 to 4:00 AM,0,0,3
2025,Coquitlam Central Station,Weekday,2:00 to 3:00 PM,346,225,14
2025,Coquitlam Central Station,Weekday,2:00 to 3:00 AM,0,0,2
2025,Coquitlam Central Station,Weekday,12:00 to 1:00 PM,225,216,12
2025,Coquitlam Central Station,Weekday,12:00 to 1:00 AM,52,23,0
2025,Coquitlam Central Station,Weekday,11:00 PM to 12:00 AM,95,62,23
2025,Coquitlam Central Station,Weekday,11:00 AM to 12:00 PM,170,250,11
2025,Coquitlam Central Station,Weekday,10:00 to 11:00 PM,162,99,22
2025,Coquitlam Central Station,Weekday,10:00 to 11:00 AM,154,227,10
2025,Coquitlam Central Station,Weekday,1:00 to 2:00 PM,268,219,13
2025,Coquitlam Central Station,Weekday,1:00 to 2:00 AM,22,3,1
2025,Coquitlam Central Station,Sunday/Holiday,9:00 to 10:00 PM,141,110,21
2025,Coquitlam Central Station,Sunday/Holiday,9:00 to 10:00 AM,148,147,9
2025,Coquitlam Central Station,Sunday/Holiday,8:00 to 9:00 PM,163,142,20
2025,Coquitlam Central Station,Sunday/Holiday,8:00 to 9:00 AM,159,116,8
2025,Coquitlam Central Station,Sunday/Holiday,7:00 to 8:00 PM,194,147,19
2025,Coquitlam Central Station,Sunday/Holiday,7:00 to 8:00 AM,9,115,7
2025,Coquitlam Central Station,Sunday/Holiday,6:00 to 7:00 PM,220,181,18
2025,Coquitlam Central Station,Sunday/Holiday,6:00 to 7:00 AM,4,43,6
2025,Coquitlam Central Station,Sunday/Holiday,5:00 to 6:00 PM,244,207,17
2025,Coquitlam Central Station,Sunday/Holiday,5:00 to 6:00 AM,0,2,5
2025,Coquitlam Central Station,Sunday/Holiday,4:00 to 5:00 PM,246,218,16
2025,Coquitlam Central Station,Sunday/Holiday,4:00 to 5:00 AM,0,0,4
2025,Coquitlam Central Station,Sunday/Holiday,3:00 to 4:00 PM,238,223,15
2025,Coquitlam Central Station,Sunday/Holiday,3:00 to 4:00 AM,0,0,3
2025,Coquitlam Central Station,Sunday/Holiday,2:00 to 3:00 PM,227,218,14
2025,Coquitlam Central Station,Sunday/Holiday,2:00 to 3:00 AM,0,0,2
2025,Coquitlam Central Station,Sunday/Holiday,12:00 to 1:00 PM,175,204,12
2025,Coquitlam Central Station,Sunday/Holiday,12:00 to 1:00 AM,36,4,0
2025,Coquitlam Central Station,Sunday/Holiday,11:00 PM to 12:00 AM,71,62,23
2025,Coquitlam Central Station,Sunday/Holiday,11:00 AM to 12:00 PM,165,192,11
2025,Coquitlam Central Station,Sunday/Holiday,10:00 to 11:00 PM,114,91,22
2025,Coquitlam Central Station,Sunday/Holiday,10:00 to 11:00 AM,165,164,10
2025,Coquitlam Central Station,Sunday/Holiday,1:00 to 2:00 PM,214,212,13
2025,Coquitlam Central Station,Saturday,1:00 to 2:00 PM,245,261,13
2025,Coquitlam Central Station,Saturday,10:00 to 11:00 AM,188,218,10
2025,Coquitlam Central Station,Saturday,10:00 to 11:00 PM,188,131,22
2025,Coquitlam Central Station,Saturday,11:00 AM to 12:00 PM,194,239,11
2025,Coquitlam Central Station,Saturday,11:00 PM to 12:00 AM,134,81,23
2025,Coquitlam Central Station,Saturday,12:00 to 1:00 AM,87,33,0
2025,Coquitlam Central Station,Saturday,12:00 to 1:00 PM,213,253,12
2025,Coquitlam Central Station,Saturday,2:00 to 3:00 AM,1,1,2
2025,Coquitlam Central Station,Saturday,2:00 to 3:00 PM,276,273,14
2025,Coquitlam Central Station,Saturday,3:00 to 4:00 AM,0,0,3
2025,Coquitlam Central Station,Saturday,3:00 to 4:00 PM,298,309,15
2025,Coquitlam Central Station,Saturday,4:00 to 5:00 AM,0,0,4
2025,Coquitlam Central Station,Saturday,4:00 to 5:00 PM,317,326,16
2025,Coquitlam Central Station,Saturday,5:00 to 6:00 AM,0,16,5
2025,Coquitlam Central Station,Saturday,5:00 to 6:00 PM,302,294,17
2025,Coquitlam Central Station,Saturday,6:00 to 7:00 AM,3,95,6
2025,Coquitlam Central Station,Saturday,6:00 to 7:00 PM,272,241,18
2025,Coquitlam Central Station,Saturday,7:00 to 8:00 AM,149,156,7
2025,Coquitlam Central Station,Saturday,7:00 to 8:00 PM,237,196,19
2025,Coquitlam Central Station,Saturday,8:00 to 9:00 AM,174,179,8
2025,Coquitlam Central Station,Saturday,8:00 to 9:00 PM,202,171,20
2025,Coquitlam Central Station,Saturday,9:00 to 10:00 AM,212,200,9
2025,Coquitlam Central Station,Saturday,9:00 to 10:00 PM,204,146,21
2025,Coquitlam Central Station,Sunday/Holiday,1:00 to 2:00 AM,1,1,1
2025,Edmonds Station,Weekday,11:00 PM to 12:00 AM,230,83,23
2025,Edmonds Station,Sunday/Holiday,11:00 AM to 12:00 PM,240,461,11
2025,Edmonds Station,Weekday,6:00 to 7:00 PM,1008,485,18
2025,Edmonds Station,Weekday,12:00 to 1:00 AM,134,34,0
2025,Edmonds Station,Saturday,12:00 to 1:00 AM,176,41,0
2025,Edmonds Station,Saturday,1:00 to 2:00 AM,62,9,1
2025,Edmonds Station,Weekday,6:00 to 7:00 AM,421,759,6
2025,Edmonds Station,Weekday,3:00 to 4:00 AM,0,0,3
2025,Edmonds Station,Sunday/Holiday,3:00 to 4:00 AM,0,0,3
2025,Edmonds Station,Saturday,3:00 to 4:00 PM,521,563,15
2025,Edmonds Station,Sunday/Holiday,10:00 to 11:00 PM,251,111,22
2025,Edmonds Station,Sunday/Holiday,7:00 to 8:00 PM,442,206,19
2025,Edmonds Station,Sunday/Holiday,7:00 to 8:00 AM,67,336,7
2025,Edmonds Station,Sunday/Holiday,6:00 to 7:00 AM,5,13,6
2025,Edmonds Station,Saturday,8:00 to 9:00 PM,391,220,20
2025,Edmonds Station,Sunday/Holiday,10:00 to 11:00 AM,212,467,10
2025,Edmonds Station,Weekday,1:00 to 2:00 AM,45,5,1
2025,Edmonds Station,Weekday,8:00 to 9:00 PM,444,206,20
2025,Edmonds Station,Weekday,4:00 to 5:00 AM,0,0,4
2025,Edmonds Station,Sunday/Holiday,1:00 to 2:00 AM,1,0,1
2025,Edmonds Station,Saturday,10:00 to 11:00 PM,353,150,22
2025,Edmonds Station,Weekday,10:00 to 11:00 PM,325,144,22
2025,Edmonds Station,Sunday/Holiday,12:00 to 1:00 AM,77,17,0
2025,Edmonds Station,Sunday/Holiday,2:00 to 3:00 PM,407,472,14
2025,Edmonds Station,Weekday,4:00 to 5:00 PM,1088,903,16
2025,Edmonds Station,Weekday,2:00 to 3:00 PM,546,524,14
2025,Edmonds Station,Saturday,3:00 to 4:00 AM,0,0,3
2025,Edmonds Station,Saturday,4:00 to 5:00 PM,605,523,16
2025,Edmonds Station,Saturday,5:00 to 6:00 AM,0,1,5
2025,Edmonds Station,Sunday/Holiday,4:00 to 5:00 PM,504,403,16
2025,Edmonds Station,Sunday/Holiday,5:00 to 6:00 AM,1,3,5
2025,Edmonds Station,Weekday,1:00 to 2:00 PM,421,461,13
2025,Edmonds Station,Sunday/Holiday,11:00 PM to 12:00 AM,178,69,23
2025,Edmonds Station,Saturday,9:00 to 10:00 PM,400,197,21
2025,Edmonds Station,Weekday,9:00 to 10:00 PM,428,186,21
2025,Edmonds Station,Weekday,3:00 to 4:00 PM,840,809,15
2025,Edmonds Station,Saturday,10:00 to 11:00 AM,264,523,10
2025,Edmonds Station,Saturday,2:00 to 3:00 AM,0,0,2
2025,Edmonds Station,Sunday/Holiday,12:00 to 1:00 PM,310,494,12
2025,Edmonds Station,Weekday,10:00 to 11:00 AM,247,508,10
2025,Edmonds Station,Weekday,2:00 to 3:00 AM,0,0,2
2025,Edmonds Station,Saturday,6:00 to 7:00 AM,59,257,6
2025,Edmonds Station,Sunday/Holiday,9:00 to 10:00 AM,170,418,9
2025,Edmonds Station,Sunday/Holiday,3:00 to 4:00 PM,441,456,15
2025,Edmonds Station,Sunday/Holiday,5:00 to 6:00 PM,526,354,17
2025,Edmonds Station,Weekday,8:00 to 9:00 AM,646,1298,8
2025,Edmonds Station,Weekday,12:00 to 1:00 PM,362,496,12
2025,Edmonds Station,Weekday,7:00 to 8:00 PM,612,265,19
2025,Edmonds Station,Saturday,8:00 to 9:00 AM,210,440,8
2025,Edmonds Station,Saturday,12:00 to 1:00 PM,351,562,12
2025,Edmonds Station,Weekday,9:00 to 10:00 AM,327,772,9
2025,Edmonds Station,Saturday,9:00 to 10:00 AM,236,519,9
2025,Edmonds Station,Sunday/Holiday,6:00 to 7:00 PM,483,286,18
2025,Edmonds Station,Saturday,5:00 to 6:00 PM,601,499,17
2025,Edmonds Station,Sunday/Holiday,9:00 to 10:00 PM,287,165,21
2025,Edmonds Station,Sunday/Holiday,2:00 to 3:00 AM,0,0,2
2025,Edmonds Station,Saturday,11:00 AM to 12:00 PM,303,524,11
2025,Edmonds Station,Saturday,6:00 to 7:00 PM,574,373,18
2025,Edmonds Station,Sunday/Holiday,8:00 to 9:00 AM,175,307,8
2025,Edmonds Station,Sunday/Holiday,1:00 to 2:00 PM,363,488,13
2025,Edmonds Station,Weekday,7:00 to 8:00 AM,635,1175,7
2025,Edmonds Station,Weekday,11:00 AM to 12:00 PM,278,484,11
2025,Edmonds Station,Saturday,7:00 to 8:00 AM,159,338,7
2025,Edmonds Station,Saturday,7:00 to 8:00 PM,476,273,19
2025,Edmonds Station,Sunday/Holiday,8:00 to 9:00 PM,343,179,20
2025,Edmonds Station,Weekday,5:00 to 6:00 AM,109,348,5
2025,Edmonds Station,Weekday,5:00 to 6:00 PM,1323,786,17
2025,Edmonds Station,Saturday,1:00 to 2:00 PM,401,569,13
2025,Edmonds Station,Saturday,2:00 to 3:00 PM,472,560,14
2025,Edmonds Station,Saturday,11:00 PM to 12:00 AM,271,92,23
2025,Gateway Station,Saturday,2:00 to 3:00 PM,244,379,14
2025,Gateway Station,Saturday,2:00 to 3:00 AM,0,0,2
2025,Gateway Station,Saturday,12:00 to 1:00 PM,178,359,12
2025,Gateway Station,Saturday,12:00 to 1:00 AM,201,25,0
2025,Gateway Station,Saturday,11:00 PM to 12:00 AM,260,61,23
2025,Gateway Station,Saturday,11:00 AM to 12:00 PM,149,344,11
2025,Gateway Station,Saturday,10:00 to 11:00 PM,282,120,22
2025,Gateway Station,Saturday,10:00 to 11:00 AM,126,328,10
2025,Gateway Station,Saturday,1:00 to 2:00 PM,204,368,13
2025,Gateway Station,Saturday,1:00 to 2:00 AM,102,7,1
2025,Gateway Station,Weekday,9:00 to 10:00 PM,328,138,21
2025,Gateway Station,Weekday,9:00 to 10:00 AM,120,453,9
2025,Gateway Station,Weekday,8:00 to 9:00 PM,341,138,20
2025,Gateway Station,Weekday,8:00 to 9:00 AM,211,693,8
2025,Gateway Station,Weekday,7:00 to 8:00 PM,436,157,19
2025,Gateway Station,Weekday,7:00 to 8:00 AM,194,844,7
2025,Gateway Station,Weekday,6:00 to 7:00 PM,632,222,18
2025,Gateway Station,Weekday,6:00 to 7:00 AM,163,748,6
2025,Gateway Station,Weekday,5:00 to 6:00 PM,779,308,17
2025,Gateway Station,Weekday,5:00 to 6:00 AM,27,493,5
2025,Gateway Station,Weekday,4:00 to 5:00 PM,695,376,16
2025,Gateway Station,Weekday,4:00 to 5:00 AM,0,21,4
2025,Gateway Station,Weekday,3:00 to 4:00 PM,469,370,15
2025,Gateway Station,Weekday,3:00 to 4:00 AM,0,0,3
2025,Gateway Station,Weekday,2:00 to 3:00 PM,267,338,14
2025,Gateway Station,Weekday,2:00 to 3:00 AM,0,0,2
2025,Gateway Station,Weekday,12:00 to 1:00 PM,189,332,12
2025,Gateway Station,Weekday,12:00 to 1:00 AM,175,19,0
2025,Gateway Station,Weekday,11:00 PM to 12:00 AM,244,50,23
2025,Gateway Station,Weekday,11:00 AM to 12:00 PM,139,328,11
2025,Gateway Station,Weekday,10:00 to 11:00 PM,269,100,22
2025,Gateway Station,Weekday,10:00 to 11:00 AM,111,322,10
2025,Gateway Station,Weekday,1:00 to 2:00 PM,208,340,13
2025,Gateway Station,Weekday,1:00 to 2:00 AM,70,5,1
2025,Gateway Station,Sunday/Holiday,9:00 to 10:00 PM,224,129,21
2025,Gateway Station,Sunday/Holiday,9:00 to 10:00 AM,114,320,9
2025,Gateway Station,Sunday/Holiday,8:00 to 9:00 PM,300,133,20
2025,Gateway Station,Sunday/Holiday,8:00 to 9:00 AM,136,266,8
2025,Gateway Station,Sunday/Holiday,7:00 to 8:00 PM,351,150,19
2025,Gateway Station,Sunday/Holiday,7:00 to 8:00 AM,54,258,7
2025,Gateway Station,Sunday/Holiday,6:00 to 7:00 PM,357,175,18
2025,Gateway Station,Sunday/Holiday,6:00 to 7:00 AM,2,24,6
2025,Gateway Station,Sunday/Holiday,5:00 to 6:00 PM,334,212,17
2025,Gateway Station,Sunday/Holiday,5:00 to 6:00 AM,0,5,5
2025,Gateway Station,Sunday/Holiday,4:00 to 5:00 PM,294,245,16
2025,Gateway Station,Sunday/Holiday,4:00 to 5:00 AM,0,0,4
2025,Gateway Station,Sunday/Holiday,3:00 to 4:00 PM,240,289,15
2025,Gateway Station,Sunday/Holiday,2:00 to 3:00 PM,201,343,14
2025,Gateway Station,Sunday/Holiday,2:00 to 3:00 AM,0,0,2
2025,Gateway Station,Sunday/Holiday,12:00 to 1:00 PM,152,330,12
2025,Gateway Station,Sunday/Holiday,12:00 to 1:00 AM,144,11,0
2025,Gateway Station,Sunday/Holiday,11:00 PM to 12:00 AM,211,45,23
2025,Gateway Station,Sunday/Holiday,11:00 AM to 12:00 PM,128,301,11
2025,Gateway Station,Sunday/Holiday,10:00 to 11:00 PM,204,99,22
2025,Gateway Station,Sunday/Holiday,10:00 to 11:00 AM,118,307,10
2025,Gateway Station,Sunday/Holiday,1:00 to 2:00 PM,165,347,13
2025,Gateway Station,Sunday/Holiday,1:00 to 2:00 AM,3,0,1
2025,Gateway Station,Saturday,9:00 to 10:00 PM,290,162,21
2025,Gateway Station,Saturday,9:00 to 10:00 AM,121,366,9
2025,Gateway Station,Saturday,8:00 to 9:00 PM,310,156,20
2025,Gateway Station,Saturday,8:00 to 9:00 AM,139,384,8
2025,Gateway Station,Saturday,7:00 to 8:00 PM,354,179,19
2025,Gateway Station,Saturday,7:00 to 8:00 AM,133,343,7
2025,Gateway Station,Saturday,6:00 to 7:00 PM,397,225,18
2025,Gateway Station,Saturday,6:00 to 7:00 AM,41,256,6
2025,Gateway Station,Saturday,5:00 to 6:00 PM,396,267,17
2025,Gateway Station,Saturday,5:00 to 6:00 AM,0,9,5
2025,Gateway Station,Saturday,4:00 to 5:00 PM,364,311,16
2025,Gateway Station,Saturday,3:00 to 4:00 PM,309,332,15
2025,Gilmore Station,Saturday,10:00 to 11:00 PM,95,61,22
2025,Gilmore Station,Saturday,11:00 AM to 12:00 PM,115,159,11
2025,Gilmore Station,Saturday,11:00 PM to 12:00 AM,60,47,23
2025,Gilmore Station,Saturday,12:00 to 1:00 AM,39,22,0
2025,Gilmore Station,Saturday,12:00 to 1:00 PM,121,172,12
2025,Gilmore Station,Saturday,2:00 to 3:00 AM,0,0,2
2025,Gilmore Station,Saturday,2:00 to 3:00 PM,153,180,14
2025,Gilmore Station,Saturday,3:00 to 4:00 PM,155,203,15
2025,Gilmore Station,Saturday,4:00 to 5:00 PM,162,201,16
2025,Gilmore Station,Saturday,5:00 to 6:00 PM,160,182,17
2025,Gilmore Station,Saturday,6:00 to 7:00 AM,27,28,6
2025,Gilmore Station,Saturday,6:00 to 7:00 PM,138,146,18
2025,Gilmore Station,Saturday,7:00 to 8:00 AM,59,65,7
2025,Gilmore Station,Saturday,7:00 to 8:00 PM,116,104,19
2025,Gilmore Station,Saturday,8:00 to 9:00 AM,97,102,8
2025,Gilmore Station,Saturday,8:00 to 9:00 PM,99,76,20
2025,Gilmore Station,Saturday,9:00 to 10:00 AM,102,139,9
2025,Gilmore Station,Saturday,9:00 to 10:00 PM,97,62,21
2025,Gilmore Station,Sunday/Holiday,1:00 to 2:00 AM,0,0,1
2025,Gilmore Station,Sunday/Holiday,1:00 to 2:00 PM,108,137,13
2025,Gilmore Station,Sunday/Holiday,10:00 to 11:00 AM,73,125,10
2025,Gilmore Station,Sunday/Holiday,10:00 to 11:00 PM,60,42,22
2025,Gilmore Station,Sunday/Holiday,11:00 AM to 12:00 PM,81,123,11
2025,Gilmore Station,Sunday/Holiday,11:00 PM to 12:00 AM,39,31,23
2025,Gilmore Station,Sunday/Holiday,12:00 to 1:00 AM,14,10,0
2025,Gilmore Station,Weekday,3:00 to 4:00 AM,0,0,3
2025,Gilmore Station,Weekday,2:00 to 3:00 PM,154,192,14
2025,Gilmore Station,Weekday,2:00 to 3:00 AM,0,0,2
2025,Gilmore Station,Weekday,12:00 to 1:00 PM,133,163,12
2025,Gilmore Station,Weekday,12:00 to 1:00 AM,19,13,0
2025,Gilmore Station,Weekday,11:00 PM to 12:00 AM,46,34,23
2025,Gilmore Station,Weekday,11:00 AM to 12:00 PM,109,156,11
2025,Gilmore Station,Weekday,10:00 to 11:00 PM,81,50,22
2025,Gilmore Station,Weekday,10:00 to 11:00 AM,128,146,10
2025,Gilmore Station,Weekday,1:00 to 2:00 PM,148,154,13
2025,Gilmore Station,Weekday,1:00 to 2:00 AM,8,5,1
2025,Gilmore Station,Sunday/Holiday,12:00 to 1:00 PM,92,137,12
2025,Gilmore Station,Sunday/Holiday,2:00 to 3:00 PM,122,137,14
2025,Gilmore Station,Sunday/Holiday,3:00 to 4:00 PM,125,147,15
2025,Gilmore Station,Sunday/Holiday,4:00 to 5:00 PM,126,141,16
2025,Gilmore Station,Sunday/Holiday,5:00 to 6:00 AM,1,0,5
2025,Gilmore Station,Sunday/Holiday,5:00 to 6:00 PM,130,126,17
2025,Gilmore Station,Sunday/Holiday,6:00 to 7:00 AM,2,2,6
2025,Gilmore Station,Sunday/Holiday,6:00 to 7:00 PM,114,99,18
2025,Gilmore Station,Sunday/Holiday,7:00 to 8:00 AM,33,45,7
2025,Gilmore Station,Sunday/Holiday,7:00 to 8:00 PM,96,74,19
2025,Gilmore Station,Sunday/Holiday,8:00 to 9:00 AM,51,72,8
2025,Gilmore Station,Sunday/Holiday,8:00 to 9:00 PM,83,61,20
2025,Gilmore Station,Sunday/Holiday,9:00 to 10:00 AM,57,96,9
2025,Gilmore Station,Sunday/Holiday,9:00 to 10:00 PM,71,47,21
2025,Gilmore Station,Weekday,3:00 to 4:00 PM,218,287,15
2025,Gilmore Station,Weekday,4:00 to 5:00 AM,0,0,4
2025,Gilmore Station,Weekday,4:00 to 5:00 PM,297,429,16
2025,Gilmore Station,Weekday,5:00 to 6:00 AM,52,44,5
2025,Gilmore Station,Weekday,5:00 to 6:00 PM,371,448,17
2025,Gilmore Station,Weekday,6:00 to 7:00 AM,151,156,6
2025,Gilmore Station,Weekday,6:00 to 7:00 PM,253,259,18
2025,Gilmore Station,Weekday,7:00 to 8:00 AM,278,272,7
2025,Gilmore Station,Weekday,7:00 to 8:00 PM,152,147,19
2025,Gilmore Station,Weekday,8:00 to 9:00 AM,363,355,8
2025,Gilmore Station,Weekday,8:00 to 9:00 PM,113,100,20
2025,Gilmore Station,Weekday,9:00 to 10:00 AM,249,213,9
2025,Gilmore Station,Weekday,9:00 to 10:00 PM,98,70,21
2025,Gilmore Station,Saturday,1:00 to 2:00 AM,12,7,1
2025,Gilmore Station,Saturday,1:00 to 2:00 PM,136,172,13
2025,Gilmore Station,Saturday,10:00 to 11:00 AM,104,151,10
2025,Granville Station,Weekday,2:00 to 3:00 AM,0,0,2
2025,Granville Station,Weekday,12:00 to 1:00 PM,1186,693,12
2025,Granville Station,Weekday,12:00 to 1:00 AM,55,326,0
2025,Granville Station,Weekday,11:00 PM to 12:00 AM,147,465,23
2025,Granville Station,Weekday,11:00 AM to 12:00 PM,1152,472,11
2025,Granville Station,Weekday,10:00 to 11:00 PM,245,657,22
2025,Granville Station,Weekday,10:00 to 11:00 AM,1276,335,10
2025,Granville Station,Weekday,1:00 to 2:00 PM,1089,813,13
2025,Granville Station,Weekday,1:00 to 2:00 AM,11,60,1
2025,Granville Station,Weekday,2:00 to 3:00 PM,1118,1085,14
2025,Granville Station,Weekday,3:00 to 4:00 AM,0,0,3
2025,Granville Station,Weekday,3:00 to 4:00 PM,1178,1559,15
2025,Granville Station,Weekday,4:00 to 5:00 AM,0,0,4
2025,Granville Station,Weekday,4:00 to 5:00 PM,1391,2396,16
2025,Granville Station,Weekday,5:00 to 6:00 AM,206,84,5
2025,Granville Station,Weekday,5:00 to 6:00 PM,1348,2619,17
2025,Granville Station,Weekday,6:00 to 7:00 AM,879,253,6
2025,Granville Station,Weekday,6:00 to 7:00 PM,955,1798,18
2025,Granville Station,Sunday/Holiday,9:00 to 10:00 PM,242,610,21
2025,Granville Station,Sunday/Holiday,9:00 to 10:00 AM,891,193,9
2025,Granville Station,Sunday/Holiday,8:00 to 9:00 PM,320,717,20
2025,Granville Station,Sunday/Holiday,8:00 to 9:00 AM,712,163,8
2025,Granville Station,Sunday/Holiday,7:00 to 8:00 PM,473,1112,19
2025,Granville Station,Weekday,7:00 to 8:00 AM,1853,305,7
2025,Granville Station,Weekday,7:00 to 8:00 PM,552,1276,19
2025,Granville Station,Weekday,8:00 to 9:00 AM,3353,324,8
2025,Granville Station,Weekday,8:00 to 9:00 PM,370,1064,20
2025,Granville Station,Weekday,9:00 to 10:00 AM,2349,256,9
2025,Granville Station,Weekday,9:00 to 10:00 PM,305,919,21
2025,Granville Station,Saturday,1:00 to 2:00 AM,23,139,1
2025,Granville Station,Saturday,1:00 to 2:00 PM,1372,722,13
2025,Granville Station,Saturday,10:00 to 11:00 AM,1012,302,10
2025,Granville Station,Saturday,10:00 to 11:00 PM,432,810,22
2025,Granville Station,Saturday,11:00 AM to 12:00 PM,1242,456,11
2025,Granville Station,Saturday,11:00 PM to 12:00 AM,276,718,23
2025,Granville Station,Saturday,12:00 to 1:00 AM,123,492,0
2025,Granville Station,Saturday,12:00 to 1:00 PM,1297,624,12
2025,Granville Station,Saturday,2:00 to 3:00 AM,0,0,2
2025,Granville Station,Saturday,2:00 to 3:00 PM,1421,908,14
2025,Granville Station,Saturday,3:00 to 4:00 AM,0,0,3
2025,Granville Station,Saturday,3:00 to 4:00 PM,1332,1136,15
2025,Granville Station,Saturday,4:00 to 5:00 AM,0,0,4
2025,Granville Station,Saturday,4:00 to 5:00 PM,1342,1368,16
2025,Granville Station,Saturday,5:00 to 6:00 AM,0,0,5
2025,Granville Station,Saturday,5:00 to 6:00 PM,1148,1364,17
2025,Granville Station,Saturday,6:00 to 7:00 AM,225,57,6
2025,Granville Station,Saturday,6:00 to 7:00 PM,1004,1310,18
2025,Granville Station,Sunday/Holiday,7:00 to 8:00 AM,532,84,7
2025,Granville Station,Sunday/Holiday,6:00 to 7:00 PM,702,1190,18
2025,Granville Station,Sunday/Holiday,6:00 to 7:00 AM,11,3,6
2025,Granville Station,Sunday/Holiday,5:00 to 6:00 PM,854,1242,17
2025,Granville Station,Sunday/Holiday,5:00 to 6:00 AM,2,1,5
2025,Granville Station,Sunday/Holiday,4:00 to 5:00 PM,1036,1245,16
2025,Granville Station,Sunday/Holiday,4:00 to 5:00 AM,0,0,4
2025,Granville Station,Sunday/Holiday,3:00 to 4:00 PM,1136,981,15
2025,Granville Station,Sunday/Holiday,3:00 to 4:00 AM,0,0,3
2025,Granville Station,Sunday/Holiday,2:00 to 3:00 PM,1258,840,14
2025,Granville Station,Sunday/Holiday,2:00 to 3:00 AM,0,0,2
2025,Granville Station,Sunday/Holiday,12:00 to 1:00 PM,1167,558,12
2025,Granville Station,Sunday/Holiday,12:00 to 1:00 AM,29,120,0
2025,Granville Station,Sunday/Holiday,11:00 PM to 12:00 AM,132,393,23
2025,Granville Station,Sunday/Holiday,11:00 AM to 12:00 PM,1081,373,11
2025,Granville Station,Sunday/Holiday,10:00 to 11:00 PM,219,531,22
2025,Granville Station,Sunday/Holiday,10:00 to 11:00 AM,1088,283,10
2025,Granville Station,Sunday/Holiday,1:00 to 2:00 PM,1234,648,13
2025,Granville Station,Sunday/Holiday,1:00 to 2:00 AM,1,3,1
2025,Granville Station,Saturday,9:00 to 10:00 PM,513,829,21
2025,Granville Station,Saturday,9:00 to 10:00 AM,1137,220,9
2025,Granville Station,Saturday,8:00 to 9:00 PM,560,1005,20
2025,Granville Station,Saturday,8:00 to 9:00 AM,893,190,8
2025,Granville Station,Saturday,7:00 to 8:00 PM,778,1066,19
2025,Granville Station,Saturday,7:00 to 8:00 AM,751,168,7
2025,Holdom Station,Saturday,12:00 to 1:00 PM,65,143,12
2025,Holdom Station,Saturday,12:00 to 1:00 AM,39,13,0
2025,Holdom Station,Saturday,11:00 PM to 12:00 AM,72,20,23
2025,Holdom Station,Saturday,11:00 AM to 12:00 PM,58,133,11
2025,Holdom Station,Saturday,10:00 to 11:00 PM,88,37,22
2025,Holdom Station,Saturday,10:00 to 11:00 AM,50,133,10
2025,Holdom Station,Saturday,1:00 to 2:00 PM,83,147,13
2025,Holdom Station,Saturday,1:00 to 2:00 AM,20,3,1
2025,Holdom Station,Weekday,9:00 to 10:00 PM,105,37,21
2025,Holdom Station,Weekday,9:00 to 10:00 AM,62,208,9
2025,Holdom Station,Weekday,8:00 to 9:00 PM,112,46,20
2025,Holdom Station,Weekday,8:00 to 9:00 AM,105,349,8
2025,Holdom Station,Weekday,7:00 to 8:00 PM,142,65,19
2025,Holdom Station,Weekday,7:00 to 8:00 AM,130,328,7
2025,Holdom Station,Weekday,6:00 to 7:00 PM,238,109,18
2025,Holdom Station,Weekday,6:00 to 7:00 AM,125,198,6
2025,Holdom Station,Weekday,5:00 to 6:00 PM,324,198,17
2025,Holdom Station,Weekday,5:00 to 6:00 AM,13,48,5
2025,Holdom Station,Weekday,4:00 to 5:00 PM,262,219,16
2025,Holdom Station,Weekday,4:00 to 5:00 AM,0,0,4
2025,Holdom Station,Weekday,3:00 to 4:00 PM,202,208,15
2025,Holdom Station,Weekday,3:00 to 4:00 AM,0,0,3
2025,Holdom Station,Weekday,2:00 to 3:00 PM,113,129,14
2025,Holdom Station,Weekday,2:00 to 3:00 AM,0,0,2
2025,Holdom Station,Weekday,12:00 to 1:00 PM,77,119,12
2025,Holdom Station,Weekday,12:00 to 1:00 AM,26,17,0
2025,Holdom Station,Weekday,11:00 PM to 12:00 AM,50,16,23
2025,Holdom Station,Weekday,11:00 AM to 12:00 PM,57,120,11
2025,Holdom Station,Weekday,10:00 to 11:00 PM,84,25,22
2025,Holdom Station,Weekday,10:00 to 11:00 AM,53,133,10
2025,Holdom Station,Weekday,1:00 to 2:00 PM,91,115,13
2025,Holdom Station,Weekday,1:00 to 2:00 AM,13,2,1
2025,Holdom Station,Sunday/Holiday,9:00 to 10:00 PM,77,31,21
2025,Holdom Station,Sunday/Holiday,9:00 to 10:00 AM,29,99,9
2025,Holdom Station,Sunday/Holiday,8:00 to 9:00 PM,77,35,20
2025,Holdom Station,Sunday/Holiday,8:00 to 9:00 AM,32,75,8
2025,Holdom Station,Sunday/Holiday,7:00 to 8:00 PM,101,44,19
2025,Holdom Station,Sunday/Holiday,7:00 to 8:00 AM,16,55,7
2025,Holdom Station,Sunday/Holiday,6:00 to 7:00 PM,118,65,18
2025,Holdom Station,Sunday/Holiday,6:00 to 7:00 AM,1,2,6
2025,Holdom Station,Sunday/Holiday,5:00 to 6:00 PM,121,87,17
2025,Holdom Station,Sunday/Holiday,5:00 to 6:00 AM,0,0,5
2025,Holdom Station,Sunday/Holiday,4:00 to 5:00 PM,117,101,16
2025,Holdom Station,Sunday/Holiday,4:00 to 5:00 AM,0,0,4
2025,Holdom Station,Sunday/Holiday,3:00 to 4:00 PM,99,107,15
2025,Holdom Station,Sunday/Holiday,3:00 to 4:00 AM,0,0,3
2025,Holdom Station,Sunday/Holiday,2:00 to 3:00 PM,80,120,14
2025,Holdom Station,Sunday/Holiday,2:00 to 3:00 AM,0,0,2
2025,Holdom Station,Sunday/Holiday,12:00 to 1:00 PM,59,119,12
2025,Holdom Station,Sunday/Holiday,12:00 to 1:00 AM,18,5,0
2025,Holdom Station,Sunday/Holiday,11:00 PM to 12:00 AM,42,12,23
2025,Holdom Station,Sunday/Holiday,11:00 AM to 12:00 PM,45,111,11
2025,Holdom Station,Sunday/Holiday,10:00 to 11:00 PM,62,22,22
2025,Holdom Station,Sunday/Holiday,10:00 to 11:00 AM,38,122,10
2025,Holdom Station,Sunday/Holiday,1:00 to 2:00 PM,75,120,13
2025,Holdom Station,Sunday/Holiday,1:00 to 2:00 AM,1,0,1
2025,Holdom Station,Saturday,9:00 to 10:00 PM,98,46,21
2025,Holdom Station,Saturday,9:00 to 10:00 AM,46,130,9
2025,Holdom Station,Saturday,8:00 to 9:00 PM,94,55,20
2025,Holdom Station,Saturday,8:00 to 9:00 AM,46,113,8
2025,Holdom Station,Saturday,7:00 to 8:00 PM,117,66,19
2025,Holdom Station,Saturday,7:00 to 8:00 AM,37,77,7
2025,Holdom Station,Saturday,6:00 to 7:00 PM,142,97,18
2025,Holdom Station,Saturday,6:00 to 7:00 AM,8,39,6
2025,Holdom Station,Saturday,5:00 to 6:00 PM,150,123,17
2025,Holdom Station,Saturday,5:00 to 6:00 AM,0,0,5
2025,Holdom Station,Saturday,4:00 to 5:00 PM,136,136,16
2025,Holdom Station,Saturday,4:00 to 5:00 AM,0,0,4
2025,Holdom Station,Saturday,3:00 to 4:00 PM,117,144,15
2025,Holdom Station,Saturday,2:00 to 3:00 PM,99,144,14
2025,Holdom Station,Saturday,2:00 to 3:00 AM,0,0,2
2025,Inlet Centre Station,Saturday,7:00 to 8:00 AM,43,45,7
2025,Inlet Centre Station,Saturday,6:00 to 7:00 PM,100,101,18
2025,Inlet Centre Station,Saturday,6:00 to 7:00 AM,4,26,6
2025,Inlet Centre Station,Saturday,5:00 to 6:00 PM,109,123,17
2025,Inlet Centre Station,Saturday,5:00 to 6:00 AM,0,1,5
2025,Inlet Centre Station,Saturday,4:00 to 5:00 PM,124,128,16
2025,Inlet Centre Station,Saturday,4:00 to 5:00 AM,0,0,4
2025,Inlet Centre Station,Saturday,3:00 to 4:00 PM,103,122,15
2025,Inlet Centre Station,Saturday,2:00 to 3:00 PM,97,113,14
2025,Inlet Centre Station,Saturday,2:00 to 3:00 AM,0,0,2
2025,Inlet Centre Station,Saturday,12:00 to 1:00 PM,75,107,12
2025,Inlet Centre Station,Saturday,12:00 to 1:00 AM,34,13,0
2025,Inlet Centre Station,Saturday,11:00 PM to 12:00 AM,48,17,23
2025,Inlet Centre Station,Saturday,11:00 AM to 12:00 PM,70,101,11
2025,Inlet Centre Station,Saturday,10:00 to 11:00 PM,63,39,22
2025,Inlet Centre Station,Saturday,10:00 to 11:00 AM,66,94,10
2025,Inlet Centre Station,Saturday,1:00 to 2:00 PM,86,103,13
2025,Inlet Centre Station,Saturday,1:00 to 2:00 AM,18,2,1
2025,Inlet Centre Station,Weekday,9:00 to 10:00 PM,64,38,21
2025,Inlet Centre Station,Weekday,9:00 to 10:00 AM,79,118,9
2025,Inlet Centre Station,Weekday,8:00 to 9:00 PM,77,45,20
2025,Inlet Centre Station,Weekday,8:00 to 9:00 AM,106,237,8
2025,Inlet Centre Station,Weekday,7:00 to 8:00 PM,104,62,19
2025,Inlet Centre Station,Weekday,7:00 to 8:00 AM,76,282,7
2025,Inlet Centre Station,Weekday,6:00 to 7:00 PM,190,91,18
2025,Inlet Centre Station,Weekday,6:00 to 7:00 AM,39,131,6
2025,Inlet Centre Station,Weekday,5:00 to 6:00 PM,311,144,17
2025,Inlet Centre Station,Weekday,5:00 to 6:00 AM,2,58,5
2025,Inlet Centre Station,Weekday,4:00 to 5:00 PM,255,151,16
2025,Inlet Centre Station,Weekday,4:00 to 5:00 AM,0,1,4
2025,Inlet Centre Station,Weekday,3:00 to 4:00 PM,178,123,15
2025,Inlet Centre Station,Weekday,12:00 to 1:00 PM,78,88,12
2025,Inlet Centre Station,Weekday,2:00 to 3:00 AM,0,0,2
2025,Inlet Centre Station,Weekday,2:00 to 3:00 PM,118,94,14
2025,Inlet Centre Station,Weekday,3:00 to 4:00 AM,0,0,3
2025,Inlet Centre Station,Weekday,12:00 to 1:00 AM,16,6,0
2025,Inlet Centre Station,Weekday,11:00 PM to 12:00 AM,33,14,23
2025,Inlet Centre Station,Weekday,11:00 AM to 12:00 PM,61,97,11
2025,Inlet Centre Station,Weekday,10:00 to 11:00 PM,51,35,22
2025,Inlet Centre Station,Weekday,10:00 to 11:00 AM,60,93,10
2025,Inlet Centre Station,Weekday,1:00 to 2:00 PM,90,86,13
2025,Inlet Centre Station,Weekday,1:00 to 2:00 AM,8,2,1
2025,Inlet Centre Station,Sunday/Holiday,9:00 to 10:00 PM,45,35,21
2025,Inlet Centre Station,Sunday/Holiday,9:00 to 10:00 AM,49,60,9
2025,Inlet Centre Station,Sunday/Holiday,8:00 to 9:00 PM,55,41,20
2025,Inlet Centre Station,Sunday/Holiday,8:00 to 9:00 AM,47,42,8
2025,Inlet Centre Station,Sunday/Holiday,7:00 to 8:00 PM,60,48,19
2025,Inlet Centre Station,Sunday/Holiday,7:00 to 8:00 AM,6,36,7
2025,Inlet Centre Station,Sunday/Holiday,6:00 to 7:00 PM,81,58,18
2025,Inlet Centre Station,Sunday/Holiday,6:00 to 7:00 AM,1,8,6
2025,Inlet Centre Station,Sunday/Holiday,5:00 to 6:00 PM,86,77,17
2025,Inlet Centre Station,Sunday/Holiday,5:00 to 6:00 AM,0,0,5
2025,Inlet Centre Station,Sunday/Holiday,4:00 to 5:00 PM,90,87,16
2025,Inlet Centre Station,Sunday/Holiday,4:00 to 5:00 AM,0,0,4
2025,Inlet Centre Station,Sunday/Holiday,3:00 to 4:00 PM,86,87,15
2025,Inlet Centre Station,Sunday/Holiday,2:00 to 3:00 PM,82,87,14
2025,Inlet Centre Station,Sunday/Holiday,2:00 to 3:00 AM,0,0,2
2025,Inlet Centre Station,Sunday/Holiday,12:00 to 1:00 PM,63,84,12
2025,Inlet Centre Station,Sunday/Holiday,12:00 to 1:00 AM,11,3,0
2025,Inlet Centre Station,Sunday/Holiday,11:00 PM to 12:00 AM,25,13,23
2025,Inlet Centre Station,Sunday/Holiday,11:00 AM to 12:00 PM,61,81,11
2025,Inlet Centre Station,Sunday/Holiday,10:00 to 11:00 PM,35,27,22
2025,Inlet Centre Station,Sunday/Holiday,10:00 to 11:00 AM,58,74,10
2025,Inlet Centre Station,Sunday/Holiday,1:00 to 2:00 PM,75,86,13
2025,Inlet Centre Station,Sunday/Holiday,1:00 to 2:00 AM,0,0,1
2025,Inlet Centre Station,Saturday,9:00 to 10:00 PM,61,41,21
2025,Inlet Centre Station,Saturday,9:00 to 10:00 AM,71,81,9
2025,Inlet Centre Station,Saturday,8:00 to 9:00 PM,60,49,20
2025,Inlet Centre Station,Saturday,8:00 to 9:00 AM,59,61,8
2025,Inlet Centre Station,Saturday,7:00 to 8:00 PM,79,62,19
2025,Joyce-Collingwood Station,Saturday,4:00 to 5:00 PM,1055,947,16
2025,Joyce-Collingwood Station,Saturday,5:00 to 6:00 AM,0,0,5
2025,Joyce-Collingwood Station,Saturday,5:00 to 6:00 PM,1025,855,17
2025,Joyce-Collingwood Station,Saturday,6:00 to 7:00 AM,139,227,6
2025,Joyce-Collingwood Station,Saturday,6:00 to 7:00 PM,960,804,18
2025,Joyce-Collingwood Station,Saturday,7:00 to 8:00 AM,298,539,7
2025,Joyce-Collingwood Station,Saturday,7:00 to 8:00 PM,809,526,19
2025,Joyce-Collingwood Station,Saturday,8:00 to 9:00 AM,364,660,8
2025,Joyce-Collingwood Station,Saturday,8:00 to 9:00 PM,692,402,20
2025,Joyce-Collingwood Station,Saturday,9:00 to 10:00 AM,405,846,9
2025,Joyce-Collingwood Station,Saturday,9:00 to 10:00 PM,709,326,21
2025,Joyce-Collingwood Station,Sunday/Holiday,1:00 to 2:00 AM,3,1,1
2025,Joyce-Collingwood Station,Sunday/Holiday,1:00 to 2:00 PM,657,852,13
2025,Joyce-Collingwood Station,Sunday/Holiday,10:00 to 11:00 AM,431,841,10
2025,Joyce-Collingwood Station,Sunday/Holiday,10:00 to 11:00 PM,473,228,22
2025,Joyce-Collingwood Station,Sunday/Holiday,11:00 AM to 12:00 PM,481,757,11
2025,Joyce-Collingwood Station,Sunday/Holiday,11:00 PM to 12:00 AM,325,179,23
2025,Joyce-Collingwood Station,Sunday/Holiday,12:00 to 1:00 AM,118,45,0
2025,Joyce-Collingwood Station,Sunday/Holiday,12:00 to 1:00 PM,595,914,12
2025,Joyce-Collingwood Station,Sunday/Holiday,2:00 to 3:00 AM,0,0,2
2025,Joyce-Collingwood Station,Sunday/Holiday,2:00 to 3:00 PM,827,930,14
2025,Joyce-Collingwood Station,Sunday/Holiday,3:00 to 4:00 AM,0,0,3
2025,Joyce-Collingwood Station,Sunday/Holiday,3:00 to 4:00 PM,847,783,15
2025,Joyce-Collingwood Station,Sunday/Holiday,4:00 to 5:00 AM,0,0,4
2025,Joyce-Collingwood Station,Sunday/Holiday,4:00 to 5:00 PM,937,914,16
2025,Joyce-Collingwood Station,Sunday/Holiday,5:00 to 6:00 AM,1,3,5
2025,Joyce-Collingwood Station,Sunday/Holiday,5:00 to 6:00 PM,940,650,17
2025,Joyce-Collingwood Station,Sunday/Holiday,6:00 to 7:00 AM,4,12,6
2025,Joyce-Collingwood Station,Sunday/Holiday,6:00 to 7:00 PM,929,605,18
2025,Joyce-Collingwood Station,Sunday/Holiday,7:00 to 8:00 AM,179,316,7
2025,Joyce-Collingwood Station,Sunday/Holiday,7:00 to 8:00 PM,804,382,19
2025,Joyce-Collingwood Station,Sunday/Holiday,8:00 to 9:00 AM,266,504,8
2025,Joyce-Collingwood Station,Sunday/Holiday,8:00 to 9:00 PM,597,379,20
2025,Joyce-Collingwood Station,Sunday/Holiday,9:00 to 10:00 AM,348,683,9
2025,Joyce-Collingwood Station,Sunday/Holiday,9:00 to 10:00 PM,536,264,21
2025,Joyce-Collingwood Station,Weekday,1:00 to 2:00 AM,53,16,1
2025,Joyce-Collingwood Station,Weekday,1:00 to 2:00 PM,643,729,13
2025,Joyce-Collingwood Station,Weekday,10:00 to 11:00 AM,459,732,10
2025,Joyce-Collingwood Station,Weekday,10:00 to 11:00 PM,582,257,22
2025,Joyce-Collingwood Station,Weekday,11:00 AM to 12:00 PM,482,710,11
2025,Joyce-Collingwood Station,Weekday,11:00 PM to 12:00 AM,396,199,23
2025,Joyce-Collingwood Station,Weekday,12:00 to 1:00 AM,220,77,0
2025,Joyce-Collingwood Station,Weekday,12:00 to 1:00 PM,575,712,12
2025,Joyce-Collingwood Station,Weekday,2:00 to 3:00 AM,0,0,2
2025,Joyce-Collingwood Station,Weekday,2:00 to 3:00 PM,833,796,14
2025,Joyce-Collingwood Station,Weekday,3:00 to 4:00 AM,0,0,3
2025,Joyce-Collingwood Station,Weekday,3:00 to 4:00 PM,1240,992,15
2025,Joyce-Collingwood Station,Weekday,4:00 to 5:00 AM,0,0,4
2025,Joyce-Collingwood Station,Weekday,4:00 to 5:00 PM,1525,1175,16
2025,Joyce-Collingwood Station,Weekday,5:00 to 6:00 AM,141,347,5
2025,Joyce-Collingwood Station,Weekday,5:00 to 6:00 PM,1761,1093,17
2025,Joyce-Collingwood Station,Weekday,6:00 to 7:00 AM,650,881,6
2025,Joyce-Collingwood Station,Weekday,6:00 to 7:00 PM,1364,911,18
2025,Joyce-Collingwood Station,Weekday,7:00 to 8:00 AM,671,1333,7
2025,Joyce-Collingwood Station,Weekday,7:00 to 8:00 PM,912,547,19
2025,Joyce-Collingwood Station,Weekday,8:00 to 9:00 AM,665,1668,8
2025,Joyce-Collingwood Station,Weekday,8:00 to 9:00 PM,748,393,20
2025,Joyce-Collingwood Station,Weekday,9:00 to 10:00 AM,506,1016,9
2025,Joyce-Collingwood Station,Weekday,9:00 to 10:00 PM,730,316,21
2025,Joyce-Collingwood Station,Saturday,1:00 to 2:00 AM,101,22,1
2025,Joyce-Collingwood Station,Saturday,1:00 to 2:00 PM,705,931,13
2025,Joyce-Collingwood Station,Saturday,10:00 to 11:00 AM,437,827,10
2025,Joyce-Collingwood Station,Saturday,10:00 to 11:00 PM,604,307,22
2025,Joyce-Collingwood Station,Saturday,11:00 AM to 12:00 PM,519,832,11
2025,Joyce-Collingwood Station,Saturday,11:00 PM to 12:00 AM,463,223,23
2025,Joyce-Collingwood Station,Saturday,12:00 to 1:00 AM,322,105,0
2025,Joyce-Collingwood Station,Saturday,12:00 to 1:00 PM,606,884,12
2025,Joyce-Collingwood Station,Saturday,2:00 to 3:00 AM,0,0,2
2025,Joyce-Collingwood Station,Saturday,2:00 to 3:00 PM,805,944,14
2025,Joyce-Collingwood Station,Saturday,3:00 to 4:00 AM,0,0,3
2025,Joyce-Collingwood Station,Saturday,3:00 to 4:00 PM,919,969,15
2025,Joyce-Collingwood Station,Saturday,4:00 to 5:00 AM,0,0,4
2025,King Edward Station,Saturday,10:00 to 11:00 AM,182,355,10
2025,King Edward Station,Saturday,10:00 to 11:00 PM,265,92,22
2025,King Edward Station,Saturday,11:00 AM to 12:00 PM,235,382,11
2025,King Edward Station,Saturday,11:00 PM to 12:00 AM,175,55,23
2025,King Edward Station,Saturday,12:00 to 1:00 AM,106,27,0
2025,King Edward Station,Saturday,12:00 to 1:00 PM,284,390,12
2025,King Edward Station,Saturday,2:00 to 3:00 AM,1,0,2
2025,King Edward Station,Saturday,2:00 to 3:00 PM,372,398,14
2025,King Edward Station,Saturday,3:00 to 4:00 AM,0,1,3
2025,King Edward Station,Saturday,3:00 to 4:00 PM,416,423,15
2025,King Edward Station,Saturday,4:00 to 5:00 AM,1,4,4
2025,King Edward Station,Saturday,4:00 to 5:00 PM,450,398,16
2025,King Edward Station,Saturday,5:00 to 6:00 AM,13,28,5
2025,King Edward Station,Saturday,5:00 to 6:00 PM,450,352,17
2025,King Edward Station,Saturday,6:00 to 7:00 AM,54,106,6
2025,King Edward Station,Saturday,6:00 to 7:00 PM,405,307,18
2025,King Edward Station,Saturday,7:00 to 8:00 AM,86,189,7
2025,King Edward Station,Saturday,7:00 to 8:00 PM,327,217,19
2025,King Edward Station,Saturday,8:00 to 9:00 AM,101,243,8
2025,King Edward Station,Saturday,8:00 to 9:00 PM,289,154,20
2025,King Edward Station,Saturday,9:00 to 10:00 AM,161,336,9
2025,King Edward Station,Saturday,9:00 to 10:00 PM,299,125,21
2025,King Edward Station,Sunday/Holiday,1:00 to 2:00 AM,10,2,1
2025,King Edward Station,Sunday/Holiday,1:00 to 2:00 PM,290,371,13
2025,King Edward Station,Sunday/Holiday,10:00 to 11:00 AM,165,338,10
2025,King Edward Station,Sunday/Holiday,10:00 to 11:00 PM,189,59,22
2025,King Edward Station,Sunday/Holiday,11:00 AM to 12:00 PM,204,336,11
2025,King Edward Station,Sunday/Holiday,11:00 PM to 12:00 AM,117,33,23
2025,King Edward Station,Sunday/Holiday,12:00 to 1:00 AM,57,13,0
2025,King Edward Station,Sunday/Holiday,12:00 to 1:00 PM,260,352,12
2025,King Edward Station,Sunday/Holiday,2:00 to 3:00 AM,0,1,2
2025,King Edward Station,Sunday/Holiday,2:00 to 3:00 PM,332,356,14
2025,King Edward Station,Sunday/Holiday,3:00 to 4:00 AM,0,0,3
2025,King Edward Station,Sunday/Holiday,3:00 to 4:00 PM,367,364,15
2025,King Edward Station,Sunday/Holiday,9:00 to 10:00 AM,115,274,9
2025,King Edward Station,Saturday,1:00 to 2:00 PM,329,409,13
2025,King Edward Station,Saturday,1:00 to 2:00 AM,27,3,1
2025,King Edward Station,Weekday,9:00 to 10:00 PM,303,118,21
2025,King Edward Station,Weekday,9:00 to 10:00 AM,233,512,9
2025,King Edward Station,Weekday,8:00 to 9:00 PM,304,137,20
2025,King Edward Station,Weekday,8:00 to 9:00 AM,332,782,8
2025,King Edward Station,Weekday,7:00 to 8:00 PM,378,206,19
2025,King Edward Station,Weekday,7:00 to 8:00 AM,357,578,7
2025,King Edward Station,Weekday,6:00 to 7:00 PM,599,345,18
2025,King Edward Station,Weekday,6:00 to 7:00 AM,174,305,6
2025,King Edward Station,Weekday,5:00 to 6:00 PM,819,472,17
2025,King Edward Station,Weekday,5:00 to 6:00 AM,37,80,5
2025,King Edward Station,Weekday,4:00 to 5:00 PM,708,613,16
2025,King Edward Station,Weekday,4:00 to 5:00 AM,1,5,4
2025,King Edward Station,Weekday,3:00 to 4:00 PM,520,578,15
2025,King Edward Station,Weekday,3:00 to 4:00 AM,0,0,3
2025,King Edward Station,Weekday,2:00 to 3:00 PM,395,365,14
2025,King Edward Station,Weekday,2:00 to 3:00 AM,0,0,2
2025,King Edward Station,Weekday,12:00 to 1:00 PM,278,337,12
2025,King Edward Station,Weekday,12:00 to 1:00 AM,65,16,0
2025,King Edward Station,Weekday,11:00 PM to 12:00 AM,124,40,23
2025,King Edward Station,Weekday,11:00 AM to 12:00 PM,217,327,11
2025,King Edward Station,Weekday,10:00 to 11:00 PM,222,77,22
2025,King Edward Station,Weekday,10:00 to 11:00 AM,191,341,10
2025,King Edward Station,Weekday,1:00 to 2:00 PM,309,331,13
2025,King Edward Station,Weekday,1:00 to 2:00 AM,14,2,1
2025,King Edward Station,Sunday/Holiday,4:00 to 5:00 AM,1,4,4
2025,King Edward Station,Sunday/Holiday,4:00 to 5:00 PM,409,316,16
2025,King Edward Station,Sunday/Holiday,5:00 to 6:00 AM,14,24,5
2025,King Edward Station,Sunday/Holiday,5:00 to 6:00 PM,418,260,17
2025,King Edward Station,Sunday/Holiday,6:00 to 7:00 AM,88,76,6
2025,King Edward Station,Sunday/Holiday,6:00 to 7:00 PM,375,209,18
2025,King Edward Station,Sunday/Holiday,7:00 to 8:00 AM,82,152,7
2025,King Edward Station,Sunday/Holiday,7:00 to 8:00 PM,319,149,19
2025,King Edward Station,Sunday/Holiday,8:00 to 9:00 AM,82,203,8
2025,King Edward Station,Sunday/Holiday,8:00 to 9:00 PM,266,111,20
2025,King Edward Station,Sunday/Holiday,9:00 to 10:00 PM,245,88,21
2025,King George Station,Sunday/Holiday,9:00 to 10:00 PM,255,284,21
2025,King George Station,Sunday/Holiday,9:00 to 10:00 AM,126,583,9
2025,King George Station,Sunday/Holiday,8:00 to 9:00 PM,315,251,20
2025,King George Station,Sunday/Holiday,8:00 to 9:00 AM,137,530,8
2025,King George Station,Sunday/Holiday,7:00 to 8:00 PM,369,270,19
2025,King George Station,Sunday/Holiday,7:00 to 8:00 AM,49,679,7
2025,King George Station,Sunday/Holiday,6:00 to 7:00 PM,374,305,18
2025,King George Station,Sunday/Holiday,6:00 to 7:00 AM,5,185,6
2025,King George Station,Sunday/Holiday,5:00 to 6:00 PM,361,363,17
2025,King George Station,Sunday/Holiday,5:00 to 6:00 AM,0,10,5
2025,King George Station,Sunday/Holiday,4:00 to 5:00 PM,311,442,16
2025,King George Station,Sunday/Holiday,4:00 to 5:00 AM,0,0,4
2025,King George Station,Sunday/Holiday,3:00 to 4:00 PM,264,524,15
2025,King George Station,Sunday/Holiday,2:00 to 3:00 PM,219,600,14
2025,King George Station,Sunday/Holiday,2:00 to 3:00 AM,0,0,2
2025,King George Station,Sunday/Holiday,12:00 to 1:00 PM,163,585,12
2025,King George Station,Sunday/Holiday,12:00 to 1:00 AM,94,19,0
2025,King George Station,Sunday/Holiday,11:00 PM to 12:00 AM,230,82,23
2025,King George Station,Sunday/Holiday,11:00 AM to 12:00 PM,149,566,11
2025,King George Station,Sunday/Holiday,10:00 to 11:00 PM,225,188,22
2025,King George Station,Sunday/Holiday,10:00 to 11:00 AM,115,565,10
2025,King George Station,Sunday/Holiday,1:00 to 2:00 PM,195,634,13
2025,King George Station,Sunday/Holiday,1:00 to 2:00 AM,3,1,1
2025,King George Station,Saturday,9:00 to 10:00 PM,341,326,21
2025,King George Station,Saturday,9:00 to 10:00 AM,116,674,9
2025,King George Station,Saturday,8:00 to 9:00 PM,344,288,20
2025,King George Station,Saturday,8:00 to 9:00 AM,162,802,8
2025,King George Station,Saturday,7:00 to 8:00 PM,394,329,19
2025,King George Station,Saturday,7:00 to 8:00 AM,135,754,7
2025,King George Station,Saturday,6:00 to 7:00 PM,448,410,18
2025,King George Station,Saturday,6:00 to 7:00 AM,44,631,6
2025,King George Station,Saturday,5:00 to 6:00 PM,460,494,17
2025,King George Station,Saturday,5:00 to 6:00 AM,0,83,5
2025,King George Station,Saturday,4:00 to 5:00 PM,432,575,16
2025,King George Station,Saturday,4:00 to 5:00 AM,0,0,4
2025,King George Station,Saturday,3:00 to 4:00 PM,339,673,15
2025,King George Station,Saturday,2:00 to 3:00 PM,260,715,14
2025,King George Station,Saturday,2:00 to 3:00 AM,0,0,2
2025,King George Station,Saturday,12:00 to 1:00 PM,196,716,12
2025,King George Station,Saturday,12:00 to 1:00 AM,223,58,0
2025,King George Station,Saturday,11:00 PM to 12:00 AM,298,192,23
2025,King George Station,Saturday,11:00 AM to 12:00 PM,160,674,11
2025,King George Station,Saturday,10:00 to 11:00 PM,333,263,22
2025,King George Station,Saturday,10:00 to 11:00 AM,131,620,10
2025,King George Station,Saturday,1:00 to 2:00 PM,216,727,13
2025,King George Station,Saturday,1:00 to 2:00 AM,64,10,1
2025,King George Station,Weekday,9:00 to 10:00 PM,373,273,21
2025,King George Station,Weekday,9:00 to 10:00 AM,203,1033,9
2025,King George Station,Weekday,8:00 to 9:00 PM,432,249,20
2025,King George Station,Weekday,8:00 to 9:00 AM,373,1624,8
2025,King George Station,Weekday,7:00 to 8:00 PM,558,298,19
2025,King George Station,Weekday,7:00 to 8:00 AM,373,2183,7
2025,King George Station,Weekday,6:00 to 7:00 PM,900,462,18
2025,King George Station,Weekday,6:00 to 7:00 AM,336,1617,6
2025,King George Station,Weekday,5:00 to 6:00 PM,1088,750,17
2025,King George Station,Weekday,5:00 to 6:00 AM,41,948,5
2025,King George Station,Weekday,4:00 to 5:00 PM,906,876,16
2025,King George Station,Weekday,4:00 to 5:00 AM,0,65,4
2025,King George Station,Weekday,3:00 to 4:00 PM,613,791,15
2025,King George Station,Weekday,3:00 to 4:00 AM,0,0,3
2025,King George Station,Weekday,2:00 to 3:00 PM,336,708,14
2025,King George Station,Weekday,2:00 to 3:00 AM,0,0,2
2025,King George Station,Weekday,12:00 to 1:00 PM,227,738,12
2025,King George Station,Weekday,12:00 to 1:00 AM,182,30,0
2025,King George Station,Weekday,11:00 PM to 12:00 AM,262,98,23
2025,King George Station,Weekday,11:00 AM to 12:00 PM,171,798,11
2025,King George Station,Weekday,10:00 to 11:00 PM,309,188,22
2025,King George Station,Weekday,10:00 to 11:00 AM,151,726,10
2025,King George Station,Weekday,1:00 to 2:00 PM,253,738,13
2025,King George Station,Weekday,1:00 to 2:00 AM,58,8,1
2025,Lafarge Lake-Douglas Station,Sunday/Holiday,9:00 to 10:00 PM,88,40,21
2025,Lafarge Lake-Douglas Station,Sunday/Holiday,9:00 to 10:00 AM,33,75,9
2025,Lafarge Lake-Douglas Station,Sunday/Holiday,8:00 to 9:00 PM,92,54,20
2025,Lafarge Lake-Douglas Station,Sunday/Holiday,8:00 to 9:00 AM,28,48,8
2025,Lafarge Lake-Douglas Station,Sunday/Holiday,7:00 to 8:00 PM,112,66,19
2025,Lafarge Lake-Douglas Station,Sunday/Holiday,7:00 to 8:00 AM,2,33,7
2025,Lafarge Lake-Douglas Station,Sunday/Holiday,6:00 to 7:00 PM,122,72,18
2025,Lafarge Lake-Douglas Station,Sunday/Holiday,6:00 to 7:00 AM,1,13,6
2025,Lafarge Lake-Douglas Station,Sunday/Holiday,5:00 to 6:00 PM,128,87,17
2025,Lafarge Lake-Douglas Station,Sunday/Holiday,5:00 to 6:00 AM,0,1,5
2025,Lafarge Lake-Douglas Station,Sunday/Holiday,4:00 to 5:00 PM,126,89,16
2025,Lafarge Lake-Douglas Station,Sunday/Holiday,4:00 to 5:00 AM,0,0,4
2025,Lafarge Lake-Douglas Station,Sunday/Holiday,3:00 to 4:00 PM,107,90,15
2025,Lafarge Lake-Douglas Station,Sunday/Holiday,2:00 to 3:00 PM,95,85,14
2025,Lafarge Lake-Douglas Station,Sunday/Holiday,2:00 to 3:00 AM,0,0,2
2025,Lafarge Lake-Douglas Station,Sunday/Holiday,12:00 to 1:00 PM,67,94,12
2025,Lafarge Lake-Douglas Station,Sunday/Holiday,12:00 to 1:00 AM,21,1,0
2025,Lafarge Lake-Douglas Station,Sunday/Holiday,11:00 PM to 12:00 AM,33,15,23
2025,Lafarge Lake-Douglas Station,Sunday/Holiday,11:00 AM to 12:00 PM,54,95,11
2025,Lafarge Lake-Douglas Station,Sunday/Holiday,10:00 to 11:00 PM,46,58,22
2025,Lafarge Lake-Douglas Station,Sunday/Holiday,10:00 to 11:00 AM,45,94,10
2025,Lafarge Lake-Douglas Station,Sunday/Holiday,1:00 to 2:00 PM,80,96,13
2025,Lafarge Lake-Douglas Station,Sunday/Holiday,1:00 to 2:00 AM,4,1,1
2025,Lafarge Lake-Douglas Station,Saturday,9:00 to 10:00 PM,83,57,21
2025,Lafarge Lake-Douglas Station,Saturday,9:00 to 10:00 AM,47,92,9
2025,Lafarge Lake-Douglas Station,Saturday,8:00 to 9:00 PM,98,70,20
2025,Lafarge Lake-Douglas Station,Saturday,8:00 to 9:00 AM,45,84,8
2025,Lafarge Lake-Douglas Station,Saturday,7:00 to 8:00 PM,123,81,19
2025,Lafarge Lake-Douglas Station,Saturday,7:00 to 8:00 AM,24,56,7
2025,Lafarge Lake-Douglas Station,Saturday,6:00 to 7:00 PM,149,102,18
2025,Lafarge Lake-Douglas Station,Saturday,6:00 to 7:00 AM,1,35,6
2025,Lafarge Lake-Douglas Station,Saturday,5:00 to 6:00 PM,152,126,17
2025,Lafarge Lake-Douglas Station,Saturday,5:00 to 6:00 AM,0,6,5
2025,Lafarge Lake-Douglas Station,Saturday,4:00 to 5:00 PM,142,121,16
2025,Lafarge Lake-Douglas Station,Saturday,4:00 to 5:00 AM,0,0,4
2025,Lafarge Lake-Douglas Station,Saturday,3:00 to 4:00 PM,115,114,15
2025,Lafarge Lake-Douglas Station,Saturday,2:00 to 3:00 PM,99,112,14
2025,Lafarge Lake-Douglas Station,Saturday,2:00 to 3:00 AM,2,1,2
2025,Lafarge Lake-Douglas Station,Saturday,12:00 to 1:00 PM,76,110,12
2025,Lafarge Lake-Douglas Station,Saturday,12:00 to 1:00 AM,41,5,0
2025,Lafarge Lake-Douglas Station,Saturday,11:00 PM to 12:00 AM,63,15,23
2025,Lafarge Lake-Douglas Station,Saturday,11:00 AM to 12:00 PM,66,104,11
2025,Lafarge Lake-Douglas Station,Saturday,10:00 to 11:00 PM,77,36,22
2025,Lafarge Lake-Douglas Station,Saturday,10:00 to 11:00 AM,53,108,10
2025,Lafarge Lake-Douglas Station,Saturday,1:00 to 2:00 PM,89,110,13
2025,Lafarge Lake-Douglas Station,Saturday,1:00 to 2:00 AM,23,1,1
2025,Lafarge Lake-Douglas Station,Weekday,9:00 to 10:00 PM,81,48,21
2025,Lafarge Lake-Douglas Station,Weekday,9:00 to 10:00 AM,99,149,9
2025,Lafarge Lake-Douglas Station,Weekday,8:00 to 9:00 PM,97,50,20
2025,Lafarge Lake-Douglas Station,Weekday,8:00 to 9:00 AM,150,258,8
2025,Lafarge Lake-Douglas Station,Weekday,7:00 to 8:00 PM,150,56,19
2025,Lafarge Lake-Douglas Station,Weekday,7:00 to 8:00 AM,77,334,7
2025,Lafarge Lake-Douglas Station,Weekday,6:00 to 7:00 PM,273,87,18
2025,Lafarge Lake-Douglas Station,Weekday,6:00 to 7:00 AM,56,185,6
2025,Lafarge Lake-Douglas Station,Weekday,5:00 to 6:00 PM,311,122,17
2025,Lafarge Lake-Douglas Station,Weekday,5:00 to 6:00 AM,1,84,5
2025,Lafarge Lake-Douglas Station,Weekday,4:00 to 5:00 PM,270,172,16
2025,Lafarge Lake-Douglas Station,Weekday,4:00 to 5:00 AM,0,14,4
2025,Lafarge Lake-Douglas Station,Weekday,3:00 to 4:00 PM,176,188,15
2025,Lafarge Lake-Douglas Station,Weekday,2:00 to 3:00 PM,128,142,14
2025,Lafarge Lake-Douglas Station,Weekday,2:00 to 3:00 AM,1,1,2
2025,Lafarge Lake-Douglas Station,Weekday,12:00 to 1:00 PM,115,141,12
2025,Lafarge Lake-Douglas Station,Weekday,12:00 to 1:00 AM,27,3,0
2025,Lafarge Lake-Douglas Station,Weekday,11:00 PM to 12:00 AM,42,9,23
2025,Lafarge Lake-Douglas Station,Weekday,11:00 AM to 12:00 PM,89,119,11
2025,Lafarge Lake-Douglas Station,Weekday,10:00 to 11:00 PM,65,19,22
2025,Lafarge Lake-Douglas Station,Weekday,10:00 to 11:00 AM,80,116,10
2025,Lafarge Lake-Douglas Station,Weekday,1:00 to 2:00 PM,95,105,13
2025,Lafarge Lake-Douglas Station,Weekday,1:00 to 2:00 AM,11,1,1
2025,Lake City Way Station,Weekday,10:00 to 11:00 AM,23,24,10
2025,Lake City Way Station,Weekday,1:00 to 2:00 PM,30,32,13
2025,Lake City Way Station,Weekday,1:00 to 2:00 AM,4,2,1
2025,Lake City Way Station,Weekday,10:00 to 11:00 PM,18,13,22
2025,Lake City Way Station,Weekday,11:00 AM to 12:00 PM,23,27,11
2025,Lake City Way Station,Weekday,11:00 PM to 12:00 AM,14,11,23
2025,Lake City Way Station,Weekday,12:00 to 1:00 AM,6,4,0
2025,Lake City Way Station,Weekday,12:00 to 1:00 PM,22,26,12
2025,Lake City Way Station,Weekday,2:00 to 3:00 AM,0,0,2
2025,Lake City Way Station,Weekday,2:00 to 3:00 PM,37,58,14
2025,Lake City Way Station,Weekday,3:00 to 4:00 AM,0,0,3
2025,Lake City Way Station,Weekday,3:00 to 4:00 PM,52,132,15
2025,Lake City Way Station,Weekday,4:00 to 5:00 AM,0,0,4
2025,Lake City Way Station,Weekday,4:00 to 5:00 PM,53,153,16
2025,Lake City Way Station,Weekday,5:00 to 6:00 AM,20,10,5
2025,Lake City Way Station,Weekday,5:00 to 6:00 PM,63,112,17
2025,Lake City Way Station,Weekday,6:00 to 7:00 AM,135,32,6
2025,Lake City Way Station,Weekday,6:00 to 7:00 PM,41,46,18
2025,Lake City Way Station,Weekday,7:00 to 8:00 AM,144,49,7
2025,Lake City Way Station,Weekday,7:00 to 8:00 PM,26,28,19
2025,Lake City Way Station,Weekday,8:00 to 9:00 AM,110,53,8
2025,Lake City Way Station,Weekday,8:00 to 9:00 PM,22,19,20
2025,Lake City Way Station,Weekday,9:00 to 10:00 AM,49,33,9
2025,Lake City Way Station,Weekday,9:00 to 10:00 PM,20,15,21
2025,Lake City Way Station,Saturday,1:00 to 2:00 AM,5,2,1
2025,Lake City Way Station,Saturday,1:00 to 2:00 PM,17,29,13
2025,Lake City Way Station,Saturday,10:00 to 11:00 AM,15,21,10
2025,Lake City Way Station,Saturday,10:00 to 11:00 PM,20,7,22
2025,Lake City Way Station,Saturday,11:00 AM to 12:00 PM,16,26,11
2025,Lake City Way Station,Saturday,11:00 PM to 12:00 AM,14,8,23
2025,Lake City Way Station,Saturday,12:00 to 1:00 AM,11,3,0
2025,Lake City Way Station,Saturday,12:00 to 1:00 PM,15,27,12
2025,Lake City Way Station,Saturday,2:00 to 3:00 AM,0,0,2
2025,Lake City Way Station,Saturday,2:00 to 3:00 PM,21,33,14
2025,Lake City Way Station,Saturday,3:00 to 4:00 AM,0,0,3
2025,Lake City Way Station,Saturday,3:00 to 4:00 PM,26,37,15
2025,Lake City Way Station,Saturday,4:00 to 5:00 AM,0,0,4
2025,Lake City Way Station,Saturday,4:00 to 5:00 PM,27,40,16
2025,Lake City Way Station,Saturday,5:00 to 6:00 AM,0,0,5
2025,Lake City Way Station,Saturday,5:00 to 6:00 PM,28,53,17
2025,Lake City Way Station,Saturday,6:00 to 7:00 AM,29,8,6
2025,Lake City Way Station,Saturday,6:00 to 7:00 PM,23,29,18
2025,Lake City Way Station,Saturday,7:00 to 8:00 AM,22,13,7
2025,Lake City Way Station,Saturday,7:00 to 8:00 PM,19,21,19
2025,Lake City Way Station,Saturday,8:00 to 9:00 AM,34,18,8
2025,Lake City Way Station,Saturday,8:00 to 9:00 PM,16,17,20
2025,Lake City Way Station,Saturday,9:00 to 10:00 AM,17,21,9
2025,Lake City Way Station,Saturday,9:00 to 10:00 PM,17,11,21
2025,Lake City Way Station,Sunday/Holiday,1:00 to 2:00 AM,0,0,1
2025,Lake City Way Station,Sunday/Holiday,1:00 to 2:00 PM,18,23,13
2025,Lake City Way Station,Sunday/Holiday,10:00 to 11:00 AM,12,20,10
2025,Lake City Way Station,Sunday/Holiday,10:00 to 11:00 PM,11,5,22
2025,Lake City Way Station,Sunday/Holiday,11:00 AM to 12:00 PM,14,22,11
2025,Lake City Way Station,Sunday/Holiday,11:00 PM to 12:00 AM,12,5,23
2025,Lake City Way Station,Sunday/Holiday,12:00 to 1:00 AM,6,2,0
2025,Lake City Way Station,Sunday/Holiday,12:00 to 1:00 PM,16,22,12
2025,Lake City Way Station,Sunday/Holiday,2:00 to 3:00 AM,0,0,2
2025,Lake City Way Station,Sunday/Holiday,2:00 to 3:00 PM,17,25,14
2025,Lake City Way Station,Sunday/Holiday,3:00 to 4:00 PM,23,26,15
2025,Lake City Way Station,Sunday/Holiday,4:00 to 5:00 AM,0,0,4
2025,Lake City Way Station,Sunday/Holiday,4:00 to 5:00 PM,23,33,16
2025,Lake City Way Station,Sunday/Holiday,5:00 to 6:00 AM,0,0,5
2025,Lake City Way Station,Sunday/Holiday,5:00 to 6:00 PM,24,38,17
2025,Lake City Way Station,Sunday/Holiday,6:00 to 7:00 AM,2,1,6
2025,Lake City Way Station,Sunday/Holiday,6:00 to 7:00 PM,22,24,18
2025,Lake City Way Station,Sunday/Holiday,7:00 to 8:00 AM,22,11,7
2025,Lake City Way Station,Sunday/Holiday,7:00 to 8:00 PM,18,18,19
2025,Lake City Way Station,Sunday/Holiday,8:00 to 9:00 AM,25,12,8
2025,Lake City Way Station,Sunday/Holiday,8:00 to 9:00 PM,19,14,20
2025,Lake City Way Station,Sunday/Holiday,9:00 to 10:00 AM,14,17,9
2025,Lake City Way Station,Sunday/Holiday,9:00 to 10:00 PM,14,9,21
2025,Langara-49th Avenue Station,Weekday,1:00 to 2:00 AM,20,2,1
2025,Langara-49th Avenue Station,Weekday,1:00 to 2:00 PM,370,459,13
2025,Langara-49th Avenue Station,Sunday/Holiday,9:00 to 10:00 PM,253,77,21
2025,Langara-49th Avenue Station,Sunday/Holiday,9:00 to 10:00 AM,97,300,9
2025,Langara-49th Avenue Station,Sunday/Holiday,8:00 to 9:00 PM,279,87,20
2025,Langara-49th Avenue Station,Sunday/Holiday,8:00 to 9:00 AM,70,231,8
2025,Langara-49th Avenue Station,Sunday/Holiday,7:00 to 8:00 PM,350,132,19
2025,Langara-49th Avenue Station,Sunday/Holiday,7:00 to 8:00 AM,68,233,7
2025,Langara-49th Avenue Station,Sunday/Holiday,6:00 to 7:00 PM,372,186,18
2025,Langara-49th Avenue Station,Sunday/Holiday,6:00 to 7:00 AM,35,105,6
2025,Langara-49th Avenue Station,Sunday/Holiday,5:00 to 6:00 PM,411,266,17
2025,Langara-49th Avenue Station,Sunday/Holiday,5:00 to 6:00 AM,10,30,5
2025,Langara-49th Avenue Station,Sunday/Holiday,4:00 to 5:00 PM,397,316,16
2025,Langara-49th Avenue Station,Sunday/Holiday,4:00 to 5:00 AM,1,4,4
2025,Langara-49th Avenue Station,Sunday/Holiday,3:00 to 4:00 PM,369,344,15
2025,Langara-49th Avenue Station,Sunday/Holiday,3:00 to 4:00 AM,0,1,3
2025,Langara-49th Avenue Station,Sunday/Holiday,2:00 to 3:00 PM,303,368,14
2025,Langara-49th Avenue Station,Sunday/Holiday,2:00 to 3:00 AM,1,1,2
2025,Langara-49th Avenue Station,Sunday/Holiday,12:00 to 1:00 PM,199,407,12
2025,Langara-49th Avenue Station,Sunday/Holiday,12:00 to 1:00 AM,73,10,0
2025,Langara-49th Avenue Station,Sunday/Holiday,11:00 PM to 12:00 AM,157,31,23
2025,Langara-49th Avenue Station,Sunday/Holiday,11:00 AM to 12:00 PM,157,371,11
2025,Langara-49th Avenue Station,Sunday/Holiday,10:00 to 11:00 PM,217,51,22
2025,Langara-49th Avenue Station,Sunday/Holiday,10:00 to 11:00 AM,128,375,10
2025,Langara-49th Avenue Station,Sunday/Holiday,1:00 to 2:00 PM,256,399,13
2025,Langara-49th Avenue Station,Sunday/Holiday,1:00 to 2:00 AM,15,2,1
2025,Langara-49th Avenue Station,Saturday,9:00 to 10:00 PM,324,105,21
2025,Langara-49th Avenue Station,Saturday,9:00 to 10:00 AM,130,379,9
2025,Langara-49th Avenue Station,Saturday,8:00 to 9:00 PM,324,128,20
2025,Langara-49th Avenue Station,Saturday,8:00 to 9:00 AM,135,295,8
2025,Langara-49th Avenue Station,Saturday,7:00 to 8:00 PM,346,185,19
2025,Langara-49th Avenue Station,Saturday,7:00 to 8:00 AM,77,248,7
2025,Langara-49th Avenue Station,Saturday,6:00 to 7:00 PM,417,283,18
2025,Langara-49th Avenue Station,Saturday,6:00 to 7:00 AM,36,113,6
2025,Langara-49th Avenue Station,Saturday,5:00 to 6:00 PM,441,352,17
2025,Langara-49th Avenue Station,Saturday,5:00 to 6:00 AM,9,31,5
2025,Langara-49th Avenue Station,Saturday,4:00 to 5:00 PM,455,414,16
2025,Langara-49th Avenue Station,Saturday,4:00 to 5:00 AM,1,3,4
2025,Langara-49th Avenue Station,Saturday,3:00 to 4:00 PM,401,422,15
2025,Langara-49th Avenue Station,Saturday,3:00 to 4:00 AM,0,0,3
2025,Langara-49th Avenue Station,Saturday,2:00 to 3:00 PM,337,430,14
2025,Langara-49th Avenue Station,Saturday,2:00 to 3:00 AM,1,1,2
2025,Langara-49th Avenue Station,Saturday,12:00 to 1:00 PM,250,444,12
2025,Langara-49th Avenue Station,Saturday,12:00 to 1:00 AM,124,17,0
2025,Langara-49th Avenue Station,Saturday,11:00 PM to 12:00 AM,206,47,23
2025,Langara-49th Avenue Station,Saturday,11:00 AM to 12:00 PM,186,430,11
2025,Langara-49th Avenue Station,Saturday,10:00 to 11:00 PM,297,79,22
2025,Langara-49th Avenue Station,Saturday,10:00 to 11:00 AM,152,401,10
2025,Langara-49th Avenue Station,Saturday,1:00 to 2:00 PM,273,444,13
2025,Langara-49th Avenue Station,Saturday,1:00 to 2:00 AM,31,2,1
2025,Langara-49th Avenue Station,Weekday,9:00 to 10:00 PM,336,137,21
2025,Langara-49th Avenue Station,Weekday,9:00 to 10:00 AM,366,545,9
2025,Langara-49th Avenue Station,Weekday,8:00 to 9:00 PM,333,185,20
2025,Langara-49th Avenue Station,Weekday,8:00 to 9:00 AM,542,773,8
2025,Langara-49th Avenue Station,Weekday,7:00 to 8:00 PM,396,218,19
2025,Langara-49th Avenue Station,Weekday,7:00 to 8:00 AM,290,610,7
2025,Langara-49th Avenue Station,Weekday,6:00 to 7:00 PM,602,414,18
2025,Langara-49th Avenue Station,Weekday,6:00 to 7:00 AM,100,348,6
2025,Langara-49th Avenue Station,Weekday,5:00 to 6:00 PM,802,537,17
2025,Langara-49th Avenue Station,Weekday,5:00 to 6:00 AM,17,85,5
2025,Langara-49th Avenue Station,Weekday,4:00 to 5:00 PM,719,744,16
2025,Langara-49th Avenue Station,Weekday,4:00 to 5:00 AM,1,6,4
2025,Langara-49th Avenue Station,Weekday,3:00 to 4:00 PM,559,614,15
2025,Langara-49th Avenue Station,Weekday,3:00 to 4:00 AM,0,0,3
2025,Langara-49th Avenue Station,Weekday,2:00 to 3:00 PM,447,604,14
2025,Langara-49th Avenue Station,Weekday,2:00 to 3:00 AM,1,1,2
2025,Langara-49th Avenue Station,Weekday,12:00 to 1:00 PM,396,554,12
2025,Langara-49th Avenue Station,Weekday,12:00 to 1:00 AM,84,11,0
2025,Langara-49th Avenue Station,Weekday,11:00 PM to 12:00 AM,164,35,23
2025,Langara-49th Avenue Station,Weekday,11:00 AM to 12:00 PM,292,431,11
2025,Langara-49th Avenue Station,Weekday,10:00 to 11:00 PM,264,74,22
2025,Langara-49th Avenue Station,Weekday,10:00 to 11:00 AM,405,447,10
2025,Lansdowne Station,Weekday,11:00 AM to 12:00 PM,232,249,11
2025,Lansdowne Station,Weekday,11:00 PM to 12:00 AM,70,39,23
2025,Lansdowne Station,Weekday,12:00 to 1:00 AM,29,19,0
2025,Lansdowne Station,Weekday,12:00 to 1:00 PM,255,281,12
2025,Lansdowne Station,Weekday,2:00 to 3:00 AM,1,1,2
2025,Lansdowne Station,Weekday,2:00 to 3:00 PM,294,294,14
2025,Lansdowne Station,Weekday,3:00 to 4:00 AM,0,0,3
2025,Lansdowne Station,Weekday,3:00 to 4:00 PM,399,347,15
2025,Lansdowne Station,Weekday,4:00 to 5:00 AM,0,5,4
2025,Lansdowne Station,Weekday,4:00 to 5:00 PM,527,378,16
2025,Lansdowne Station,Weekday,5:00 to 6:00 AM,10,48,5
2025,Lansdowne Station,Weekday,5:00 to 6:00 PM,652,354,17
2025,Lansdowne Station,Weekday,6:00 to 7:00 AM,72,158,6
2025,Lansdowne Station,Weekday,6:00 to 7:00 PM,486,280,18
2025,Lansdowne Station,Weekday,7:00 to 8:00 AM,113,364,7
2025,Lansdowne Station,Weekday,7:00 to 8:00 PM,227,185,19
2025,Lansdowne Station,Weekday,8:00 to 9:00 AM,220,428,8
2025,Lansdowne Station,Weekday,8:00 to 9:00 PM,171,138,20
2025,Lansdowne Station,Weekday,9:00 to 10:00 AM,237,301,9
2025,Lansdowne Station,Weekday,9:00 to 10:00 PM,148,125,21
2025,Lansdowne Station,Saturday,1:00 to 2:00 AM,19,1,1
2025,Lansdowne Station,Saturday,1:00 to 2:00 PM,285,342,13
2025,Lansdowne Station,Saturday,10:00 to 11:00 AM,257,241,10
2025,Lansdowne Station,Saturday,10:00 to 11:00 PM,136,108,22
2025,Lansdowne Station,Saturday,11:00 AM to 12:00 PM,257,267,11
2025,Lansdowne Station,Saturday,11:00 PM to 12:00 AM,103,58,23
2025,Lansdowne Station,Saturday,12:00 to 1:00 AM,54,34,0
2025,Lansdowne Station,Saturday,12:00 to 1:00 PM,299,305,12
2025,Lansdowne Station,Saturday,2:00 to 3:00 AM,1,1,2
2025,Lansdowne Station,Saturday,2:00 to 3:00 PM,333,366,14
2025,Lansdowne Station,Saturday,3:00 to 4:00 AM,0,0,3
2025,Lansdowne Station,Saturday,3:00 to 4:00 PM,332,368,15
2025,Lansdowne Station,Saturday,4:00 to 5:00 AM,0,2,4
2025,Lansdowne Station,Saturday,4:00 to 5:00 PM,395,377,16
2025,Lansdowne Station,Saturday,5:00 to 6:00 AM,6,24,5
2025,Lansdowne Station,Saturday,5:00 to 6:00 PM,358,344,17
2025,Lansdowne Station,Saturday,6:00 to 7:00 AM,29,49,6
2025,Lansdowne Station,Saturday,6:00 to 7:00 PM,354,294,18
2025,Lansdowne Station,Saturday,7:00 to 8:00 AM,74,71,7
2025,Lansdowne Station,Saturday,7:00 to 8:00 PM,227,214,19
2025,Lansdowne Station,Saturday,8:00 to 9:00 AM,115,129,8
2025,Lansdowne Station,Saturday,8:00 to 9:00 PM,163,187,20
2025,Lansdowne Station,Saturday,9:00 to 10:00 AM,181,179,9
2025,Lansdowne Station,Saturday,9:00 to 10:00 PM,149,160,21
2025,Lansdowne Station,Sunday/Holiday,1:00 to 2:00 AM,7,1,1
2025,Lansdowne Station,Sunday/Holiday,1:00 to 2:00 PM,273,289,13
2025,Lansdowne Station,Sunday/Holiday,10:00 to 11:00 AM,181,196,10
2025,Lansdowne Station,Sunday/Holiday,10:00 to 11:00 PM,87,77,22
2025,Lansdowne Station,Sunday/Holiday,11:00 AM to 12:00 PM,230,224,11
2025,Lansdowne Station,Sunday/Holiday,11:00 PM to 12:00 AM,61,44,23
2025,Lansdowne Station,Sunday/Holiday,12:00 to 1:00 AM,25,20,0
2025,Lansdowne Station,Sunday/Holiday,12:00 to 1:00 PM,223,255,12
2025,Lansdowne Station,Sunday/Holiday,2:00 to 3:00 AM,1,1,2
2025,Lansdowne Station,Sunday/Holiday,2:00 to 3:00 PM,269,303,14
2025,Lansdowne Station,Sunday/Holiday,3:00 to 4:00 AM,0,0,3
2025,Lansdowne Station,Sunday/Holiday,3:00 to 4:00 PM,332,308,15
2025,Lansdowne Station,Sunday/Holiday,4:00 to 5:00 AM,0,3,4
2025,Lansdowne Station,Sunday/Holiday,4:00 to 5:00 PM,308,278,16
2025,Lansdowne Station,Sunday/Holiday,5:00 to 6:00 AM,6,22,5
2025,Lansdowne Station,Sunday/Holiday,5:00 to 6:00 PM,331,261,17
2025,Lansdowne Station,Sunday/Holiday,6:00 to 7:00 AM,19,45,6
2025,Lansdowne Station,Sunday/Holiday,6:00 to 7:00 PM,257,224,18
2025,Lansdowne Station,Sunday/Holiday,7:00 to 8:00 AM,44,59,7
2025,Lansdowne Station,Sunday/Holiday,7:00 to 8:00 PM,194,175,19
2025,Lansdowne Station,Sunday/Holiday,8:00 to 9:00 AM,67,84,8
2025,Lansdowne Station,Sunday/Holiday,8:00 to 9:00 PM,135,134,20
2025,Lansdowne Station,Sunday/Holiday,9:00 to 10:00 AM,128,146,9
2025,Lansdowne Station,Sunday/Holiday,9:00 to 10:00 PM,112,125,21
2025,Lansdowne Station,Weekday,10:00 to 11:00 PM,110,82,22
2025,Lansdowne Station,Weekday,10:00 to 11:00 AM,209,239,10
2025,Lansdowne Station,Weekday,1:00 to 2:00 PM,272,282,13
2025,Lansdowne Station,Weekday,1:00 to 2:00 AM,9,1,1
2025,Lincoln Station,Weekday,1:00 to 2:00 AM,13,1,1
2025,Lincoln Station,Weekday,1:00 to 2:00 PM,205,191,13
2025,Lincoln Station,Weekday,10:00 to 11:00 AM,156,173,10
2025,Lincoln Station,Weekday,10:00 to 11:00 PM,77,56,22
2025,Lincoln Station,Weekday,11:00 AM to 12:00 PM,171,184,11
2025,Lincoln Station,Weekday,11:00 PM to 12:00 AM,41,22,23
2025,Lincoln Station,Weekday,12:00 to 1:00 AM,23,9,0
2025,Lincoln Station,Weekday,12:00 to 1:00 PM,197,183,12
2025,Lincoln Station,Weekday,2:00 to 3:00 AM,0,0,2
2025,Lincoln Station,Weekday,2:00 to 3:00 PM,249,201,14
2025,Lincoln Station,Weekday,3:00 to 4:00 PM,324,257,15
2025,Lincoln Station,Weekday,4:00 to 5:00 AM,0,6,4
2025,Lincoln Station,Weekday,4:00 to 5:00 PM,409,280,16
2025,Lincoln Station,Weekday,5:00 to 6:00 AM,1,92,5
2025,Lincoln Station,Weekday,5:00 to 6:00 PM,435,338,17
2025,Lincoln Station,Weekday,6:00 to 7:00 AM,127,234,6
2025,Lincoln Station,Weekday,6:00 to 7:00 PM,350,229,18
2025,Lincoln Station,Weekday,7:00 to 8:00 AM,86,387,7
2025,Lincoln Station,Weekday,7:00 to 8:00 PM,171,187,19
2025,Lincoln Station,Weekday,8:00 to 9:00 AM,147,319,8
2025,Lincoln Station,Weekday,8:00 to 9:00 PM,112,121,20
2025,Lincoln Station,Weekday,9:00 to 10:00 AM,170,203,9
2025,Lincoln Station,Weekday,9:00 to 10:00 PM,93,98,21
2025,Lincoln Station,Saturday,1:00 to 2:00 AM,26,1,1
2025,Lincoln Station,Saturday,1:00 to 2:00 PM,219,237,13
2025,Lincoln Station,Saturday,10:00 to 11:00 AM,189,159,10
2025,Lincoln Station,Saturday,10:00 to 11:00 PM,82,66,22
2025,Lincoln Station,Saturday,11:00 AM to 12:00 PM,209,187,11
2025,Lincoln Station,Saturday,11:00 PM to 12:00 AM,61,29,23
2025,Lincoln Station,Saturday,12:00 to 1:00 AM,40,13,0
2025,Lincoln Station,Saturday,12:00 to 1:00 PM,209,210,12
2025,Lincoln Station,Saturday,2:00 to 3:00 AM,0,0,2
2025,Lincoln Station,Saturday,2:00 to 3:00 PM,223,271,14
2025,Lincoln Station,Saturday,3:00 to 4:00 PM,231,267,15
2025,Lincoln Station,Sunday/Holiday,9:00 to 10:00 PM,70,68,21
2025,Lincoln Station,Sunday/Holiday,9:00 to 10:00 AM,103,103,9
2025,Lincoln Station,Sunday/Holiday,8:00 to 9:00 PM,81,88,20
2025,Lincoln Station,Sunday/Holiday,8:00 to 9:00 AM,70,80,8
2025,Lincoln Station,Sunday/Holiday,7:00 to 8:00 PM,101,119,19
2025,Lincoln Station,Sunday/Holiday,7:00 to 8:00 AM,3,69,7
2025,Lincoln Station,Sunday/Holiday,6:00 to 7:00 PM,134,230,18
2025,Lincoln Station,Sunday/Holiday,6:00 to 7:00 AM,1,21,6
2025,Lincoln Station,Sunday/Holiday,5:00 to 6:00 PM,183,205,17
2025,Lincoln Station,Sunday/Holiday,5:00 to 6:00 AM,0,1,5
2025,Lincoln Station,Sunday/Holiday,4:00 to 5:00 PM,196,214,16
2025,Lincoln Station,Sunday/Holiday,4:00 to 5:00 AM,0,0,4
2025,Lincoln Station,Sunday/Holiday,3:00 to 4:00 PM,196,207,15
2025,Lincoln Station,Sunday/Holiday,2:00 to 3:00 PM,185,197,14
2025,Lincoln Station,Sunday/Holiday,2:00 to 3:00 AM,0,0,2
2025,Lincoln Station,Sunday/Holiday,12:00 to 1:00 PM,169,170,12
2025,Lincoln Station,Sunday/Holiday,12:00 to 1:00 AM,18,2,0
2025,Lincoln Station,Sunday/Holiday,11:00 PM to 12:00 AM,34,23,23
2025,Lincoln Station,Sunday/Holiday,11:00 AM to 12:00 PM,175,150,11
2025,Lincoln Station,Sunday/Holiday,10:00 to 11:00 PM,53,56,22
2025,Lincoln Station,Sunday/Holiday,10:00 to 11:00 AM,169,133,10
2025,Lincoln Station,Sunday/Holiday,1:00 to 2:00 PM,189,190,13
2025,Lincoln Station,Sunday/Holiday,1:00 to 2:00 AM,1,0,1
2025,Lincoln Station,Saturday,9:00 to 10:00 PM,88,87,21
2025,Lincoln Station,Saturday,9:00 to 10:00 AM,163,129,9
2025,Lincoln Station,Saturday,8:00 to 9:00 PM,97,123,20
2025,Lincoln Station,Saturday,8:00 to 9:00 AM,134,115,8
2025,Lincoln Station,Saturday,7:00 to 8:00 PM,127,228,19
2025,Lincoln Station,Saturday,7:00 to 8:00 AM,54,91,7
2025,Lincoln Station,Saturday,6:00 to 7:00 PM,184,225,18
2025,Lincoln Station,Saturday,6:00 to 7:00 AM,1,49,6
2025,Lincoln Station,Saturday,5:00 to 6:00 PM,225,269,17
2025,Lincoln Station,Saturday,5:00 to 6:00 AM,0,9,5
2025,Lincoln Station,Saturday,4:00 to 5:00 PM,244,275,16
2025,Lougheed Town Centre Station,Saturday,3:00 to 4:00 AM,0,0,3
2025,Lougheed Town Centre Station,Saturday,3:00 to 4:00 PM,673,705,15
2025,Lougheed Town Centre Station,Saturday,4:00 to 5:00 PM,736,683,16
2025,Lougheed Town Centre Station,Saturday,5:00 to 6:00 AM,0,2,5
2025,Lougheed Town Centre Station,Saturday,5:00 to 6:00 PM,750,631,17
2025,Lougheed Town Centre Station,Saturday,6:00 to 7:00 AM,51,206,6
2025,Lougheed Town Centre Station,Saturday,6:00 to 7:00 PM,643,518,18
2025,Lougheed Town Centre Station,Saturday,7:00 to 8:00 AM,157,301,7
2025,Lougheed Town Centre Station,Saturday,7:00 to 8:00 PM,538,397,19
2025,Lougheed Town Centre Station,Saturday,8:00 to 9:00 AM,289,459,8
2025,Lougheed Town Centre Station,Saturday,8:00 to 9:00 PM,421,273,20
2025,Lougheed Town Centre Station,Saturday,9:00 to 10:00 AM,318,484,9
2025,Lougheed Town Centre Station,Saturday,9:00 to 10:00 PM,381,251,21
2025,Lougheed Town Centre Station,Sunday/Holiday,1:00 to 2:00 AM,3,1,1
2025,Lougheed Town Centre Station,Sunday/Holiday,1:00 to 2:00 PM,469,553,13
2025,Lougheed Town Centre Station,Sunday/Holiday,10:00 to 11:00 AM,331,470,10
2025,Lougheed Town Centre Station,Sunday/Holiday,10:00 to 11:00 PM,231,153,22
2025,Lougheed Town Centre Station,Sunday/Holiday,11:00 AM to 12:00 PM,346,499,11
2025,Lougheed Town Centre Station,Sunday/Holiday,11:00 PM to 12:00 AM,159,77,23
2025,Lougheed Town Centre Station,Sunday/Holiday,12:00 to 1:00 AM,92,23,0
2025,Lougheed Town Centre Station,Sunday/Holiday,12:00 to 1:00 PM,393,511,12
2025,Lougheed Town Centre Station,Sunday/Holiday,2:00 to 3:00 AM,0,0,2
2025,Lougheed Town Centre Station,Sunday/Holiday,2:00 to 3:00 PM,500,556,14
2025,Lougheed Town Centre Station,Sunday/Holiday,3:00 to 4:00 PM,548,550,15
2025,Lougheed Town Centre Station,Sunday/Holiday,4:00 to 5:00 PM,584,517,16
2025,Lougheed Town Centre Station,Sunday/Holiday,5:00 to 6:00 AM,1,4,5
2025,Lougheed Town Centre Station,Sunday/Holiday,5:00 to 6:00 PM,593,459,17
2025,Lougheed Town Centre Station,Sunday/Holiday,6:00 to 7:00 AM,4,19,6
2025,Lougheed Town Centre Station,Sunday/Holiday,6:00 to 7:00 PM,536,411,18
2025,Lougheed Town Centre Station,Sunday/Holiday,7:00 to 8:00 AM,91,238,7
2025,Lougheed Town Centre Station,Sunday/Holiday,7:00 to 8:00 PM,452,281,19
2025,Lougheed Town Centre Station,Sunday/Holiday,8:00 to 9:00 AM,163,271,8
2025,Lougheed Town Centre Station,Sunday/Holiday,8:00 to 9:00 PM,344,233,20
2025,Lougheed Town Centre Station,Sunday/Holiday,9:00 to 10:00 AM,230,371,9
2025,Lougheed Town Centre Station,Saturday,2:00 to 3:00 PM,605,696,14
2025,Lougheed Town Centre Station,Saturday,2:00 to 3:00 AM,2,1,2
2025,Lougheed Town Centre Station,Saturday,12:00 to 1:00 PM,478,627,12
2025,Lougheed Town Centre Station,Saturday,12:00 to 1:00 AM,159,60,0
2025,Lougheed Town Centre Station,Saturday,11:00 PM to 12:00 AM,242,111,23
2025,Lougheed Town Centre Station,Saturday,11:00 AM to 12:00 PM,424,600,11
2025,Lougheed Town Centre Station,Saturday,10:00 to 11:00 PM,360,213,22
2025,Lougheed Town Centre Station,Saturday,10:00 to 11:00 AM,364,531,10
2025,Lougheed Town Centre Station,Saturday,1:00 to 2:00 PM,539,669,13
2025,Lougheed Town Centre Station,Saturday,1:00 to 2:00 AM,88,17,1
2025,Lougheed Town Centre Station,Weekday,9:00 to 10:00 PM,405,213,21
2025,Lougheed Town Centre Station,Weekday,9:00 to 10:00 AM,315,786,9
2025,Lougheed Town Centre Station,Weekday,8:00 to 9:00 PM,492,253,20
2025,Lougheed Town Centre Station,Weekday,8:00 to 9:00 AM,328,1275,8
2025,Lougheed Town Centre Station,Weekday,7:00 to 8:00 PM,655,368,19
2025,Lougheed Town Centre Station,Weekday,7:00 to 8:00 AM,298,1425,7
2025,Lougheed Town Centre Station,Weekday,6:00 to 7:00 PM,1170,536,18
2025,Lougheed Town Centre Station,Weekday,6:00 to 7:00 AM,361,933,6
2025,Lougheed Town Centre Station,Weekday,5:00 to 6:00 PM,1658,735,17
2025,Lougheed Town Centre Station,Weekday,5:00 to 6:00 AM,68,405,5
2025,Lougheed Town Centre Station,Weekday,4:00 to 5:00 PM,1438,727,16
2025,Lougheed Town Centre Station,Weekday,4:00 to 5:00 AM,0,2,4
2025,Lougheed Town Centre Station,Weekday,3:00 to 4:00 PM,1142,717,15
2025,Lougheed Town Centre Station,Weekday,3:00 to 4:00 AM,0,0,3
2025,Lougheed Town Centre Station,Weekday,2:00 to 3:00 PM,689,568,14
2025,Lougheed Town Centre Station,Weekday,2:00 to 3:00 AM,0,0,2
2025,Lougheed Town Centre Station,Weekday,12:00 to 1:00 PM,476,556,12
2025,Lougheed Town Centre Station,Weekday,12:00 to 1:00 AM,85,36,0
2025,Lougheed Town Centre Station,Weekday,11:00 PM to 12:00 AM,172,80,23
2025,Lougheed Town Centre Station,Weekday,11:00 AM to 12:00 PM,376,596,11
2025,Lougheed Town Centre Station,Weekday,10:00 to 11:00 PM,318,169,22
2025,Lougheed Town Centre Station,Sunday/Holiday,9:00 to 10:00 PM,279,202,21
2025,Lougheed Town Centre Station,Weekday,10:00 to 11:00 AM,328,583,10
2025,Lougheed Town Centre Station,Weekday,1:00 to 2:00 PM,526,568,13
2025,Lougheed Town Centre Station,Weekday,1:00 to 2:00 AM,39,10,1
2025,Main Street-Science World Station,Sunday/Holiday,9:00 to 10:00 AM,393,201,9
2025,Main Street-Science World Station,Sunday/Holiday,8:00 to 9:00 PM,209,308,20
2025,Main Street-Science World Station,Sunday/Holiday,8:00 to 9:00 AM,293,195,8
2025,Main Street-Science World Station,Sunday/Holiday,7:00 to 8:00 PM,282,346,19
2025,Main Street-Science World Station,Sunday/Holiday,7:00 to 8:00 AM,179,93,7
2025,Main Street-Science World Station,Sunday/Holiday,6:00 to 7:00 PM,345,446,18
2025,Main Street-Science World Station,Sunday/Holiday,6:00 to 7:00 AM,8,4,6
2025,Main Street-Science World Station,Sunday/Holiday,5:00 to 6:00 PM,415,651,17
2025,Main Street-Science World Station,Sunday/Holiday,5:00 to 6:00 AM,1,1,5
2025,Main Street-Science World Station,Sunday/Holiday,4:00 to 5:00 PM,488,687,16
2025,Main Street-Science World Station,Sunday/Holiday,4:00 to 5:00 AM,0,0,4
2025,Main Street-Science World Station,Sunday/Holiday,3:00 to 4:00 PM,571,646,15
2025,Main Street-Science World Station,Sunday/Holiday,3:00 to 4:00 AM,0,0,3
2025,Main Street-Science World Station,Sunday/Holiday,2:00 to 3:00 PM,581,603,14
2025,Main Street-Science World Station,Sunday/Holiday,2:00 to 3:00 AM,0,0,2
2025,Main Street-Science World Station,Sunday/Holiday,12:00 to 1:00 PM,543,466,12
2025,Main Street-Science World Station,Sunday/Holiday,12:00 to 1:00 AM,25,53,0
2025,Main Street-Science World Station,Sunday/Holiday,11:00 PM to 12:00 AM,114,173,23
2025,Main Street-Science World Station,Sunday/Holiday,11:00 AM to 12:00 PM,527,365,11
2025,Main Street-Science World Station,Sunday/Holiday,10:00 to 11:00 PM,151,236,22
2025,Main Street-Science World Station,Sunday/Holiday,10:00 to 11:00 AM,497,280,10
2025,Main Street-Science World Station,Sunday/Holiday,1:00 to 2:00 PM,600,569,13
2025,Main Street-Science World Station,Sunday/Holiday,1:00 to 2:00 AM,1,2,1
2025,Main Street-Science World Station,Saturday,9:00 to 10:00 PM,277,332,21
2025,Main Street-Science World Station,Saturday,9:00 to 10:00 AM,568,241,9
2025,Main Street-Science World Station,Saturday,8:00 to 9:00 PM,302,364,20
2025,Main Street-Science World Station,Saturday,8:00 to 9:00 AM,391,188,8
2025,Main Street-Science World Station,Saturday,7:00 to 8:00 PM,393,422,19
2025,Main Street-Science World Station,Saturday,7:00 to 8:00 AM,372,153,7
2025,Main Street-Science World Station,Saturday,6:00 to 7:00 PM,476,601,18
2025,Main Street-Science World Station,Saturday,6:00 to 7:00 AM,147,57,6
2025,Main Street-Science World Station,Saturday,5:00 to 6:00 PM,552,802,17
2025,Main Street-Science World Station,Saturday,5:00 to 6:00 AM,0,0,5
2025,Main Street-Science World Station,Saturday,4:00 to 5:00 PM,601,916,16
2025,Main Street-Science World Station,Saturday,4:00 to 5:00 AM,0,0,4
2025,Main Street-Science World Station,Saturday,3:00 to 4:00 PM,678,861,15
2025,Main Street-Science World Station,Weekday,1:00 to 2:00 AM,12,23,1
2025,Main Street-Science World Station,Weekday,1:00 to 2:00 PM,542,548,13
2025,Main Street-Science World Station,Weekday,10:00 to 11:00 AM,536,310,10
2025,Main Street-Science World Station,Weekday,10:00 to 11:00 PM,182,282,22
2025,Main Street-Science World Station,Weekday,11:00 AM to 12:00 PM,534,388,11
2025,Main Street-Science World Station,Sunday/Holiday,9:00 to 10:00 PM,172,247,21
2025,Main Street-Science World Station,Weekday,11:00 PM to 12:00 AM,131,206,23
2025,Main Street-Science World Station,Weekday,12:00 to 1:00 AM,61,108,0
2025,Main Street-Science World Station,Weekday,12:00 to 1:00 PM,527,513,12
2025,Main Street-Science World Station,Weekday,2:00 to 3:00 AM,0,0,2
2025,Main Street-Science World Station,Weekday,2:00 to 3:00 PM,521,743,14
2025,Main Street-Science World Station,Weekday,3:00 to 4:00 AM,0,0,3
2025,Main Street-Science World Station,Weekday,3:00 to 4:00 PM,688,1431,15
2025,Main Street-Science World Station,Weekday,4:00 to 5:00 AM,0,0,4
2025,Main Street-Science World Station,Weekday,4:00 to 5:00 PM,786,1344,16
2025,Main Street-Science World Station,Weekday,5:00 to 6:00 AM,147,108,5
2025,Main Street-Science World Station,Weekday,5:00 to 6:00 PM,850,1325,17
2025,Main Street-Science World Station,Weekday,6:00 to 7:00 AM,1003,242,6
2025,Main Street-Science World Station,Weekday,6:00 to 7:00 PM,606,823,18
2025,Main Street-Science World Station,Weekday,7:00 to 8:00 AM,966,432,7
2025,Main Street-Science World Station,Weekday,7:00 to 8:00 PM,365,489,19
2025,Main Street-Science World Station,Weekday,8:00 to 9:00 AM,1055,614,8
2025,Main Street-Science World Station,Weekday,8:00 to 9:00 PM,266,417,20
2025,Main Street-Science World Station,Weekday,9:00 to 10:00 AM,856,378,9
2025,Main Street-Science World Station,Weekday,9:00 to 10:00 PM,231,366,21
2025,Main Street-Science World Station,Saturday,1:00 to 2:00 AM,22,48,1
2025,Main Street-Science World Station,Saturday,1:00 to 2:00 PM,669,643,13
2025,Main Street-Science World Station,Saturday,10:00 to 11:00 AM,614,326,10
2025,Main Street-Science World Station,Saturday,10:00 to 11:00 PM,247,348,22
2025,Main Street-Science World Station,Saturday,11:00 AM to 12:00 PM,629,444,11
2025,Main Street-Science World Station,Saturday,11:00 PM to 12:00 AM,179,294,23
2025,Main Street-Science World Station,Saturday,12:00 to 1:00 AM,96,193,0
2025,Main Street-Science World Station,Saturday,12:00 to 1:00 PM,629,540,12
2025,Main Street-Science World Station,Saturday,2:00 to 3:00 AM,0,0,2
2025,Main Street-Science World Station,Saturday,2:00 to 3:00 PM,663,730,14
2025,Main Street-Science World Station,Saturday,3:00 to 4:00 AM,0,0,3
2025,Marine Drive Station,Saturday,2:00 to 3:00 PM,582,669,14
2025,Marine Drive Station,Saturday,2:00 to 3:00 AM,1,0,2
2025,Marine Drive Station,Saturday,12:00 to 1:00 PM,414,610,12
2025,Marine Drive Station,Saturday,12:00 to 1:00 AM,181,48,0
2025,Marine Drive Station,Saturday,11:00 PM to 12:00 AM,279,95,23
2025,Marine Drive Station,Saturday,11:00 AM to 12:00 PM,347,583,11
2025,Marine Drive Station,Saturday,10:00 to 11:00 PM,376,171,22
2025,Marine Drive Station,Saturday,10:00 to 11:00 AM,266,527,10
2025,Marine Drive Station,Saturday,1:00 to 2:00 PM,497,634,13
2025,Marine Drive Station,Saturday,1:00 to 2:00 AM,54,8,1
2025,Marine Drive Station,Weekday,9:00 to 10:00 PM,466,260,21
2025,Marine Drive Station,Weekday,9:00 to 10:00 AM,323,652,9
2025,Marine Drive Station,Weekday,8:00 to 9:00 PM,480,252,20
2025,Marine Drive Station,Weekday,8:00 to 9:00 AM,432,997,8
2025,Marine Drive Station,Weekday,7:00 to 8:00 PM,602,325,19
2025,Marine Drive Station,Weekday,7:00 to 8:00 AM,433,797,7
2025,Marine Drive Station,Weekday,6:00 to 7:00 PM,948,566,18
2025,Marine Drive Station,Weekday,6:00 to 7:00 AM,315,471,6
2025,Marine Drive Station,Weekday,5:00 to 6:00 PM,1193,812,17
2025,Marine Drive Station,Weekday,5:00 to 6:00 AM,87,204,5
2025,Marine Drive Station,Weekday,4:00 to 5:00 PM,1065,839,16
2025,Marine Drive Station,Weekday,4:00 to 5:00 AM,1,21,4
2025,Marine Drive Station,Weekday,3:00 to 4:00 PM,830,798,15
2025,Marine Drive Station,Weekday,3:00 to 4:00 AM,0,0,3
2025,Marine Drive Station,Weekday,2:00 to 3:00 PM,583,592,14
2025,Marine Drive Station,Weekday,2:00 to 3:00 AM,1,1,2
2025,Marine Drive Station,Weekday,12:00 to 1:00 PM,398,521,12
2025,Marine Drive Station,Weekday,12:00 to 1:00 AM,136,36,0
2025,Marine Drive Station,Weekday,11:00 PM to 12:00 AM,222,82,23
2025,Marine Drive Station,Weekday,11:00 AM to 12:00 PM,318,496,11
2025,Marine Drive Station,Weekday,10:00 to 11:00 PM,350,155,22
2025,Marine Drive Station,Weekday,10:00 to 11:00 AM,274,510,10
2025,Marine Drive Station,Weekday,1:00 to 2:00 PM,459,517,13
2025,Marine Drive Station,Weekday,1:00 to 2:00 AM,34,6,1
2025,Marine Drive Station,Sunday/Holiday,9:00 to 10:00 PM,379,217,21
2025,Marine Drive Station,Sunday/Holiday,9:00 to 10:00 AM,172,391,9
2025,Marine Drive Station,Sunday/Holiday,8:00 to 9:00 PM,397,216,20
2025,Marine Drive Station,Sunday/Holiday,8:00 to 9:00 AM,133,278,8
2025,Marine Drive Station,Sunday/Holiday,7:00 to 8:00 PM,530,282,19
2025,Marine Drive Station,Sunday/Holiday,7:00 to 8:00 AM,123,249,7
2025,Marine Drive Station,Sunday/Holiday,6:00 to 7:00 PM,628,390,18
2025,Marine Drive Station,Sunday/Holiday,6:00 to 7:00 AM,79,199,6
2025,Marine Drive Station,Sunday/Holiday,5:00 to 6:00 PM,641,461,17
2025,Marine Drive Station,Sunday/Holiday,5:00 to 6:00 AM,44,118,5
2025,Marine Drive Station,Sunday/Holiday,4:00 to 5:00 PM,647,532,16
2025,Marine Drive Station,Sunday/Holiday,4:00 to 5:00 AM,0,14,4
2025,Marine Drive Station,Sunday/Holiday,3:00 to 4:00 PM,616,582,15
2025,Marine Drive Station,Sunday/Holiday,3:00 to 4:00 AM,0,0,3
2025,Marine Drive Station,Sunday/Holiday,2:00 to 3:00 PM,534,599,14
2025,Marine Drive Station,Sunday/Holiday,2:00 to 3:00 AM,1,1,2
2025,Marine Drive Station,Sunday/Holiday,12:00 to 1:00 PM,375,558,12
2025,Marine Drive Station,Sunday/Holiday,12:00 to 1:00 AM,116,28,0
2025,Marine Drive Station,Sunday/Holiday,11:00 PM to 12:00 AM,204,65,23
2025,Marine Drive Station,Sunday/Holiday,11:00 AM to 12:00 PM,300,505,11
2025,Marine Drive Station,Sunday/Holiday,10:00 to 11:00 PM,306,128,22
2025,Marine Drive Station,Sunday/Holiday,10:00 to 11:00 AM,236,507,10
2025,Marine Drive Station,Sunday/Holiday,1:00 to 2:00 PM,436,594,13
2025,Marine Drive Station,Sunday/Holiday,1:00 to 2:00 AM,24,5,1
2025,Marine Drive Station,Saturday,9:00 to 10:00 PM,456,283,21
2025,Marine Drive Station,Saturday,9:00 to 10:00 AM,215,505,9
2025,Marine Drive Station,Saturday,8:00 to 9:00 PM,465,272,20
2025,Marine Drive Station,Saturday,8:00 to 9:00 AM,177,372,8
2025,Marine Drive Station,Saturday,7:00 to 8:00 PM,548,342,19
2025,Marine Drive Station,Saturday,7:00 to 8:00 AM,150,321,7
2025,Marine Drive Station,Saturday,6:00 to 7:00 PM,693,497,18
2025,Marine Drive Station,Saturday,6:00 to 7:00 AM,87,225,6
2025,Marine Drive Station,Saturday,5:00 to 6:00 PM,718,555,17
2025,Marine Drive Station,Saturday,5:00 to 6:00 AM,48,133,5
2025,Marine Drive Station,Saturday,4:00 to 5:00 PM,711,624,16
2025,Marine Drive Station,Saturday,4:00 to 5:00 AM,0,17,4
2025,Marine Drive Station,Saturday,3:00 to 4:00 PM,713,648,15
2025,Marine Drive Station,Saturday,3:00 to 4:00 AM,0,0,3
2025,Metrotown Station,Saturday,3:00 to 4:00 PM,2094,1926,15
2025,Metrotown Station,Saturday,3:00 to 4:00 AM,0,0,3
2025,Metrotown Station,Saturday,2:00 to 3:00 PM,2097,1696,14
2025,Metrotown Station,Saturday,2:00 to 3:00 AM,0,0,2
2025,Metrotown Station,Saturday,12:00 to 1:00 PM,1796,1271,12
2025,Metrotown Station,Saturday,12:00 to 1:00 AM,206,133,0
2025,Metrotown Station,Saturday,11:00 PM to 12:00 AM,343,260,23
2025,Metrotown Station,Saturday,11:00 AM to 12:00 PM,1496,1068,11
2025,Metrotown Station,Saturday,10:00 to 11:00 PM,485,545,22
2025,Metrotown Station,Saturday,10:00 to 11:00 AM,1248,815,10
2025,Metrotown Station,Saturday,1:00 to 2:00 PM,1986,1459,13
2025,Metrotown Station,Saturday,1:00 to 2:00 AM,67,22,1
2025,Metrotown Station,Weekday,9:00 to 10:00 PM,587,1163,21
2025,Metrotown Station,Weekday,9:00 to 10:00 AM,1487,966,9
2025,Metrotown Station,Weekday,8:00 to 9:00 PM,762,1266,20
2025,Metrotown Station,Weekday,8:00 to 9:00 AM,1733,1490,8
2025,Metrotown Station,Weekday,7:00 to 8:00 PM,1207,1426,19
2025,Metrotown Station,Weekday,7:00 to 8:00 AM,1303,1150,7
2025,Metrotown Station,Weekday,6:00 to 7:00 PM,2015,1998,18
2025,Metrotown Station,Weekday,6:00 to 7:00 AM,882,784,6
2025,Metrotown Station,Weekday,5:00 to 6:00 PM,2799,2470,17
2025,Metrotown Station,Weekday,5:00 to 6:00 AM,223,251,5
2025,Metrotown Station,Weekday,4:00 to 5:00 PM,2593,2451,16
2025,Metrotown Station,Weekday,4:00 to 5:00 AM,0,0,4
2025,Metrotown Station,Weekday,3:00 to 4:00 PM,2297,2074,15
2025,Metrotown Station,Weekday,3:00 to 4:00 AM,0,0,3
2025,Metrotown Station,Weekday,2:00 to 3:00 PM,1713,1587,14
2025,Metrotown Station,Weekday,2:00 to 3:00 AM,0,0,2
2025,Metrotown Station,Weekday,12:00 to 1:00 PM,1555,1233,12
2025,Metrotown Station,Weekday,12:00 to 1:00 AM,127,98,0
2025,Metrotown Station,Weekday,11:00 PM to 12:00 AM,266,215,23
2025,Metrotown Station,Weekday,11:00 AM to 12:00 PM,1386,1034,11
2025,Metrotown Station,Weekday,10:00 to 11:00 PM,435,464,22
2025,Metrotown Station,Weekday,10:00 to 11:00 AM,1324,861,10
2025,Metrotown Station,Weekday,1:00 to 2:00 PM,1621,1331,13
2025,Metrotown Station,Weekday,1:00 to 2:00 AM,45,16,1
2025,Metrotown Station,Sunday/Holiday,6:00 to 7:00 PM,1210,1679,18
2025,Metrotown Station,Sunday/Holiday,7:00 to 8:00 AM,228,218,7
2025,Metrotown Station,Sunday/Holiday,7:00 to 8:00 PM,779,1614,19
2025,Metrotown Station,Sunday/Holiday,8:00 to 9:00 AM,505,398,8
2025,Metrotown Station,Sunday/Holiday,8:00 to 9:00 PM,577,782,20
2025,Metrotown Station,Sunday/Holiday,9:00 to 10:00 AM,751,545,9
2025,Metrotown Station,Sunday/Holiday,9:00 to 10:00 PM,450,532,21
2025,Metrotown Station,Sunday/Holiday,6:00 to 7:00 AM,12,10,6
2025,Metrotown Station,Sunday/Holiday,5:00 to 6:00 PM,1558,1721,17
2025,Metrotown Station,Sunday/Holiday,5:00 to 6:00 AM,3,3,5
2025,Metrotown Station,Sunday/Holiday,4:00 to 5:00 PM,1792,1772,16
2025,Metrotown Station,Sunday/Holiday,4:00 to 5:00 AM,0,0,4
2025,Metrotown Station,Sunday/Holiday,3:00 to 4:00 PM,1833,1687,15
2025,Metrotown Station,Sunday/Holiday,3:00 to 4:00 AM,0,0,3
2025,Metrotown Station,Sunday/Holiday,2:00 to 3:00 PM,1911,1533,14
2025,Metrotown Station,Sunday/Holiday,2:00 to 3:00 AM,0,0,2
2025,Metrotown Station,Sunday/Holiday,12:00 to 1:00 PM,1613,1113,12
2025,Metrotown Station,Sunday/Holiday,12:00 to 1:00 AM,70,50,0
2025,Metrotown Station,Sunday/Holiday,11:00 PM to 12:00 AM,233,213,23
2025,Metrotown Station,Sunday/Holiday,11:00 AM to 12:00 PM,1411,876,11
2025,Metrotown Station,Sunday/Holiday,10:00 to 11:00 PM,363,339,22
2025,Metrotown Station,Sunday/Holiday,10:00 to 11:00 AM,1169,732,10
2025,Metrotown Station,Sunday/Holiday,1:00 to 2:00 PM,1808,1297,13
2025,Metrotown Station,Sunday/Holiday,1:00 to 2:00 AM,2,2,1
2025,Metrotown Station,Saturday,9:00 to 10:00 PM,561,1196,21
2025,Metrotown Station,Saturday,9:00 to 10:00 AM,1015,656,9
2025,Metrotown Station,Saturday,8:00 to 9:00 PM,734,1282,20
2025,Metrotown Station,Saturday,8:00 to 9:00 AM,786,520,8
2025,Metrotown Station,Saturday,7:00 to 8:00 PM,1123,1482,19
2025,Metrotown Station,Saturday,7:00 to 8:00 AM,464,414,7
2025,Metrotown Station,Saturday,6:00 to 7:00 PM,1599,1826,18
2025,Metrotown Station,Saturday,6:00 to 7:00 AM,143,149,6
2025,Metrotown Station,Saturday,5:00 to 6:00 PM,1869,2017,17
2025,Metrotown Station,Saturday,5:00 to 6:00 AM,0,0,5
2025,Metrotown Station,Saturday,4:00 to 5:00 PM,2056,2068,16
2025,Metrotown Station,Saturday,4:00 to 5:00 AM,0,0,4
2025,Moody Centre Station,Saturday,4:00 to 5:00 AM,0,0,4
2025,Moody Centre Station,Saturday,4:00 to 5:00 PM,158,174,16
2025,Moody Centre Station,Saturday,5:00 to 6:00 AM,0,1,5
2025,Moody Centre Station,Saturday,5:00 to 6:00 PM,144,165,17
2025,Moody Centre Station,Saturday,6:00 to 7:00 AM,7,22,6
2025,Moody Centre Station,Saturday,6:00 to 7:00 PM,131,131,18
2025,Moody Centre Station,Saturday,7:00 to 8:00 AM,34,34,7
2025,Moody Centre Station,Saturday,7:00 to 8:00 PM,110,95,19
2025,Moody Centre Station,Saturday,8:00 to 9:00 AM,69,56,8
2025,Moody Centre Station,Saturday,8:00 to 9:00 PM,81,93,20
2025,Moody Centre Station,Saturday,9:00 to 10:00 AM,68,75,9
2025,Moody Centre Station,Saturday,9:00 to 10:00 PM,66,77,21
2025,Moody Centre Station,Sunday/Holiday,1:00 to 2:00 AM,0,0,1
2025,Moody Centre Station,Sunday/Holiday,1:00 to 2:00 PM,120,105,13
2025,Moody Centre Station,Sunday/Holiday,10:00 to 11:00 AM,71,68,10
2025,Moody Centre Station,Sunday/Holiday,10:00 to 11:00 PM,35,36,22
2025,Moody Centre Station,Sunday/Holiday,11:00 AM to 12:00 PM,89,89,11
2025,Moody Centre Station,Sunday/Holiday,11:00 PM to 12:00 AM,26,17,23
2025,Moody Centre Station,Sunday/Holiday,12:00 to 1:00 AM,11,4,0
2025,Moody Centre Station,Sunday/Holiday,12:00 to 1:00 PM,108,97,12
2025,Moody Centre Station,Sunday/Holiday,2:00 to 3:00 AM,0,0,2
2025,Moody Centre Station,Sunday/Holiday,2:00 to 3:00 PM,122,115,14
2025,Moody Centre Station,Sunday/Holiday,3:00 to 4:00 PM,123,126,15
2025,Moody Centre Station,Sunday/Holiday,4:00 to 5:00 AM,0,0,4
2025,Moody Centre Station,Sunday/Holiday,4:00 to 5:00 PM,118,132,16
2025,Moody Centre Station,Sunday/Holiday,5:00 to 6:00 AM,0,0,5
2025,Moody Centre Station,Sunday/Holiday,5:00 to 6:00 PM,110,118,17
2025,Moody Centre Station,Sunday/Holiday,6:00 to 7:00 AM,1,8,6
2025,Moody Centre Station,Sunday/Holiday,6:00 to 7:00 PM,95,98,18
2025,Moody Centre Station,Sunday/Holiday,7:00 to 8:00 AM,11,25,7
2025,Moody Centre Station,Sunday/Holiday,7:00 to 8:00 PM,72,77,19
2025,Moody Centre Station,Sunday/Holiday,9:00 to 10:00 PM,42,54,21
2025,Moody Centre Station,Sunday/Holiday,9:00 to 10:00 AM,66,54,9
2025,Moody Centre Station,Sunday/Holiday,8:00 to 9:00 PM,55,69,20
2025,Moody Centre Station,Sunday/Holiday,8:00 to 9:00 AM,40,35,8
2025,Moody Centre Station,Weekday,1:00 to 2:00 AM,7,2,1
2025,Moody Centre Station,Weekday,1:00 to 2:00 PM,93,107,13
2025,Moody Centre Station,Weekday,10:00 to 11:00 AM,72,82,10
2025,Moody Centre Station,Weekday,10:00 to 11:00 PM,53,38,22
2025,Moody Centre Station,Weekday,11:00 AM to 12:00 PM,72,95,11
2025,Moody Centre Station,Weekday,11:00 PM to 12:00 AM,32,21,23
2025,Moody Centre Station,Weekday,12:00 to 1:00 AM,17,9,0
2025,Moody Centre Station,Weekday,12:00 to 1:00 PM,85,95,12
2025,Moody Centre Station,Weekday,2:00 to 3:00 AM,0,0,2
2025,Moody Centre Station,Weekday,2:00 to 3:00 PM,123,167,14
2025,Moody Centre Station,Weekday,3:00 to 4:00 AM,0,0,3
2025,Moody Centre Station,Weekday,3:00 to 4:00 PM,182,234,15
2025,Moody Centre Station,Weekday,4:00 to 5:00 AM,0,1,4
2025,Moody Centre Station,Weekday,4:00 to 5:00 PM,242,268,16
2025,Moody Centre Station,Weekday,5:00 to 6:00 AM,5,39,5
2025,Moody Centre Station,Weekday,5:00 to 6:00 PM,247,308,17
2025,Moody Centre Station,Weekday,6:00 to 7:00 AM,104,148,6
2025,Moody Centre Station,Weekday,6:00 to 7:00 PM,165,142,18
2025,Moody Centre Station,Weekday,7:00 to 8:00 AM,174,212,7
2025,Moody Centre Station,Weekday,7:00 to 8:00 PM,104,78,19
2025,Moody Centre Station,Weekday,8:00 to 9:00 AM,180,198,8
2025,Moody Centre Station,Weekday,8:00 to 9:00 PM,73,67,20
2025,Moody Centre Station,Weekday,9:00 to 10:00 AM,90,110,9
2025,Moody Centre Station,Weekday,9:00 to 10:00 PM,63,52,21
2025,Moody Centre Station,Saturday,1:00 to 2:00 AM,17,4,1
2025,Moody Centre Station,Saturday,1:00 to 2:00 PM,135,119,13
2025,Moody Centre Station,Saturday,10:00 to 11:00 AM,83,93,10
2025,Moody Centre Station,Saturday,10:00 to 11:00 PM,73,67,22
2025,Moody Centre Station,Saturday,11:00 AM to 12:00 PM,96,96,11
2025,Moody Centre Station,Saturday,11:00 PM to 12:00 AM,50,54,23
2025,Moody Centre Station,Saturday,12:00 to 1:00 AM,29,20,0
2025,Moody Centre Station,Saturday,12:00 to 1:00 PM,113,111,12
2025,Moody Centre Station,Saturday,2:00 to 3:00 AM,0,0,2
2025,Moody Centre Station,Saturday,2:00 to 3:00 PM,145,135,14
2025,Moody Centre Station,Saturday,3:00 to 4:00 PM,156,153,15
2025,Nanaimo Station,Saturday,2:00 to 3:00 AM,0,0,2
2025,Nanaimo Station,Saturday,2:00 to 3:00 PM,373,417,14
2025,Nanaimo Station,Saturday,3:00 to 4:00 AM,0,0,3
2025,Nanaimo Station,Saturday,3:00 to 4:00 PM,408,432,15
2025,Nanaimo Station,Saturday,4:00 to 5:00 PM,445,446,16
2025,Nanaimo Station,Saturday,5:00 to 6:00 PM,442,386,17
2025,Nanaimo Station,Saturday,6:00 to 7:00 AM,58,83,6
2025,Nanaimo Station,Saturday,6:00 to 7:00 PM,420,317,18
2025,Nanaimo Station,Saturday,7:00 to 8:00 AM,118,219,7
2025,Nanaimo Station,Saturday,7:00 to 8:00 PM,352,227,19
2025,Nanaimo Station,Saturday,8:00 to 9:00 AM,152,293,8
2025,Nanaimo Station,Saturday,8:00 to 9:00 PM,314,163,20
2025,Nanaimo Station,Saturday,9:00 to 10:00 AM,184,361,9
2025,Nanaimo Station,Saturday,9:00 to 10:00 PM,322,142,21
2025,Nanaimo Station,Sunday/Holiday,1:00 to 2:00 AM,1,0,1
2025,Nanaimo Station,Sunday/Holiday,1:00 to 2:00 PM,264,371,13
2025,Nanaimo Station,Sunday/Holiday,10:00 to 11:00 AM,160,364,10
2025,Nanaimo Station,Sunday/Holiday,10:00 to 11:00 PM,214,82,22
2025,Nanaimo Station,Sunday/Holiday,11:00 AM to 12:00 PM,178,336,11
2025,Nanaimo Station,Sunday/Holiday,11:00 PM to 12:00 AM,156,75,23
2025,Nanaimo Station,Sunday/Holiday,12:00 to 1:00 AM,45,19,0
2025,Nanaimo Station,Sunday/Holiday,12:00 to 1:00 PM,219,360,12
2025,Nanaimo Station,Sunday/Holiday,2:00 to 3:00 AM,0,0,2
2025,Nanaimo Station,Sunday/Holiday,2:00 to 3:00 PM,315,377,14
2025,Nanaimo Station,Sunday/Holiday,3:00 to 4:00 PM,351,354,15
2025,Nanaimo Station,Sunday/Holiday,4:00 to 5:00 PM,401,335,16
2025,Nanaimo Station,Sunday/Holiday,5:00 to 6:00 AM,0,1,5
2025,Nanaimo Station,Sunday/Holiday,5:00 to 6:00 PM,398,290,17
2025,Nanaimo Station,Sunday/Holiday,6:00 to 7:00 AM,2,4,6
2025,Nanaimo Station,Sunday/Holiday,6:00 to 7:00 PM,381,254,18
2025,Nanaimo Station,Sunday/Holiday,7:00 to 8:00 AM,70,124,7
2025,Nanaimo Station,Sunday/Holiday,7:00 to 8:00 PM,346,168,19
2025,Nanaimo Station,Sunday/Holiday,8:00 to 9:00 AM,103,225,8
2025,Nanaimo Station,Sunday/Holiday,8:00 to 9:00 PM,280,132,20
2025,Nanaimo Station,Sunday/Holiday,9:00 to 10:00 AM,136,288,9
2025,Nanaimo Station,Sunday/Holiday,9:00 to 10:00 PM,241,106,21
2025,Nanaimo Station,Weekday,1:00 to 2:00 AM,21,5,1
2025,Nanaimo Station,Weekday,1:00 to 2:00 PM,281,311,13
2025,Nanaimo Station,Weekday,10:00 to 11:00 AM,176,328,10
2025,Nanaimo Station,Weekday,10:00 to 11:00 PM,265,99,22
2025,Nanaimo Station,Weekday,11:00 AM to 12:00 PM,188,317,11
2025,Nanaimo Station,Weekday,11:00 PM to 12:00 AM,179,79,23
2025,Nanaimo Station,Weekday,12:00 to 1:00 AM,82,36,0
2025,Nanaimo Station,Weekday,12:00 to 1:00 PM,232,302,12
2025,Nanaimo Station,Weekday,2:00 to 3:00 AM,0,0,2
2025,Nanaimo Station,Weekday,2:00 to 3:00 PM,367,364,14
2025,Nanaimo Station,Weekday,3:00 to 4:00 AM,0,0,3
2025,Nanaimo Station,Weekday,3:00 to 4:00 PM,517,488,15
2025,Nanaimo Station,Weekday,4:00 to 5:00 PM,711,506,16
2025,Nanaimo Station,Weekday,5:00 to 6:00 AM,31,125,5
2025,Nanaimo Station,Weekday,5:00 to 6:00 PM,785,484,17
2025,Nanaimo Station,Weekday,6:00 to 7:00 AM,220,365,6
2025,Nanaimo Station,Weekday,6:00 to 7:00 PM,588,368,18
2025,Nanaimo Station,Weekday,7:00 to 8:00 AM,316,582,7
2025,Nanaimo Station,Weekday,7:00 to 8:00 PM,400,221,19
2025,Nanaimo Station,Weekday,8:00 to 9:00 AM,344,808,8
2025,Nanaimo Station,Weekday,8:00 to 9:00 PM,343,159,20
2025,Nanaimo Station,Weekday,9:00 to 10:00 AM,227,500,9
2025,Nanaimo Station,Weekday,9:00 to 10:00 PM,333,124,21
2025,Nanaimo Station,Saturday,1:00 to 2:00 AM,43,8,1
2025,Nanaimo Station,Saturday,1:00 to 2:00 PM,306,407,13
2025,Nanaimo Station,Saturday,10:00 to 11:00 AM,175,356,10
2025,Nanaimo Station,Saturday,10:00 to 11:00 PM,283,115,22
2025,Nanaimo Station,Saturday,11:00 AM to 12:00 PM,217,375,11
2025,Nanaimo Station,Saturday,11:00 PM to 12:00 AM,233,110,23
2025,Nanaimo Station,Saturday,12:00 to 1:00 AM,143,49,0
2025,Nanaimo Station,Saturday,12:00 to 1:00 PM,251,374,12
2025,New Westminster Station,Saturday,5:00 to 6:00 AM,0,1,5
2025,New Westminster Station,Saturday,4:00 to 5:00 PM,902,851,16
2025,New Westminster Station,Saturday,4:00 to 5:00 AM,0,0,4
2025,New Westminster Station,Saturday,3:00 to 4:00 PM,844,865,15
2025,New Westminster Station,Saturday,3:00 to 4:00 AM,0,0,3
2025,New Westminster Station,Saturday,2:00 to 3:00 PM,805,781,14
2025,New Westminster Station,Saturday,2:00 to 3:00 AM,0,0,2
2025,New Westminster Station,Saturday,12:00 to 1:00 PM,624,683,12
2025,New Westminster Station,Saturday,12:00 to 1:00 AM,172,143,0
2025,New Westminster Station,Saturday,11:00 PM to 12:00 AM,283,246,23
2025,New Westminster Station,Saturday,11:00 AM to 12:00 PM,545,586,11
2025,New Westminster Station,Saturday,10:00 to 11:00 PM,417,352,22
2025,New Westminster Station,Saturday,10:00 to 11:00 AM,474,500,10
2025,New Westminster Station,Saturday,1:00 to 2:00 PM,686,719,13
2025,New Westminster Station,Saturday,1:00 to 2:00 AM,75,30,1
2025,New Westminster Station,Weekday,9:00 to 10:00 PM,468,547,21
2025,New Westminster Station,Weekday,9:00 to 10:00 AM,772,574,9
2025,New Westminster Station,Weekday,8:00 to 9:00 PM,507,548,20
2025,New Westminster Station,Weekday,8:00 to 9:00 AM,955,949,8
2025,New Westminster Station,Weekday,7:00 to 8:00 PM,733,616,19
2025,New Westminster Station,Weekday,7:00 to 8:00 AM,556,1030,7
2025,New Westminster Station,Weekday,6:00 to 7:00 PM,1318,1037,18
2025,New Westminster Station,Weekday,6:00 to 7:00 AM,430,749,6
2025,New Westminster Station,Weekday,5:00 to 6:00 PM,1673,1198,17
2025,New Westminster Station,Weekday,5:00 to 6:00 AM,108,360,5
2025,New Westminster Station,Weekday,4:00 to 5:00 PM,1533,1354,16
2025,New Westminster Station,Weekday,4:00 to 5:00 AM,0,0,4
2025,New Westminster Station,Weekday,3:00 to 4:00 PM,1255,1198,15
2025,New Westminster Station,Weekday,3:00 to 4:00 AM,0,0,3
2025,New Westminster Station,Weekday,2:00 to 3:00 PM,884,949,14
2025,New Westminster Station,Weekday,2:00 to 3:00 AM,0,0,2
2025,New Westminster Station,Weekday,12:00 to 1:00 PM,866,754,12
2025,New Westminster Station,Weekday,12:00 to 1:00 AM,108,96,0
2025,New Westminster Station,Weekday,11:00 PM to 12:00 AM,221,200,23
2025,New Westminster Station,Weekday,1:00 to 2:00 AM,43,25,1
2025,New Westminster Station,Weekday,1:00 to 2:00 PM,695,725,13
2025,New Westminster Station,Weekday,10:00 to 11:00 AM,656,516,10
2025,New Westminster Station,Weekday,10:00 to 11:00 PM,364,304,22
2025,New Westminster Station,Weekday,11:00 AM to 12:00 PM,718,579,11
2025,New Westminster Station,Sunday/Holiday,9:00 to 10:00 PM,351,329,21
2025,New Westminster Station,Sunday/Holiday,9:00 to 10:00 AM,337,354,9
2025,New Westminster Station,Sunday/Holiday,8:00 to 9:00 PM,428,377,20
2025,New Westminster Station,Sunday/Holiday,8:00 to 9:00 AM,237,281,8
2025,New Westminster Station,Sunday/Holiday,7:00 to 8:00 PM,572,430,19
2025,New Westminster Station,Sunday/Holiday,7:00 to 8:00 AM,141,292,7
2025,New Westminster Station,Sunday/Holiday,6:00 to 7:00 PM,698,549,18
2025,New Westminster Station,Sunday/Holiday,6:00 to 7:00 AM,6,10,6
2025,New Westminster Station,Sunday/Holiday,5:00 to 6:00 PM,720,609,17
2025,New Westminster Station,Sunday/Holiday,5:00 to 6:00 AM,1,3,5
2025,New Westminster Station,Sunday/Holiday,4:00 to 5:00 PM,719,627,16
2025,New Westminster Station,Sunday/Holiday,4:00 to 5:00 AM,0,0,4
2025,New Westminster Station,Sunday/Holiday,3:00 to 4:00 PM,694,672,15
2025,New Westminster Station,Sunday/Holiday,3:00 to 4:00 AM,0,0,3
2025,New Westminster Station,Sunday/Holiday,2:00 to 3:00 PM,677,624,14
2025,New Westminster Station,Sunday/Holiday,2:00 to 3:00 AM,0,0,2
2025,New Westminster Station,Sunday/Holiday,12:00 to 1:00 PM,503,572,12
2025,New Westminster Station,Sunday/Holiday,12:00 to 1:00 AM,70,57,0
2025,New Westminster Station,Sunday/Holiday,11:00 PM to 12:00 AM,180,183,23
2025,New Westminster Station,Sunday/Holiday,11:00 AM to 12:00 PM,431,486,11
2025,New Westminster Station,Sunday/Holiday,10:00 to 11:00 PM,288,234,22
2025,New Westminster Station,Sunday/Holiday,10:00 to 11:00 AM,381,446,10
2025,New Westminster Station,Sunday/Holiday,1:00 to 2:00 PM,578,604,13
2025,New Westminster Station,Sunday/Holiday,1:00 to 2:00 AM,2,1,1
2025,New Westminster Station,Saturday,9:00 to 10:00 PM,506,468,21
2025,New Westminster Station,Saturday,9:00 to 10:00 AM,463,435,9
2025,New Westminster Station,Saturday,8:00 to 9:00 PM,526,463,20
2025,New Westminster Station,Saturday,8:00 to 9:00 AM,384,412,8
2025,New Westminster Station,Saturday,7:00 to 8:00 PM,679,551,19
2025,New Westminster Station,Saturday,7:00 to 8:00 AM,243,341,7
2025,New Westminster Station,Saturday,6:00 to 7:00 PM,848,747,18
2025,New Westminster Station,Saturday,6:00 to 7:00 AM,98,221,6
2025,New Westminster Station,Saturday,5:00 to 6:00 PM,878,845,17
2025,Oakridge-41st Avenue Station,Saturday,5:00 to 6:00 PM,412,338,17
2025,Oakridge-41st Avenue Station,Saturday,6:00 to 7:00 AM,68,165,6
2025,Oakridge-41st Avenue Station,Saturday,6:00 to 7:00 PM,374,277,18
2025,Oakridge-41st Avenue Station,Saturday,7:00 to 8:00 AM,146,207,7
2025,Oakridge-41st Avenue Station,Saturday,7:00 to 8:00 PM,300,185,19
2025,Oakridge-41st Avenue Station,Saturday,8:00 to 9:00 AM,151,247,8
2025,Oakridge-41st Avenue Station,Saturday,8:00 to 9:00 PM,286,136,20
2025,Oakridge-41st Avenue Station,Saturday,9:00 to 10:00 AM,162,339,9
2025,Oakridge-41st Avenue Station,Saturday,9:00 to 10:00 PM,288,109,21
2025,Oakridge-41st Avenue Station,Sunday/Holiday,1:00 to 2:00 AM,21,4,1
2025,Oakridge-41st Avenue Station,Sunday/Holiday,1:00 to 2:00 PM,240,351,13
2025,Oakridge-41st Avenue Station,Sunday/Holiday,10:00 to 11:00 AM,131,337,10
2025,Oakridge-41st Avenue Station,Sunday/Holiday,10:00 to 11:00 PM,211,57,22
2025,Oakridge-41st Avenue Station,Sunday/Holiday,11:00 AM to 12:00 PM,160,341,11
2025,Oakridge-41st Avenue Station,Sunday/Holiday,11:00 PM to 12:00 AM,129,29,23
2025,Oakridge-41st Avenue Station,Sunday/Holiday,12:00 to 1:00 AM,79,11,0
2025,Oakridge-41st Avenue Station,Sunday/Holiday,12:00 to 1:00 PM,195,345,12
2025,Oakridge-41st Avenue Station,Sunday/Holiday,2:00 to 3:00 AM,0,0,2
2025,Oakridge-41st Avenue Station,Sunday/Holiday,2:00 to 3:00 PM,290,341,14
2025,Oakridge-41st Avenue Station,Sunday/Holiday,3:00 to 4:00 AM,0,0,3
2025,Oakridge-41st Avenue Station,Sunday/Holiday,3:00 to 4:00 PM,330,319,15
2025,Oakridge-41st Avenue Station,Sunday/Holiday,4:00 to 5:00 AM,1,9,4
2025,Oakridge-41st Avenue Station,Sunday/Holiday,4:00 to 5:00 PM,366,286,16
2025,Oakridge-41st Avenue Station,Sunday/Holiday,5:00 to 6:00 AM,28,98,5
2025,Oakridge-41st Avenue Station,Sunday/Holiday,5:00 to 6:00 PM,377,246,17
2025,Oakridge-41st Avenue Station,Sunday/Holiday,6:00 to 7:00 AM,56,161,6
2025,Oakridge-41st Avenue Station,Sunday/Holiday,6:00 to 7:00 PM,340,197,18
2025,Oakridge-41st Avenue Station,Sunday/Holiday,7:00 to 8:00 AM,83,163,7
2025,Oakridge-41st Avenue Station,Weekday,11:00 AM to 12:00 PM,231,334,11
2025,Oakridge-41st Avenue Station,Weekday,10:00 to 11:00 PM,234,78,22
2025,Oakridge-41st Avenue Station,Weekday,10:00 to 11:00 AM,226,343,10
2025,Oakridge-41st Avenue Station,Weekday,1:00 to 2:00 PM,284,352,13
2025,Oakridge-41st Avenue Station,Weekday,1:00 to 2:00 AM,23,5,1
2025,Oakridge-41st Avenue Station,Saturday,5:00 to 6:00 AM,27,108,5
2025,Oakridge-41st Avenue Station,Saturday,4:00 to 5:00 PM,422,378,16
2025,Oakridge-41st Avenue Station,Saturday,4:00 to 5:00 AM,1,10,4
2025,Oakridge-41st Avenue Station,Saturday,3:00 to 4:00 PM,373,406,15
2025,Oakridge-41st Avenue Station,Saturday,3:00 to 4:00 AM,0,0,3
2025,Oakridge-41st Avenue Station,Saturday,2:00 to 3:00 PM,330,437,14
2025,Oakridge-41st Avenue Station,Saturday,2:00 to 3:00 AM,0,0,2
2025,Oakridge-41st Avenue Station,Saturday,12:00 to 1:00 PM,243,414,12
2025,Oakridge-41st Avenue Station,Saturday,12:00 to 1:00 AM,142,20,0
2025,Oakridge-41st Avenue Station,Saturday,11:00 PM to 12:00 AM,202,46,23
2025,Oakridge-41st Avenue Station,Saturday,11:00 AM to 12:00 PM,203,406,11
2025,Oakridge-41st Avenue Station,Saturday,10:00 to 11:00 PM,256,80,22
2025,Oakridge-41st Avenue Station,Saturday,10:00 to 11:00 AM,172,366,10
2025,Oakridge-41st Avenue Station,Saturday,1:00 to 2:00 PM,281,439,13
2025,Oakridge-41st Avenue Station,Saturday,1:00 to 2:00 AM,44,6,1
2025,Oakridge-41st Avenue Station,Weekday,9:00 to 10:00 PM,296,118,21
2025,Oakridge-41st Avenue Station,Weekday,9:00 to 10:00 AM,255,421,9
2025,Oakridge-41st Avenue Station,Weekday,8:00 to 9:00 PM,283,159,20
2025,Oakridge-41st Avenue Station,Weekday,8:00 to 9:00 AM,445,626,8
2025,Oakridge-41st Avenue Station,Weekday,7:00 to 8:00 PM,332,226,19
2025,Oakridge-41st Avenue Station,Weekday,7:00 to 8:00 AM,447,491,7
2025,Oakridge-41st Avenue Station,Weekday,6:00 to 7:00 PM,521,392,18
2025,Oakridge-41st Avenue Station,Weekday,6:00 to 7:00 AM,374,311,6
2025,Oakridge-41st Avenue Station,Weekday,5:00 to 6:00 PM,694,574,17
2025,Oakridge-41st Avenue Station,Weekday,5:00 to 6:00 AM,49,146,5
2025,Oakridge-41st Avenue Station,Weekday,4:00 to 5:00 PM,608,635,16
2025,Oakridge-41st Avenue Station,Weekday,4:00 to 5:00 AM,1,11,4
2025,Oakridge-41st Avenue Station,Weekday,3:00 to 4:00 PM,456,751,15
2025,Oakridge-41st Avenue Station,Weekday,3:00 to 4:00 AM,0,0,3
2025,Oakridge-41st Avenue Station,Weekday,2:00 to 3:00 PM,352,477,14
2025,Oakridge-41st Avenue Station,Weekday,2:00 to 3:00 AM,0,0,2
2025,Oakridge-41st Avenue Station,Weekday,12:00 to 1:00 PM,261,343,12
2025,Oakridge-41st Avenue Station,Weekday,12:00 to 1:00 AM,79,12,0
2025,Oakridge-41st Avenue Station,Weekday,11:00 PM to 12:00 AM,135,38,23
2025,Oakridge-41st Avenue Station,Sunday/Holiday,7:00 to 8:00 PM,299,134,19
2025,Oakridge-41st Avenue Station,Sunday/Holiday,8:00 to 9:00 AM,90,181,8
2025,Oakridge-41st Avenue Station,Sunday/Holiday,8:00 to 9:00 PM,254,99,20
2025,Oakridge-41st Avenue Station,Sunday/Holiday,9:00 to 10:00 AM,121,260,9
2025,Oakridge-41st Avenue Station,Sunday/Holiday,9:00 to 10:00 PM,256,88,21
2025,Olympic Village Station,Saturday,4:00 to 5:00 AM,1,4,4
2025,Olympic Village Station,Saturday,4:00 to 5:00 PM,239,265,16
2025,Olympic Village Station,Saturday,5:00 to 6:00 AM,7,15,5
2025,Olympic Village Station,Saturday,5:00 to 6:00 PM,212,252,17
2025,Olympic Village Station,Saturday,6:00 to 7:00 AM,24,32,6
2025,Olympic Village Station,Saturday,6:00 to 7:00 PM,175,230,18
2025,Olympic Village Station,Saturday,7:00 to 8:00 AM,59,55,7
2025,Olympic Village Station,Saturday,7:00 to 8:00 PM,129,156,19
2025,Olympic Village Station,Saturday,8:00 to 9:00 AM,94,81,8
2025,Olympic Village Station,Saturday,8:00 to 9:00 PM,105,114,20
2025,Olympic Village Station,Saturday,9:00 to 10:00 AM,149,124,9
2025,Olympic Village Station,Saturday,9:00 to 10:00 PM,91,94,21
2025,Olympic Village Station,Sunday/Holiday,1:00 to 2:00 AM,4,2,1
2025,Olympic Village Station,Sunday/Holiday,1:00 to 2:00 PM,202,195,13
2025,Olympic Village Station,Sunday/Holiday,10:00 to 11:00 AM,146,140,10
2025,Olympic Village Station,Sunday/Holiday,10:00 to 11:00 PM,52,41,22
2025,Olympic Village Station,Sunday/Holiday,11:00 AM to 12:00 PM,183,166,11
2025,Olympic Village Station,Sunday/Holiday,11:00 PM to 12:00 AM,33,26,23
2025,Olympic Village Station,Sunday/Holiday,12:00 to 1:00 AM,15,10,0
2025,Olympic Village Station,Sunday/Holiday,12:00 to 1:00 PM,185,182,12
2025,Olympic Village Station,Sunday/Holiday,2:00 to 3:00 AM,0,1,2
2025,Olympic Village Station,Sunday/Holiday,2:00 to 3:00 PM,195,208,14
2025,Olympic Village Station,Sunday/Holiday,3:00 to 4:00 AM,0,0,3
2025,Olympic Village Station,Sunday/Holiday,3:00 to 4:00 PM,192,216,15
2025,Olympic Village Station,Sunday/Holiday,4:00 to 5:00 AM,1,4,4
2025,Olympic Village Station,Sunday/Holiday,4:00 to 5:00 PM,186,207,16
2025,Olympic Village Station,Sunday/Holiday,5:00 to 6:00 AM,7,15,5
2025,Olympic Village Station,Sunday/Holiday,5:00 to 6:00 PM,172,195,17
2025,Olympic Village Station,Sunday/Holiday,6:00 to 7:00 AM,23,31,6
2025,Olympic Village Station,Sunday/Holiday,9:00 to 10:00 PM,69,61,21
2025,Olympic Village Station,Sunday/Holiday,9:00 to 10:00 AM,113,105,9
2025,Olympic Village Station,Sunday/Holiday,8:00 to 9:00 PM,76,76,20
2025,Olympic Village Station,Sunday/Holiday,8:00 to 9:00 AM,76,79,8
2025,Olympic Village Station,Sunday/Holiday,7:00 to 8:00 PM,99,112,19
2025,Olympic Village Station,Sunday/Holiday,7:00 to 8:00 AM,44,48,7
2025,Olympic Village Station,Sunday/Holiday,6:00 to 7:00 PM,135,176,18
2025,Olympic Village Station,Weekday,1:00 to 2:00 AM,5,3,1
2025,Olympic Village Station,Weekday,1:00 to 2:00 PM,191,201,13
2025,Olympic Village Station,Weekday,10:00 to 11:00 AM,173,154,10
2025,Olympic Village Station,Weekday,10:00 to 11:00 PM,62,74,22
2025,Olympic Village Station,Weekday,11:00 AM to 12:00 PM,186,176,11
2025,Olympic Village Station,Weekday,11:00 PM to 12:00 AM,36,36,23
2025,Olympic Village Station,Weekday,12:00 to 1:00 AM,17,14,0
2025,Olympic Village Station,Weekday,12:00 to 1:00 PM,201,194,12
2025,Olympic Village Station,Weekday,2:00 to 3:00 AM,0,0,2
2025,Olympic Village Station,Weekday,2:00 to 3:00 PM,212,231,14
2025,Olympic Village Station,Weekday,3:00 to 4:00 AM,0,0,3
2025,Olympic Village Station,Weekday,3:00 to 4:00 PM,269,348,15
2025,Olympic Village Station,Weekday,4:00 to 5:00 AM,1,5,4
2025,Olympic Village Station,Weekday,4:00 to 5:00 PM,348,502,16
2025,Olympic Village Station,Weekday,5:00 to 6:00 AM,22,29,5
2025,Olympic Village Station,Weekday,5:00 to 6:00 PM,379,508,17
2025,Olympic Village Station,Weekday,6:00 to 7:00 AM,111,114,6
2025,Olympic Village Station,Weekday,6:00 to 7:00 PM,260,351,18
2025,Olympic Village Station,Weekday,7:00 to 8:00 AM,250,246,7
2025,Olympic Village Station,Weekday,7:00 to 8:00 PM,150,182,19
2025,Olympic Village Station,Weekday,8:00 to 9:00 AM,421,339,8
2025,Olympic Village Station,Weekday,8:00 to 9:00 PM,111,131,20
2025,Olympic Village Station,Weekday,9:00 to 10:00 AM,291,200,9
2025,Olympic Village Station,Weekday,9:00 to 10:00 PM,91,110,21
2025,Olympic Village Station,Saturday,1:00 to 2:00 AM,7,5,1
2025,Olympic Village Station,Saturday,1:00 to 2:00 PM,228,236,13
2025,Olympic Village Station,Saturday,10:00 to 11:00 AM,176,158,10
2025,Olympic Village Station,Saturday,10:00 to 11:00 PM,74,69,22
2025,Olympic Village Station,Saturday,11:00 AM to 12:00 PM,200,187,11
2025,Olympic Village Station,Saturday,11:00 PM to 12:00 AM,52,53,23
2025,Olympic Village Station,Saturday,12:00 to 1:00 AM,27,29,0
2025,Olympic Village Station,Saturday,12:00 to 1:00 PM,224,208,12
2025,Olympic Village Station,Saturday,2:00 to 3:00 AM,0,0,2
2025,Olympic Village Station,Saturday,2:00 to 3:00 PM,243,248,14
2025,Olympic Village Station,Saturday,3:00 to 4:00 AM,0,0,3
2025,Olympic Village Station,Saturday,3:00 to 4:00 PM,249,266,15
2025,Patterson Station,Saturday,12:00 to 1:00 AM,77,30,0
2025,Patterson Station,Saturday,11:00 PM to 12:00 AM,124,63,23
2025,Patterson Station,Saturday,11:00 AM to 12:00 PM,178,237,11
2025,Patterson Station,Saturday,10:00 to 11:00 PM,174,89,22
2025,Patterson Station,Saturday,10:00 to 11:00 AM,144,227,10
2025,Patterson Station,Saturday,1:00 to 2:00 PM,229,249,13
2025,Patterson Station,Saturday,1:00 to 2:00 AM,28,6,1
2025,Patterson Station,Weekday,9:00 to 10:00 PM,178,100,21
2025,Patterson Station,Weekday,9:00 to 10:00 AM,156,308,9
2025,Patterson Station,Weekday,8:00 to 9:00 PM,191,121,20
2025,Patterson Station,Weekday,8:00 to 9:00 AM,204,497,8
2025,Patterson Station,Weekday,7:00 to 8:00 PM,256,157,19
2025,Patterson Station,Weekday,7:00 to 8:00 AM,201,400,7
2025,Patterson Station,Weekday,6:00 to 7:00 PM,430,235,18
2025,Patterson Station,Weekday,6:00 to 7:00 AM,242,237,6
2025,Patterson Station,Weekday,5:00 to 6:00 PM,565,333,17
2025,Patterson Station,Weekday,5:00 to 6:00 AM,33,73,5
2025,Patterson Station,Weekday,4:00 to 5:00 PM,472,334,16
2025,Patterson Station,Weekday,4:00 to 5:00 AM,0,0,4
2025,Patterson Station,Weekday,3:00 to 4:00 PM,357,337,15
2025,Patterson Station,Weekday,3:00 to 4:00 AM,0,0,3
2025,Patterson Station,Weekday,2:00 to 3:00 PM,230,227,14
2025,Patterson Station,Weekday,2:00 to 3:00 AM,0,0,2
2025,Patterson Station,Weekday,12:00 to 1:00 PM,162,190,12
2025,Patterson Station,Weekday,12:00 to 1:00 AM,44,21,0
2025,Patterson Station,Weekday,11:00 PM to 12:00 AM,87,54,23
2025,Patterson Station,Weekday,11:00 AM to 12:00 PM,131,193,11
2025,Patterson Station,Weekday,10:00 to 11:00 PM,151,79,22
2025,Patterson Station,Weekday,10:00 to 11:00 AM,129,210,10
2025,Patterson Station,Weekday,1:00 to 2:00 PM,180,187,13
2025,Patterson Station,Weekday,1:00 to 2:00 AM,13,5,1
2025,Patterson Station,Saturday,12:00 to 1:00 PM,199,243,12
2025,Patterson Station,Saturday,2:00 to 3:00 AM,0,0,2
2025,Patterson Station,Saturday,2:00 to 3:00 PM,264,255,14
2025,Patterson Station,Saturday,3:00 to 4:00 PM,293,277,15
2025,Patterson Station,Saturday,4:00 to 5:00 AM,0,0,4
2025,Patterson Station,Saturday,4:00 to 5:00 PM,286,276,16
2025,Patterson Station,Saturday,5:00 to 6:00 AM,0,0,5
2025,Patterson Station,Saturday,5:00 to 6:00 PM,292,250,17
2025,Patterson Station,Saturday,6:00 to 7:00 AM,19,40,6
2025,Patterson Station,Saturday,6:00 to 7:00 PM,277,234,18
2025,Patterson Station,Saturday,7:00 to 8:00 AM,84,121,7
2025,Patterson Station,Saturday,7:00 to 8:00 PM,216,162,19
2025,Patterson Station,Saturday,8:00 to 9:00 AM,137,164,8
2025,Patterson Station,Saturday,8:00 to 9:00 PM,175,124,20
2025,Patterson Station,Saturday,9:00 to 10:00 AM,125,218,9
2025,Patterson Station,Saturday,9:00 to 10:00 PM,177,113,21
2025,Patterson Station,Sunday/Holiday,1:00 to 2:00 AM,1,0,1
2025,Patterson Station,Sunday/Holiday,1:00 to 2:00 PM,198,226,13
2025,Patterson Station,Sunday/Holiday,10:00 to 11:00 AM,127,209,10
2025,Patterson Station,Sunday/Holiday,10:00 to 11:00 PM,136,111,22
2025,Patterson Station,Sunday/Holiday,11:00 AM to 12:00 PM,155,204,11
2025,Patterson Station,Sunday/Holiday,11:00 PM to 12:00 AM,69,68,23
2025,Patterson Station,Sunday/Holiday,12:00 to 1:00 AM,26,10,0
2025,Patterson Station,Sunday/Holiday,12:00 to 1:00 PM,185,219,12
2025,Patterson Station,Sunday/Holiday,2:00 to 3:00 AM,0,0,2
2025,Patterson Station,Sunday/Holiday,2:00 to 3:00 PM,231,225,14
2025,Patterson Station,Sunday/Holiday,3:00 to 4:00 PM,234,226,15
2025,Patterson Station,Sunday/Holiday,4:00 to 5:00 AM,0,0,4
2025,Patterson Station,Sunday/Holiday,4:00 to 5:00 PM,249,203,16
2025,Patterson Station,Sunday/Holiday,5:00 to 6:00 AM,0,1,5
2025,Patterson Station,Sunday/Holiday,5:00 to 6:00 PM,263,184,17
2025,Patterson Station,Sunday/Holiday,6:00 to 7:00 AM,2,2,6
2025,Patterson Station,Sunday/Holiday,6:00 to 7:00 PM,257,153,18
2025,Patterson Station,Sunday/Holiday,7:00 to 8:00 AM,35,63,7
2025,Patterson Station,Sunday/Holiday,7:00 to 8:00 PM,220,128,19
2025,Patterson Station,Sunday/Holiday,8:00 to 9:00 AM,69,124,8
2025,Patterson Station,Sunday/Holiday,8:00 to 9:00 PM,193,109,20
2025,Patterson Station,Sunday/Holiday,9:00 to 10:00 AM,97,173,9
2025,Patterson Station,Sunday/Holiday,9:00 to 10:00 PM,182,88,21
2025,Production Way-University Station,Sunday/Holiday,9:00 to 10:00 PM,69,41,21
2025,Production Way-University Station,Sunday/Holiday,9:00 to 10:00 AM,65,67,9
2025,Production Way-University Station,Sunday/Holiday,8:00 to 9:00 PM,73,55,20
2025,Production Way-University Station,Sunday/Holiday,8:00 to 9:00 AM,60,48,8
2025,Production Way-University Station,Sunday/Holiday,7:00 to 8:00 PM,87,63,19
2025,Production Way-University Station,Sunday/Holiday,7:00 to 8:00 AM,49,62,7
2025,Production Way-University Station,Sunday/Holiday,6:00 to 7:00 PM,98,99,18
2025,Production Way-University Station,Sunday/Holiday,6:00 to 7:00 AM,3,3,6
2025,Production Way-University Station,Sunday/Holiday,5:00 to 6:00 PM,120,140,17
2025,Production Way-University Station,Sunday/Holiday,5:00 to 6:00 AM,1,0,5
2025,Production Way-University Station,Sunday/Holiday,4:00 to 5:00 PM,129,162,16
2025,Production Way-University Station,Sunday/Holiday,4:00 to 5:00 AM,0,0,4
2025,Production Way-University Station,Sunday/Holiday,3:00 to 4:00 PM,129,138,15
2025,Production Way-University Station,Sunday/Holiday,2:00 to 3:00 PM,131,126,14
2025,Production Way-University Station,Sunday/Holiday,2:00 to 3:00 AM,0,0,2
2025,Production Way-University Station,Sunday/Holiday,12:00 to 1:00 PM,95,109,12
2025,Production Way-University Station,Sunday/Holiday,12:00 to 1:00 AM,16,6,0
2025,Production Way-University Station,Sunday/Holiday,11:00 PM to 12:00 AM,33,25,23
2025,Production Way-University Station,Sunday/Holiday,11:00 AM to 12:00 PM,81,100,11
2025,Production Way-University Station,Sunday/Holiday,10:00 to 11:00 PM,44,35,22
2025,Production Way-University Station,Sunday/Holiday,10:00 to 11:00 AM,71,89,10
2025,Production Way-University Station,Sunday/Holiday,1:00 to 2:00 PM,115,131,13
2025,Production Way-University Station,Sunday/Holiday,1:00 to 2:00 AM,0,0,1
2025,Production Way-University Station,Saturday,9:00 to 10:00 PM,85,55,21
2025,Production Way-University Station,Saturday,9:00 to 10:00 AM,92,88,9
2025,Production Way-University Station,Saturday,8:00 to 9:00 PM,82,70,20
2025,Production Way-University Station,Saturday,8:00 to 9:00 AM,87,64,8
2025,Production Way-University Station,Saturday,7:00 to 8:00 PM,100,80,19
2025,Production Way-University Station,Saturday,7:00 to 8:00 AM,74,57,7
2025,Production Way-University Station,Saturday,6:00 to 7:00 PM,114,134,18
2025,Production Way-University Station,Saturday,6:00 to 7:00 AM,23,51,6
2025,Production Way-University Station,Saturday,5:00 to 6:00 PM,148,185,17
2025,Production Way-University Station,Saturday,5:00 to 6:00 AM,0,0,5
2025,Production Way-University Station,Saturday,4:00 to 5:00 PM,157,204,16
2025,Production Way-University Station,Weekday,1:00 to 2:00 AM,7,4,1
2025,Production Way-University Station,Weekday,1:00 to 2:00 PM,293,257,13
2025,Production Way-University Station,Weekday,10:00 to 11:00 AM,311,131,10
2025,Production Way-University Station,Weekday,10:00 to 11:00 PM,74,82,22
2025,Production Way-University Station,Weekday,11:00 AM to 12:00 PM,269,185,11
2025,Production Way-University Station,Weekday,11:00 PM to 12:00 AM,35,51,23
2025,Production Way-University Station,Weekday,12:00 to 1:00 AM,19,11,0
2025,Production Way-University Station,Weekday,12:00 to 1:00 PM,252,245,12
2025,Production Way-University Station,Weekday,2:00 to 3:00 AM,0,0,2
2025,Production Way-University Station,Weekday,2:00 to 3:00 PM,229,335,14
2025,Production Way-University Station,Weekday,3:00 to 4:00 AM,0,0,3
2025,Production Way-University Station,Weekday,3:00 to 4:00 PM,213,536,15
2025,Production Way-University Station,Weekday,4:00 to 5:00 AM,0,1,4
2025,Production Way-University Station,Weekday,4:00 to 5:00 PM,266,701,16
2025,Production Way-University Station,Weekday,5:00 to 6:00 AM,57,58,5
2025,Production Way-University Station,Weekday,5:00 to 6:00 PM,286,682,17
2025,Production Way-University Station,Weekday,6:00 to 7:00 AM,217,143,6
2025,Production Way-University Station,Weekday,6:00 to 7:00 PM,194,315,18
2025,Production Way-University Station,Weekday,7:00 to 8:00 AM,495,201,7
2025,Production Way-University Station,Weekday,7:00 to 8:00 PM,124,198,19
2025,Production Way-University Station,Weekday,8:00 to 9:00 AM,671,182,8
2025,Production Way-University Station,Weekday,8:00 to 9:00 PM,92,168,20
2025,Production Way-University Station,Weekday,9:00 to 10:00 AM,462,137,9
2025,Production Way-University Station,Weekday,9:00 to 10:00 PM,97,107,21
2025,Production Way-University Station,Saturday,1:00 to 2:00 AM,12,4,1
2025,Production Way-University Station,Saturday,1:00 to 2:00 PM,139,157,13
2025,Production Way-University Station,Saturday,10:00 to 11:00 AM,100,109,10
2025,Production Way-University Station,Saturday,10:00 to 11:00 PM,73,44,22
2025,Production Way-University Station,Saturday,11:00 AM to 12:00 PM,112,127,11
2025,Production Way-University Station,Saturday,11:00 PM to 12:00 AM,53,31,23
2025,Production Way-University Station,Saturday,12:00 to 1:00 AM,32,9,0
2025,Production Way-University Station,Saturday,12:00 to 1:00 PM,114,151,12
2025,Production Way-University Station,Saturday,2:00 to 3:00 AM,0,0,2
2025,Production Way-University Station,Saturday,2:00 to 3:00 PM,159,171,14
2025,Production Way-University Station,Saturday,3:00 to 4:00 PM,149,183,15
2025,Renfrew Station,Saturday,4:00 to 5:00 PM,144,206,16
2025,Renfrew Station,Saturday,5:00 to 6:00 PM,128,217,17
2025,Renfrew Station,Saturday,6:00 to 7:00 AM,19,25,6
2025,Renfrew Station,Saturday,6:00 to 7:00 PM,118,127,18
2025,Renfrew Station,Saturday,7:00 to 8:00 AM,63,54,7
2025,Renfrew Station,Saturday,7:00 to 8:00 PM,94,80,19
2025,Renfrew Station,Saturday,8:00 to 9:00 AM,199,85,8
2025,Renfrew Station,Saturday,8:00 to 9:00 PM,80,69,20
2025,Renfrew Station,Saturday,9:00 to 10:00 AM,94,112,9
2025,Renfrew Station,Saturday,9:00 to 10:00 PM,83,62,21
2025,Renfrew Station,Sunday/Holiday,1:00 to 2:00 AM,0,1,1
2025,Renfrew Station,Sunday/Holiday,1:00 to 2:00 PM,131,165,13
2025,Renfrew Station,Sunday/Holiday,10:00 to 11:00 AM,99,119,10
2025,Renfrew Station,Sunday/Holiday,10:00 to 11:00 PM,52,37,22
2025,Renfrew Station,Sunday/Holiday,11:00 AM to 12:00 PM,97,119,11
2025,Renfrew Station,Sunday/Holiday,11:00 PM to 12:00 AM,39,26,23
2025,Renfrew Station,Sunday/Holiday,12:00 to 1:00 AM,12,6,0
2025,Renfrew Station,Sunday/Holiday,12:00 to 1:00 PM,111,176,12
2025,Renfrew Station,Sunday/Holiday,2:00 to 3:00 AM,0,0,2
2025,Renfrew Station,Sunday/Holiday,2:00 to 3:00 PM,107,147,14
2025,Renfrew Station,Sunday/Holiday,3:00 to 4:00 PM,117,150,15
2025,Renfrew Station,Sunday/Holiday,4:00 to 5:00 AM,0,0,4
2025,Renfrew Station,Sunday/Holiday,4:00 to 5:00 PM,123,163,16
2025,Renfrew Station,Sunday/Holiday,5:00 to 6:00 AM,0,0,5
2025,Renfrew Station,Sunday/Holiday,5:00 to 6:00 PM,117,160,17
2025,Renfrew Station,Sunday/Holiday,6:00 to 7:00 AM,1,2,6
2025,Renfrew Station,Sunday/Holiday,6:00 to 7:00 PM,104,88,18
2025,Renfrew Station,Sunday/Holiday,7:00 to 8:00 AM,45,37,7
2025,Renfrew Station,Sunday/Holiday,7:00 to 8:00 PM,84,65,19
2025,Renfrew Station,Sunday/Holiday,8:00 to 9:00 AM,106,60,8
2025,Renfrew Station,Sunday/Holiday,8:00 to 9:00 PM,72,52,20
2025,Renfrew Station,Sunday/Holiday,9:00 to 10:00 AM,72,84,9
2025,Renfrew Station,Sunday/Holiday,9:00 to 10:00 PM,62,48,21
2025,Renfrew Station,Weekday,1:00 to 2:00 AM,6,3,1
2025,Renfrew Station,Saturday,4:00 to 5:00 AM,0,0,4
2025,Renfrew Station,Saturday,3:00 to 4:00 PM,132,188,15
2025,Renfrew Station,Saturday,2:00 to 3:00 PM,132,168,14
2025,Renfrew Station,Saturday,2:00 to 3:00 AM,0,0,2
2025,Renfrew Station,Saturday,12:00 to 1:00 PM,124,188,12
2025,Renfrew Station,Saturday,12:00 to 1:00 AM,32,19,0
2025,Renfrew Station,Saturday,11:00 PM to 12:00 AM,58,36,23
2025,Renfrew Station,Saturday,11:00 AM to 12:00 PM,101,149,11
2025,Renfrew Station,Saturday,10:00 to 11:00 PM,70,52,22
2025,Renfrew Station,Saturday,10:00 to 11:00 AM,92,137,10
2025,Renfrew Station,Saturday,1:00 to 2:00 PM,168,161,13
2025,Renfrew Station,Saturday,1:00 to 2:00 AM,11,5,1
2025,Renfrew Station,Weekday,9:00 to 10:00 PM,81,141,21
2025,Renfrew Station,Weekday,9:00 to 10:00 AM,235,165,9
2025,Renfrew Station,Weekday,8:00 to 9:00 PM,92,101,20
2025,Renfrew Station,Weekday,8:00 to 9:00 AM,561,200,8
2025,Renfrew Station,Weekday,7:00 to 8:00 PM,114,153,19
2025,Renfrew Station,Weekday,7:00 to 8:00 AM,329,150,7
2025,Renfrew Station,Weekday,6:00 to 7:00 PM,185,222,18
2025,Renfrew Station,Weekday,6:00 to 7:00 AM,96,125,6
2025,Renfrew Station,Weekday,5:00 to 6:00 PM,309,415,17
2025,Renfrew Station,Weekday,5:00 to 6:00 AM,35,42,5
2025,Renfrew Station,Weekday,4:00 to 5:00 PM,260,477,16
2025,Renfrew Station,Weekday,4:00 to 5:00 AM,0,0,4
2025,Renfrew Station,Weekday,3:00 to 4:00 PM,204,382,15
2025,Renfrew Station,Weekday,3:00 to 4:00 AM,0,0,3
2025,Renfrew Station,Weekday,2:00 to 3:00 PM,174,260,14
2025,Renfrew Station,Weekday,2:00 to 3:00 AM,0,0,2
2025,Renfrew Station,Weekday,12:00 to 1:00 PM,264,231,12
2025,Renfrew Station,Weekday,12:00 to 1:00 AM,20,10,0
2025,Renfrew Station,Weekday,11:00 PM to 12:00 AM,41,26,23
2025,Renfrew Station,Weekday,11:00 AM to 12:00 PM,135,209,11
2025,Renfrew Station,Weekday,10:00 to 11:00 PM,63,68,22
2025,Renfrew Station,Weekday,10:00 to 11:00 AM,186,159,10
2025,Renfrew Station,Weekday,1:00 to 2:00 PM,193,191,13
2025,Richmond-Brighouse Station,Weekday,1:00 to 2:00 AM,37,2,1
2025,Richmond-Brighouse Station,Weekday,1:00 to 2:00 PM,528,592,13
2025,Richmond-Brighouse Station,Sunday/Holiday,9:00 to 10:00 PM,295,162,21
2025,Richmond-Brighouse Station,Sunday/Holiday,9:00 to 10:00 AM,243,429,9
2025,Richmond-Brighouse Station,Sunday/Holiday,8:00 to 9:00 PM,338,198,20
2025,Richmond-Brighouse Station,Sunday/Holiday,8:00 to 9:00 AM,162,298,8
2025,Richmond-Brighouse Station,Sunday/Holiday,7:00 to 8:00 PM,430,339,19
2025,Richmond-Brighouse Station,Sunday/Holiday,7:00 to 8:00 AM,145,264,7
2025,Richmond-Brighouse Station,Sunday/Holiday,6:00 to 7:00 PM,540,428,18
2025,Richmond-Brighouse Station,Sunday/Holiday,6:00 to 7:00 AM,82,242,6
2025,Richmond-Brighouse Station,Sunday/Holiday,5:00 to 6:00 PM,701,508,17
2025,Richmond-Brighouse Station,Sunday/Holiday,5:00 to 6:00 AM,15,131,5
2025,Richmond-Brighouse Station,Sunday/Holiday,4:00 to 5:00 PM,641,580,16
2025,Richmond-Brighouse Station,Sunday/Holiday,4:00 to 5:00 AM,1,16,4
2025,Richmond-Brighouse Station,Sunday/Holiday,3:00 to 4:00 PM,707,615,15
2025,Richmond-Brighouse Station,Sunday/Holiday,3:00 to 4:00 AM,0,0,3
2025,Richmond-Brighouse Station,Sunday/Holiday,2:00 to 3:00 PM,565,627,14
2025,Richmond-Brighouse Station,Sunday/Holiday,2:00 to 3:00 AM,1,1,2
2025,Richmond-Brighouse Station,Sunday/Holiday,12:00 to 1:00 PM,434,586,12
2025,Richmond-Brighouse Station,Sunday/Holiday,12:00 to 1:00 AM,79,20,0
2025,Richmond-Brighouse Station,Sunday/Holiday,11:00 PM to 12:00 AM,167,51,23
2025,Richmond-Brighouse Station,Sunday/Holiday,11:00 AM to 12:00 PM,416,555,11
2025,Richmond-Brighouse Station,Sunday/Holiday,10:00 to 11:00 PM,239,97,22
2025,Richmond-Brighouse Station,Sunday/Holiday,10:00 to 11:00 AM,312,524,10
2025,Richmond-Brighouse Station,Sunday/Holiday,1:00 to 2:00 PM,561,640,13
2025,Richmond-Brighouse Station,Sunday/Holiday,1:00 to 2:00 AM,26,2,1
2025,Richmond-Brighouse Station,Saturday,9:00 to 10:00 PM,350,279,21
2025,Richmond-Brighouse Station,Saturday,9:00 to 10:00 AM,299,499,9
2025,Richmond-Brighouse Station,Saturday,8:00 to 9:00 PM,398,310,20
2025,Richmond-Brighouse Station,Saturday,8:00 to 9:00 AM,249,405,8
2025,Richmond-Brighouse Station,Saturday,7:00 to 8:00 PM,512,378,19
2025,Richmond-Brighouse Station,Saturday,7:00 to 8:00 AM,164,291,7
2025,Richmond-Brighouse Station,Saturday,6:00 to 7:00 PM,722,537,18
2025,Richmond-Brighouse Station,Saturday,6:00 to 7:00 AM,79,232,6
2025,Richmond-Brighouse Station,Saturday,5:00 to 6:00 PM,710,654,17
2025,Richmond-Brighouse Station,Saturday,5:00 to 6:00 AM,18,144,5
2025,Richmond-Brighouse Station,Weekday,10:00 to 11:00 AM,354,644,10
2025,Richmond-Brighouse Station,Weekday,10:00 to 11:00 PM,290,114,22
2025,Richmond-Brighouse Station,Weekday,11:00 AM to 12:00 PM,356,608,11
2025,Richmond-Brighouse Station,Weekday,11:00 PM to 12:00 AM,186,51,23
2025,Richmond-Brighouse Station,Weekday,12:00 to 1:00 AM,99,21,0
2025,Richmond-Brighouse Station,Weekday,12:00 to 1:00 PM,530,602,12
2025,Richmond-Brighouse Station,Weekday,2:00 to 3:00 AM,1,1,2
2025,Richmond-Brighouse Station,Weekday,2:00 to 3:00 PM,711,600,14
2025,Richmond-Brighouse Station,Weekday,3:00 to 4:00 AM,0,0,3
2025,Richmond-Brighouse Station,Weekday,3:00 to 4:00 PM,920,748,15
2025,Richmond-Brighouse Station,Weekday,4:00 to 5:00 AM,1,50,4
2025,Richmond-Brighouse Station,Weekday,4:00 to 5:00 PM,1178,754,16
2025,Richmond-Brighouse Station,Weekday,5:00 to 6:00 AM,24,248,5
2025,Richmond-Brighouse Station,Weekday,5:00 to 6:00 PM,1329,729,17
2025,Richmond-Brighouse Station,Weekday,6:00 to 7:00 AM,242,577,6
2025,Richmond-Brighouse Station,Weekday,6:00 to 7:00 PM,1073,498,18
2025,Richmond-Brighouse Station,Weekday,7:00 to 8:00 AM,344,1183,7
2025,Richmond-Brighouse Station,Weekday,7:00 to 8:00 PM,631,296,19
2025,Richmond-Brighouse Station,Weekday,8:00 to 9:00 AM,415,1223,8
2025,Richmond-Brighouse Station,Weekday,8:00 to 9:00 PM,440,252,20
2025,Richmond-Brighouse Station,Weekday,9:00 to 10:00 AM,369,828,9
2025,Richmond-Brighouse Station,Weekday,9:00 to 10:00 PM,373,244,21
2025,Richmond-Brighouse Station,Saturday,1:00 to 2:00 AM,58,2,1
2025,Richmond-Brighouse Station,Saturday,1:00 to 2:00 PM,571,708,13
2025,Richmond-Brighouse Station,Saturday,10:00 to 11:00 AM,387,583,10
2025,Richmond-Brighouse Station,Saturday,10:00 to 11:00 PM,327,147,22
2025,Richmond-Brighouse Station,Saturday,11:00 AM to 12:00 PM,418,638,11
2025,Richmond-Brighouse Station,Saturday,11:00 PM to 12:00 AM,254,69,23
2025,Richmond-Brighouse Station,Saturday,12:00 to 1:00 AM,148,30,0
2025,Richmond-Brighouse Station,Saturday,12:00 to 1:00 PM,577,677,12
2025,Richmond-Brighouse Station,Saturday,2:00 to 3:00 AM,1,1,2
2025,Richmond-Brighouse Station,Saturday,2:00 to 3:00 PM,714,726,14
2025,Richmond-Brighouse Station,Saturday,3:00 to 4:00 AM,0,0,3
2025,Richmond-Brighouse Station,Saturday,3:00 to 4:00 PM,712,742,15
2025,Richmond-Brighouse Station,Saturday,4:00 to 5:00 AM,1,18,4
2025,Richmond-Brighouse Station,Saturday,4:00 to 5:00 PM,828,721,16
2025,Royal Oak Station,Saturday,2:00 to 3:00 AM,0,0,2
2025,Royal Oak Station,Saturday,12:00 to 1:00 PM,204,288,12
2025,Royal Oak Station,Saturday,12:00 to 1:00 AM,106,27,0
2025,Royal Oak Station,Saturday,11:00 PM to 12:00 AM,149,58,23
2025,Royal Oak Station,Saturday,11:00 AM to 12:00 PM,173,272,11
2025,Royal Oak Station,Saturday,10:00 to 11:00 PM,198,102,22
2025,Royal Oak Station,Saturday,10:00 to 11:00 AM,157,262,10
2025,Royal Oak Station,Saturday,1:00 to 2:00 PM,227,284,13
2025,Royal Oak Station,Saturday,1:00 to 2:00 AM,39,6,1
2025,Royal Oak Station,Weekday,9:00 to 10:00 PM,214,123,21
2025,Royal Oak Station,Weekday,9:00 to 10:00 AM,256,395,9
2025,Royal Oak Station,Weekday,8:00 to 9:00 PM,230,138,20
2025,Royal Oak Station,Weekday,8:00 to 9:00 AM,452,645,8
2025,Royal Oak Station,Weekday,7:00 to 8:00 PM,330,178,19
2025,Royal Oak Station,Weekday,7:00 to 8:00 AM,214,531,7
2025,Royal Oak Station,Weekday,6:00 to 7:00 PM,552,289,18
2025,Royal Oak Station,Weekday,6:00 to 7:00 AM,123,363,6
2025,Royal Oak Station,Weekday,5:00 to 6:00 PM,713,399,17
2025,Royal Oak Station,Weekday,5:00 to 6:00 AM,28,123,5
2025,Royal Oak Station,Weekday,4:00 to 5:00 PM,588,405,16
2025,Royal Oak Station,Weekday,4:00 to 5:00 AM,0,0,4
2025,Royal Oak Station,Weekday,3:00 to 4:00 PM,395,542,15
2025,Royal Oak Station,Weekday,3:00 to 4:00 AM,0,0,3
2025,Royal Oak Station,Weekday,2:00 to 3:00 PM,263,264,14
2025,Royal Oak Station,Weekday,2:00 to 3:00 AM,0,0,2
2025,Royal Oak Station,Weekday,12:00 to 1:00 PM,194,249,12
2025,Royal Oak Station,Weekday,12:00 to 1:00 AM,64,18,0
2025,Royal Oak Station,Weekday,11:00 PM to 12:00 AM,122,44,23
2025,Royal Oak Station,Weekday,11:00 AM to 12:00 PM,154,241,11
2025,Royal Oak Station,Weekday,10:00 to 11:00 PM,184,85,22
2025,Royal Oak Station,Weekday,10:00 to 11:00 AM,156,263,10
2025,Royal Oak Station,Weekday,1:00 to 2:00 PM,206,236,13
2025,Royal Oak Station,Weekday,1:00 to 2:00 AM,21,4,1
2025,Royal Oak Station,Saturday,2:00 to 3:00 PM,263,295,14
2025,Royal Oak Station,Saturday,3:00 to 4:00 PM,290,289,15
2025,Royal Oak Station,Saturday,4:00 to 5:00 PM,320,298,16
2025,Royal Oak Station,Saturday,5:00 to 6:00 PM,335,292,17
2025,Royal Oak Station,Saturday,6:00 to 7:00 AM,21,74,6
2025,Royal Oak Station,Saturday,6:00 to 7:00 PM,327,249,18
2025,Royal Oak Station,Saturday,7:00 to 8:00 AM,76,155,7
2025,Royal Oak Station,Saturday,7:00 to 8:00 PM,251,174,19
2025,Royal Oak Station,Saturday,8:00 to 9:00 AM,127,213,8
2025,Royal Oak Station,Saturday,8:00 to 9:00 PM,202,132,20
2025,Royal Oak Station,Saturday,9:00 to 10:00 AM,149,258,9
2025,Royal Oak Station,Saturday,9:00 to 10:00 PM,211,121,21
2025,Royal Oak Station,Sunday/Holiday,1:00 to 2:00 AM,1,0,1
2025,Royal Oak Station,Sunday/Holiday,1:00 to 2:00 PM,209,262,13
2025,Royal Oak Station,Sunday/Holiday,10:00 to 11:00 AM,147,251,10
2025,Royal Oak Station,Sunday/Holiday,10:00 to 11:00 PM,144,73,22
2025,Royal Oak Station,Sunday/Holiday,11:00 AM to 12:00 PM,154,249,11
2025,Royal Oak Station,Sunday/Holiday,11:00 PM to 12:00 AM,101,40,23
2025,Royal Oak Station,Sunday/Holiday,12:00 to 1:00 AM,39,11,0
2025,Royal Oak Station,Sunday/Holiday,12:00 to 1:00 PM,184,273,12
2025,Royal Oak Station,Sunday/Holiday,2:00 to 3:00 AM,0,0,2
2025,Royal Oak Station,Sunday/Holiday,2:00 to 3:00 PM,221,253,14
2025,Royal Oak Station,Sunday/Holiday,3:00 to 4:00 PM,239,246,15
2025,Royal Oak Station,Sunday/Holiday,4:00 to 5:00 PM,273,233,16
2025,Royal Oak Station,Sunday/Holiday,5:00 to 6:00 AM,0,1,5
2025,Royal Oak Station,Sunday/Holiday,5:00 to 6:00 PM,283,208,17
2025,Royal Oak Station,Sunday/Holiday,6:00 to 7:00 AM,2,5,6
2025,Royal Oak Station,Sunday/Holiday,6:00 to 7:00 PM,284,175,18
2025,Royal Oak Station,Sunday/Holiday,7:00 to 8:00 AM,33,102,7
2025,Royal Oak Station,Sunday/Holiday,7:00 to 8:00 PM,228,128,19
2025,Royal Oak Station,Sunday/Holiday,8:00 to 9:00 AM,94,154,8
2025,Royal Oak Station,Sunday/Holiday,8:00 to 9:00 PM,187,112,20
2025,Royal Oak Station,Sunday/Holiday,9:00 to 10:00 AM,130,208,9
2025,Royal Oak Station,Sunday/Holiday,9:00 to 10:00 PM,159,94,21
2025,Rupert Station,Weekday,1:00 to 2:00 AM,8,2,1
2025,Rupert Station,Weekday,1:00 to 2:00 PM,136,142,13
2025,Rupert Station,Sunday/Holiday,9:00 to 10:00 PM,74,53,21
2025,Rupert Station,Sunday/Holiday,9:00 to 10:00 AM,66,91,9
2025,Rupert Station,Sunday/Holiday,8:00 to 9:00 PM,75,62,20
2025,Rupert Station,Sunday/Holiday,8:00 to 9:00 AM,48,63,8
2025,Rupert Station,Sunday/Holiday,7:00 to 8:00 PM,96,77,19
2025,Rupert Station,Sunday/Holiday,7:00 to 8:00 AM,25,44,7
2025,Rupert Station,Sunday/Holiday,6:00 to 7:00 PM,115,99,18
2025,Rupert Station,Sunday/Holiday,6:00 to 7:00 AM,1,2,6
2025,Rupert Station,Sunday/Holiday,5:00 to 6:00 PM,129,121,17
2025,Rupert Station,Sunday/Holiday,5:00 to 6:00 AM,0,0,5
2025,Rupert Station,Sunday/Holiday,4:00 to 5:00 PM,133,132,16
2025,Rupert Station,Sunday/Holiday,4:00 to 5:00 AM,0,0,4
2025,Rupert Station,Sunday/Holiday,3:00 to 4:00 PM,130,144,15
2025,Rupert Station,Sunday/Holiday,2:00 to 3:00 PM,132,142,14
2025,Rupert Station,Sunday/Holiday,2:00 to 3:00 AM,0,0,2
2025,Rupert Station,Sunday/Holiday,12:00 to 1:00 PM,100,130,12
2025,Rupert Station,Sunday/Holiday,12:00 to 1:00 AM,14,5,0
2025,Rupert Station,Sunday/Holiday,11:00 PM to 12:00 AM,38,32,23
2025,Rupert Station,Sunday/Holiday,11:00 AM to 12:00 PM,88,111,11
2025,Rupert Station,Sunday/Holiday,10:00 to 11:00 PM,61,36,22
2025,Rupert Station,Sunday/Holiday,10:00 to 11:00 AM,88,109,10
2025,Rupert Station,Sunday/Holiday,1:00 to 2:00 PM,114,138,13
2025,Rupert Station,Sunday/Holiday,1:00 to 2:00 AM,0,0,1
2025,Rupert Station,Saturday,9:00 to 10:00 PM,82,64,21
2025,Rupert Station,Saturday,9:00 to 10:00 AM,77,110,9
2025,Rupert Station,Saturday,8:00 to 9:00 PM,80,71,20
2025,Rupert Station,Saturday,8:00 to 9:00 AM,65,91,8
2025,Rupert Station,Saturday,7:00 to 8:00 PM,103,91,19
2025,Rupert Station,Saturday,7:00 to 8:00 AM,36,69,7
2025,Rupert Station,Saturday,6:00 to 7:00 PM,124,120,18
2025,Rupert Station,Saturday,6:00 to 7:00 AM,25,28,6
2025,Rupert Station,Saturday,5:00 to 6:00 PM,146,140,17
2025,Rupert Station,Saturday,5:00 to 6:00 AM,0,0,5
2025,Rupert Station,Saturday,4:00 to 5:00 PM,151,160,16
2025,Rupert Station,Saturday,4:00 to 5:00 AM,0,0,4
2025,Rupert Station,Saturday,3:00 to 4:00 PM,155,167,15
2025,Rupert Station,Saturday,2:00 to 3:00 PM,161,163,14
2025,Rupert Station,Saturday,2:00 to 3:00 AM,0,0,2
2025,Rupert Station,Saturday,12:00 to 1:00 PM,123,146,12
2025,Rupert Station,Saturday,12:00 to 1:00 AM,31,9,0
2025,Rupert Station,Saturday,11:00 PM to 12:00 AM,48,37,23
2025,Rupert Station,Saturday,11:00 AM to 12:00 PM,103,136,11
2025,Rupert Station,Saturday,10:00 to 11:00 PM,77,49,22
2025,Rupert Station,Saturday,10:00 to 11:00 AM,96,132,10
2025,Rupert Station,Saturday,1:00 to 2:00 PM,139,155,13
2025,Rupert Station,Saturday,1:00 to 2:00 AM,13,3,1
2025,Rupert Station,Weekday,9:00 to 10:00 PM,92,54,21
2025,Rupert Station,Weekday,9:00 to 10:00 AM,90,147,9
2025,Rupert Station,Weekday,8:00 to 9:00 PM,96,68,20
2025,Rupert Station,Weekday,8:00 to 9:00 AM,117,202,8
2025,Rupert Station,Weekday,7:00 to 8:00 PM,112,90,19
2025,Rupert Station,Weekday,7:00 to 8:00 AM,79,169,7
2025,Rupert Station,Weekday,6:00 to 7:00 PM,172,137,18
2025,Rupert Station,Weekday,6:00 to 7:00 AM,72,109,6
2025,Rupert Station,Weekday,5:00 to 6:00 PM,231,182,17
2025,Rupert Station,Weekday,5:00 to 6:00 AM,17,32,5
2025,Rupert Station,Weekday,4:00 to 5:00 PM,237,196,16
2025,Rupert Station,Weekday,4:00 to 5:00 AM,0,0,4
2025,Rupert Station,Weekday,3:00 to 4:00 PM,207,188,15
2025,Rupert Station,Weekday,3:00 to 4:00 AM,0,0,3
2025,Rupert Station,Weekday,2:00 to 3:00 PM,156,154,14
2025,Rupert Station,Weekday,2:00 to 3:00 AM,0,0,2
2025,Rupert Station,Weekday,12:00 to 1:00 PM,121,138,12
2025,Rupert Station,Weekday,12:00 to 1:00 AM,21,7,0
2025,Rupert Station,Weekday,11:00 PM to 12:00 AM,41,32,23
2025,Rupert Station,Weekday,11:00 AM to 12:00 PM,95,136,11
2025,Rupert Station,Weekday,10:00 to 11:00 PM,73,41,22
2025,Rupert Station,Weekday,10:00 to 11:00 AM,89,138,10
2025,Sapperton Station,Sunday/Holiday,9:00 to 10:00 PM,57,38,21
2025,Sapperton Station,Sunday/Holiday,9:00 to 10:00 AM,45,72,9
2025,Sapperton Station,Sunday/Holiday,8:00 to 9:00 PM,62,47,20
2025,Sapperton Station,Sunday/Holiday,8:00 to 9:00 AM,45,57,8
2025,Sapperton Station,Sunday/Holiday,7:00 to 8:00 PM,89,76,19
2025,Sapperton Station,Sunday/Holiday,7:00 to 8:00 AM,38,99,7
2025,Sapperton Station,Sunday/Holiday,6:00 to 7:00 PM,115,66,18
2025,Sapperton Station,Sunday/Holiday,6:00 to 7:00 AM,3,3,6
2025,Sapperton Station,Sunday/Holiday,5:00 to 6:00 PM,100,90,17
2025,Sapperton Station,Sunday/Holiday,5:00 to 6:00 AM,0,1,5
2025,Sapperton Station,Sunday/Holiday,4:00 to 5:00 PM,98,102,16
2025,Sapperton Station,Sunday/Holiday,4:00 to 5:00 AM,0,0,4
2025,Sapperton Station,Sunday/Holiday,3:00 to 4:00 PM,108,139,15
2025,Sapperton Station,Sunday/Holiday,3:00 to 4:00 AM,0,0,3
2025,Sapperton Station,Sunday/Holiday,2:00 to 3:00 PM,99,112,14
2025,Sapperton Station,Sunday/Holiday,2:00 to 3:00 AM,0,0,2
2025,Sapperton Station,Sunday/Holiday,12:00 to 1:00 PM,68,113,12
2025,Sapperton Station,Sunday/Holiday,12:00 to 1:00 AM,21,11,0
2025,Sapperton Station,Sunday/Holiday,11:00 PM to 12:00 AM,40,29,23
2025,Sapperton Station,Sunday/Holiday,11:00 AM to 12:00 PM,54,97,11
2025,Sapperton Station,Sunday/Holiday,10:00 to 11:00 PM,54,40,22
2025,Sapperton Station,Sunday/Holiday,10:00 to 11:00 AM,54,94,10
2025,Sapperton Station,Sunday/Holiday,1:00 to 2:00 PM,80,109,13
2025,Sapperton Station,Sunday/Holiday,1:00 to 2:00 AM,1,0,1
2025,Sapperton Station,Saturday,9:00 to 10:00 PM,77,48,21
2025,Sapperton Station,Saturday,9:00 to 10:00 AM,64,88,9
2025,Sapperton Station,Saturday,8:00 to 9:00 PM,72,59,20
2025,Sapperton Station,Saturday,8:00 to 9:00 AM,68,83,8
2025,Sapperton Station,Saturday,7:00 to 8:00 PM,101,102,19
2025,Sapperton Station,Saturday,7:00 to 8:00 AM,85,105,7
2025,Sapperton Station,Saturday,6:00 to 7:00 PM,139,93,18
2025,Sapperton Station,Saturday,6:00 to 7:00 AM,57,42,6
2025,Sapperton Station,Saturday,5:00 to 6:00 PM,120,126,17
2025,Sapperton Station,Saturday,5:00 to 6:00 AM,0,0,5
2025,Sapperton Station,Saturday,4:00 to 5:00 PM,119,148,16
2025,Sapperton Station,Saturday,4:00 to 5:00 AM,0,0,4
2025,Sapperton Station,Saturday,3:00 to 4:00 PM,125,183,15
2025,Sapperton Station,Saturday,3:00 to 4:00 AM,0,0,3
2025,Sapperton Station,Saturday,2:00 to 3:00 PM,116,146,14
2025,Sapperton Station,Saturday,2:00 to 3:00 AM,0,0,2
2025,Sapperton Station,Saturday,12:00 to 1:00 PM,89,126,12
2025,Sapperton Station,Saturday,12:00 to 1:00 AM,38,17,0
2025,Sapperton Station,Saturday,11:00 PM to 12:00 AM,58,36,23
2025,Sapperton Station,Saturday,11:00 AM to 12:00 PM,77,121,11
2025,Sapperton Station,Saturday,10:00 to 11:00 PM,79,48,22
2025,Sapperton Station,Saturday,10:00 to 11:00 AM,64,109,10
2025,Sapperton Station,Saturday,1:00 to 2:00 PM,95,152,13
2025,Sapperton Station,Saturday,1:00 to 2:00 AM,22,5,1
2025,Sapperton Station,Weekday,9:00 to 10:00 PM,78,43,21
2025,Sapperton Station,Weekday,9:00 to 10:00 AM,140,149,9
2025,Sapperton Station,Weekday,8:00 to 9:00 PM,78,58,20
2025,Sapperton Station,Weekday,8:00 to 9:00 AM,269,226,8
2025,Sapperton Station,Weekday,7:00 to 8:00 PM,120,122,19
2025,Sapperton Station,Weekday,7:00 to 8:00 AM,336,285,7
2025,Sapperton Station,Weekday,6:00 to 7:00 PM,211,143,18
2025,Sapperton Station,Weekday,6:00 to 7:00 AM,330,154,6
2025,Sapperton Station,Weekday,5:00 to 6:00 PM,264,275,17
2025,Sapperton Station,Weekday,5:00 to 6:00 AM,43,78,5
2025,Sapperton Station,Weekday,4:00 to 5:00 PM,219,366,16
2025,Sapperton Station,Weekday,4:00 to 5:00 AM,0,0,4
2025,Sapperton Station,Weekday,3:00 to 4:00 PM,181,421,15
2025,Sapperton Station,Weekday,3:00 to 4:00 AM,0,0,3
2025,Sapperton Station,Weekday,2:00 to 3:00 PM,154,219,14
2025,Sapperton Station,Weekday,2:00 to 3:00 AM,0,0,2
2025,Sapperton Station,Weekday,12:00 to 1:00 PM,108,133,12
2025,Sapperton Station,Weekday,12:00 to 1:00 AM,26,15,0
2025,Sapperton Station,Weekday,11:00 PM to 12:00 AM,46,38,23
2025,Sapperton Station,Weekday,11:00 AM to 12:00 PM,93,132,11
2025,Sapperton Station,Weekday,10:00 to 11:00 PM,72,68,22
2025,Sapperton Station,Weekday,10:00 to 11:00 AM,102,125,10
2025,Sapperton Station,Weekday,1:00 to 2:00 PM,133,143,13
2025,Sapperton Station,Weekday,1:00 to 2:00 AM,12,4,1
2025,Scott Road Station,Sunday/Holiday,7:00 to 8:00 PM,642,279,19
2025,Scott Road Station,Sunday/Holiday,8:00 to 9:00 AM,261,394,8
2025,Scott Road Station,Sunday/Holiday,8:00 to 9:00 PM,518,272,20
2025,Scott Road Station,Sunday/Holiday,9:00 to 10:00 AM,216,436,9
2025,Scott Road Station,Sunday/Holiday,9:00 to 10:00 PM,401,263,21
2025,Scott Road Station,Weekday,1:00 to 2:00 AM,147,12,1
2025,Scott Road Station,Weekday,1:00 to 2:00 PM,435,582,13
2025,Scott Road Station,Weekday,10:00 to 11:00 AM,217,547,10
2025,Scott Road Station,Weekday,10:00 to 11:00 PM,507,245,22
2025,Scott Road Station,Weekday,11:00 AM to 12:00 PM,292,572,11
2025,Scott Road Station,Sunday/Holiday,7:00 to 8:00 AM,136,513,7
2025,Scott Road Station,Sunday/Holiday,6:00 to 7:00 PM,627,311,18
2025,Scott Road Station,Sunday/Holiday,6:00 to 7:00 AM,8,74,6
2025,Scott Road Station,Sunday/Holiday,5:00 to 6:00 PM,622,367,17
2025,Scott Road Station,Sunday/Holiday,5:00 to 6:00 AM,3,6,5
2025,Scott Road Station,Sunday/Holiday,4:00 to 5:00 PM,552,444,16
2025,Scott Road Station,Sunday/Holiday,4:00 to 5:00 AM,0,0,4
2025,Scott Road Station,Sunday/Holiday,3:00 to 4:00 PM,445,518,15
2025,Scott Road Station,Sunday/Holiday,2:00 to 3:00 PM,324,562,14
2025,Scott Road Station,Sunday/Holiday,2:00 to 3:00 AM,0,0,2
2025,Scott Road Station,Sunday/Holiday,12:00 to 1:00 PM,263,481,12
2025,Scott Road Station,Sunday/Holiday,12:00 to 1:00 AM,319,38,0
2025,Scott Road Station,Sunday/Holiday,11:00 PM to 12:00 AM,402,129,23
2025,Scott Road Station,Sunday/Holiday,11:00 AM to 12:00 PM,239,474,11
2025,Scott Road Station,Sunday/Holiday,10:00 to 11:00 PM,365,194,22
2025,Scott Road Station,Sunday/Holiday,10:00 to 11:00 AM,219,471,10
2025,Scott Road Station,Sunday/Holiday,1:00 to 2:00 PM,290,589,13
2025,Scott Road Station,Sunday/Holiday,1:00 to 2:00 AM,6,1,1
2025,Scott Road Station,Saturday,9:00 to 10:00 PM,575,327,21
2025,Scott Road Station,Saturday,9:00 to 10:00 AM,207,529,9
2025,Scott Road Station,Saturday,8:00 to 9:00 PM,580,299,20
2025,Scott Road Station,Saturday,8:00 to 9:00 AM,275,569,8
2025,Scott Road Station,Saturday,7:00 to 8:00 PM,649,328,19
2025,Scott Road Station,Saturday,7:00 to 8:00 AM,301,630,7
2025,Scott Road Station,Saturday,6:00 to 7:00 PM,707,429,18
2025,Scott Road Station,Saturday,6:00 to 7:00 AM,124,460,6
2025,Scott Road Station,Saturday,5:00 to 6:00 PM,718,511,17
2025,Scott Road Station,Saturday,5:00 to 6:00 AM,0,39,5
2025,Scott Road Station,Saturday,4:00 to 5:00 PM,709,554,16
2025,Scott Road Station,Saturday,3:00 to 4:00 PM,547,642,15
2025,Scott Road Station,Saturday,3:00 to 4:00 AM,0,0,3
2025,Scott Road Station,Saturday,2:00 to 3:00 PM,409,640,14
2025,Scott Road Station,Saturday,2:00 to 3:00 AM,0,0,2
2025,Scott Road Station,Saturday,12:00 to 1:00 PM,326,576,12
2025,Scott Road Station,Saturday,12:00 to 1:00 AM,409,77,0
2025,Scott Road Station,Saturday,11:00 PM to 12:00 AM,545,152,23
2025,Scott Road Station,Saturday,11:00 AM to 12:00 PM,261,548,11
2025,Scott Road Station,Saturday,10:00 to 11:00 PM,566,279,22
2025,Scott Road Station,Saturday,10:00 to 11:00 AM,205,478,10
2025,Scott Road Station,Saturday,1:00 to 2:00 PM,345,622,13
2025,Scott Road Station,Saturday,1:00 to 2:00 AM,187,18,1
2025,Scott Road Station,Weekday,9:00 to 10:00 PM,634,284,21
2025,Scott Road Station,Weekday,9:00 to 10:00 AM,243,761,9
2025,Scott Road Station,Weekday,8:00 to 9:00 PM,669,252,20
2025,Scott Road Station,Weekday,8:00 to 9:00 AM,343,1146,8
2025,Scott Road Station,Weekday,7:00 to 8:00 PM,770,294,19
2025,Scott Road Station,Weekday,7:00 to 8:00 AM,477,1515,7
2025,Scott Road Station,Weekday,6:00 to 7:00 PM,1132,454,18
2025,Scott Road Station,Weekday,6:00 to 7:00 AM,440,1117,6
2025,Scott Road Station,Weekday,5:00 to 6:00 PM,1420,645,17
2025,Scott Road Station,Weekday,5:00 to 6:00 AM,226,629,5
2025,Scott Road Station,Weekday,4:00 to 5:00 PM,1353,760,16
2025,Scott Road Station,Weekday,4:00 to 5:00 AM,0,19,4
2025,Scott Road Station,Weekday,3:00 to 4:00 PM,996,682,15
2025,Scott Road Station,Weekday,3:00 to 4:00 AM,0,0,3
2025,Scott Road Station,Weekday,2:00 to 3:00 PM,575,604,14
2025,Scott Road Station,Weekday,2:00 to 3:00 AM,0,0,2
2025,Scott Road Station,Weekday,12:00 to 1:00 PM,415,563,12
2025,Scott Road Station,Weekday,12:00 to 1:00 AM,305,56,0
2025,Scott Road Station,Weekday,11:00 PM to 12:00 AM,448,139,23
2025,Sea Island Station,Weekday,1:00 to 2:00 AM,5,1,1
2025,Sea Island Station,Weekday,1:00 to 2:00 PM,80,44,13
2025,Sea Island Station,Weekday,2:00 to 3:00 PM,112,94,14
2025,Sea Island Station,Weekday,3:00 to 4:00 AM,0,0,3
2025,Sea Island Station,Weekday,3:00 to 4:00 PM,111,94,15
2025,Sea Island Station,Weekday,4:00 to 5:00 AM,0,1,4
2025,Sea Island Station,Weekday,4:00 to 5:00 PM,62,98,16
2025,Sea Island Station,Weekday,5:00 to 6:00 AM,56,60,5
2025,Sea Island Station,Weekday,5:00 to 6:00 PM,50,80,17
2025,Sea Island Station,Weekday,6:00 to 7:00 AM,85,65,6
2025,Sea Island Station,Weekday,6:00 to 7:00 PM,27,71,18
2025,Sea Island Station,Weekday,7:00 to 8:00 AM,80,55,7
2025,Sea Island Station,Weekday,7:00 to 8:00 PM,22,39,19
2025,Sea Island Station,Weekday,8:00 to 9:00 AM,84,51,8
2025,Sea Island Station,Weekday,8:00 to 9:00 PM,22,26,20
2025,Sea Island Station,Weekday,9:00 to 10:00 AM,43,57,9
2025,Sea Island Station,Weekday,9:00 to 10:00 PM,42,30,21
2025,Sea Island Station,Saturday,1:00 to 2:00 AM,2,1,1
2025,Sea Island Station,Saturday,1:00 to 2:00 PM,57,37,13
2025,Sea Island Station,Saturday,10:00 to 11:00 AM,28,42,10
2025,Sea Island Station,Saturday,10:00 to 11:00 PM,51,31,22
2025,Sea Island Station,Saturday,11:00 AM to 12:00 PM,31,54,11
2025,Sea Island Station,Saturday,11:00 PM to 12:00 AM,23,19,23
2025,Sea Island Station,Saturday,12:00 to 1:00 AM,14,9,0
2025,Sea Island Station,Saturday,12:00 to 1:00 PM,38,39,12
2025,Sea Island Station,Saturday,2:00 to 3:00 AM,0,0,2
2025,Sea Island Station,Saturday,2:00 to 3:00 PM,88,75,14
2025,Sea Island Station,Saturday,3:00 to 4:00 AM,0,0,3
2025,Sea Island Station,Saturday,3:00 to 4:00 PM,57,54,15
2025,Sea Island Station,Saturday,4:00 to 5:00 AM,0,1,4
2025,Sea Island Station,Saturday,4:00 to 5:00 PM,40,42,16
2025,Sea Island Station,Saturday,5:00 to 6:00 AM,29,50,5
2025,Sea Island Station,Saturday,5:00 to 6:00 PM,31,34,17
2025,Sea Island Station,Saturday,6:00 to 7:00 AM,44,57,6
2025,Sea Island Station,Saturday,6:00 to 7:00 PM,24,28,18
2025,Sea Island Station,Saturday,7:00 to 8:00 AM,54,46,7
2025,Sea Island Station,Saturday,7:00 to 8:00 PM,19,18,19
2025,Sea Island Station,Saturday,8:00 to 9:00 AM,24,33,8
2025,Sea Island Station,Saturday,8:00 to 9:00 PM,23,21,20
2025,Sea Island Station,Saturday,9:00 to 10:00 AM,23,23,9
2025,Sea Island Station,Saturday,9:00 to 10:00 PM,43,23,21
2025,Sea Island Station,Sunday/Holiday,1:00 to 2:00 AM,4,1,1
2025,Sea Island Station,Sunday/Holiday,1:00 to 2:00 PM,58,33,13
2025,Sea Island Station,Sunday/Holiday,10:00 to 11:00 AM,27,31,10
2025,Sea Island Station,Sunday/Holiday,10:00 to 11:00 PM,53,31,22
2025,Sea Island Station,Sunday/Holiday,11:00 AM to 12:00 PM,33,26,11
2025,Sea Island Station,Sunday/Holiday,11:00 PM to 12:00 AM,20,18,23
2025,Sea Island Station,Sunday/Holiday,12:00 to 1:00 AM,17,8,0
2025,Sea Island Station,Sunday/Holiday,12:00 to 1:00 PM,36,26,12
2025,Sea Island Station,Sunday/Holiday,2:00 to 3:00 AM,0,0,2
2025,Sea Island Station,Sunday/Holiday,2:00 to 3:00 PM,76,70,14
2025,Sea Island Station,Sunday/Holiday,3:00 to 4:00 AM,0,0,3
2025,Sea Island Station,Sunday/Holiday,3:00 to 4:00 PM,64,54,15
2025,Sea Island Station,Sunday/Holiday,4:00 to 5:00 AM,0,1,4
2025,Sea Island Station,Sunday/Holiday,4:00 to 5:00 PM,42,39,16
2025,Sea Island Station,Sunday/Holiday,5:00 to 6:00 AM,26,51,5
2025,Sea Island Station,Sunday/Holiday,5:00 to 6:00 PM,36,35,17
2025,Sea Island Station,Sunday/Holiday,6:00 to 7:00 AM,37,56,6
2025,Sea Island Station,Sunday/Holiday,6:00 to 7:00 PM,24,30,18
2025,Sea Island Station,Sunday/Holiday,7:00 to 8:00 AM,28,47,7
2025,Sea Island Station,Sunday/Holiday,7:00 to 8:00 PM,21,18,19
2025,Sea Island Station,Sunday/Holiday,8:00 to 9:00 AM,20,29,8
2025,Sea Island Station,Sunday/Holiday,8:00 to 9:00 PM,27,19,20
2025,Sea Island Station,Sunday/Holiday,9:00 to 10:00 AM,21,21,9
2025,Sea Island Station,Sunday/Holiday,9:00 to 10:00 PM,43,24,21
2025,Sea Island Station,Weekday,2:00 to 3:00 AM,0,0,2
2025,Sea Island Station,Weekday,12:00 to 1:00 PM,55,37,12
2025,Sea Island Station,Weekday,12:00 to 1:00 AM,14,11,0
2025,Sea Island Station,Weekday,11:00 PM to 12:00 AM,20,23,23
2025,Sea Island Station,Weekday,11:00 AM to 12:00 PM,41,36,11
2025,Sea Island Station,Weekday,10:00 to 11:00 PM,51,47,22
2025,Sea Island Station,Weekday,10:00 to 11:00 AM,38,44,10
2025,Sperling-Burnaby Lake Station,Sunday/Holiday,12:00 to 1:00 AM,12,3,0
2025,Sperling-Burnaby Lake Station,Sunday/Holiday,12:00 to 1:00 PM,42,85,12
2025,Sperling-Burnaby Lake Station,Sunday/Holiday,11:00 PM to 12:00 AM,31,11,23
2025,Sperling-Burnaby Lake Station,Sunday/Holiday,11:00 AM to 12:00 PM,36,79,11
2025,Sperling-Burnaby Lake Station,Sunday/Holiday,10:00 to 11:00 PM,39,18,22
2025,Sperling-Burnaby Lake Station,Sunday/Holiday,10:00 to 11:00 AM,33,75,10
2025,Sperling-Burnaby Lake Station,Sunday/Holiday,1:00 to 2:00 PM,58,85,13
2025,Sperling-Burnaby Lake Station,Sunday/Holiday,1:00 to 2:00 AM,0,0,1
2025,Sperling-Burnaby Lake Station,Saturday,9:00 to 10:00 PM,60,34,21
2025,Sperling-Burnaby Lake Station,Saturday,9:00 to 10:00 AM,38,87,9
2025,Sperling-Burnaby Lake Station,Saturday,8:00 to 9:00 PM,63,41,20
2025,Sperling-Burnaby Lake Station,Saturday,8:00 to 9:00 AM,27,71,8
2025,Sperling-Burnaby Lake Station,Saturday,7:00 to 8:00 PM,76,48,19
2025,Sperling-Burnaby Lake Station,Saturday,7:00 to 8:00 AM,17,44,7
2025,Sperling-Burnaby Lake Station,Saturday,6:00 to 7:00 PM,97,70,18
2025,Sperling-Burnaby Lake Station,Saturday,6:00 to 7:00 AM,7,20,6
2025,Sperling-Burnaby Lake Station,Saturday,5:00 to 6:00 PM,102,82,17
2025,Sperling-Burnaby Lake Station,Saturday,5:00 to 6:00 AM,0,0,5
2025,Sperling-Burnaby Lake Station,Saturday,4:00 to 5:00 PM,93,96,16
2025,Sperling-Burnaby Lake Station,Saturday,3:00 to 4:00 PM,83,95,15
2025,Sperling-Burnaby Lake Station,Saturday,2:00 to 3:00 PM,72,96,14
2025,Sperling-Burnaby Lake Station,Saturday,2:00 to 3:00 AM,0,0,2
2025,Sperling-Burnaby Lake Station,Saturday,12:00 to 1:00 PM,55,102,12
2025,Sperling-Burnaby Lake Station,Saturday,12:00 to 1:00 AM,26,7,0
2025,Sperling-Burnaby Lake Station,Saturday,11:00 PM to 12:00 AM,41,15,23
2025,Sperling-Burnaby Lake Station,Saturday,11:00 AM to 12:00 PM,40,98,11
2025,Sperling-Burnaby Lake Station,Saturday,10:00 to 11:00 PM,61,32,22
2025,Sperling-Burnaby Lake Station,Saturday,10:00 to 11:00 AM,36,90,10
2025,Sperling-Burnaby Lake Station,Saturday,1:00 to 2:00 PM,67,105,13
2025,Sperling-Burnaby Lake Station,Saturday,1:00 to 2:00 AM,9,2,1
2025,Sperling-Burnaby Lake Station,Weekday,9:00 to 10:00 PM,68,31,21
2025,Sperling-Burnaby Lake Station,Weekday,9:00 to 10:00 AM,61,130,9
2025,Sperling-Burnaby Lake Station,Weekday,8:00 to 9:00 PM,79,38,20
2025,Sperling-Burnaby Lake Station,Weekday,8:00 to 9:00 AM,89,185,8
2025,Sperling-Burnaby Lake Station,Weekday,7:00 to 8:00 PM,94,48,19
2025,Sperling-Burnaby Lake Station,Weekday,7:00 to 8:00 AM,106,171,7
2025,Sperling-Burnaby Lake Station,Weekday,6:00 to 7:00 PM,155,87,18
2025,Sperling-Burnaby Lake Station,Weekday,6:00 to 7:00 AM,53,125,6
2025,Sperling-Burnaby Lake Station,Weekday,5:00 to 6:00 PM,202,137,17
2025,Sperling-Burnaby Lake Station,Weekday,5:00 to 6:00 AM,8,43,5
2025,Sperling-Burnaby Lake Station,Weekday,4:00 to 5:00 PM,178,158,16
2025,Sperling-Burnaby Lake Station,Weekday,3:00 to 4:00 PM,144,144,15
2025,Sperling-Burnaby Lake Station,Weekday,3:00 to 4:00 AM,0,0,3
2025,Sperling-Burnaby Lake Station,Weekday,2:00 to 3:00 PM,91,105,14
2025,Sperling-Burnaby Lake Station,Weekday,2:00 to 3:00 AM,0,0,2
2025,Sperling-Burnaby Lake Station,Weekday,12:00 to 1:00 PM,62,94,12
2025,Sperling-Burnaby Lake Station,Weekday,12:00 to 1:00 AM,17,6,0
2025,Sperling-Burnaby Lake Station,Weekday,11:00 PM to 12:00 AM,33,14,23
2025,Sperling-Burnaby Lake Station,Weekday,11:00 AM to 12:00 PM,50,85,11
2025,Sperling-Burnaby Lake Station,Weekday,10:00 to 11:00 PM,52,25,22
2025,Sperling-Burnaby Lake Station,Weekday,10:00 to 11:00 AM,45,91,10
2025,Sperling-Burnaby Lake Station,Weekday,1:00 to 2:00 PM,73,89,13
2025,Sperling-Burnaby Lake Station,Weekday,1:00 to 2:00 AM,5,2,1
2025,Sperling-Burnaby Lake Station,Sunday/Holiday,2:00 to 3:00 AM,0,0,2
2025,Sperling-Burnaby Lake Station,Sunday/Holiday,2:00 to 3:00 PM,63,83,14
2025,Sperling-Burnaby Lake Station,Sunday/Holiday,3:00 to 4:00 PM,71,82,15
2025,Sperling-Burnaby Lake Station,Sunday/Holiday,4:00 to 5:00 PM,82,76,16
2025,Sperling-Burnaby Lake Station,Sunday/Holiday,5:00 to 6:00 AM,0,0,5
2025,Sperling-Burnaby Lake Station,Sunday/Holiday,5:00 to 6:00 PM,84,65,17
2025,Sperling-Burnaby Lake Station,Sunday/Holiday,6:00 to 7:00 AM,0,1,6
2025,Sperling-Burnaby Lake Station,Sunday/Holiday,6:00 to 7:00 PM,81,49,18
2025,Sperling-Burnaby Lake Station,Sunday/Holiday,7:00 to 8:00 AM,13,31,7
2025,Sperling-Burnaby Lake Station,Sunday/Holiday,7:00 to 8:00 PM,67,36,19
2025,Sperling-Burnaby Lake Station,Sunday/Holiday,8:00 to 9:00 AM,25,46,8
2025,Sperling-Burnaby Lake Station,Sunday/Holiday,8:00 to 9:00 PM,61,28,20
2025,Sperling-Burnaby Lake Station,Sunday/Holiday,9:00 to 10:00 AM,29,71,9
2025,Sperling-Burnaby Lake Station,Sunday/Holiday,9:00 to 10:00 PM,55,28,21
2025,Stadium-Chinatown Station,Weekday,1:00 to 2:00 AM,11,38,1
2025,Stadium-Chinatown Station,Weekday,1:00 to 2:00 PM,750,700,13
2025,Stadium-Chinatown Station,Weekday,10:00 to 11:00 AM,771,336,10
2025,Stadium-Chinatown Station,Weekday,10:00 to 11:00 PM,210,689,22
2025,Stadium-Chinatown Station,Weekday,11:00 AM to 12:00 PM,728,425,11
2025,Stadium-Chinatown Station,Weekday,11:00 PM to 12:00 AM,111,501,23
2025,Stadium-Chinatown Station,Weekday,12:00 to 1:00 AM,45,201,0
2025,Stadium-Chinatown Station,Sunday/Holiday,9:00 to 10:00 PM,198,636,21
2025,Stadium-Chinatown Station,Sunday/Holiday,9:00 to 10:00 AM,499,218,9
2025,Stadium-Chinatown Station,Sunday/Holiday,8:00 to 9:00 PM,261,727,20
2025,Stadium-Chinatown Station,Sunday/Holiday,8:00 to 9:00 AM,393,154,8
2025,Stadium-Chinatown Station,Sunday/Holiday,7:00 to 8:00 PM,426,744,19
2025,Stadium-Chinatown Station,Sunday/Holiday,7:00 to 8:00 AM,266,91,7
2025,Stadium-Chinatown Station,Sunday/Holiday,6:00 to 7:00 PM,671,837,18
2025,Stadium-Chinatown Station,Sunday/Holiday,6:00 to 7:00 AM,5,3,6
2025,Stadium-Chinatown Station,Sunday/Holiday,5:00 to 6:00 PM,898,919,17
2025,Stadium-Chinatown Station,Sunday/Holiday,5:00 to 6:00 AM,1,1,5
2025,Stadium-Chinatown Station,Sunday/Holiday,4:00 to 5:00 PM,984,925,16
2025,Stadium-Chinatown Station,Sunday/Holiday,4:00 to 5:00 AM,0,0,4
2025,Stadium-Chinatown Station,Sunday/Holiday,3:00 to 4:00 PM,980,808,15
2025,Stadium-Chinatown Station,Sunday/Holiday,3:00 to 4:00 AM,0,0,3
2025,Stadium-Chinatown Station,Sunday/Holiday,2:00 to 3:00 PM,908,714,14
2025,Stadium-Chinatown Station,Sunday/Holiday,2:00 to 3:00 AM,0,0,2
2025,Stadium-Chinatown Station,Sunday/Holiday,12:00 to 1:00 PM,804,581,12
2025,Stadium-Chinatown Station,Sunday/Holiday,12:00 to 1:00 AM,24,84,0
2025,Stadium-Chinatown Station,Sunday/Holiday,11:00 PM to 12:00 AM,107,349,23
2025,Stadium-Chinatown Station,Sunday/Holiday,11:00 AM to 12:00 PM,721,478,11
2025,Stadium-Chinatown Station,Sunday/Holiday,10:00 to 11:00 PM,187,573,22
2025,Stadium-Chinatown Station,Sunday/Holiday,10:00 to 11:00 AM,636,346,10
2025,Stadium-Chinatown Station,Sunday/Holiday,1:00 to 2:00 PM,870,640,13
2025,Stadium-Chinatown Station,Sunday/Holiday,1:00 to 2:00 AM,1,2,1
2025,Stadium-Chinatown Station,Saturday,9:00 to 10:00 PM,351,1398,21
2025,Stadium-Chinatown Station,Saturday,9:00 to 10:00 AM,675,248,9
2025,Stadium-Chinatown Station,Saturday,8:00 to 9:00 PM,418,888,20
2025,Stadium-Chinatown Station,Saturday,8:00 to 9:00 AM,531,183,8
2025,Stadium-Chinatown Station,Saturday,7:00 to 8:00 PM,717,909,19
2025,Stadium-Chinatown Station,Saturday,7:00 to 8:00 AM,321,177,7
2025,Stadium-Chinatown Station,Saturday,6:00 to 7:00 PM,1328,1065,18
2025,Stadium-Chinatown Station,Saturday,6:00 to 7:00 AM,150,57,6
2025,Stadium-Chinatown Station,Saturday,5:00 to 6:00 PM,1519,1047,17
2025,Stadium-Chinatown Station,Saturday,5:00 to 6:00 AM,0,0,5
2025,Stadium-Chinatown Station,Saturday,4:00 to 5:00 PM,1358,1102,16
2025,Stadium-Chinatown Station,Saturday,4:00 to 5:00 AM,0,0,4
2025,Stadium-Chinatown Station,Saturday,3:00 to 4:00 PM,1341,1081,15
2025,Stadium-Chinatown Station,Saturday,3:00 to 4:00 AM,0,0,3
2025,Stadium-Chinatown Station,Saturday,2:00 to 3:00 PM,1104,835,14
2025,Stadium-Chinatown Station,Saturday,2:00 to 3:00 AM,0,0,2
2025,Stadium-Chinatown Station,Saturday,12:00 to 1:00 PM,1017,591,12
2025,Stadium-Chinatown Station,Saturday,12:00 to 1:00 AM,81,333,0
2025,Stadium-Chinatown Station,Saturday,11:00 PM to 12:00 AM,177,617,23
2025,Stadium-Chinatown Station,Saturday,11:00 AM to 12:00 PM,862,469,11
2025,Stadium-Chinatown Station,Saturday,10:00 to 11:00 PM,299,1110,22
2025,Stadium-Chinatown Station,Saturday,10:00 to 11:00 AM,738,356,10
2025,Stadium-Chinatown Station,Saturday,1:00 to 2:00 PM,1031,698,13
2025,Stadium-Chinatown Station,Saturday,1:00 to 2:00 AM,19,78,1
2025,Stadium-Chinatown Station,Weekday,9:00 to 10:00 PM,230,980,21
2025,Stadium-Chinatown Station,Weekday,9:00 to 10:00 AM,1278,312,9
2025,Stadium-Chinatown Station,Weekday,8:00 to 9:00 PM,315,724,20
2025,Stadium-Chinatown Station,Weekday,8:00 to 9:00 AM,1613,370,8
2025,Stadium-Chinatown Station,Weekday,7:00 to 8:00 PM,661,854,19
2025,Stadium-Chinatown Station,Weekday,7:00 to 8:00 AM,906,358,7
2025,Stadium-Chinatown Station,Weekday,6:00 to 7:00 PM,1215,1225,18
2025,Stadium-Chinatown Station,Weekday,6:00 to 7:00 AM,521,276,6
2025,Stadium-Chinatown Station,Weekday,5:00 to 6:00 PM,1247,1627,17
2025,Stadium-Chinatown Station,Weekday,5:00 to 6:00 AM,145,87,5
2025,Stadium-Chinatown Station,Weekday,4:00 to 5:00 PM,1141,1633,16
2025,Stadium-Chinatown Station,Weekday,4:00 to 5:00 AM,0,0,4
2025,Stadium-Chinatown Station,Weekday,3:00 to 4:00 PM,858,1193,15
2025,Stadium-Chinatown Station,Weekday,3:00 to 4:00 AM,0,0,3
2025,Stadium-Chinatown Station,Weekday,2:00 to 3:00 PM,761,877,14
2025,Stadium-Chinatown Station,Weekday,2:00 to 3:00 AM,0,0,2
2025,Stadium-Chinatown Station,Weekday,12:00 to 1:00 PM,840,606,12
2025,Surrey Central Station,Saturday,12:00 to 1:00 AM,583,63,0
2025,Surrey Central Station,Saturday,12:00 to 1:00 PM,663,793,12
2025,Surrey Central Station,Saturday,2:00 to 3:00 AM,4,2,2
2025,Surrey Central Station,Saturday,2:00 to 3:00 PM,882,859,14
2025,Surrey Central Station,Saturday,3:00 to 4:00 AM,0,0,3
2025,Surrey Central Station,Saturday,3:00 to 4:00 PM,1158,818,15
2025,Surrey Central Station,Saturday,4:00 to 5:00 AM,0,0,4
2025,Surrey Central Station,Saturday,4:00 to 5:00 PM,1365,757,16
2025,Surrey Central Station,Saturday,5:00 to 6:00 AM,0,58,5
2025,Surrey Central Station,Saturday,5:00 to 6:00 PM,1391,657,17
2025,Surrey Central Station,Saturday,6:00 to 7:00 AM,158,723,6
2025,Surrey Central Station,Saturday,6:00 to 7:00 PM,1329,568,18
2025,Surrey Central Station,Saturday,7:00 to 8:00 AM,515,797,7
2025,Surrey Central Station,Saturday,7:00 to 8:00 PM,1139,491,19
2025,Surrey Central Station,Saturday,8:00 to 9:00 AM,532,789,8
2025,Surrey Central Station,Saturday,8:00 to 9:00 PM,985,429,20
2025,Surrey Central Station,Saturday,9:00 to 10:00 AM,464,656,9
2025,Surrey Central Station,Saturday,9:00 to 10:00 PM,954,429,21
2025,Surrey Central Station,Sunday/Holiday,1:00 to 2:00 AM,13,2,1
2025,Surrey Central Station,Sunday/Holiday,1:00 to 2:00 PM,611,776,13
2025,Surrey Central Station,Sunday/Holiday,10:00 to 11:00 AM,421,615,10
2025,Surrey Central Station,Sunday/Holiday,10:00 to 11:00 PM,643,202,22
2025,Surrey Central Station,Sunday/Holiday,11:00 AM to 12:00 PM,440,608,11
2025,Surrey Central Station,Sunday/Holiday,11:00 PM to 12:00 AM,641,101,23
2025,Surrey Central Station,Sunday/Holiday,12:00 to 1:00 AM,439,25,0
2025,Surrey Central Station,Sunday/Holiday,12:00 to 1:00 PM,512,707,12
2025,Surrey Central Station,Sunday/Holiday,2:00 to 3:00 AM,0,0,2
2025,Surrey Central Station,Sunday/Holiday,2:00 to 3:00 PM,667,769,14
2025,Surrey Central Station,Sunday/Holiday,3:00 to 4:00 AM,0,0,3
2025,Surrey Central Station,Sunday/Holiday,3:00 to 4:00 PM,890,702,15
2025,Surrey Central Station,Sunday/Holiday,4:00 to 5:00 AM,0,1,4
2025,Surrey Central Station,Sunday/Holiday,4:00 to 5:00 PM,1045,611,16
2025,Surrey Central Station,Sunday/Holiday,5:00 to 6:00 AM,2,8,5
2025,Surrey Central Station,Sunday/Holiday,5:00 to 6:00 PM,1163,546,17
2025,Surrey Central Station,Sunday/Holiday,6:00 to 7:00 AM,10,141,6
2025,Surrey Central Station,Sunday/Holiday,6:00 to 7:00 PM,1156,480,18
2025,Surrey Central Station,Sunday/Holiday,7:00 to 8:00 AM,223,688,7
2025,Surrey Central Station,Sunday/Holiday,7:00 to 8:00 PM,1153,390,19
2025,Surrey Central Station,Sunday/Holiday,8:00 to 9:00 AM,479,545,8
2025,Surrey Central Station,Sunday/Holiday,8:00 to 9:00 PM,942,343,20
2025,Surrey Central Station,Sunday/Holiday,9:00 to 10:00 AM,401,593,9
2025,Surrey Central Station,Sunday/Holiday,9:00 to 10:00 PM,709,318,21
2025,Surrey Central Station,Weekday,1:00 to 2:00 AM,231,14,1
2025,Surrey Central Station,Weekday,1:00 to 2:00 PM,844,854,13
2025,Surrey Central Station,Weekday,10:00 to 11:00 AM,539,697,10
2025,Surrey Central Station,Weekday,10:00 to 11:00 PM,849,228,22
2025,Surrey Central Station,Weekday,11:00 AM to 12:00 PM,572,792,11
2025,Surrey Central Station,Weekday,11:00 PM to 12:00 AM,755,101,23
2025,Surrey Central Station,Weekday,12:00 to 1:00 AM,511,46,0
2025,Surrey Central Station,Weekday,12:00 to 1:00 PM,774,844,12
2025,Surrey Central Station,Weekday,2:00 to 3:00 AM,3,1,2
2025,Surrey Central Station,Weekday,2:00 to 3:00 PM,1050,888,14
2025,Surrey Central Station,Weekday,3:00 to 4:00 AM,0,0,3
2025,Surrey Central Station,Weekday,3:00 to 4:00 PM,1781,994,15
2025,Surrey Central Station,Weekday,4:00 to 5:00 AM,0,92,4
2025,Surrey Central Station,Weekday,4:00 to 5:00 PM,2398,1096,16
2025,Surrey Central Station,Weekday,5:00 to 6:00 AM,146,811,5
2025,Surrey Central Station,Weekday,5:00 to 6:00 PM,2495,929,17
2025,Surrey Central Station,Weekday,6:00 to 7:00 AM,706,1472,6
2025,Surrey Central Station,Weekday,6:00 to 7:00 PM,2108,622,18
2025,Surrey Central Station,Weekday,7:00 to 8:00 AM,806,1735,7
2025,Surrey Central Station,Weekday,7:00 to 8:00 PM,1385,433,19
2025,Surrey Central Station,Weekday,8:00 to 9:00 AM,821,1321,8
2025,Surrey Central Station,Weekday,8:00 to 9:00 PM,1102,398,20
2025,Surrey Central Station,Weekday,9:00 to 10:00 AM,555,908,9
2025,Surrey Central Station,Weekday,9:00 to 10:00 PM,1052,396,21
2025,Surrey Central Station,Saturday,1:00 to 2:00 AM,282,16,1
2025,Surrey Central Station,Saturday,1:00 to 2:00 PM,733,873,13
2025,Surrey Central Station,Saturday,10:00 to 11:00 AM,444,651,10
2025,Surrey Central Station,Saturday,10:00 to 11:00 PM,899,284,22
2025,Surrey Central Station,Saturday,11:00 AM to 12:00 PM,538,751,11
2025,Surrey Central Station,Saturday,11:00 PM to 12:00 AM,792,154,23
2025,Templeton Station,Saturday,12:00 to 1:00 AM,81,10,0
2025,Templeton Station,Saturday,12:00 to 1:00 PM,373,164,12
2025,Templeton Station,Saturday,2:00 to 3:00 AM,0,0,2
2025,Templeton Station,Saturday,2:00 to 3:00 PM,421,277,14
2025,Templeton Station,Saturday,3:00 to 4:00 AM,0,0,3
2025,Templeton Station,Saturday,3:00 to 4:00 PM,400,318,15
2025,Templeton Station,Saturday,4:00 to 5:00 AM,0,4,4
2025,Templeton Station,Saturday,4:00 to 5:00 PM,338,342,16
2025,Templeton Station,Saturday,5:00 to 6:00 AM,18,132,5
2025,Templeton Station,Saturday,5:00 to 6:00 PM,252,331,17
2025,Templeton Station,Saturday,6:00 to 7:00 AM,31,184,6
2025,Templeton Station,Saturday,6:00 to 7:00 PM,190,306,18
2025,Templeton Station,Saturday,7:00 to 8:00 AM,48,127,7
2025,Templeton Station,Saturday,7:00 to 8:00 PM,119,261,19
2025,Templeton Station,Saturday,8:00 to 9:00 AM,67,101,8
2025,Templeton Station,Saturday,8:00 to 9:00 PM,91,273,20
2025,Templeton Station,Saturday,9:00 to 10:00 AM,138,102,9
2025,Templeton Station,Saturday,9:00 to 10:00 PM,83,183,21
2025,Templeton Station,Sunday/Holiday,1:00 to 2:00 AM,4,1,1
2025,Templeton Station,Sunday/Holiday,1:00 to 2:00 PM,450,240,13
2025,Templeton Station,Sunday/Holiday,10:00 to 11:00 AM,216,120,10
2025,Templeton Station,Sunday/Holiday,10:00 to 11:00 PM,121,67,22
2025,Templeton Station,Sunday/Holiday,11:00 AM to 12:00 PM,305,152,11
2025,Templeton Station,Sunday/Holiday,11:00 PM to 12:00 AM,118,16,23
2025,Templeton Station,Sunday/Holiday,12:00 to 1:00 AM,79,14,0
2025,Templeton Station,Sunday/Holiday,12:00 to 1:00 PM,367,171,12
2025,Templeton Station,Sunday/Holiday,2:00 to 3:00 AM,0,0,2
2025,Templeton Station,Sunday/Holiday,2:00 to 3:00 PM,444,279,14
2025,Templeton Station,Sunday/Holiday,3:00 to 4:00 AM,0,0,3
2025,Templeton Station,Saturday,11:00 PM to 12:00 AM,103,14,23
2025,Templeton Station,Saturday,11:00 AM to 12:00 PM,277,143,11
2025,Templeton Station,Saturday,10:00 to 11:00 PM,123,67,22
2025,Templeton Station,Saturday,10:00 to 11:00 AM,218,116,10
2025,Templeton Station,Saturday,1:00 to 2:00 PM,405,220,13
2025,Templeton Station,Saturday,1:00 to 2:00 AM,1,0,1
2025,Templeton Station,Weekday,9:00 to 10:00 PM,98,144,21
2025,Templeton Station,Weekday,9:00 to 10:00 AM,140,152,9
2025,Templeton Station,Weekday,8:00 to 9:00 PM,90,201,20
2025,Templeton Station,Weekday,8:00 to 9:00 AM,76,189,8
2025,Templeton Station,Weekday,7:00 to 8:00 PM,108,182,19
2025,Templeton Station,Weekday,7:00 to 8:00 AM,81,218,7
2025,Templeton Station,Weekday,6:00 to 7:00 PM,198,217,18
2025,Templeton Station,Weekday,6:00 to 7:00 AM,55,231,6
2025,Templeton Station,Weekday,5:00 to 6:00 PM,273,248,17
2025,Templeton Station,Weekday,5:00 to 6:00 AM,27,147,5
2025,Templeton Station,Weekday,4:00 to 5:00 PM,357,282,16
2025,Templeton Station,Weekday,1:00 to 2:00 AM,6,1,1
2025,Templeton Station,Weekday,1:00 to 2:00 PM,290,202,13
2025,Templeton Station,Weekday,10:00 to 11:00 AM,182,136,10
2025,Templeton Station,Weekday,10:00 to 11:00 PM,118,56,22
2025,Templeton Station,Weekday,11:00 AM to 12:00 PM,217,154,11
2025,Templeton Station,Weekday,11:00 PM to 12:00 AM,132,14,23
2025,Templeton Station,Weekday,12:00 to 1:00 AM,83,24,0
2025,Templeton Station,Weekday,12:00 to 1:00 PM,274,160,12
2025,Templeton Station,Weekday,2:00 to 3:00 AM,0,0,2
2025,Templeton Station,Weekday,2:00 to 3:00 PM,355,223,14
2025,Templeton Station,Weekday,3:00 to 4:00 AM,0,0,3
2025,Templeton Station,Weekday,3:00 to 4:00 PM,405,259,15
2025,Templeton Station,Weekday,4:00 to 5:00 AM,0,3,4
2025,Templeton Station,Sunday/Holiday,9:00 to 10:00 PM,89,170,21
2025,Templeton Station,Sunday/Holiday,9:00 to 10:00 AM,142,107,9
2025,Templeton Station,Sunday/Holiday,8:00 to 9:00 PM,90,251,20
2025,Templeton Station,Sunday/Holiday,8:00 to 9:00 AM,74,83,8
2025,Templeton Station,Sunday/Holiday,7:00 to 8:00 PM,119,258,19
2025,Templeton Station,Sunday/Holiday,7:00 to 8:00 AM,61,118,7
2025,Templeton Station,Sunday/Holiday,6:00 to 7:00 PM,182,302,18
2025,Templeton Station,Sunday/Holiday,6:00 to 7:00 AM,29,163,6
2025,Templeton Station,Sunday/Holiday,5:00 to 6:00 PM,250,346,17
2025,Templeton Station,Sunday/Holiday,5:00 to 6:00 AM,17,119,5
2025,Templeton Station,Sunday/Holiday,4:00 to 5:00 PM,346,360,16
2025,Templeton Station,Sunday/Holiday,4:00 to 5:00 AM,0,3,4
2025,Templeton Station,Sunday/Holiday,3:00 to 4:00 PM,444,344,15
2025,VCC-Clark Station,Sunday/Holiday,12:00 to 1:00 AM,7,9,0
2025,VCC-Clark Station,Sunday/Holiday,12:00 to 1:00 PM,78,62,12
2025,VCC-Clark Station,Sunday/Holiday,2:00 to 3:00 AM,0,0,2
2025,VCC-Clark Station,Sunday/Holiday,2:00 to 3:00 PM,72,76,14
2025,VCC-Clark Station,Sunday/Holiday,3:00 to 4:00 AM,0,0,3
2025,VCC-Clark Station,Sunday/Holiday,3:00 to 4:00 PM,72,87,15
2025,VCC-Clark Station,Sunday/Holiday,4:00 to 5:00 AM,0,0,4
2025,VCC-Clark Station,Sunday/Holiday,4:00 to 5:00 PM,62,93,16
2025,VCC-Clark Station,Sunday/Holiday,5:00 to 6:00 AM,1,0,5
2025,VCC-Clark Station,Sunday/Holiday,5:00 to 6:00 PM,55,100,17
2025,VCC-Clark Station,Sunday/Holiday,6:00 to 7:00 AM,2,1,6
2025,VCC-Clark Station,Sunday/Holiday,6:00 to 7:00 PM,47,80,18
2025,VCC-Clark Station,Sunday/Holiday,7:00 to 8:00 AM,22,23,7
2025,VCC-Clark Station,Sunday/Holiday,7:00 to 8:00 PM,38,60,19
2025,VCC-Clark Station,Sunday/Holiday,8:00 to 9:00 AM,41,30,8
2025,VCC-Clark Station,Sunday/Holiday,8:00 to 9:00 PM,26,36,20
2025,VCC-Clark Station,Sunday/Holiday,9:00 to 10:00 AM,62,39,9
2025,VCC-Clark Station,Sunday/Holiday,9:00 to 10:00 PM,25,31,21
2025,VCC-Clark Station,Weekday,3:00 to 4:00 AM,0,0,3
2025,VCC-Clark Station,Weekday,2:00 to 3:00 PM,113,209,14
2025,VCC-Clark Station,Weekday,2:00 to 3:00 AM,0,0,2
2025,VCC-Clark Station,Weekday,12:00 to 1:00 PM,156,126,12
2025,VCC-Clark Station,Weekday,12:00 to 1:00 AM,10,12,0
2025,VCC-Clark Station,Weekday,11:00 PM to 12:00 AM,19,32,23
2025,VCC-Clark Station,Weekday,11:00 AM to 12:00 PM,138,101,11
2025,VCC-Clark Station,Weekday,10:00 to 11:00 PM,25,48,22
2025,VCC-Clark Station,Weekday,10:00 to 11:00 AM,151,67,10
2025,VCC-Clark Station,Weekday,1:00 to 2:00 PM,106,131,13
2025,VCC-Clark Station,Weekday,1:00 to 2:00 AM,4,5,1
2025,VCC-Clark Station,Saturday,1:00 to 2:00 PM,100,102,13
2025,VCC-Clark Station,Saturday,1:00 to 2:00 AM,6,5,1
2025,VCC-Clark Station,Weekday,9:00 to 10:00 PM,28,82,21
2025,VCC-Clark Station,Weekday,9:00 to 10:00 AM,256,79,9
2025,VCC-Clark Station,Weekday,8:00 to 9:00 PM,36,91,20
2025,VCC-Clark Station,Weekday,8:00 to 9:00 AM,484,133,8
2025,VCC-Clark Station,Weekday,7:00 to 8:00 PM,53,131,19
2025,VCC-Clark Station,Weekday,7:00 to 8:00 AM,369,123,7
2025,VCC-Clark Station,Weekday,6:00 to 7:00 PM,89,266,18
2025,VCC-Clark Station,Weekday,6:00 to 7:00 AM,196,87,6
2025,VCC-Clark Station,Weekday,5:00 to 6:00 PM,141,438,17
2025,VCC-Clark Station,Weekday,5:00 to 6:00 AM,25,22,5
2025,VCC-Clark Station,Weekday,4:00 to 5:00 PM,135,426,16
2025,VCC-Clark Station,Weekday,4:00 to 5:00 AM,0,0,4
2025,VCC-Clark Station,Weekday,3:00 to 4:00 PM,129,390,15
2025,VCC-Clark Station,Saturday,10:00 to 11:00 AM,96,63,10
2025,VCC-Clark Station,Saturday,10:00 to 11:00 PM,27,29,22
2025,VCC-Clark Station,Saturday,11:00 AM to 12:00 PM,89,72,11
2025,VCC-Clark Station,Saturday,11:00 PM to 12:00 AM,22,25,23
2025,VCC-Clark Station,Saturday,12:00 to 1:00 AM,13,12,0
2025,VCC-Clark Station,Saturday,12:00 to 1:00 PM,98,89,12
2025,VCC-Clark Station,Saturday,2:00 to 3:00 AM,0,0,2
2025,VCC-Clark Station,Saturday,2:00 to 3:00 PM,100,121,14
2025,VCC-Clark Station,Saturday,3:00 to 4:00 AM,0,0,3
2025,VCC-Clark Station,Saturday,3:00 to 4:00 PM,92,138,15
2025,VCC-Clark Station,Saturday,4:00 to 5:00 AM,0,0,4
2025,VCC-Clark Station,Saturday,4:00 to 5:00 PM,91,138,16
2025,VCC-Clark Station,Saturday,5:00 to 6:00 AM,0,0,5
2025,VCC-Clark Station,Saturday,5:00 to 6:00 PM,85,150,17
2025,VCC-Clark Station,Saturday,6:00 to 7:00 AM,18,15,6
2025,VCC-Clark Station,Saturday,6:00 to 7:00 PM,61,121,18
2025,VCC-Clark Station,Saturday,7:00 to 8:00 AM,39,37,7
2025,VCC-Clark Station,Saturday,7:00 to 8:00 PM,47,82,19
2025,VCC-Clark Station,Saturday,8:00 to 9:00 AM,65,53,8
2025,VCC-Clark Station,Saturday,8:00 to 9:00 PM,42,52,20
2025,VCC-Clark Station,Saturday,9:00 to 10:00 AM,82,55,9
2025,VCC-Clark Station,Saturday,9:00 to 10:00 PM,34,56,21
2025,VCC-Clark Station,Sunday/Holiday,1:00 to 2:00 AM,1,1,1
2025,VCC-Clark Station,Sunday/Holiday,1:00 to 2:00 PM,73,69,13
2025,VCC-Clark Station,Sunday/Holiday,10:00 to 11:00 AM,66,50,10
2025,VCC-Clark Station,Sunday/Holiday,10:00 to 11:00 PM,17,23,22
2025,VCC-Clark Station,Sunday/Holiday,11:00 AM to 12:00 PM,67,57,11
2025,VCC-Clark Station,Sunday/Holiday,11:00 PM to 12:00 AM,19,21,23
2025,Vancouver City Centre Station,Sunday/Holiday,4:00 to 5:00 AM,1,17,4
2025,Vancouver City Centre Station,Sunday/Holiday,3:00 to 4:00 PM,934,910,15
2025,Vancouver City Centre Station,Sunday/Holiday,3:00 to 4:00 AM,0,0,3
2025,Vancouver City Centre Station,Sunday/Holiday,2:00 to 3:00 PM,946,809,14
2025,Vancouver City Centre Station,Sunday/Holiday,2:00 to 3:00 AM,0,1,2
2025,Vancouver City Centre Station,Sunday/Holiday,12:00 to 1:00 PM,878,625,12
2025,Vancouver City Centre Station,Sunday/Holiday,12:00 to 1:00 AM,56,89,0
2025,Vancouver City Centre Station,Sunday/Holiday,11:00 PM to 12:00 AM,120,198,23
2025,Vancouver City Centre Station,Sunday/Holiday,11:00 AM to 12:00 PM,771,493,11
2025,Vancouver City Centre Station,Sunday/Holiday,10:00 to 11:00 PM,205,322,22
2025,Vancouver City Centre Station,Sunday/Holiday,10:00 to 11:00 AM,729,408,10
2025,Vancouver City Centre Station,Sunday/Holiday,1:00 to 2:00 PM,943,723,13
2025,Vancouver City Centre Station,Sunday/Holiday,1:00 to 2:00 AM,19,18,1
2025,Vancouver City Centre Station,Saturday,9:00 to 10:00 PM,348,608,21
2025,Vancouver City Centre Station,Saturday,9:00 to 10:00 AM,594,355,9
2025,Vancouver City Centre Station,Saturday,8:00 to 9:00 PM,411,670,20
2025,Vancouver City Centre Station,Saturday,8:00 to 9:00 AM,429,257,8
2025,Vancouver City Centre Station,Saturday,7:00 to 8:00 PM,612,801,19
2025,Vancouver City Centre Station,Saturday,7:00 to 8:00 AM,298,201,7
2025,Vancouver City Centre Station,Saturday,6:00 to 7:00 PM,855,998,18
2025,Vancouver City Centre Station,Saturday,6:00 to 7:00 AM,180,122,6
2025,Vancouver City Centre Station,Saturday,5:00 to 6:00 PM,1005,1101,17
2025,Vancouver City Centre Station,Saturday,5:00 to 6:00 AM,65,55,5
2025,Vancouver City Centre Station,Saturday,4:00 to 5:00 PM,1109,1105,16
2025,Vancouver City Centre Station,Saturday,4:00 to 5:00 AM,1,16,4
2025,Vancouver City Centre Station,Saturday,3:00 to 4:00 PM,1115,1016,15
2025,Vancouver City Centre Station,Saturday,3:00 to 4:00 AM,0,0,3
2025,Vancouver City Centre Station,Saturday,2:00 to 3:00 PM,1095,888,14
2025,Vancouver City Centre Station,Saturday,2:00 to 3:00 AM,1,1,2
2025,Vancouver City Centre Station,Saturday,12:00 to 1:00 PM,1011,644,12
2025,Vancouver City Centre Station,Saturday,12:00 to 1:00 AM,93,200,0
2025,Vancouver City Centre Station,Saturday,11:00 PM to 12:00 AM,172,394,23
2025,Vancouver City Centre Station,Saturday,11:00 AM to 12:00 PM,900,553,11
2025,Vancouver City Centre Station,Saturday,10:00 to 11:00 PM,275,556,22
2025,Vancouver City Centre Station,Saturday,10:00 to 11:00 AM,706,442,10
2025,Vancouver City Centre Station,Saturday,1:00 to 2:00 PM,1088,751,13
2025,Vancouver City Centre Station,Sunday/Holiday,9:00 to 10:00 PM,263,408,21
2025,Vancouver City Centre Station,Sunday/Holiday,9:00 to 10:00 AM,481,299,9
2025,Vancouver City Centre Station,Sunday/Holiday,8:00 to 9:00 PM,314,487,20
2025,Vancouver City Centre Station,Sunday/Holiday,8:00 to 9:00 AM,439,192,8
2025,Vancouver City Centre Station,Sunday/Holiday,7:00 to 8:00 PM,415,698,19
2025,Vancouver City Centre Station,Sunday/Holiday,7:00 to 8:00 AM,281,178,7
2025,Vancouver City Centre Station,Sunday/Holiday,6:00 to 7:00 PM,604,873,18
2025,Vancouver City Centre Station,Sunday/Holiday,6:00 to 7:00 AM,180,122,6
2025,Vancouver City Centre Station,Sunday/Holiday,5:00 to 6:00 PM,759,986,17
2025,Vancouver City Centre Station,Sunday/Holiday,5:00 to 6:00 AM,60,50,5
2025,Vancouver City Centre Station,Sunday/Holiday,4:00 to 5:00 PM,873,988,16
2025,Vancouver City Centre Station,Weekday,1:00 to 2:00 AM,20,23,1
2025,Vancouver City Centre Station,Weekday,1:00 to 2:00 PM,838,757,13
2025,Vancouver City Centre Station,Weekday,10:00 to 11:00 AM,835,453,10
2025,Vancouver City Centre Station,Weekday,10:00 to 11:00 PM,209,411,22
2025,Vancouver City Centre Station,Weekday,11:00 AM to 12:00 PM,802,528,11
2025,Vancouver City Centre Station,Weekday,11:00 PM to 12:00 AM,113,242,23
2025,Vancouver City Centre Station,Weekday,12:00 to 1:00 AM,59,105,0
2025,Vancouver City Centre Station,Weekday,12:00 to 1:00 PM,853,645,12
2025,Vancouver City Centre Station,Weekday,2:00 to 3:00 AM,0,1,2
2025,Vancouver City Centre Station,Weekday,2:00 to 3:00 PM,883,924,14
2025,Vancouver City Centre Station,Weekday,3:00 to 4:00 AM,0,0,3
2025,Vancouver City Centre Station,Weekday,3:00 to 4:00 PM,1008,1309,15
2025,Vancouver City Centre Station,Weekday,4:00 to 5:00 AM,1,15,4
2025,Vancouver City Centre Station,Weekday,4:00 to 5:00 PM,1238,1975,16
2025,Vancouver City Centre Station,Weekday,5:00 to 6:00 AM,144,96,5
2025,Vancouver City Centre Station,Weekday,5:00 to 6:00 PM,1194,2179,17
2025,Vancouver City Centre Station,Weekday,6:00 to 7:00 AM,571,297,6
2025,Vancouver City Centre Station,Weekday,6:00 to 7:00 PM,849,1354,18
2025,Vancouver City Centre Station,Weekday,7:00 to 8:00 AM,1258,485,7
2025,Vancouver City Centre Station,Weekday,7:00 to 8:00 PM,493,824,19
2025,Vancouver City Centre Station,Weekday,8:00 to 9:00 AM,2246,568,8
2025,Vancouver City Centre Station,Weekday,8:00 to 9:00 PM,341,624,20
2025,Vancouver City Centre Station,Weekday,9:00 to 10:00 AM,1374,480,9
2025,Vancouver City Centre Station,Weekday,9:00 to 10:00 PM,282,563,21
2025,Vancouver City Centre Station,Saturday,1:00 to 2:00 AM,27,46,1
2025,Waterfront Station,Saturday,4:00 to 5:00 AM,1,11,4
2025,Waterfront Station,Saturday,4:00 to 5:00 PM,1844,2425,16
2025,Waterfront Station,Saturday,5:00 to 6:00 AM,36,44,5
2025,Waterfront Station,Saturday,5:00 to 6:00 PM,1649,2481,17
2025,Waterfront Station,Saturday,6:00 to 7:00 AM,316,164,6
2025,Waterfront Station,Saturday,6:00 to 7:00 PM,1372,2155,18
2025,Waterfront Station,Saturday,7:00 to 8:00 AM,759,368,7
2025,Waterfront Station,Saturday,7:00 to 8:00 PM,1035,1680,19
2025,Waterfront Station,Saturday,8:00 to 9:00 AM,995,523,8
2025,Waterfront Station,Saturday,8:00 to 9:00 PM,844,1471,20
2025,Waterfront Station,Saturday,9:00 to 10:00 AM,1329,759,9
2025,Waterfront Station,Saturday,9:00 to 10:00 PM,853,1366,21
2025,Waterfront Station,Sunday/Holiday,1:00 to 2:00 AM,15,10,1
2025,Waterfront Station,Sunday/Holiday,1:00 to 2:00 PM,1733,1379,13
2025,Waterfront Station,Sunday/Holiday,10:00 to 11:00 AM,1416,795,10
2025,Waterfront Station,Sunday/Holiday,10:00 to 11:00 PM,463,747,22
2025,Waterfront Station,Sunday/Holiday,11:00 AM to 12:00 PM,1613,889,11
2025,Waterfront Station,Sunday/Holiday,11:00 PM to 12:00 AM,272,508,23
2025,Waterfront Station,Sunday/Holiday,12:00 to 1:00 AM,85,126,0
2025,Waterfront Station,Sunday/Holiday,12:00 to 1:00 PM,1699,1097,12
2025,Waterfront Station,Sunday/Holiday,2:00 to 3:00 AM,1,1,2
2025,Waterfront Station,Sunday/Holiday,2:00 to 3:00 PM,1714,1642,14
2025,Waterfront Station,Sunday/Holiday,3:00 to 4:00 AM,1,1,3
2025,Waterfront Station,Sunday/Holiday,3:00 to 4:00 PM,1626,1958,15
2025,Waterfront Station,Sunday/Holiday,4:00 to 5:00 AM,1,12,4
2025,Waterfront Station,Sunday/Holiday,4:00 to 5:00 PM,1493,2179,16
2025,Waterfront Station,Sunday/Holiday,5:00 to 6:00 AM,32,41,5
2025,Waterfront Station,Sunday/Holiday,5:00 to 6:00 PM,1281,2164,17
2025,Waterfront Station,Sunday/Holiday,6:00 to 7:00 AM,120,75,6
2025,Waterfront Station,Sunday/Holiday,6:00 to 7:00 PM,1019,1835,18
2025,Waterfront Station,Sunday/Holiday,7:00 to 8:00 AM,520,295,7
2025,Waterfront Station,Sunday/Holiday,7:00 to 8:00 PM,813,1475,19
2025,Waterfront Station,Sunday/Holiday,8:00 to 9:00 AM,868,495,8
2025,Waterfront Station,Sunday/Holiday,8:00 to 9:00 PM,658,1168,20
2025,Waterfront Station,Sunday/Holiday,9:00 to 10:00 AM,1045,671,9
2025,Waterfront Station,Sunday/Holiday,9:00 to 10:00 PM,564,1022,21
2025,Waterfront Station,Saturday,3:00 to 4:00 PM,1906,2178,15
2025,Waterfront Station,Saturday,3:00 to 4:00 AM,1,1,3
2025,Waterfront Station,Saturday,2:00 to 3:00 PM,1921,1795,14
2025,Waterfront Station,Saturday,2:00 to 3:00 AM,1,1,2
2025,Waterfront Station,Saturday,12:00 to 1:00 PM,1853,1227,12
2025,Waterfront Station,Saturday,12:00 to 1:00 AM,233,638,0
2025,Waterfront Station,Saturday,11:00 PM to 12:00 AM,450,1009,23
2025,Waterfront Station,Saturday,11:00 AM to 12:00 PM,1802,1000,11
2025,Waterfront Station,Saturday,10:00 to 11:00 PM,751,1148,22
2025,Waterfront Station,Saturday,10:00 to 11:00 AM,1548,834,10
2025,Waterfront Station,Saturday,1:00 to 2:00 PM,1881,1495,13
2025,Waterfront Station,Saturday,1:00 to 2:00 AM,43,115,1
2025,Waterfront Station,Weekday,9:00 to 10:00 PM,641,1375,21
2025,Waterfront Station,Weekday,9:00 to 10:00 AM,2480,857,9
2025,Waterfront Station,Weekday,8:00 to 9:00 PM,658,1420,20
2025,Waterfront Station,Weekday,8:00 to 9:00 AM,3974,1671,8
2025,Waterfront Station,Weekday,7:00 to 8:00 PM,877,1733,19
2025,Waterfront Station,Weekday,7:00 to 8:00 AM,2293,1274,7
2025,Waterfront Station,Weekday,6:00 to 7:00 PM,1489,2686,18
2025,Waterfront Station,Weekday,6:00 to 7:00 AM,1208,698,6
2025,Waterfront Station,Weekday,5:00 to 6:00 PM,2387,4630,17
2025,Waterfront Station,Weekday,5:00 to 6:00 AM,284,162,5
2025,Waterfront Station,Weekday,4:00 to 5:00 PM,2728,4400,16
2025,Waterfront Station,Weekday,4:00 to 5:00 AM,1,10,4
2025,Waterfront Station,Weekday,3:00 to 4:00 PM,2145,3041,15
2025,Waterfront Station,Weekday,3:00 to 4:00 AM,1,1,3
2025,Waterfront Station,Weekday,2:00 to 3:00 PM,1586,1938,14
2025,Waterfront Station,Weekday,2:00 to 3:00 AM,1,1,2
2025,Waterfront Station,Weekday,12:00 to 1:00 PM,1542,1270,12
2025,Waterfront Station,Weekday,12:00 to 1:00 AM,140,362,0
2025,Waterfront Station,Weekday,11:00 PM to 12:00 AM,294,638,23
2025,Waterfront Station,Weekday,11:00 AM to 12:00 PM,1501,962,11
2025,Waterfront Station,Weekday,10:00 to 11:00 PM,509,921,22
2025,Waterfront Station,Weekday,10:00 to 11:00 AM,1566,807,10
2025,Waterfront Station,Weekday,1:00 to 2:00 PM,1498,1554,13
2025,Waterfront Station,Weekday,1:00 to 2:00 AM,30,57,1
2025,YVR-Airport Station,Weekday,1:00 to 2:00 AM,12,2,1
2025,YVR-Airport Station,Weekday,1:00 to 2:00 PM,529,595,13
2025,YVR-Airport Station,Sunday/Holiday,9:00 to 10:00 PM,188,440,21
2025,YVR-Airport Station,Sunday/Holiday,9:00 to 10:00 AM,466,263,9
2025,YVR-Airport Station,Sunday/Holiday,8:00 to 9:00 PM,250,391,20
2025,YVR-Airport Station,Sunday/Holiday,8:00 to 9:00 AM,405,173,8
2025,YVR-Airport Station,Sunday/Holiday,7:00 to 8:00 PM,257,373,19
2025,YVR-Airport Station,Sunday/Holiday,7:00 to 8:00 AM,401,202,7
2025,YVR-Airport Station,Sunday/Holiday,6:00 to 7:00 PM,288,412,18
2025,YVR-Airport Station,Sunday/Holiday,6:00 to 7:00 AM,459,107,6
2025,YVR-Airport Station,Sunday/Holiday,5:00 to 6:00 PM,300,500,17
2025,YVR-Airport Station,Sunday/Holiday,5:00 to 6:00 AM,313,64,5
2025,YVR-Airport Station,Sunday/Holiday,4:00 to 5:00 PM,378,679,16
2025,YVR-Airport Station,Sunday/Holiday,4:00 to 5:00 AM,0,3,4
2025,YVR-Airport Station,Sunday/Holiday,3:00 to 4:00 PM,424,712,15
2025,YVR-Airport Station,Sunday/Holiday,2:00 to 3:00 PM,533,666,14
2025,YVR-Airport Station,Sunday/Holiday,2:00 to 3:00 AM,0,0,2
2025,YVR-Airport Station,Sunday/Holiday,12:00 to 1:00 PM,470,593,12
2025,YVR-Airport Station,Sunday/Holiday,12:00 to 1:00 AM,21,232,0
2025,YVR-Airport Station,Sunday/Holiday,11:00 PM to 12:00 AM,35,373,23
2025,YVR-Airport Station,Sunday/Holiday,11:00 AM to 12:00 PM,506,496,11
2025,YVR-Airport Station,Sunday/Holiday,10:00 to 11:00 PM,104,492,22
2025,YVR-Airport Station,Sunday/Holiday,10:00 to 11:00 AM,609,356,10
2025,YVR-Airport Station,Sunday/Holiday,1:00 to 2:00 PM,475,584,13
2025,YVR-Airport Station,Sunday/Holiday,1:00 to 2:00 AM,11,1,1
2025,YVR-Airport Station,Saturday,9:00 to 10:00 PM,209,384,21
2025,YVR-Airport Station,Saturday,9:00 to 10:00 AM,508,282,9
2025,YVR-Airport Station,Saturday,8:00 to 9:00 PM,258,342,20
2025,YVR-Airport Station,Saturday,8:00 to 9:00 AM,409,206,8
2025,YVR-Airport Station,Saturday,7:00 to 8:00 PM,267,332,19
2025,YVR-Airport Station,Saturday,7:00 to 8:00 AM,465,218,7
2025,YVR-Airport Station,Saturday,6:00 to 7:00 PM,247,365,18
2025,YVR-Airport Station,Saturday,6:00 to 7:00 AM,508,109,6
2025,YVR-Airport Station,Saturday,5:00 to 6:00 PM,322,494,17
2025,YVR-Airport Station,Saturday,5:00 to 6:00 AM,342,65,5
2025,YVR-Airport Station,Saturday,4:00 to 5:00 PM,342,622,16
2025,YVR-Airport Station,Weekday,10:00 to 11:00 AM,539,364,10
2025,YVR-Airport Station,Weekday,10:00 to 11:00 PM,124,445,22
2025,YVR-Airport Station,Weekday,11:00 AM to 12:00 PM,575,487,11
2025,YVR-Airport Station,Weekday,11:00 PM to 12:00 AM,40,354,23
2025,YVR-Airport Station,Weekday,12:00 to 1:00 AM,22,219,0
2025,YVR-Airport Station,Weekday,12:00 to 1:00 PM,425,601,12
2025,YVR-Airport Station,Weekday,2:00 to 3:00 AM,0,0,2
2025,YVR-Airport Station,Weekday,2:00 to 3:00 PM,517,695,14
2025,YVR-Airport Station,Weekday,3:00 to 4:00 AM,0,0,3
2025,YVR-Airport Station,Weekday,3:00 to 4:00 PM,471,828,15
2025,YVR-Airport Station,Weekday,4:00 to 5:00 AM,0,5,4
2025,YVR-Airport Station,Weekday,4:00 to 5:00 PM,399,829,16
2025,YVR-Airport Station,Weekday,5:00 to 6:00 AM,392,69,5
2025,YVR-Airport Station,Weekday,5:00 to 6:00 PM,341,609,17
2025,YVR-Airport Station,Weekday,6:00 to 7:00 AM,645,114,6
2025,YVR-Airport Station,Weekday,6:00 to 7:00 PM,278,419,18
2025,YVR-Airport Station,Weekday,7:00 to 8:00 AM,625,234,7
2025,YVR-Airport Station,Weekday,7:00 to 8:00 PM,266,339,19
2025,YVR-Airport Station,Weekday,8:00 to 9:00 AM,560,201,8
2025,YVR-Airport Station,Weekday,8:00 to 9:00 PM,267,353,20
2025,YVR-Airport Station,Weekday,9:00 to 10:00 AM,540,282,9
2025,YVR-Airport Station,Weekday,9:00 to 10:00 PM,219,405,21
2025,YVR-Airport Station,Saturday,1:00 to 2:00 AM,14,1,1
2025,YVR-Airport Station,Saturday,1:00 to 2:00 PM,496,564,13
2025,YVR-Airport Station,Saturday,10:00 to 11:00 AM,527,368,10
2025,YVR-Airport Station,Saturday,10:00 to 11:00 PM,126,439,22
2025,YVR-Airport Station,Saturday,11:00 AM to 12:00 PM,529,498,11
2025,YVR-Airport Station,Saturday,11:00 PM to 12:00 AM,44,353,23
2025,YVR-Airport Station,Saturday,12:00 to 1:00 AM,25,224,0
2025,YVR-Airport Station,Saturday,12:00 to 1:00 PM,380,571,12
2025,YVR-Airport Station,Saturday,2:00 to 3:00 AM,0,0,2
2025,YVR-Airport Station,Saturday,2:00 to 3:00 PM,484,618,14
2025,YVR-Airport Station,Saturday,3:00 to 4:00 PM,473,659,15
2025,YVR-Airport Station,Saturday,4:00 to 5:00 AM,0,3,4
2025,Yaletown-Roundhouse Station,Saturday,4:00 to 5:00 AM,1,12,4
2025,Yaletown-Roundhouse Station,Saturday,4:00 to 5:00 PM,706,606,16
2025,Yaletown-Roundhouse Station,Saturday,5:00 to 6:00 AM,27,55,5
2025,Yaletown-Roundhouse Station,Saturday,5:00 to 6:00 PM,716,548,17
2025,Yaletown-Roundhouse Station,Saturday,6:00 to 7:00 AM,105,112,6
2025,Yaletown-Roundhouse Station,Saturday,6:00 to 7:00 PM,622,505,18
2025,Yaletown-Roundhouse Station,Saturday,7:00 to 8:00 AM,208,178,7
2025,Yaletown-Roundhouse Station,Saturday,7:00 to 8:00 PM,443,443,19
2025,Yaletown-Roundhouse Station,Saturday,8:00 to 9:00 AM,249,223,8
2025,Yaletown-Roundhouse Station,Saturday,8:00 to 9:00 PM,379,399,20
2025,Yaletown-Roundhouse Station,Saturday,9:00 to 10:00 AM,362,317,9
2025,Yaletown-Roundhouse Station,Saturday,9:00 to 10:00 PM,325,416,21
2025,Yaletown-Roundhouse Station,Sunday/Holiday,1:00 to 2:00 AM,13,15,1
2025,Yaletown-Roundhouse Station,Sunday/Holiday,1:00 to 2:00 PM,506,442,13
2025,Yaletown-Roundhouse Station,Sunday/Holiday,10:00 to 11:00 AM,327,364,10
2025,Yaletown-Roundhouse Station,Sunday/Holiday,10:00 to 11:00 PM,174,240,22
2025,Yaletown-Roundhouse Station,Sunday/Holiday,11:00 AM to 12:00 PM,385,389,11
2025,Yaletown-Roundhouse Station,Sunday/Holiday,11:00 PM to 12:00 AM,101,162,23
2025,Yaletown-Roundhouse Station,Sunday/Holiday,12:00 to 1:00 AM,48,73,0
2025,Yaletown-Roundhouse Station,Sunday/Holiday,12:00 to 1:00 PM,459,419,12
2025,Yaletown-Roundhouse Station,Sunday/Holiday,2:00 to 3:00 AM,1,0,2
2025,Yaletown-Roundhouse Station,Sunday/Holiday,2:00 to 3:00 PM,516,485,14
2025,Yaletown-Roundhouse Station,Sunday/Holiday,3:00 to 4:00 AM,0,0,3
2025,Yaletown-Roundhouse Station,Sunday/Holiday,3:00 to 4:00 PM,539,521,15
2025,Yaletown-Roundhouse Station,Sunday/Holiday,4:00 to 5:00 AM,0,13,4
2025,Yaletown-Roundhouse Station,Sunday/Holiday,4:00 to 5:00 PM,540,530,16
2025,Yaletown-Roundhouse Station,Sunday/Holiday,5:00 to 6:00 AM,27,51,5
2025,Yaletown-Roundhouse Station,Sunday/Holiday,5:00 to 6:00 PM,499,483,17
2025,Yaletown-Roundhouse Station,Sunday/Holiday,6:00 to 7:00 AM,109,103,6
2025,Yaletown-Roundhouse Station,Sunday/Holiday,6:00 to 7:00 PM,419,426,18
2025,Yaletown-Roundhouse Station,Sunday/Holiday,7:00 to 8:00 AM,202,152,7
2025,Yaletown-Roundhouse Station,Sunday/Holiday,7:00 to 8:00 PM,312,377,19
2025,Yaletown-Roundhouse Station,Sunday/Holiday,8:00 to 9:00 AM,187,176,8
2025,Yaletown-Roundhouse Station,Sunday/Holiday,8:00 to 9:00 PM,252,334,20
2025,Yaletown-Roundhouse Station,Sunday/Holiday,9:00 to 10:00 AM,277,253,9
2025,Yaletown-Roundhouse Station,Sunday/Holiday,9:00 to 10:00 PM,211,293,21
2025,Yaletown-Roundhouse Station,Saturday,3:00 to 4:00 PM,643,600,15
2025,Yaletown-Roundhouse Station,Saturday,3:00 to 4:00 AM,0,0,3
2025,Yaletown-Roundhouse Station,Saturday,2:00 to 3:00 PM,594,547,14
2025,Yaletown-Roundhouse Station,Saturday,2:00 to 3:00 AM,1,0,2
2025,Yaletown-Roundhouse Station,Saturday,12:00 to 1:00 PM,527,471,12
2025,Yaletown-Roundhouse Station,Saturday,12:00 to 1:00 AM,81,216,0
2025,Yaletown-Roundhouse Station,Saturday,11:00 PM to 12:00 AM,154,359,23
2025,Yaletown-Roundhouse Station,Saturday,11:00 AM to 12:00 PM,461,443,11
2025,Yaletown-Roundhouse Station,Saturday,10:00 to 11:00 PM,252,397,22
2025,Yaletown-Roundhouse Station,Saturday,10:00 to 11:00 AM,391,379,10
2025,Yaletown-Roundhouse Station,Saturday,1:00 to 2:00 PM,552,494,13
2025,Yaletown-Roundhouse Station,Saturday,1:00 to 2:00 AM,21,51,1
2025,Yaletown-Roundhouse Station,Weekday,9:00 to 10:00 PM,256,376,21
2025,Yaletown-Roundhouse Station,Weekday,9:00 to 10:00 AM,591,437,9
2025,Yaletown-Roundhouse Station,Weekday,8:00 to 9:00 PM,291,382,20
2025,Yaletown-Roundhouse Station,Weekday,8:00 to 9:00 AM,674,638,8
2025,Yaletown-Roundhouse Station,Weekday,7:00 to 8:00 PM,385,462,19
2025,Yaletown-Roundhouse Station,Weekday,7:00 to 8:00 AM,492,500,7
2025,Yaletown-Roundhouse Station,Weekday,6:00 to 7:00 PM,691,641,18
2025,Yaletown-Roundhouse Station,Weekday,6:00 to 7:00 AM,218,304,6
2025,Yaletown-Roundhouse Station,Weekday,5:00 to 6:00 PM,918,857,17
2025,Yaletown-Roundhouse Station,Weekday,5:00 to 6:00 AM,37,90,5
2025,Yaletown-Roundhouse Station,Weekday,4:00 to 5:00 PM,859,826,16
2025,Yaletown-Roundhouse Station,Weekday,4:00 to 5:00 AM,0,14,4
2025,Yaletown-Roundhouse Station,Weekday,3:00 to 4:00 PM,663,645,15
2025,Yaletown-Roundhouse Station,Weekday,3:00 to 4:00 AM,0,0,3
2025,Yaletown-Roundhouse Station,Weekday,2:00 to 3:00 PM,527,511,14
2025,Yaletown-Roundhouse Station,Weekday,2:00 to 3:00 AM,1,0,2
2025,Yaletown-Roundhouse Station,Weekday,12:00 to 1:00 PM,468,425,12
2025,Yaletown-Roundhouse Station,Weekday,1:00 to 2:00 AM,14,21,1
2025,Yaletown-Roundhouse Station,Weekday,1:00 to 2:00 PM,462,441,13
2025,Yaletown-Roundhouse Station,Weekday,10:00 to 11:00 AM,404,388,10
2025,Yaletown-Roundhouse Station,Weekday,10:00 to 11:00 PM,199,277,22
2025,Yaletown-Roundhouse Station,Weekday,11:00 AM to 12:00 PM,400,389,11
2025,Yaletown-Roundhouse Station,Weekday,11:00 PM to 12:00 AM,106,199,23
2025,Yaletown-Roundhouse Station,Weekday,12:00 to 1:00 AM,56,94,0
