CalendarYear,StationName,DayType,Hour,Average_Daily_Station_Alightings,Average_Daily_Station_Boardings
2023,22nd Street Station,Sun/Hol,3:00 to 4:00 PM,393,450
2023,22nd Street Station,Sun/Hol,3:00 to 4:00 AM,0,0
2023,22nd Street Station,Sun/Hol,2:00 to 3:00 PM,363,460
2023,22nd Street Station,Sun/Hol,2:00 to 3:00 AM,0,0
2023,22nd Street Station,Sun/Hol,12:00 to 1:00 PM,306,421
2023,22nd Street Station,Sun/Hol,12:00 to 1:00 AM,67,51
2023,22nd Street Station,Sun/Hol,11:00 PM to 12:00 AM,163,166
2023,22nd Street Station,Sun/Hol,11:00 AM to 12:00 PM,251,389
2023,22nd Street Station,Sun/Hol,10:00 to 11:00 PM,220,213
2023,22nd Street Station,Sun/Hol,10:00 to 11:00 AM,249,362
2023,22nd Street Station,Sun/Hol,1:00 to 2:00 PM,364,453
2023,22nd Street Station,Sun/Hol,1:00 to 2:00 AM,3,2
2023,22nd Street Station,Sat,9:00 to 10:00 PM,369,251
2023,22nd Street Station,Sat,9:00 to 10:00 AM,262,382
2023,22nd Street Station,MF,1:00 to 2:00 AM,25,22
2023,22nd Street Station,MF,1:00 to 2:00 PM,452,431
2023,22nd Street Station,MF,10:00 to 11:00 AM,241,408
2023,22nd Street Station,MF,10:00 to 11:00 PM,308,262
2023,22nd Street Station,MF,11:00 AM to 12:00 PM,280,430
2023,22nd Street Station,MF,11:00 PM to 12:00 AM,204,211
2023,22nd Street Station,MF,12:00 to 1:00 AM,119,99
2023,22nd Street Station,MF,12:00 to 1:00 PM,381,436
2023,22nd Street Station,MF,2:00 to 3:00 AM,0,0
2023,22nd Street Station,MF,2:00 to 3:00 PM,523,511
2023,22nd Street Station,MF,3:00 to 4:00 AM,0,0
2023,22nd Street Station,MF,3:00 to 4:00 PM,771,785
2023,22nd Street Station,MF,4:00 to 5:00 AM,0,0
2023,22nd Street Station,MF,4:00 to 5:00 PM,924,1025
2023,22nd Street Station,MF,5:00 to 6:00 AM,386,256
2023,22nd Street Station,MF,5:00 to 6:00 PM,1001,962
2023,22nd Street Station,MF,6:00 to 7:00 AM,874,827
2023,22nd Street Station,MF,6:00 to 7:00 PM,834,672
2023,22nd Street Station,MF,7:00 to 8:00 AM,836,1005
2023,22nd Street Station,MF,7:00 to 8:00 PM,538,385
2023,22nd Street Station,MF,8:00 to 9:00 AM,582,882
2023,22nd Street Station,MF,8:00 to 9:00 PM,440,276
2023,22nd Street Station,MF,9:00 to 10:00 AM,312,589
2023,22nd Street Station,MF,9:00 to 10:00 PM,437,239
2023,22nd Street Station,Sat,1:00 to 2:00 AM,51,26
2023,22nd Street Station,Sat,1:00 to 2:00 PM,397,475
2023,22nd Street Station,Sat,10:00 to 11:00 AM,253,396
2023,22nd Street Station,Sat,10:00 to 11:00 PM,318,258
2023,22nd Street Station,Sat,11:00 AM to 12:00 PM,292,440
2023,22nd Street Station,Sat,11:00 PM to 12:00 AM,241,226
2023,22nd Street Station,Sat,12:00 to 1:00 AM,162,103
2023,22nd Street Station,Sat,12:00 to 1:00 PM,353,463
2023,22nd Street Station,Sat,2:00 to 3:00 PM,419,519
2023,22nd Street Station,Sat,3:00 to 4:00 PM,469,540
2023,22nd Street Station,Sat,4:00 to 5:00 PM,521,526
2023,22nd Street Station,Sat,5:00 to 6:00 AM,0,0
2023,22nd Street Station,Sat,5:00 to 6:00 PM,524,535
2023,22nd Street Station,Sat,6:00 to 7:00 AM,203,306
2023,22nd Street Station,Sat,6:00 to 7:00 PM,514,438
2023,22nd Street Station,Sat,7:00 to 8:00 AM,304,408
2023,22nd Street Station,Sat,7:00 to 8:00 PM,443,335
2023,22nd Street Station,Sat,8:00 to 9:00 AM,285,402
2023,22nd Street Station,Sat,8:00 to 9:00 PM,368,286
2023,22nd Street Station,Sun/Hol,4:00 to 5:00 AM,0,0
2023,22nd Street Station,Sun/Hol,4:00 to 5:00 PM,442,422
2023,22nd Street Station,Sun/Hol,5:00 to 6:00 AM,11,7
2023,22nd Street Station,Sun/Hol,5:00 to 6:00 PM,465,391
2023,22nd Street Station,Sun/Hol,6:00 to 7:00 AM,26,29
2023,22nd Street Station,Sun/Hol,6:00 to 7:00 PM,459,354
2023,22nd Street Station,Sun/Hol,7:00 to 8:00 AM,223,326
2023,22nd Street Station,Sun/Hol,7:00 to 8:00 PM,425,278
2023,22nd Street Station,Sun/Hol,8:00 to 9:00 AM,244,292
2023,22nd Street Station,Sun/Hol,8:00 to 9:00 PM,318,240
2023,22nd Street Station,Sun/Hol,9:00 to 10:00 AM,235,317
2023,22nd Street Station,Sun/Hol,9:00 to 10:00 PM,287,211
2023,29th Avenue Station,Sat,7:00 to 8:00 PM,375,207
2023,29th Avenue Station,Sat,2:00 to 3:00 PM,364,411
2023,29th Avenue Station,Sat,8:00 to 9:00 AM,126,329
2023,29th Avenue Station,MF,7:00 to 8:00 PM,439,204
2023,29th Avenue Station,MF,2:00 to 3:00 PM,381,333
2023,29th Avenue Station,Sun/Hol,5:00 to 6:00 PM,436,270
2023,29th Avenue Station,Sat,12:00 to 1:00 PM,253,421
2023,29th Avenue Station,Sun/Hol,3:00 to 4:00 AM,0,0
2023,29th Avenue Station,Sun/Hol,3:00 to 4:00 PM,378,366
2023,29th Avenue Station,Sat,1:00 to 2:00 PM,307,429
2023,29th Avenue Station,Sat,6:00 to 7:00 AM,36,96
2023,29th Avenue Station,MF,4:00 to 5:00 PM,766,406
2023,29th Avenue Station,Sat,3:00 to 4:00 PM,413,413
2023,29th Avenue Station,Sun/Hol,8:00 to 9:00 AM,88,227
2023,29th Avenue Station,Sat,3:00 to 4:00 AM,0,0
2023,29th Avenue Station,Sat,2:00 to 3:00 AM,0,0
2023,29th Avenue Station,MF,3:00 to 4:00 AM,0,0
2023,29th Avenue Station,MF,8:00 to 9:00 PM,373,142
2023,29th Avenue Station,Sat,8:00 to 9:00 PM,337,165
2023,29th Avenue Station,Sun/Hol,6:00 to 7:00 AM,4,13
2023,29th Avenue Station,Sun/Hol,7:00 to 8:00 AM,49,141
2023,29th Avenue Station,Sun/Hol,7:00 to 8:00 PM,370,149
2023,29th Avenue Station,Sat,7:00 to 8:00 AM,85,234
2023,29th Avenue Station,Sun/Hol,11:00 PM to 12:00 AM,157,59
2023,29th Avenue Station,MF,10:00 to 11:00 AM,164,365
2023,29th Avenue Station,MF,11:00 AM to 12:00 PM,184,359
2023,29th Avenue Station,Sat,4:00 to 5:00 PM,474,410
2023,29th Avenue Station,Sat,5:00 to 6:00 PM,497,374
2023,29th Avenue Station,Sat,6:00 to 7:00 PM,474,312
2023,29th Avenue Station,Sat,11:00 AM to 12:00 PM,207,418
2023,29th Avenue Station,MF,9:00 to 10:00 AM,161,519
2023,29th Avenue Station,MF,2:00 to 3:00 AM,0,0
2023,29th Avenue Station,Sat,11:00 PM to 12:00 AM,226,95
2023,29th Avenue Station,Sun/Hol,6:00 to 7:00 PM,406,218
2023,29th Avenue Station,Sun/Hol,9:00 to 10:00 PM,250,105
2023,29th Avenue Station,MF,1:00 to 2:00 PM,286,336
2023,29th Avenue Station,MF,1:00 to 2:00 AM,32,4
2023,29th Avenue Station,Sun/Hol,8:00 to 9:00 PM,279,114
2023,29th Avenue Station,Sat,9:00 to 10:00 AM,158,396
2023,29th Avenue Station,Sun/Hol,9:00 to 10:00 AM,124,301
2023,29th Avenue Station,Sun/Hol,1:00 to 2:00 PM,271,384
2023,29th Avenue Station,Sun/Hol,1:00 to 2:00 AM,2,1
2023,29th Avenue Station,MF,5:00 to 6:00 AM,26,108
2023,29th Avenue Station,MF,5:00 to 6:00 PM,852,384
2023,29th Avenue Station,Sat,10:00 to 11:00 AM,187,409
2023,29th Avenue Station,Sun/Hol,2:00 to 3:00 PM,322,389
2023,29th Avenue Station,MF,6:00 to 7:00 PM,645,322
2023,29th Avenue Station,Sat,10:00 to 11:00 PM,285,116
2023,29th Avenue Station,Sat,12:00 to 1:00 AM,162,43
2023,29th Avenue Station,MF,7:00 to 8:00 AM,177,636
2023,29th Avenue Station,Sat,5:00 to 6:00 AM,0,0
2023,29th Avenue Station,MF,8:00 to 9:00 AM,227,855
2023,29th Avenue Station,Sun/Hol,4:00 to 5:00 PM,417,336
2023,29th Avenue Station,Sun/Hol,12:00 to 1:00 AM,60,14
2023,29th Avenue Station,Sun/Hol,11:00 AM to 12:00 PM,180,385
2023,29th Avenue Station,Sun/Hol,2:00 to 3:00 AM,0,0
2023,29th Avenue Station,Sun/Hol,10:00 to 11:00 AM,159,378
2023,29th Avenue Station,MF,12:00 to 1:00 AM,105,22
2023,29th Avenue Station,MF,9:00 to 10:00 PM,377,113
2023,29th Avenue Station,Sun/Hol,5:00 to 6:00 AM,1,3
2023,29th Avenue Station,MF,6:00 to 7:00 AM,103,468
2023,29th Avenue Station,Sun/Hol,10:00 to 11:00 PM,200,81
2023,29th Avenue Station,Sat,9:00 to 10:00 PM,330,143
2023,29th Avenue Station,MF,3:00 to 4:00 PM,580,457
2023,29th Avenue Station,MF,11:00 PM to 12:00 AM,178,55
2023,29th Avenue Station,MF,10:00 to 11:00 PM,258,88
2023,29th Avenue Station,Sat,1:00 to 2:00 AM,57,7
2023,29th Avenue Station,MF,12:00 to 1:00 PM,243,342
2023,29th Avenue Station,Sun/Hol,12:00 to 1:00 PM,243,391
2023,Aberdeen Station,MF,5:00 to 6:00 AM,21,22
2023,Aberdeen Station,MF,5:00 to 6:00 PM,361,383
2023,Aberdeen Station,Sun/Hol,8:00 to 9:00 AM,90,46
2023,Aberdeen Station,Sun/Hol,8:00 to 9:00 PM,80,140
2023,Aberdeen Station,Sun/Hol,9:00 to 10:00 AM,157,83
2023,Aberdeen Station,Sun/Hol,9:00 to 10:00 PM,58,109
2023,Aberdeen Station,MF,6:00 to 7:00 AM,98,66
2023,Aberdeen Station,MF,6:00 to 7:00 PM,275,332
2023,Aberdeen Station,MF,7:00 to 8:00 AM,143,135
2023,Aberdeen Station,MF,7:00 to 8:00 PM,147,220
2023,Aberdeen Station,MF,8:00 to 9:00 AM,222,173
2023,Aberdeen Station,MF,8:00 to 9:00 PM,90,141
2023,Aberdeen Station,MF,9:00 to 10:00 AM,235,135
2023,Aberdeen Station,MF,9:00 to 10:00 PM,62,98
2023,Aberdeen Station,Sat,1:00 to 2:00 AM,6,1
2023,Aberdeen Station,Sat,1:00 to 2:00 PM,382,328
2023,Aberdeen Station,Sat,10:00 to 11:00 AM,310,144
2023,Aberdeen Station,Sat,10:00 to 11:00 PM,59,84
2023,Aberdeen Station,Sat,11:00 AM to 12:00 PM,366,200
2023,Aberdeen Station,Sat,11:00 PM to 12:00 AM,48,42
2023,Aberdeen Station,Sat,12:00 to 1:00 AM,25,21
2023,Aberdeen Station,Sat,12:00 to 1:00 PM,375,276
2023,Aberdeen Station,Sat,2:00 to 3:00 AM,0,0
2023,Aberdeen Station,Sat,2:00 to 3:00 PM,358,380
2023,Aberdeen Station,Sat,3:00 to 4:00 AM,0,0
2023,Aberdeen Station,Sat,3:00 to 4:00 PM,365,406
2023,Aberdeen Station,Sat,4:00 to 5:00 AM,0,2
2023,Aberdeen Station,Sat,4:00 to 5:00 PM,359,405
2023,Aberdeen Station,Sat,5:00 to 6:00 AM,12,16
2023,Aberdeen Station,Sat,5:00 to 6:00 PM,330,376
2023,Aberdeen Station,Sat,6:00 to 7:00 AM,29,31
2023,Aberdeen Station,Sat,6:00 to 7:00 PM,261,352
2023,Aberdeen Station,Sat,7:00 to 8:00 AM,66,46
2023,Aberdeen Station,Sat,7:00 to 8:00 PM,156,261
2023,Aberdeen Station,Sat,8:00 to 9:00 AM,131,64
2023,Aberdeen Station,MF,1:00 to 2:00 AM,2,1
2023,Aberdeen Station,MF,1:00 to 2:00 PM,250,256
2023,Aberdeen Station,MF,10:00 to 11:00 AM,278,130
2023,Aberdeen Station,MF,10:00 to 11:00 PM,24,31
2023,Aberdeen Station,MF,11:00 AM to 12:00 PM,260,167
2023,Aberdeen Station,MF,11:00 PM to 12:00 AM,13,12
2023,Aberdeen Station,MF,12:00 to 1:00 AM,8,5
2023,Aberdeen Station,MF,12:00 to 1:00 PM,261,220
2023,Aberdeen Station,Sat,8:00 to 9:00 PM,106,201
2023,Aberdeen Station,Sat,9:00 to 10:00 AM,216,109
2023,Aberdeen Station,Sat,9:00 to 10:00 PM,83,146
2023,Aberdeen Station,Sun/Hol,1:00 to 2:00 AM,3,1
2023,Aberdeen Station,Sun/Hol,1:00 to 2:00 PM,331,290
2023,Aberdeen Station,Sun/Hol,10:00 to 11:00 AM,270,121
2023,Aberdeen Station,Sun/Hol,10:00 to 11:00 PM,40,60
2023,Aberdeen Station,Sun/Hol,11:00 AM to 12:00 PM,310,168
2023,Aberdeen Station,Sun/Hol,11:00 PM to 12:00 AM,25,24
2023,Aberdeen Station,MF,2:00 to 3:00 AM,0,0
2023,Aberdeen Station,MF,2:00 to 3:00 PM,268,284
2023,Aberdeen Station,MF,4:00 to 5:00 PM,350,338
2023,Aberdeen Station,Sun/Hol,7:00 to 8:00 PM,128,223
2023,Aberdeen Station,MF,3:00 to 4:00 AM,0,0
2023,Aberdeen Station,MF,3:00 to 4:00 PM,323,331
2023,Aberdeen Station,Sun/Hol,12:00 to 1:00 AM,11,13
2023,Aberdeen Station,Sun/Hol,12:00 to 1:00 PM,325,228
2023,Aberdeen Station,Sun/Hol,2:00 to 3:00 AM,1,1
2023,Aberdeen Station,Sun/Hol,7:00 to 8:00 AM,50,43
2023,Aberdeen Station,Sun/Hol,6:00 to 7:00 PM,192,280
2023,Aberdeen Station,Sun/Hol,6:00 to 7:00 AM,25,32
2023,Aberdeen Station,Sun/Hol,5:00 to 6:00 PM,269,297
2023,Aberdeen Station,MF,4:00 to 5:00 AM,0,2
2023,Aberdeen Station,Sun/Hol,2:00 to 3:00 PM,312,332
2023,Aberdeen Station,Sun/Hol,3:00 to 4:00 AM,0,0
2023,Aberdeen Station,Sun/Hol,3:00 to 4:00 PM,304,343
2023,Aberdeen Station,Sun/Hol,4:00 to 5:00 AM,0,2
2023,Aberdeen Station,Sun/Hol,4:00 to 5:00 PM,295,320
2023,Aberdeen Station,Sun/Hol,5:00 to 6:00 AM,11,14
2023,Braid Station,Sun/Hol,8:00 to 9:00 AM,100,59
2023,Braid Station,Sun/Hol,8:00 to 9:00 PM,91,84
2023,Braid Station,Sun/Hol,9:00 to 10:00 AM,92,84
2023,Braid Station,Sun/Hol,9:00 to 10:00 PM,76,69
2023,Braid Station,Sat,8:00 to 9:00 AM,122,108
2023,Braid Station,Sat,8:00 to 9:00 PM,107,113
2023,Braid Station,Sat,9:00 to 10:00 AM,116,109
2023,Braid Station,Sat,9:00 to 10:00 PM,96,93
2023,Braid Station,Sun/Hol,1:00 to 2:00 AM,1,1
2023,Braid Station,Sun/Hol,1:00 to 2:00 PM,137,127
2023,Braid Station,Sun/Hol,10:00 to 11:00 AM,105,97
2023,Braid Station,Sun/Hol,10:00 to 11:00 PM,58,63
2023,Braid Station,Sun/Hol,11:00 AM to 12:00 PM,100,107
2023,Braid Station,Sun/Hol,11:00 PM to 12:00 AM,40,35
2023,Braid Station,Sun/Hol,12:00 to 1:00 AM,20,8
2023,Braid Station,Sun/Hol,12:00 to 1:00 PM,112,121
2023,Braid Station,Sun/Hol,2:00 to 3:00 AM,0,0
2023,Braid Station,Sun/Hol,2:00 to 3:00 PM,133,134
2023,Braid Station,Sun/Hol,3:00 to 4:00 AM,0,0
2023,Braid Station,Sun/Hol,3:00 to 4:00 PM,139,145
2023,Braid Station,Sun/Hol,7:00 to 8:00 PM,159,115
2023,Braid Station,Sun/Hol,4:00 to 5:00 AM,0,0
2023,Braid Station,Sun/Hol,7:00 to 8:00 AM,106,118
2023,Braid Station,Sun/Hol,4:00 to 5:00 PM,132,154
2023,Braid Station,Sun/Hol,5:00 to 6:00 AM,4,3
2023,Braid Station,Sun/Hol,5:00 to 6:00 PM,129,165
2023,Braid Station,Sun/Hol,6:00 to 7:00 AM,14,15
2023,Braid Station,Sun/Hol,6:00 to 7:00 PM,127,156
2023,Braid Station,MF,1:00 to 2:00 AM,12,5
2023,Braid Station,MF,1:00 to 2:00 PM,186,157
2023,Braid Station,MF,10:00 to 11:00 AM,111,128
2023,Braid Station,MF,10:00 to 11:00 PM,76,78
2023,Braid Station,MF,11:00 AM to 12:00 PM,114,145
2023,Braid Station,MF,11:00 PM to 12:00 AM,51,52
2023,Braid Station,MF,12:00 to 1:00 AM,30,14
2023,Braid Station,MF,12:00 to 1:00 PM,144,148
2023,Braid Station,MF,2:00 to 3:00 AM,0,0
2023,Braid Station,MF,2:00 to 3:00 PM,185,210
2023,Braid Station,MF,3:00 to 4:00 AM,0,0
2023,Braid Station,MF,3:00 to 4:00 PM,262,341
2023,Braid Station,MF,4:00 to 5:00 AM,0,0
2023,Braid Station,MF,4:00 to 5:00 PM,324,427
2023,Braid Station,MF,5:00 to 6:00 AM,137,119
2023,Braid Station,MF,5:00 to 6:00 PM,319,421
2023,Braid Station,MF,6:00 to 7:00 AM,407,314
2023,Braid Station,MF,6:00 to 7:00 PM,257,235
2023,Braid Station,MF,7:00 to 8:00 AM,371,316
2023,Braid Station,MF,7:00 to 8:00 PM,209,118
2023,Braid Station,MF,8:00 to 9:00 AM,250,245
2023,Braid Station,MF,8:00 to 9:00 PM,116,90
2023,Braid Station,MF,9:00 to 10:00 AM,138,163
2023,Braid Station,MF,9:00 to 10:00 PM,109,93
2023,Braid Station,Sat,1:00 to 2:00 AM,24,9
2023,Braid Station,Sat,1:00 to 2:00 PM,165,167
2023,Braid Station,Sat,10:00 to 11:00 AM,115,119
2023,Braid Station,Sat,10:00 to 11:00 PM,85,83
2023,Braid Station,Sat,11:00 AM to 12:00 PM,124,129
2023,Braid Station,Sat,11:00 PM to 12:00 AM,62,53
2023,Braid Station,Sat,12:00 to 1:00 AM,41,19
2023,Braid Station,Sat,12:00 to 1:00 PM,143,143
2023,Braid Station,Sat,2:00 to 3:00 AM,0,0
2023,Braid Station,Sat,2:00 to 3:00 PM,170,169
2023,Braid Station,Sat,3:00 to 4:00 PM,182,201
2023,Braid Station,Sat,4:00 to 5:00 AM,0,0
2023,Braid Station,Sat,4:00 to 5:00 PM,178,200
2023,Braid Station,Sat,5:00 to 6:00 AM,0,0
2023,Braid Station,Sat,5:00 to 6:00 PM,163,236
2023,Braid Station,Sat,6:00 to 7:00 AM,105,126
2023,Braid Station,Sat,6:00 to 7:00 PM,153,202
2023,Braid Station,Sat,7:00 to 8:00 AM,115,102
2023,Braid Station,Sat,7:00 to 8:00 PM,178,125
2023,Brentwood Town Centre Station,Sat,2:00 to 3:00 AM,0,0
2023,Brentwood Town Centre Station,Sat,12:00 to 1:00 PM,321,335
2023,Brentwood Town Centre Station,Sat,12:00 to 1:00 AM,89,86
2023,Brentwood Town Centre Station,Sat,11:00 PM to 12:00 AM,153,126
2023,Brentwood Town Centre Station,Sat,11:00 AM to 12:00 PM,280,280
2023,Brentwood Town Centre Station,Sat,10:00 to 11:00 PM,191,168
2023,Brentwood Town Centre Station,Sat,10:00 to 11:00 AM,245,230
2023,Brentwood Town Centre Station,Sat,1:00 to 2:00 PM,367,363
2023,Brentwood Town Centre Station,Sat,1:00 to 2:00 AM,39,28
2023,Brentwood Town Centre Station,MF,9:00 to 10:00 PM,215,200
2023,Brentwood Town Centre Station,MF,9:00 to 10:00 AM,344,311
2023,Brentwood Town Centre Station,MF,8:00 to 9:00 PM,255,223
2023,Brentwood Town Centre Station,MF,8:00 to 9:00 AM,540,576
2023,Brentwood Town Centre Station,MF,7:00 to 8:00 PM,338,291
2023,Brentwood Town Centre Station,MF,7:00 to 8:00 AM,483,461
2023,Brentwood Town Centre Station,MF,6:00 to 7:00 PM,566,436
2023,Brentwood Town Centre Station,MF,6:00 to 7:00 AM,374,241
2023,Brentwood Town Centre Station,MF,5:00 to 6:00 PM,809,655
2023,Brentwood Town Centre Station,MF,5:00 to 6:00 AM,56,64
2023,Brentwood Town Centre Station,MF,4:00 to 5:00 PM,640,721
2023,Brentwood Town Centre Station,MF,4:00 to 5:00 AM,0,0
2023,Brentwood Town Centre Station,MF,3:00 to 4:00 PM,503,600
2023,Brentwood Town Centre Station,MF,3:00 to 4:00 AM,0,0
2023,Brentwood Town Centre Station,MF,2:00 to 3:00 PM,368,419
2023,Brentwood Town Centre Station,MF,2:00 to 3:00 AM,0,0
2023,Brentwood Town Centre Station,MF,12:00 to 1:00 PM,297,308
2023,Brentwood Town Centre Station,MF,12:00 to 1:00 AM,48,46
2023,Brentwood Town Centre Station,MF,11:00 PM to 12:00 AM,103,86
2023,Brentwood Town Centre Station,MF,11:00 AM to 12:00 PM,256,254
2023,Brentwood Town Centre Station,MF,10:00 to 11:00 PM,162,130
2023,Brentwood Town Centre Station,MF,10:00 to 11:00 AM,260,224
2023,Brentwood Town Centre Station,MF,1:00 to 2:00 PM,307,331
2023,Brentwood Town Centre Station,MF,1:00 to 2:00 AM,15,10
2023,Brentwood Town Centre Station,Sun/Hol,9:00 to 10:00 PM,149,141
2023,Brentwood Town Centre Station,Sun/Hol,9:00 to 10:00 AM,153,162
2023,Brentwood Town Centre Station,Sun/Hol,8:00 to 9:00 PM,185,162
2023,Brentwood Town Centre Station,Sun/Hol,8:00 to 9:00 AM,104,118
2023,Brentwood Town Centre Station,Sun/Hol,7:00 to 8:00 PM,245,226
2023,Brentwood Town Centre Station,Sun/Hol,7:00 to 8:00 AM,62,74
2023,Brentwood Town Centre Station,Sun/Hol,6:00 to 7:00 PM,298,268
2023,Brentwood Town Centre Station,Sun/Hol,6:00 to 7:00 AM,7,6
2023,Brentwood Town Centre Station,Sun/Hol,5:00 to 6:00 PM,343,304
2023,Brentwood Town Centre Station,Sun/Hol,5:00 to 6:00 AM,2,2
2023,Brentwood Town Centre Station,Sun/Hol,4:00 to 5:00 PM,362,337
2023,Brentwood Town Centre Station,Sun/Hol,3:00 to 4:00 PM,352,339
2023,Brentwood Town Centre Station,Sun/Hol,2:00 to 3:00 PM,342,315
2023,Brentwood Town Centre Station,Sun/Hol,2:00 to 3:00 AM,0,0
2023,Brentwood Town Centre Station,Sun/Hol,12:00 to 1:00 PM,268,269
2023,Brentwood Town Centre Station,Sun/Hol,12:00 to 1:00 AM,33,25
2023,Brentwood Town Centre Station,Sun/Hol,11:00 PM to 12:00 AM,81,77
2023,Brentwood Town Centre Station,Sun/Hol,11:00 AM to 12:00 PM,250,237
2023,Brentwood Town Centre Station,Sun/Hol,10:00 to 11:00 PM,118,106
2023,Brentwood Town Centre Station,Sun/Hol,10:00 to 11:00 AM,208,201
2023,Brentwood Town Centre Station,Sun/Hol,1:00 to 2:00 PM,323,301
2023,Brentwood Town Centre Station,Sun/Hol,1:00 to 2:00 AM,2,1
2023,Brentwood Town Centre Station,Sat,9:00 to 10:00 PM,214,222
2023,Brentwood Town Centre Station,Sat,9:00 to 10:00 AM,207,201
2023,Brentwood Town Centre Station,Sat,8:00 to 9:00 PM,248,244
2023,Brentwood Town Centre Station,Sat,8:00 to 9:00 AM,195,159
2023,Brentwood Town Centre Station,Sat,7:00 to 8:00 PM,330,278
2023,Brentwood Town Centre Station,Sat,7:00 to 8:00 AM,114,105
2023,Brentwood Town Centre Station,Sat,6:00 to 7:00 PM,398,365
2023,Brentwood Town Centre Station,Sat,6:00 to 7:00 AM,39,56
2023,Brentwood Town Centre Station,Sat,5:00 to 6:00 PM,451,409
2023,Brentwood Town Centre Station,Sat,4:00 to 5:00 PM,456,429
2023,Brentwood Town Centre Station,Sat,3:00 to 4:00 PM,419,426
2023,Brentwood Town Centre Station,Sat,2:00 to 3:00 PM,384,401
2023,Bridgeport Station,Sat,4:00 to 5:00 AM,1,7
2023,Bridgeport Station,Sat,4:00 to 5:00 PM,606,582
2023,Bridgeport Station,Sat,5:00 to 6:00 AM,84,59
2023,Bridgeport Station,Sat,5:00 to 6:00 PM,696,603
2023,Bridgeport Station,Sat,6:00 to 7:00 AM,121,135
2023,Bridgeport Station,Sat,6:00 to 7:00 PM,638,495
2023,Bridgeport Station,Sat,7:00 to 8:00 AM,256,206
2023,Bridgeport Station,Sat,7:00 to 8:00 PM,590,401
2023,Bridgeport Station,Sat,8:00 to 9:00 AM,270,264
2023,Bridgeport Station,Sat,8:00 to 9:00 PM,443,342
2023,Bridgeport Station,Sat,9:00 to 10:00 AM,323,423
2023,Bridgeport Station,Sat,9:00 to 10:00 PM,342,444
2023,Bridgeport Station,Sun/Hol,1:00 to 2:00 AM,23,6
2023,Bridgeport Station,Sun/Hol,1:00 to 2:00 PM,495,495
2023,Bridgeport Station,Sun/Hol,10:00 to 11:00 AM,338,408
2023,Bridgeport Station,Sun/Hol,10:00 to 11:00 PM,184,292
2023,Bridgeport Station,Sun/Hol,11:00 AM to 12:00 PM,405,504
2023,Bridgeport Station,Sun/Hol,11:00 PM to 12:00 AM,150,188
2023,Bridgeport Station,Sun/Hol,12:00 to 1:00 AM,75,59
2023,Bridgeport Station,Sun/Hol,12:00 to 1:00 PM,441,425
2023,Bridgeport Station,Sun/Hol,2:00 to 3:00 AM,1,0
2023,Bridgeport Station,Sun/Hol,2:00 to 3:00 PM,522,445
2023,Bridgeport Station,Sun/Hol,3:00 to 4:00 AM,0,0
2023,Bridgeport Station,Sun/Hol,3:00 to 4:00 PM,586,514
2023,Bridgeport Station,Sun/Hol,4:00 to 5:00 AM,1,4
2023,Bridgeport Station,Sun/Hol,4:00 to 5:00 PM,554,462
2023,Bridgeport Station,Sun/Hol,5:00 to 6:00 AM,74,56
2023,Bridgeport Station,Sun/Hol,5:00 to 6:00 PM,568,488
2023,Bridgeport Station,Sun/Hol,6:00 to 7:00 AM,91,133
2023,Bridgeport Station,Sun/Hol,6:00 to 7:00 PM,526,406
2023,Bridgeport Station,Sun/Hol,7:00 to 8:00 AM,200,170
2023,Bridgeport Station,Sun/Hol,7:00 to 8:00 PM,487,368
2023,Bridgeport Station,Sun/Hol,8:00 to 9:00 AM,215,206
2023,Bridgeport Station,Sun/Hol,8:00 to 9:00 PM,324,318
2023,Bridgeport Station,Sun/Hol,9:00 to 10:00 AM,290,347
2023,Bridgeport Station,Sun/Hol,9:00 to 10:00 PM,248,383
2023,Bridgeport Station,Sat,3:00 to 4:00 PM,619,613
2023,Bridgeport Station,Sat,3:00 to 4:00 AM,0,0
2023,Bridgeport Station,Sat,2:00 to 3:00 PM,542,551
2023,Bridgeport Station,Sat,2:00 to 3:00 AM,1,1
2023,Bridgeport Station,Sat,12:00 to 1:00 PM,451,496
2023,Bridgeport Station,Sat,12:00 to 1:00 AM,161,89
2023,Bridgeport Station,Sat,11:00 PM to 12:00 AM,305,283
2023,Bridgeport Station,Sat,11:00 AM to 12:00 PM,436,602
2023,Bridgeport Station,Sat,10:00 to 11:00 PM,360,335
2023,Bridgeport Station,Sat,10:00 to 11:00 AM,343,461
2023,Bridgeport Station,Sat,1:00 to 2:00 PM,493,597
2023,Bridgeport Station,Sat,1:00 to 2:00 AM,61,8
2023,Bridgeport Station,MF,9:00 to 10:00 PM,407,254
2023,Bridgeport Station,MF,9:00 to 10:00 AM,309,625
2023,Bridgeport Station,MF,8:00 to 9:00 PM,369,225
2023,Bridgeport Station,MF,8:00 to 9:00 AM,405,1070
2023,Bridgeport Station,MF,7:00 to 8:00 PM,514,316
2023,Bridgeport Station,MF,7:00 to 8:00 AM,439,1057
2023,Bridgeport Station,MF,6:00 to 7:00 PM,816,452
2023,Bridgeport Station,MF,6:00 to 7:00 AM,273,533
2023,Bridgeport Station,MF,5:00 to 6:00 PM,1224,668
2023,Bridgeport Station,MF,5:00 to 6:00 AM,116,215
2023,Bridgeport Station,MF,4:00 to 5:00 PM,1090,648
2023,Bridgeport Station,MF,4:00 to 5:00 AM,1,14
2023,Bridgeport Station,MF,3:00 to 4:00 PM,828,536
2023,Bridgeport Station,MF,3:00 to 4:00 AM,0,0
2023,Bridgeport Station,MF,2:00 to 3:00 PM,565,431
2023,Bridgeport Station,MF,2:00 to 3:00 AM,1,1
2023,Bridgeport Station,MF,12:00 to 1:00 PM,397,391
2023,Bridgeport Station,MF,12:00 to 1:00 AM,148,66
2023,Bridgeport Station,MF,11:00 PM to 12:00 AM,286,171
2023,Bridgeport Station,MF,11:00 AM to 12:00 PM,334,481
2023,Bridgeport Station,MF,10:00 to 11:00 PM,417,261
2023,Bridgeport Station,MF,10:00 to 11:00 AM,287,463
2023,Bridgeport Station,MF,1:00 to 2:00 PM,449,436
2023,Bridgeport Station,MF,1:00 to 2:00 AM,44,6
2023,Broadway-City Hall Station,MF,6:00 to 7:00 PM,692,777
2023,Broadway-City Hall Station,MF,7:00 to 8:00 AM,762,512
2023,Broadway-City Hall Station,MF,7:00 to 8:00 PM,421,522
2023,Broadway-City Hall Station,MF,8:00 to 9:00 AM,1146,678
2023,Broadway-City Hall Station,MF,8:00 to 9:00 PM,301,367
2023,Broadway-City Hall Station,MF,9:00 to 10:00 AM,733,474
2023,Broadway-City Hall Station,MF,9:00 to 10:00 PM,267,305
2023,Broadway-City Hall Station,Sat,1:00 to 2:00 AM,35,13
2023,Broadway-City Hall Station,Sat,1:00 to 2:00 PM,608,611
2023,Broadway-City Hall Station,Sat,10:00 to 11:00 AM,437,382
2023,Broadway-City Hall Station,Sat,10:00 to 11:00 PM,236,211
2023,Broadway-City Hall Station,Sat,11:00 AM to 12:00 PM,504,481
2023,Broadway-City Hall Station,Sat,11:00 PM to 12:00 AM,170,144
2023,Broadway-City Hall Station,Sat,12:00 to 1:00 AM,114,71
2023,Broadway-City Hall Station,Sat,12:00 to 1:00 PM,544,540
2023,Broadway-City Hall Station,Sat,2:00 to 3:00 AM,1,1
2023,Broadway-City Hall Station,Sat,2:00 to 3:00 PM,608,650
2023,Broadway-City Hall Station,Sat,3:00 to 4:00 AM,0,0
2023,Broadway-City Hall Station,Sat,3:00 to 4:00 PM,631,717
2023,Broadway-City Hall Station,Sat,4:00 to 5:00 AM,2,10
2023,Broadway-City Hall Station,Sat,4:00 to 5:00 PM,637,688
2023,Broadway-City Hall Station,Sat,5:00 to 6:00 AM,43,56
2023,Broadway-City Hall Station,Sat,5:00 to 6:00 PM,578,636
2023,Broadway-City Hall Station,Sat,6:00 to 7:00 AM,143,109
2023,Broadway-City Hall Station,Sat,6:00 to 7:00 PM,520,547
2023,Broadway-City Hall Station,Sat,7:00 to 8:00 AM,186,172
2023,Broadway-City Hall Station,Sat,7:00 to 8:00 PM,371,420
2023,Broadway-City Hall Station,Sat,8:00 to 9:00 AM,289,206
2023,Broadway-City Hall Station,Sat,8:00 to 9:00 PM,290,309
2023,Broadway-City Hall Station,Sat,9:00 to 10:00 AM,413,311
2023,Broadway-City Hall Station,Sat,9:00 to 10:00 PM,268,273
2023,Broadway-City Hall Station,Sun/Hol,1:00 to 2:00 AM,17,7
2023,Broadway-City Hall Station,Sun/Hol,1:00 to 2:00 PM,514,513
2023,Broadway-City Hall Station,Sun/Hol,10:00 to 11:00 AM,374,313
2023,Broadway-City Hall Station,Sun/Hol,10:00 to 11:00 PM,168,149
2023,Broadway-City Hall Station,Sun/Hol,11:00 AM to 12:00 PM,405,398
2023,Broadway-City Hall Station,Sun/Hol,11:00 PM to 12:00 AM,106,80
2023,Broadway-City Hall Station,Sun/Hol,12:00 to 1:00 AM,61,33
2023,Broadway-City Hall Station,Sun/Hol,12:00 to 1:00 PM,453,459
2023,Broadway-City Hall Station,Sun/Hol,2:00 to 3:00 AM,0,1
2023,Broadway-City Hall Station,Sun/Hol,2:00 to 3:00 PM,530,541
2023,Broadway-City Hall Station,Sun/Hol,3:00 to 4:00 AM,1,1
2023,Broadway-City Hall Station,Sun/Hol,3:00 to 4:00 PM,556,583
2023,Broadway-City Hall Station,Sun/Hol,4:00 to 5:00 AM,1,8
2023,Broadway-City Hall Station,Sun/Hol,4:00 to 5:00 PM,547,535
2023,Broadway-City Hall Station,Sun/Hol,5:00 to 6:00 AM,38,44
2023,Broadway-City Hall Station,Sun/Hol,5:00 to 6:00 PM,507,496
2023,Broadway-City Hall Station,Sun/Hol,6:00 to 7:00 AM,121,97
2023,Broadway-City Hall Station,Sun/Hol,6:00 to 7:00 PM,441,409
2023,Broadway-City Hall Station,Sun/Hol,7:00 to 8:00 AM,142,149
2023,Broadway-City Hall Station,Sun/Hol,7:00 to 8:00 PM,323,321
2023,Broadway-City Hall Station,Sun/Hol,8:00 to 9:00 AM,188,160
2023,Broadway-City Hall Station,Sun/Hol,8:00 to 9:00 PM,239,251
2023,Broadway-City Hall Station,Sun/Hol,9:00 to 10:00 AM,275,228
2023,Broadway-City Hall Station,Sun/Hol,9:00 to 10:00 PM,220,205
2023,Broadway-City Hall Station,MF,6:00 to 7:00 AM,327,276
2023,Broadway-City Hall Station,MF,5:00 to 6:00 PM,957,1259
2023,Broadway-City Hall Station,MF,5:00 to 6:00 AM,83,79
2023,Broadway-City Hall Station,MF,4:00 to 5:00 PM,893,1317
2023,Broadway-City Hall Station,MF,4:00 to 5:00 AM,2,11
2023,Broadway-City Hall Station,MF,3:00 to 4:00 PM,746,973
2023,Broadway-City Hall Station,MF,3:00 to 4:00 AM,0,0
2023,Broadway-City Hall Station,MF,2:00 to 3:00 PM,623,686
2023,Broadway-City Hall Station,MF,2:00 to 3:00 AM,1,1
2023,Broadway-City Hall Station,MF,12:00 to 1:00 PM,570,531
2023,Broadway-City Hall Station,MF,12:00 to 1:00 AM,67,42
2023,Broadway-City Hall Station,MF,11:00 PM to 12:00 AM,115,116
2023,Broadway-City Hall Station,MF,11:00 AM to 12:00 PM,498,467
2023,Broadway-City Hall Station,MF,10:00 to 11:00 PM,184,199
2023,Broadway-City Hall Station,MF,10:00 to 11:00 AM,539,415
2023,Broadway-City Hall Station,MF,1:00 to 2:00 PM,599,565
2023,Broadway-City Hall Station,MF,1:00 to 2:00 AM,18,9
2023,Burquitlam Station,Sat,6:00 to 7:00 AM,12,51
2023,Burquitlam Station,Sat,5:00 to 6:00 PM,286,225
2023,Burquitlam Station,Sat,5:00 to 6:00 AM,0,2
2023,Burquitlam Station,Sat,4:00 to 5:00 PM,271,237
2023,Burquitlam Station,Sat,4:00 to 5:00 AM,0,1
2023,Burquitlam Station,Sat,3:00 to 4:00 PM,238,250
2023,Burquitlam Station,Sat,3:00 to 4:00 AM,0,1
2023,Burquitlam Station,Sat,2:00 to 3:00 PM,206,282
2023,Burquitlam Station,Sat,2:00 to 3:00 AM,0,1
2023,Burquitlam Station,Sat,12:00 to 1:00 PM,147,255
2023,Burquitlam Station,Sat,12:00 to 1:00 AM,95,18
2023,Burquitlam Station,Sat,11:00 PM to 12:00 AM,137,38
2023,Burquitlam Station,Sat,11:00 AM to 12:00 PM,120,243
2023,Burquitlam Station,Sat,10:00 to 11:00 AM,93,226
2023,Burquitlam Station,Sat,1:00 to 2:00 PM,176,300
2023,Burquitlam Station,Sat,1:00 to 2:00 AM,48,5
2023,Burquitlam Station,MF,9:00 to 10:00 PM,210,64
2023,Burquitlam Station,MF,9:00 to 10:00 AM,155,277
2023,Burquitlam Station,MF,8:00 to 9:00 PM,217,84
2023,Burquitlam Station,MF,8:00 to 9:00 AM,191,459
2023,Burquitlam Station,MF,7:00 to 8:00 PM,288,135
2023,Burquitlam Station,MF,7:00 to 8:00 AM,189,470
2023,Burquitlam Station,MF,6:00 to 7:00 PM,433,225
2023,Burquitlam Station,MF,6:00 to 7:00 AM,382,265
2023,Burquitlam Station,MF,5:00 to 6:00 PM,541,400
2023,Burquitlam Station,MF,5:00 to 6:00 AM,18,108
2023,Burquitlam Station,Sat,6:00 to 7:00 PM,273,179
2023,Burquitlam Station,Sat,7:00 to 8:00 AM,66,116
2023,Burquitlam Station,Sat,7:00 to 8:00 PM,241,126
2023,Burquitlam Station,Sat,8:00 to 9:00 AM,132,179
2023,Burquitlam Station,Sat,8:00 to 9:00 PM,195,96
2023,Burquitlam Station,Sat,9:00 to 10:00 AM,88,206
2023,Burquitlam Station,Sat,9:00 to 10:00 PM,178,80
2023,Burquitlam Station,Sun/Hol,1:00 to 2:00 AM,2,1
2023,Burquitlam Station,Sun/Hol,1:00 to 2:00 PM,151,218
2023,Burquitlam Station,Sun/Hol,10:00 to 11:00 AM,83,201
2023,Burquitlam Station,Sun/Hol,10:00 to 11:00 PM,109,41
2023,Burquitlam Station,Sun/Hol,11:00 AM to 12:00 PM,101,205
2023,Burquitlam Station,Sun/Hol,11:00 PM to 12:00 AM,85,21
2023,Burquitlam Station,Sun/Hol,12:00 to 1:00 AM,39,7
2023,Burquitlam Station,Sun/Hol,12:00 to 1:00 PM,124,216
2023,Burquitlam Station,Sun/Hol,2:00 to 3:00 AM,0,0
2023,Burquitlam Station,Sun/Hol,2:00 to 3:00 PM,176,210
2023,Burquitlam Station,Sun/Hol,3:00 to 4:00 AM,0,0
2023,Burquitlam Station,Sun/Hol,3:00 to 4:00 PM,208,196
2023,Burquitlam Station,Sun/Hol,4:00 to 5:00 AM,0,0
2023,Burquitlam Station,Sun/Hol,4:00 to 5:00 PM,224,177
2023,Burquitlam Station,Sun/Hol,5:00 to 6:00 AM,0,2
2023,Burquitlam Station,Sun/Hol,5:00 to 6:00 PM,242,152
2023,Burquitlam Station,Sun/Hol,6:00 to 7:00 AM,3,12
2023,Burquitlam Station,Sun/Hol,6:00 to 7:00 PM,238,121
2023,Burquitlam Station,Sat,10:00 to 11:00 PM,169,59
2023,Burquitlam Station,MF,4:00 to 5:00 PM,449,384
2023,Burquitlam Station,MF,4:00 to 5:00 AM,0,0
2023,Burquitlam Station,MF,3:00 to 4:00 PM,371,461
2023,Burquitlam Station,MF,3:00 to 4:00 AM,0,0
2023,Burquitlam Station,MF,2:00 to 3:00 PM,237,277
2023,Burquitlam Station,MF,2:00 to 3:00 AM,0,0
2023,Burquitlam Station,MF,12:00 to 1:00 PM,172,228
2023,Burquitlam Station,MF,12:00 to 1:00 AM,52,9
2023,Burquitlam Station,MF,11:00 PM to 12:00 AM,103,24
2023,Burquitlam Station,MF,11:00 AM to 12:00 PM,153,217
2023,Burquitlam Station,MF,10:00 to 11:00 PM,150,44
2023,Burquitlam Station,MF,10:00 to 11:00 AM,143,214
2023,Burquitlam Station,MF,1:00 to 2:00 PM,203,232
2023,Burquitlam Station,MF,1:00 to 2:00 AM,22,3
2023,Burquitlam Station,Sun/Hol,7:00 to 8:00 AM,22,78
2023,Burquitlam Station,Sun/Hol,7:00 to 8:00 PM,204,87
2023,Burquitlam Station,Sun/Hol,8:00 to 9:00 AM,47,109
2023,Burquitlam Station,Sun/Hol,8:00 to 9:00 PM,163,72
2023,Burquitlam Station,Sun/Hol,9:00 to 10:00 AM,59,167
2023,Burquitlam Station,Sun/Hol,9:00 to 10:00 PM,136,57
2023,Burrard Station,Sun/Hol,10:00 to 11:00 AM,733,276
2023,Burrard Station,Sun/Hol,10:00 to 11:00 PM,214,535
2023,Burrard Station,Sun/Hol,11:00 AM to 12:00 PM,714,331
2023,Burrard Station,Sun/Hol,11:00 PM to 12:00 AM,134,430
2023,Burrard Station,Sun/Hol,12:00 to 1:00 AM,33,104
2023,Burrard Station,Sun/Hol,12:00 to 1:00 PM,682,429
2023,Burrard Station,Sun/Hol,2:00 to 3:00 AM,1,0
2023,Burrard Station,Sun/Hol,2:00 to 3:00 PM,821,587
2023,Burrard Station,Sun/Hol,3:00 to 4:00 AM,0,0
2023,Burrard Station,Sun/Hol,3:00 to 4:00 PM,784,753
2023,Burrard Station,Sun/Hol,4:00 to 5:00 AM,0,0
2023,Burrard Station,Sun/Hol,4:00 to 5:00 PM,699,910
2023,Burrard Station,Sun/Hol,5:00 to 6:00 AM,8,3
2023,Burrard Station,Sun/Hol,5:00 to 6:00 PM,584,1002
2023,Burrard Station,Sun/Hol,6:00 to 7:00 AM,36,10
2023,Burrard Station,Sun/Hol,6:00 to 7:00 PM,503,877
2023,Burrard Station,Sun/Hol,7:00 to 8:00 AM,464,168
2023,Burrard Station,Sun/Hol,7:00 to 8:00 PM,365,737
2023,Burrard Station,Sun/Hol,8:00 to 9:00 AM,686,191
2023,Burrard Station,Sun/Hol,8:00 to 9:00 PM,255,639
2023,Burrard Station,Sun/Hol,9:00 to 10:00 AM,594,204
2023,Burrard Station,Sun/Hol,9:00 to 10:00 PM,231,609
2023,Burrard Station,Sun/Hol,1:00 to 2:00 PM,752,473
2023,Burrard Station,Sun/Hol,1:00 to 2:00 AM,2,4
2023,Burrard Station,Sat,9:00 to 10:00 PM,479,787
2023,Burrard Station,Sat,9:00 to 10:00 AM,777,244
2023,Burrard Station,Sat,8:00 to 9:00 PM,517,779
2023,Burrard Station,Sat,8:00 to 9:00 AM,795,234
2023,Burrard Station,Sat,7:00 to 8:00 PM,656,828
2023,Burrard Station,Sat,7:00 to 8:00 AM,665,233
2023,Burrard Station,Sat,6:00 to 7:00 PM,807,1005
2023,Burrard Station,Sat,6:00 to 7:00 AM,280,80
2023,Burrard Station,Sat,5:00 to 6:00 PM,862,1154
2023,Burrard Station,MF,12:00 to 1:00 AM,54,281
2023,Burrard Station,MF,1:00 to 2:00 AM,12,40
2023,Burrard Station,MF,1:00 to 2:00 PM,785,675
2023,Burrard Station,MF,10:00 to 11:00 AM,938,325
2023,Burrard Station,MF,10:00 to 11:00 PM,250,641
2023,Burrard Station,MF,11:00 AM to 12:00 PM,850,443
2023,Burrard Station,MF,11:00 PM to 12:00 AM,142,539
2023,Burrard Station,MF,12:00 to 1:00 PM,759,554
2023,Burrard Station,MF,2:00 to 3:00 AM,1,1
2023,Burrard Station,MF,2:00 to 3:00 PM,906,1035
2023,Burrard Station,MF,3:00 to 4:00 AM,0,0
2023,Burrard Station,MF,3:00 to 4:00 PM,923,1749
2023,Burrard Station,MF,4:00 to 5:00 AM,0,0
2023,Burrard Station,MF,4:00 to 5:00 PM,1102,2950
2023,Burrard Station,MF,5:00 to 6:00 AM,267,133
2023,Burrard Station,MF,5:00 to 6:00 PM,1056,3024
2023,Burrard Station,MF,6:00 to 7:00 AM,1192,334
2023,Burrard Station,MF,6:00 to 7:00 PM,763,1621
2023,Burrard Station,MF,7:00 to 8:00 AM,2523,537
2023,Burrard Station,MF,7:00 to 8:00 PM,445,1012
2023,Burrard Station,MF,8:00 to 9:00 AM,3819,526
2023,Burrard Station,MF,8:00 to 9:00 PM,311,860
2023,Burrard Station,MF,9:00 to 10:00 AM,1830,340
2023,Burrard Station,MF,9:00 to 10:00 PM,299,895
2023,Burrard Station,Sat,1:00 to 2:00 AM,25,86
2023,Burrard Station,Sat,1:00 to 2:00 PM,880,555
2023,Burrard Station,Sat,10:00 to 11:00 AM,746,307
2023,Burrard Station,Sat,10:00 to 11:00 PM,361,774
2023,Burrard Station,Sat,11:00 AM to 12:00 PM,815,404
2023,Burrard Station,Sat,11:00 PM to 12:00 AM,202,771
2023,Burrard Station,Sat,12:00 to 1:00 AM,105,513
2023,Burrard Station,Sat,12:00 to 1:00 PM,805,480
2023,Burrard Station,Sat,2:00 to 3:00 AM,0,0
2023,Burrard Station,Sat,2:00 to 3:00 PM,954,698
2023,Burrard Station,Sat,3:00 to 4:00 AM,0,0
2023,Burrard Station,Sat,3:00 to 4:00 PM,957,911
2023,Burrard Station,Sat,4:00 to 5:00 AM,0,0
2023,Burrard Station,Sat,4:00 to 5:00 PM,914,1059
2023,Burrard Station,Sat,5:00 to 6:00 AM,0,0
2023,Columbia Station,MF,2:00 to 3:00 PM,200,228
2023,Columbia Station,MF,3:00 to 4:00 PM,277,303
2023,Columbia Station,MF,4:00 to 5:00 AM,0,0
2023,Columbia Station,MF,4:00 to 5:00 PM,358,317
2023,Columbia Station,MF,5:00 to 6:00 AM,34,114
2023,Columbia Station,MF,5:00 to 6:00 PM,396,322
2023,Columbia Station,MF,6:00 to 7:00 AM,107,306
2023,Columbia Station,MF,6:00 to 7:00 PM,299,220
2023,Columbia Station,MF,7:00 to 8:00 AM,155,438
2023,Columbia Station,MF,7:00 to 8:00 PM,200,146
2023,Columbia Station,MF,8:00 to 9:00 AM,281,387
2023,Columbia Station,MF,2:00 to 3:00 AM,0,0
2023,Columbia Station,MF,12:00 to 1:00 PM,152,198
2023,Columbia Station,MF,12:00 to 1:00 AM,42,24
2023,Columbia Station,MF,11:00 PM to 12:00 AM,77,51
2023,Columbia Station,MF,11:00 AM to 12:00 PM,163,185
2023,Columbia Station,MF,1:00 to 2:00 AM,19,8
2023,Columbia Station,MF,1:00 to 2:00 PM,143,181
2023,Columbia Station,MF,10:00 to 11:00 AM,111,160
2023,Columbia Station,Sun/Hol,9:00 to 10:00 PM,90,88
2023,Columbia Station,Sun/Hol,9:00 to 10:00 AM,70,123
2023,Columbia Station,Sun/Hol,8:00 to 9:00 PM,110,99
2023,Columbia Station,Sun/Hol,8:00 to 9:00 AM,57,95
2023,Columbia Station,Sun/Hol,7:00 to 8:00 PM,145,100
2023,Columbia Station,Sun/Hol,7:00 to 8:00 AM,28,88
2023,Columbia Station,Sun/Hol,6:00 to 7:00 PM,161,125
2023,Columbia Station,Sun/Hol,6:00 to 7:00 AM,3,8
2023,Columbia Station,Sun/Hol,5:00 to 6:00 PM,172,147
2023,Columbia Station,Sun/Hol,5:00 to 6:00 AM,1,3
2023,Columbia Station,Sun/Hol,4:00 to 5:00 PM,168,165
2023,Columbia Station,Sun/Hol,4:00 to 5:00 AM,0,0
2023,Columbia Station,Sun/Hol,3:00 to 4:00 PM,154,175
2023,Columbia Station,Sun/Hol,3:00 to 4:00 AM,0,0
2023,Columbia Station,Sun/Hol,2:00 to 3:00 PM,153,174
2023,Columbia Station,Sun/Hol,2:00 to 3:00 AM,0,0
2023,Columbia Station,Sun/Hol,12:00 to 1:00 PM,112,190
2023,Columbia Station,Sun/Hol,12:00 to 1:00 AM,35,17
2023,Columbia Station,Sun/Hol,11:00 PM to 12:00 AM,61,43
2023,Columbia Station,Sun/Hol,11:00 AM to 12:00 PM,107,168
2023,Columbia Station,Sun/Hol,10:00 to 11:00 PM,77,73
2023,Columbia Station,Sun/Hol,10:00 to 11:00 AM,98,165
2023,Columbia Station,Sun/Hol,1:00 to 2:00 PM,137,181
2023,Columbia Station,Sun/Hol,1:00 to 2:00 AM,2,1
2023,Columbia Station,Sat,9:00 to 10:00 PM,133,121
2023,Columbia Station,MF,10:00 to 11:00 PM,105,85
2023,Columbia Station,MF,8:00 to 9:00 PM,140,133
2023,Columbia Station,MF,9:00 to 10:00 AM,161,203
2023,Columbia Station,MF,9:00 to 10:00 PM,124,115
2023,Columbia Station,Sat,1:00 to 2:00 AM,39,15
2023,Columbia Station,Sat,1:00 to 2:00 PM,167,214
2023,Columbia Station,Sat,10:00 to 11:00 AM,107,177
2023,Columbia Station,Sat,10:00 to 11:00 PM,122,113
2023,Columbia Station,Sat,11:00 AM to 12:00 PM,130,205
2023,Columbia Station,Sat,11:00 PM to 12:00 AM,96,77
2023,Columbia Station,Sat,12:00 to 1:00 AM,68,45
2023,Columbia Station,Sat,12:00 to 1:00 PM,144,210
2023,Columbia Station,Sat,2:00 to 3:00 AM,0,0
2023,Columbia Station,Sat,2:00 to 3:00 PM,181,213
2023,Columbia Station,Sat,3:00 to 4:00 PM,195,221
2023,Columbia Station,Sat,4:00 to 5:00 AM,0,0
2023,Columbia Station,Sat,4:00 to 5:00 PM,213,222
2023,Columbia Station,Sat,5:00 to 6:00 AM,0,1
2023,Columbia Station,Sat,5:00 to 6:00 PM,224,213
2023,Columbia Station,Sat,6:00 to 7:00 AM,21,68
2023,Columbia Station,Sat,6:00 to 7:00 PM,222,186
2023,Columbia Station,Sat,7:00 to 8:00 AM,48,108
2023,Columbia Station,Sat,7:00 to 8:00 PM,182,132
2023,Columbia Station,Sat,8:00 to 9:00 AM,83,130
2023,Columbia Station,Sat,8:00 to 9:00 PM,147,132
2023,Columbia Station,Sat,9:00 to 10:00 AM,92,157
2023,Commercial-Broadway Station,MF,1:00 to 2:00 AM,63,48
2023,Commercial-Broadway Station,MF,1:00 to 2:00 PM,957,901
2023,Commercial-Broadway Station,MF,10:00 to 11:00 AM,885,659
2023,Commercial-Broadway Station,MF,10:00 to 11:00 PM,524,539
2023,Commercial-Broadway Station,MF,11:00 AM to 12:00 PM,809,764
2023,Commercial-Broadway Station,MF,11:00 PM to 12:00 AM,367,392
2023,Commercial-Broadway Station,MF,12:00 to 1:00 AM,182,188
2023,Commercial-Broadway Station,MF,12:00 to 1:00 PM,923,854
2023,Commercial-Broadway Station,MF,2:00 to 3:00 AM,1,1
2023,Commercial-Broadway Station,MF,2:00 to 3:00 PM,1089,1046
2023,Commercial-Broadway Station,MF,3:00 to 4:00 AM,0,0
2023,Commercial-Broadway Station,MF,3:00 to 4:00 PM,1404,1610
2023,Commercial-Broadway Station,MF,4:00 to 5:00 AM,1,6
2023,Commercial-Broadway Station,MF,4:00 to 5:00 PM,1743,1980
2023,Commercial-Broadway Station,MF,5:00 to 6:00 AM,202,229
2023,Commercial-Broadway Station,MF,5:00 to 6:00 PM,1898,1996
2023,Commercial-Broadway Station,Sun/Hol,9:00 to 10:00 PM,456,498
2023,Commercial-Broadway Station,Sun/Hol,9:00 to 10:00 AM,578,459
2023,Commercial-Broadway Station,Sun/Hol,8:00 to 9:00 PM,521,533
2023,Commercial-Broadway Station,Sun/Hol,8:00 to 9:00 AM,399,370
2023,Commercial-Broadway Station,Sun/Hol,7:00 to 8:00 PM,693,655
2023,Commercial-Broadway Station,Sun/Hol,7:00 to 8:00 AM,282,228
2023,Commercial-Broadway Station,Sun/Hol,6:00 to 7:00 PM,863,793
2023,Commercial-Broadway Station,Sun/Hol,6:00 to 7:00 AM,31,24
2023,Commercial-Broadway Station,Sun/Hol,5:00 to 6:00 PM,969,922
2023,Commercial-Broadway Station,Sun/Hol,5:00 to 6:00 AM,6,13
2023,Commercial-Broadway Station,Sun/Hol,4:00 to 5:00 PM,1014,1006
2023,Commercial-Broadway Station,Sun/Hol,4:00 to 5:00 AM,0,0
2023,Commercial-Broadway Station,Sun/Hol,3:00 to 4:00 PM,998,1043
2023,Commercial-Broadway Station,Sun/Hol,3:00 to 4:00 AM,0,0
2023,Commercial-Broadway Station,Sun/Hol,2:00 to 3:00 PM,972,952
2023,Commercial-Broadway Station,Sun/Hol,2:00 to 3:00 AM,0,0
2023,Commercial-Broadway Station,Sun/Hol,12:00 to 1:00 PM,817,807
2023,Commercial-Broadway Station,Sun/Hol,12:00 to 1:00 AM,111,97
2023,Commercial-Broadway Station,Sun/Hol,11:00 PM to 12:00 AM,302,316
2023,Commercial-Broadway Station,Sun/Hol,11:00 AM to 12:00 PM,722,694
2023,Commercial-Broadway Station,Sun/Hol,10:00 to 11:00 PM,403,412
2023,Commercial-Broadway Station,Sun/Hol,10:00 to 11:00 AM,696,608
2023,Commercial-Broadway Station,Sun/Hol,1:00 to 2:00 PM,919,904
2023,Commercial-Broadway Station,Sun/Hol,1:00 to 2:00 AM,8,5
2023,Commercial-Broadway Station,Sat,9:00 to 10:00 PM,683,655
2023,Commercial-Broadway Station,Sat,9:00 to 10:00 AM,780,600
2023,Commercial-Broadway Station,Sat,8:00 to 9:00 PM,694,691
2023,Commercial-Broadway Station,Sat,8:00 to 9:00 AM,625,489
2023,Commercial-Broadway Station,MF,6:00 to 7:00 AM,834,748
2023,Commercial-Broadway Station,MF,6:00 to 7:00 PM,1377,1447
2023,Commercial-Broadway Station,MF,7:00 to 8:00 AM,1494,1101
2023,Commercial-Broadway Station,MF,7:00 to 8:00 PM,853,964
2023,Commercial-Broadway Station,MF,8:00 to 9:00 AM,1831,1391
2023,Commercial-Broadway Station,MF,8:00 to 9:00 PM,679,753
2023,Commercial-Broadway Station,MF,9:00 to 10:00 AM,1219,823
2023,Commercial-Broadway Station,MF,9:00 to 10:00 PM,640,665
2023,Commercial-Broadway Station,Sat,1:00 to 2:00 AM,121,85
2023,Commercial-Broadway Station,Sat,1:00 to 2:00 PM,1046,1046
2023,Commercial-Broadway Station,Sat,10:00 to 11:00 AM,830,682
2023,Commercial-Broadway Station,Sat,10:00 to 11:00 PM,633,628
2023,Commercial-Broadway Station,Sat,11:00 AM to 12:00 PM,871,812
2023,Commercial-Broadway Station,Sat,11:00 PM to 12:00 AM,473,507
2023,Commercial-Broadway Station,Sat,12:00 to 1:00 AM,316,324
2023,Commercial-Broadway Station,Sat,12:00 to 1:00 PM,960,926
2023,Commercial-Broadway Station,Sat,2:00 to 3:00 AM,1,0
2023,Commercial-Broadway Station,Sat,2:00 to 3:00 PM,1124,1133
2023,Commercial-Broadway Station,Sat,3:00 to 4:00 AM,0,0
2023,Commercial-Broadway Station,Sat,3:00 to 4:00 PM,1158,1233
2023,Commercial-Broadway Station,Sat,4:00 to 5:00 AM,1,0
2023,Commercial-Broadway Station,Sat,4:00 to 5:00 PM,1215,1275
2023,Commercial-Broadway Station,Sat,5:00 to 6:00 AM,1,10
2023,Commercial-Broadway Station,Sat,5:00 to 6:00 PM,1198,1222
2023,Commercial-Broadway Station,Sat,6:00 to 7:00 AM,230,162
2023,Commercial-Broadway Station,Sat,6:00 to 7:00 PM,1118,1122
2023,Commercial-Broadway Station,Sat,7:00 to 8:00 AM,446,389
2023,Commercial-Broadway Station,Sat,7:00 to 8:00 PM,871,854
2023,Coquitlam Central Station,Sun/Hol,6:00 to 7:00 AM,9,45
2023,Coquitlam Central Station,Sun/Hol,5:00 to 6:00 PM,239,211
2023,Coquitlam Central Station,Sun/Hol,5:00 to 6:00 AM,0,5
2023,Coquitlam Central Station,Sun/Hol,4:00 to 5:00 PM,247,217
2023,Coquitlam Central Station,Sun/Hol,4:00 to 5:00 AM,0,0
2023,Coquitlam Central Station,Sun/Hol,3:00 to 4:00 PM,245,223
2023,Coquitlam Central Station,Sun/Hol,3:00 to 4:00 AM,0,0
2023,Coquitlam Central Station,Sun/Hol,2:00 to 3:00 PM,230,210
2023,Coquitlam Central Station,Sun/Hol,2:00 to 3:00 AM,0,0
2023,Coquitlam Central Station,Sun/Hol,12:00 to 1:00 PM,177,202
2023,Coquitlam Central Station,Sun/Hol,12:00 to 1:00 AM,41,6
2023,Coquitlam Central Station,Sun/Hol,11:00 PM to 12:00 AM,70,60
2023,Coquitlam Central Station,Sun/Hol,11:00 AM to 12:00 PM,170,189
2023,Coquitlam Central Station,Sun/Hol,10:00 to 11:00 PM,105,87
2023,Coquitlam Central Station,Sun/Hol,10:00 to 11:00 AM,157,176
2023,Coquitlam Central Station,MF,1:00 to 2:00 AM,24,2
2023,Coquitlam Central Station,Sun/Hol,6:00 to 7:00 PM,222,189
2023,Coquitlam Central Station,Sun/Hol,7:00 to 8:00 AM,14,111
2023,Coquitlam Central Station,Sun/Hol,7:00 to 8:00 PM,188,147
2023,Coquitlam Central Station,Sun/Hol,8:00 to 9:00 AM,162,113
2023,Coquitlam Central Station,Sun/Hol,8:00 to 9:00 PM,155,126
2023,Coquitlam Central Station,Sun/Hol,9:00 to 10:00 AM,158,141
2023,Coquitlam Central Station,Sun/Hol,9:00 to 10:00 PM,127,104
2023,Coquitlam Central Station,MF,1:00 to 2:00 PM,255,216
2023,Coquitlam Central Station,MF,10:00 to 11:00 AM,152,223
2023,Coquitlam Central Station,MF,10:00 to 11:00 PM,157,90
2023,Coquitlam Central Station,MF,11:00 AM to 12:00 PM,176,248
2023,Coquitlam Central Station,MF,11:00 PM to 12:00 AM,104,60
2023,Coquitlam Central Station,MF,12:00 to 1:00 AM,57,22
2023,Coquitlam Central Station,MF,12:00 to 1:00 PM,221,223
2023,Coquitlam Central Station,MF,2:00 to 3:00 AM,0,0
2023,Coquitlam Central Station,MF,2:00 to 3:00 PM,330,223
2023,Coquitlam Central Station,MF,3:00 to 4:00 AM,0,0
2023,Coquitlam Central Station,MF,3:00 to 4:00 PM,494,327
2023,Coquitlam Central Station,MF,4:00 to 5:00 AM,0,10
2023,Coquitlam Central Station,MF,4:00 to 5:00 PM,554,381
2023,Coquitlam Central Station,MF,5:00 to 6:00 AM,5,188
2023,Coquitlam Central Station,MF,5:00 to 6:00 PM,553,365
2023,Coquitlam Central Station,MF,6:00 to 7:00 AM,248,371
2023,Coquitlam Central Station,MF,6:00 to 7:00 PM,414,252
2023,Coquitlam Central Station,MF,7:00 to 8:00 AM,273,519
2023,Coquitlam Central Station,MF,7:00 to 8:00 PM,271,156
2023,Coquitlam Central Station,MF,8:00 to 9:00 AM,265,442
2023,Coquitlam Central Station,MF,8:00 to 9:00 PM,209,125
2023,Coquitlam Central Station,MF,9:00 to 10:00 AM,172,274
2023,Coquitlam Central Station,MF,9:00 to 10:00 PM,196,119
2023,Coquitlam Central Station,Sat,1:00 to 2:00 AM,54,2
2023,Coquitlam Central Station,Sat,1:00 to 2:00 PM,253,287
2023,Coquitlam Central Station,Sat,10:00 to 11:00 AM,199,222
2023,Coquitlam Central Station,Sat,10:00 to 11:00 PM,193,119
2023,Coquitlam Central Station,Sat,11:00 AM to 12:00 PM,198,239
2023,Coquitlam Central Station,Sat,11:00 PM to 12:00 AM,144,81
2023,Coquitlam Central Station,Sat,12:00 to 1:00 AM,93,26
2023,Coquitlam Central Station,Sat,12:00 to 1:00 PM,206,261
2023,Coquitlam Central Station,Sat,2:00 to 3:00 AM,1,1
2023,Coquitlam Central Station,Sat,2:00 to 3:00 PM,276,280
2023,Coquitlam Central Station,Sat,3:00 to 4:00 AM,0,0
2023,Coquitlam Central Station,Sat,3:00 to 4:00 PM,285,301
2023,Coquitlam Central Station,Sat,4:00 to 5:00 AM,0,0
2023,Coquitlam Central Station,Sat,4:00 to 5:00 PM,307,317
2023,Coquitlam Central Station,Sat,5:00 to 6:00 AM,0,14
2023,Coquitlam Central Station,Sat,5:00 to 6:00 PM,305,309
2023,Coquitlam Central Station,Sat,6:00 to 7:00 AM,3,100
2023,Coquitlam Central Station,Sat,6:00 to 7:00 PM,278,253
2023,Coquitlam Central Station,Sat,7:00 to 8:00 AM,147,154
2023,Coquitlam Central Station,Sat,7:00 to 8:00 PM,244,202
2023,Coquitlam Central Station,Sat,8:00 to 9:00 AM,185,168
2023,Coquitlam Central Station,Sat,8:00 to 9:00 PM,206,150
2023,Coquitlam Central Station,Sat,9:00 to 10:00 AM,187,188
2023,Coquitlam Central Station,Sat,9:00 to 10:00 PM,183,129
2023,Coquitlam Central Station,Sun/Hol,1:00 to 2:00 AM,3,1
2023,Coquitlam Central Station,Sun/Hol,1:00 to 2:00 PM,215,208
2023,Edmonds Station,MF,1:00 to 2:00 PM,412,455
2023,Edmonds Station,Sun/Hol,6:00 to 7:00 PM,494,293
2023,Edmonds Station,Sun/Hol,12:00 to 1:00 AM,75,19
2023,Edmonds Station,MF,12:00 to 1:00 PM,364,472
2023,Edmonds Station,Sun/Hol,10:00 to 11:00 PM,241,122
2023,Edmonds Station,MF,3:00 to 4:00 AM,0,0
2023,Edmonds Station,Sat,5:00 to 6:00 AM,0,4
2023,Edmonds Station,Sat,7:00 to 8:00 AM,188,342
2023,Edmonds Station,MF,2:00 to 3:00 PM,526,510
2023,Edmonds Station,Sat,1:00 to 2:00 PM,410,569
2023,Edmonds Station,Sun/Hol,1:00 to 2:00 PM,361,483
2023,Edmonds Station,Sat,2:00 to 3:00 PM,467,589
2023,Edmonds Station,MF,9:00 to 10:00 AM,319,718
2023,Edmonds Station,MF,12:00 to 1:00 AM,133,46
2023,Edmonds Station,Sat,9:00 to 10:00 AM,240,498
2023,Edmonds Station,Sun/Hol,6:00 to 7:00 AM,14,24
2023,Edmonds Station,MF,6:00 to 7:00 PM,962,483
2023,Edmonds Station,Sun/Hol,3:00 to 4:00 PM,460,451
2023,Edmonds Station,Sat,6:00 to 7:00 PM,577,408
2023,Edmonds Station,MF,10:00 to 11:00 AM,245,494
2023,Edmonds Station,MF,9:00 to 10:00 PM,437,186
2023,Edmonds Station,Sat,9:00 to 10:00 PM,385,216
2023,Edmonds Station,Sat,12:00 to 1:00 AM,194,49
2023,Edmonds Station,Sat,10:00 to 11:00 AM,272,513
2023,Edmonds Station,MF,10:00 to 11:00 PM,341,142
2023,Edmonds Station,Sat,10:00 to 11:00 PM,372,160
2023,Edmonds Station,Sun/Hol,4:00 to 5:00 AM,0,0
2023,Edmonds Station,Sat,12:00 to 1:00 PM,360,558
2023,Edmonds Station,Sat,6:00 to 7:00 AM,59,259
2023,Edmonds Station,MF,6:00 to 7:00 AM,551,763
2023,Edmonds Station,MF,7:00 to 8:00 AM,610,1173
2023,Edmonds Station,MF,7:00 to 8:00 PM,611,286
2023,Edmonds Station,Sun/Hol,4:00 to 5:00 PM,506,406
2023,Edmonds Station,MF,3:00 to 4:00 PM,835,879
2023,Edmonds Station,MF,11:00 PM to 12:00 AM,230,93
2023,Edmonds Station,Sat,3:00 to 4:00 PM,531,554
2023,Edmonds Station,Sat,11:00 PM to 12:00 AM,283,94
2023,Edmonds Station,MF,5:00 to 6:00 PM,1260,830
2023,Edmonds Station,Sun/Hol,10:00 to 11:00 AM,216,466
2023,Edmonds Station,Sun/Hol,9:00 to 10:00 PM,290,160
2023,Edmonds Station,Sat,5:00 to 6:00 PM,635,496
2023,Edmonds Station,Sat,7:00 to 8:00 PM,493,303
2023,Edmonds Station,Sun/Hol,2:00 to 3:00 AM,0,0
2023,Edmonds Station,MF,4:00 to 5:00 AM,0,1
2023,Edmonds Station,Sat,4:00 to 5:00 AM,0,0
2023,Edmonds Station,Sun/Hol,9:00 to 10:00 AM,180,407
2023,Edmonds Station,Sun/Hol,8:00 to 9:00 AM,178,296
2023,Edmonds Station,Sun/Hol,12:00 to 1:00 PM,304,470
2023,Edmonds Station,Sun/Hol,7:00 to 8:00 PM,448,215
2023,Edmonds Station,MF,4:00 to 5:00 PM,1079,907
2023,Edmonds Station,MF,8:00 to 9:00 AM,601,1208
2023,Edmonds Station,MF,11:00 AM to 12:00 PM,267,486
2023,Edmonds Station,Sat,8:00 to 9:00 AM,206,446
2023,Edmonds Station,Sat,11:00 AM to 12:00 PM,305,535
2023,Edmonds Station,Sat,4:00 to 5:00 PM,602,538
2023,Edmonds Station,MF,1:00 to 2:00 AM,50,5
2023,Edmonds Station,MF,2:00 to 3:00 AM,0,0
2023,Edmonds Station,Sat,1:00 to 2:00 AM,75,7
2023,Edmonds Station,Sun/Hol,5:00 to 6:00 AM,3,8
2023,Edmonds Station,Sun/Hol,5:00 to 6:00 PM,525,356
2023,Edmonds Station,MF,8:00 to 9:00 PM,469,206
2023,Edmonds Station,Sat,8:00 to 9:00 PM,404,235
2023,Edmonds Station,Sat,2:00 to 3:00 AM,0,0
2023,Edmonds Station,Sun/Hol,7:00 to 8:00 AM,75,328
2023,Edmonds Station,Sun/Hol,11:00 AM to 12:00 PM,237,459
2023,Edmonds Station,Sun/Hol,11:00 PM to 12:00 AM,181,66
2023,Edmonds Station,Sun/Hol,1:00 to 2:00 AM,3,1
2023,Edmonds Station,Sun/Hol,8:00 to 9:00 PM,335,180
2023,Edmonds Station,Sun/Hol,2:00 to 3:00 PM,399,483
2023,Edmonds Station,MF,5:00 to 6:00 AM,120,323
2023,Gateway Station,MF,2:00 to 3:00 PM,246,320
2023,Gateway Station,MF,2:00 to 3:00 AM,1,0
2023,Gateway Station,MF,12:00 to 1:00 PM,170,327
2023,Gateway Station,MF,12:00 to 1:00 AM,157,14
2023,Gateway Station,MF,11:00 PM to 12:00 AM,218,42
2023,Gateway Station,MF,11:00 AM to 12:00 PM,125,323
2023,Gateway Station,MF,10:00 to 11:00 PM,247,90
2023,Gateway Station,MF,10:00 to 11:00 AM,103,312
2023,Gateway Station,MF,1:00 to 2:00 PM,191,327
2023,Gateway Station,MF,1:00 to 2:00 AM,57,4
2023,Gateway Station,MF,3:00 to 4:00 PM,451,367
2023,Gateway Station,MF,4:00 to 5:00 AM,0,9
2023,Gateway Station,MF,4:00 to 5:00 PM,647,354
2023,Gateway Station,MF,5:00 to 6:00 AM,26,399
2023,Gateway Station,MF,5:00 to 6:00 PM,682,287
2023,Gateway Station,MF,6:00 to 7:00 AM,176,719
2023,Gateway Station,MF,6:00 to 7:00 PM,561,213
2023,Gateway Station,MF,7:00 to 8:00 AM,195,781
2023,Gateway Station,MF,7:00 to 8:00 PM,415,148
2023,Gateway Station,MF,8:00 to 9:00 AM,196,621
2023,Gateway Station,MF,8:00 to 9:00 PM,312,124
2023,Gateway Station,MF,9:00 to 10:00 AM,110,408
2023,Gateway Station,MF,9:00 to 10:00 PM,300,130
2023,Gateway Station,Sat,1:00 to 2:00 AM,86,6
2023,Gateway Station,Sat,1:00 to 2:00 PM,190,355
2023,Gateway Station,Sat,10:00 to 11:00 AM,107,320
2023,Gateway Station,Sat,10:00 to 11:00 PM,259,106
2023,Gateway Station,Sat,11:00 AM to 12:00 PM,127,325
2023,Gateway Station,Sat,11:00 PM to 12:00 AM,226,55
2023,Gateway Station,Sat,12:00 to 1:00 AM,177,24
2023,Gateway Station,Sat,12:00 to 1:00 PM,172,354
2023,Gateway Station,Sat,2:00 to 3:00 AM,0,1
2023,Gateway Station,Sat,2:00 to 3:00 PM,226,346
2023,Gateway Station,Sat,3:00 to 4:00 AM,0,0
2023,Gateway Station,Sat,3:00 to 4:00 PM,280,309
2023,Gateway Station,Sat,4:00 to 5:00 AM,0,0
2023,Gateway Station,Sat,4:00 to 5:00 PM,331,286
2023,Gateway Station,Sat,5:00 to 6:00 AM,0,7
2023,Gateway Station,Sat,5:00 to 6:00 PM,363,258
2023,Gateway Station,Sat,6:00 to 7:00 AM,43,244
2023,Gateway Station,Sat,6:00 to 7:00 PM,358,233
2023,Gateway Station,Sat,7:00 to 8:00 AM,128,279
2023,Gateway Station,Sat,7:00 to 8:00 PM,330,168
2023,Gateway Station,Sat,8:00 to 9:00 AM,111,338
2023,Gateway Station,Sat,8:00 to 9:00 PM,287,147
2023,Gateway Station,Sat,9:00 to 10:00 AM,98,338
2023,Gateway Station,Sat,9:00 to 10:00 PM,264,158
2023,Gateway Station,Sun/Hol,1:00 to 2:00 AM,9,1
2023,Gateway Station,Sun/Hol,1:00 to 2:00 PM,157,334
2023,Gateway Station,Sun/Hol,10:00 to 11:00 AM,111,290
2023,Gateway Station,Sun/Hol,10:00 to 11:00 PM,183,91
2023,Gateway Station,Sun/Hol,11:00 AM to 12:00 PM,109,285
2023,Gateway Station,Sun/Hol,11:00 PM to 12:00 AM,187,39
2023,Gateway Station,Sun/Hol,12:00 to 1:00 AM,118,10
2023,Gateway Station,Sun/Hol,12:00 to 1:00 PM,140,317
2023,Gateway Station,Sun/Hol,2:00 to 3:00 AM,0,0
2023,Gateway Station,Sun/Hol,2:00 to 3:00 PM,186,316
2023,Gateway Station,Sun/Hol,3:00 to 4:00 PM,234,271
2023,Gateway Station,Sun/Hol,4:00 to 5:00 AM,0,0
2023,Gateway Station,Sun/Hol,4:00 to 5:00 PM,272,236
2023,Gateway Station,Sun/Hol,5:00 to 6:00 AM,1,10
2023,Gateway Station,Sun/Hol,5:00 to 6:00 PM,302,198
2023,Gateway Station,Sun/Hol,6:00 to 7:00 AM,6,36
2023,Gateway Station,Sun/Hol,6:00 to 7:00 PM,313,163
2023,Gateway Station,Sun/Hol,7:00 to 8:00 AM,56,241
2023,Gateway Station,Sun/Hol,7:00 to 8:00 PM,305,135
2023,Gateway Station,Sun/Hol,8:00 to 9:00 AM,120,228
2023,Gateway Station,Sun/Hol,8:00 to 9:00 PM,259,117
2023,Gateway Station,Sun/Hol,9:00 to 10:00 AM,111,283
2023,Gateway Station,Sun/Hol,9:00 to 10:00 PM,200,125
2023,Gilmore Station,Sun/Hol,9:00 to 10:00 PM,42,37
2023,Gilmore Station,Sun/Hol,9:00 to 10:00 AM,55,68
2023,Gilmore Station,Sun/Hol,8:00 to 9:00 PM,48,49
2023,Gilmore Station,Sun/Hol,8:00 to 9:00 AM,53,51
2023,Gilmore Station,Sun/Hol,7:00 to 8:00 PM,59,65
2023,Gilmore Station,Sun/Hol,7:00 to 8:00 AM,37,34
2023,Gilmore Station,Sun/Hol,6:00 to 7:00 PM,71,82
2023,Gilmore Station,Sun/Hol,6:00 to 7:00 AM,14,3
2023,Gilmore Station,Sun/Hol,5:00 to 6:00 PM,87,107
2023,Gilmore Station,Sun/Hol,5:00 to 6:00 AM,2,1
2023,Gilmore Station,Sun/Hol,4:00 to 5:00 PM,93,113
2023,Gilmore Station,Sun/Hol,4:00 to 5:00 AM,0,0
2023,Gilmore Station,Sun/Hol,3:00 to 4:00 PM,93,117
2023,Gilmore Station,Sun/Hol,2:00 to 3:00 PM,88,116
2023,Gilmore Station,Sun/Hol,12:00 to 1:00 PM,75,103
2023,Gilmore Station,Sun/Hol,12:00 to 1:00 AM,12,7
2023,Gilmore Station,Sun/Hol,11:00 PM to 12:00 AM,25,20
2023,Gilmore Station,Sun/Hol,11:00 AM to 12:00 PM,70,96
2023,Gilmore Station,Sun/Hol,10:00 to 11:00 PM,36,27
2023,Gilmore Station,Sun/Hol,10:00 to 11:00 AM,64,84
2023,Gilmore Station,Sun/Hol,1:00 to 2:00 PM,85,105
2023,Gilmore Station,Sun/Hol,1:00 to 2:00 AM,1,1
2023,Gilmore Station,Sat,9:00 to 10:00 PM,60,50
2023,Gilmore Station,Sat,9:00 to 10:00 AM,99,97
2023,Gilmore Station,Sat,8:00 to 9:00 PM,61,61
2023,Gilmore Station,Sat,8:00 to 9:00 AM,128,73
2023,Gilmore Station,Sat,7:00 to 8:00 PM,75,86
2023,Gilmore Station,Sat,7:00 to 8:00 AM,161,52
2023,Gilmore Station,Sat,6:00 to 7:00 PM,93,126
2023,Gilmore Station,Sat,6:00 to 7:00 AM,40,24
2023,Gilmore Station,Sat,5:00 to 6:00 PM,113,152
2023,Gilmore Station,Sat,4:00 to 5:00 PM,116,169
2023,Gilmore Station,Sat,3:00 to 4:00 PM,117,182
2023,Gilmore Station,Sat,3:00 to 4:00 AM,0,0
2023,Gilmore Station,Sat,2:00 to 3:00 PM,116,180
2023,Gilmore Station,Sat,2:00 to 3:00 AM,0,0
2023,Gilmore Station,Sat,12:00 to 1:00 PM,101,164
2023,Gilmore Station,Sat,12:00 to 1:00 AM,30,22
2023,Gilmore Station,Sat,11:00 PM to 12:00 AM,47,35
2023,Gilmore Station,Sat,11:00 AM to 12:00 PM,92,132
2023,Gilmore Station,Sat,10:00 to 11:00 PM,60,44
2023,Gilmore Station,Sat,10:00 to 11:00 AM,87,114
2023,Gilmore Station,Sat,1:00 to 2:00 PM,115,179
2023,Gilmore Station,Sat,1:00 to 2:00 AM,12,6
2023,Gilmore Station,MF,9:00 to 10:00 PM,66,65
2023,Gilmore Station,MF,9:00 to 10:00 AM,221,137
2023,Gilmore Station,MF,8:00 to 9:00 PM,75,92
2023,Gilmore Station,MF,8:00 to 9:00 AM,344,236
2023,Gilmore Station,MF,7:00 to 8:00 PM,104,150
2023,Gilmore Station,MF,7:00 to 8:00 AM,364,194
2023,Gilmore Station,MF,6:00 to 7:00 PM,162,256
2023,Gilmore Station,MF,6:00 to 7:00 AM,481,122
2023,Gilmore Station,MF,5:00 to 6:00 PM,241,463
2023,Gilmore Station,MF,5:00 to 6:00 AM,60,33
2023,Gilmore Station,MF,4:00 to 5:00 PM,209,434
2023,Gilmore Station,MF,4:00 to 5:00 AM,0,0
2023,Gilmore Station,MF,3:00 to 4:00 PM,169,449
2023,Gilmore Station,MF,3:00 to 4:00 AM,0,0
2023,Gilmore Station,MF,2:00 to 3:00 PM,124,228
2023,Gilmore Station,MF,2:00 to 3:00 AM,0,0
2023,Gilmore Station,MF,12:00 to 1:00 PM,116,133
2023,Gilmore Station,MF,12:00 to 1:00 AM,17,14
2023,Gilmore Station,MF,11:00 PM to 12:00 AM,36,26
2023,Gilmore Station,MF,11:00 AM to 12:00 PM,99,126
2023,Gilmore Station,MF,10:00 to 11:00 PM,51,38
2023,Gilmore Station,MF,10:00 to 11:00 AM,110,116
2023,Gilmore Station,MF,1:00 to 2:00 PM,119,135
2023,Gilmore Station,MF,1:00 to 2:00 AM,6,5
2023,Granville Station,MF,1:00 to 2:00 AM,12,66
2023,Granville Station,MF,1:00 to 2:00 PM,1069,820
2023,Granville Station,MF,10:00 to 11:00 AM,1149,332
2023,Granville Station,MF,10:00 to 11:00 PM,251,650
2023,Granville Station,MF,11:00 AM to 12:00 PM,1089,445
2023,Granville Station,MF,11:00 PM to 12:00 AM,156,482
2023,Granville Station,MF,12:00 to 1:00 AM,58,328
2023,Granville Station,MF,12:00 to 1:00 PM,1166,715
2023,Granville Station,MF,2:00 to 3:00 AM,1,0
2023,Granville Station,MF,2:00 to 3:00 PM,1058,1102
2023,Granville Station,MF,3:00 to 4:00 AM,0,0
2023,Granville Station,MF,3:00 to 4:00 PM,1127,1553
2023,Granville Station,MF,4:00 to 5:00 AM,0,0
2023,Granville Station,MF,4:00 to 5:00 PM,1404,2237
2023,Granville Station,MF,5:00 to 6:00 AM,185,85
2023,Granville Station,MF,5:00 to 6:00 PM,1298,2459
2023,Granville Station,MF,6:00 to 7:00 AM,759,261
2023,Granville Station,MF,6:00 to 7:00 PM,956,1827
2023,Granville Station,MF,7:00 to 8:00 AM,1724,309
2023,Granville Station,MF,7:00 to 8:00 PM,584,1338
2023,Granville Station,MF,8:00 to 9:00 AM,3247,308
2023,Granville Station,MF,8:00 to 9:00 PM,400,1111
2023,Granville Station,MF,9:00 to 10:00 AM,2149,252
2023,Granville Station,MF,9:00 to 10:00 PM,335,958
2023,Granville Station,Sat,1:00 to 2:00 AM,31,155
2023,Granville Station,Sat,1:00 to 2:00 PM,1402,746
2023,Granville Station,Sat,10:00 to 11:00 AM,1027,314
2023,Granville Station,Sat,10:00 to 11:00 PM,502,778
2023,Granville Station,Sat,11:00 AM to 12:00 PM,1280,454
2023,Granville Station,Sat,11:00 PM to 12:00 AM,283,759
2023,Granville Station,Sat,12:00 to 1:00 AM,132,572
2023,Granville Station,Sat,12:00 to 1:00 PM,1372,631
2023,Granville Station,Sat,2:00 to 3:00 AM,0,0
2023,Granville Station,Sat,2:00 to 3:00 PM,1518,968
2023,Granville Station,Sat,3:00 to 4:00 AM,0,0
2023,Granville Station,Sat,3:00 to 4:00 PM,1400,1220
2023,Granville Station,Sun/Hol,9:00 to 10:00 PM,264,556
2023,Granville Station,Sun/Hol,9:00 to 10:00 AM,891,186
2023,Granville Station,Sun/Hol,8:00 to 9:00 PM,330,681
2023,Granville Station,Sun/Hol,8:00 to 9:00 AM,628,164
2023,Granville Station,Sun/Hol,7:00 to 8:00 PM,473,1161
2023,Granville Station,Sun/Hol,7:00 to 8:00 AM,491,95
2023,Granville Station,Sun/Hol,6:00 to 7:00 PM,665,1174
2023,Granville Station,Sun/Hol,6:00 to 7:00 AM,27,8
2023,Granville Station,Sun/Hol,5:00 to 6:00 PM,828,1272
2023,Granville Station,Sun/Hol,5:00 to 6:00 AM,6,2
2023,Granville Station,Sun/Hol,4:00 to 5:00 PM,1054,1287
2023,Granville Station,Sun/Hol,4:00 to 5:00 AM,0,0
2023,Granville Station,Sun/Hol,3:00 to 4:00 PM,1156,1044
2023,Granville Station,Sun/Hol,3:00 to 4:00 AM,0,0
2023,Granville Station,Sun/Hol,2:00 to 3:00 PM,1294,899
2023,Granville Station,Sun/Hol,2:00 to 3:00 AM,0,0
2023,Granville Station,Sun/Hol,12:00 to 1:00 PM,1209,594
2023,Granville Station,Sun/Hol,12:00 to 1:00 AM,39,116
2023,Granville Station,Sun/Hol,11:00 PM to 12:00 AM,167,373
2023,Granville Station,Sun/Hol,11:00 AM to 12:00 PM,1096,367
2023,Granville Station,Sun/Hol,10:00 to 11:00 PM,221,480
2023,Granville Station,Sun/Hol,10:00 to 11:00 AM,1045,277
2023,Granville Station,Sun/Hol,1:00 to 2:00 PM,1244,664
2023,Granville Station,Sun/Hol,1:00 to 2:00 AM,2,6
2023,Granville Station,Sat,9:00 to 10:00 PM,580,855
2023,Granville Station,Sat,9:00 to 10:00 AM,1137,212
2023,Granville Station,Sat,8:00 to 9:00 PM,603,1038
2023,Granville Station,Sat,8:00 to 9:00 AM,805,193
2023,Granville Station,Sat,7:00 to 8:00 PM,824,1145
2023,Granville Station,Sat,7:00 to 8:00 AM,669,168
2023,Granville Station,Sat,6:00 to 7:00 PM,1014,1396
2023,Granville Station,Sat,6:00 to 7:00 AM,219,67
2023,Granville Station,Sat,5:00 to 6:00 PM,1149,1469
2023,Granville Station,Sat,5:00 to 6:00 AM,0,0
2023,Granville Station,Sat,4:00 to 5:00 PM,1357,1450
2023,Granville Station,Sat,4:00 to 5:00 AM,0,0
2023,Holdom Station,Sat,5:00 to 6:00 PM,156,134
2023,Holdom Station,Sat,6:00 to 7:00 AM,10,39
2023,Holdom Station,Sat,6:00 to 7:00 PM,148,114
2023,Holdom Station,Sat,7:00 to 8:00 AM,25,93
2023,Holdom Station,Sat,7:00 to 8:00 PM,122,77
2023,Holdom Station,Sat,8:00 to 9:00 AM,51,116
2023,Holdom Station,Sat,8:00 to 9:00 PM,98,59
2023,Holdom Station,Sat,9:00 to 10:00 AM,40,137
2023,Holdom Station,Sat,9:00 to 10:00 PM,97,51
2023,Holdom Station,Sun/Hol,1:00 to 2:00 AM,1,0
2023,Holdom Station,Sun/Hol,1:00 to 2:00 PM,76,123
2023,Holdom Station,Sun/Hol,10:00 to 11:00 AM,39,123
2023,Holdom Station,Sun/Hol,10:00 to 11:00 PM,60,26
2023,Holdom Station,Sun/Hol,11:00 AM to 12:00 PM,48,118
2023,Holdom Station,Sun/Hol,11:00 PM to 12:00 AM,45,16
2023,Holdom Station,Sun/Hol,12:00 to 1:00 AM,22,6
2023,Holdom Station,Sun/Hol,12:00 to 1:00 PM,63,126
2023,Holdom Station,Sun/Hol,2:00 to 3:00 AM,0,0
2023,Holdom Station,Sun/Hol,2:00 to 3:00 PM,88,123
2023,Holdom Station,Sun/Hol,3:00 to 4:00 AM,0,0
2023,Holdom Station,Sun/Hol,3:00 to 4:00 PM,106,114
2023,Holdom Station,Sun/Hol,4:00 to 5:00 AM,0,0
2023,Holdom Station,Sun/Hol,4:00 to 5:00 PM,119,104
2023,Holdom Station,Sun/Hol,5:00 to 6:00 AM,0,1
2023,Holdom Station,Sun/Hol,5:00 to 6:00 PM,135,91
2023,Holdom Station,Sun/Hol,6:00 to 7:00 AM,2,5
2023,Holdom Station,Sun/Hol,6:00 to 7:00 PM,122,70
2023,Holdom Station,Sun/Hol,7:00 to 8:00 AM,13,54
2023,Holdom Station,Sun/Hol,7:00 to 8:00 PM,104,53
2023,Holdom Station,Sun/Hol,8:00 to 9:00 AM,29,80
2023,Holdom Station,Sun/Hol,8:00 to 9:00 PM,84,40
2023,Holdom Station,Sun/Hol,9:00 to 10:00 AM,33,102
2023,Holdom Station,Sun/Hol,9:00 to 10:00 PM,72,38
2023,Holdom Station,MF,1:00 to 2:00 AM,10,4
2023,Holdom Station,MF,1:00 to 2:00 PM,91,115
2023,Holdom Station,MF,10:00 to 11:00 AM,54,128
2023,Holdom Station,MF,10:00 to 11:00 PM,85,27
2023,Holdom Station,MF,11:00 AM to 12:00 PM,59,124
2023,Holdom Station,MF,11:00 PM to 12:00 AM,57,20
2023,Holdom Station,MF,12:00 to 1:00 AM,28,13
2023,Holdom Station,MF,12:00 to 1:00 PM,77,120
2023,Holdom Station,MF,2:00 to 3:00 AM,0,0
2023,Holdom Station,MF,2:00 to 3:00 PM,112,131
2023,Holdom Station,MF,3:00 to 4:00 AM,0,0
2023,Holdom Station,MF,3:00 to 4:00 PM,198,188
2023,Holdom Station,MF,4:00 to 5:00 AM,0,0
2023,Holdom Station,MF,4:00 to 5:00 PM,248,225
2023,Holdom Station,MF,5:00 to 6:00 AM,15,50
2023,Holdom Station,MF,5:00 to 6:00 PM,322,208
2023,Holdom Station,MF,6:00 to 7:00 AM,88,183
2023,Holdom Station,MF,6:00 to 7:00 PM,238,118
2023,Holdom Station,MF,7:00 to 8:00 AM,135,317
2023,Holdom Station,MF,7:00 to 8:00 PM,149,69
2023,Holdom Station,MF,8:00 to 9:00 AM,120,356
2023,Holdom Station,MF,8:00 to 9:00 PM,115,51
2023,Holdom Station,MF,9:00 to 10:00 AM,61,183
2023,Holdom Station,MF,9:00 to 10:00 PM,114,40
2023,Holdom Station,Sat,1:00 to 2:00 AM,23,6
2023,Holdom Station,Sat,1:00 to 2:00 PM,85,147
2023,Holdom Station,Sat,10:00 to 11:00 AM,54,138
2023,Holdom Station,Sat,10:00 to 11:00 PM,106,40
2023,Holdom Station,Sat,11:00 AM to 12:00 PM,61,141
2023,Holdom Station,Sat,11:00 PM to 12:00 AM,79,24
2023,Holdom Station,Sat,12:00 to 1:00 AM,44,18
2023,Holdom Station,Sat,12:00 to 1:00 PM,77,149
2023,Holdom Station,Sat,2:00 to 3:00 AM,0,0
2023,Holdom Station,Sat,2:00 to 3:00 PM,107,148
2023,Holdom Station,Sat,3:00 to 4:00 PM,130,145
2023,Holdom Station,Sat,4:00 to 5:00 PM,146,139
2023,Holdom Station,Sat,5:00 to 6:00 AM,0,0
2023,Inlet Centre Station,Sat,8:00 to 9:00 PM,61,51
2023,Inlet Centre Station,Sat,8:00 to 9:00 AM,56,64
2023,Inlet Centre Station,Sat,7:00 to 8:00 PM,85,66
2023,Inlet Centre Station,Sat,7:00 to 8:00 AM,43,48
2023,Inlet Centre Station,Sat,6:00 to 7:00 PM,100,101
2023,Inlet Centre Station,Sat,6:00 to 7:00 AM,3,30
2023,Inlet Centre Station,Sat,5:00 to 6:00 PM,114,128
2023,Inlet Centre Station,Sat,5:00 to 6:00 AM,0,1
2023,Inlet Centre Station,Sat,4:00 to 5:00 PM,113,131
2023,Inlet Centre Station,Sat,3:00 to 4:00 PM,109,121
2023,Inlet Centre Station,Sat,2:00 to 3:00 PM,97,113
2023,Inlet Centre Station,Sat,2:00 to 3:00 AM,0,0
2023,Inlet Centre Station,Sat,12:00 to 1:00 PM,79,107
2023,Inlet Centre Station,Sat,12:00 to 1:00 AM,41,14
2023,Inlet Centre Station,Sat,11:00 PM to 12:00 AM,52,27
2023,Inlet Centre Station,Sat,11:00 AM to 12:00 PM,67,109
2023,Inlet Centre Station,Sat,10:00 to 11:00 PM,71,40
2023,Inlet Centre Station,Sat,10:00 to 11:00 AM,64,93
2023,Inlet Centre Station,Sat,1:00 to 2:00 PM,90,106
2023,Inlet Centre Station,Sat,1:00 to 2:00 AM,24,3
2023,Inlet Centre Station,MF,9:00 to 10:00 PM,68,40
2023,Inlet Centre Station,MF,9:00 to 10:00 AM,67,114
2023,Inlet Centre Station,MF,8:00 to 9:00 PM,74,44
2023,Inlet Centre Station,MF,8:00 to 9:00 AM,96,222
2023,Inlet Centre Station,MF,7:00 to 8:00 PM,105,62
2023,Inlet Centre Station,MF,7:00 to 8:00 AM,74,282
2023,Inlet Centre Station,MF,6:00 to 7:00 PM,198,97
2023,Inlet Centre Station,MF,6:00 to 7:00 AM,46,140
2023,Inlet Centre Station,MF,5:00 to 6:00 PM,300,145
2023,Inlet Centre Station,MF,5:00 to 6:00 AM,3,52
2023,Inlet Centre Station,MF,4:00 to 5:00 PM,252,145
2023,Inlet Centre Station,MF,4:00 to 5:00 AM,0,1
2023,Inlet Centre Station,MF,3:00 to 4:00 PM,178,130
2023,Inlet Centre Station,MF,3:00 to 4:00 AM,0,0
2023,Inlet Centre Station,Sat,9:00 to 10:00 AM,69,76
2023,Inlet Centre Station,Sat,9:00 to 10:00 PM,58,44
2023,Inlet Centre Station,Sun/Hol,1:00 to 2:00 AM,1,0
2023,Inlet Centre Station,Sun/Hol,1:00 to 2:00 PM,79,85
2023,Inlet Centre Station,Sun/Hol,10:00 to 11:00 AM,57,77
2023,Inlet Centre Station,Sun/Hol,10:00 to 11:00 PM,37,27
2023,Inlet Centre Station,Sun/Hol,11:00 AM to 12:00 PM,58,88
2023,Inlet Centre Station,Sun/Hol,11:00 PM to 12:00 AM,26,16
2023,Inlet Centre Station,Sun/Hol,12:00 to 1:00 AM,15,3
2023,Inlet Centre Station,Sun/Hol,12:00 to 1:00 PM,67,86
2023,Inlet Centre Station,Sun/Hol,2:00 to 3:00 AM,0,0
2023,Inlet Centre Station,Sun/Hol,2:00 to 3:00 PM,86,86
2023,Inlet Centre Station,Sun/Hol,3:00 to 4:00 PM,91,88
2023,Inlet Centre Station,Sun/Hol,4:00 to 5:00 AM,0,0
2023,Inlet Centre Station,Sun/Hol,4:00 to 5:00 PM,93,87
2023,Inlet Centre Station,Sun/Hol,5:00 to 6:00 AM,0,1
2023,Inlet Centre Station,Sun/Hol,5:00 to 6:00 PM,89,77
2023,Inlet Centre Station,Sun/Hol,6:00 to 7:00 AM,2,10
2023,Inlet Centre Station,Sun/Hol,6:00 to 7:00 PM,81,62
2023,Inlet Centre Station,Sun/Hol,7:00 to 8:00 AM,9,36
2023,Inlet Centre Station,Sun/Hol,7:00 to 8:00 PM,63,52
2023,Inlet Centre Station,Sun/Hol,8:00 to 9:00 AM,47,41
2023,Inlet Centre Station,Sun/Hol,8:00 to 9:00 PM,48,38
2023,Inlet Centre Station,Sun/Hol,9:00 to 10:00 AM,46,60
2023,Inlet Centre Station,Sun/Hol,9:00 to 10:00 PM,42,32
2023,Inlet Centre Station,MF,2:00 to 3:00 PM,112,91
2023,Inlet Centre Station,MF,2:00 to 3:00 AM,0,0
2023,Inlet Centre Station,MF,12:00 to 1:00 PM,73,89
2023,Inlet Centre Station,MF,12:00 to 1:00 AM,23,7
2023,Inlet Centre Station,MF,11:00 PM to 12:00 AM,38,19
2023,Inlet Centre Station,MF,11:00 AM to 12:00 PM,59,94
2023,Inlet Centre Station,MF,10:00 to 11:00 PM,51,32
2023,Inlet Centre Station,MF,10:00 to 11:00 AM,57,90
2023,Inlet Centre Station,MF,1:00 to 2:00 PM,86,85
2023,Inlet Centre Station,MF,1:00 to 2:00 AM,10,2
2023,Joyce-Collingwood Station,Sun/Hol,9:00 to 10:00 PM,533,286
2023,Joyce-Collingwood Station,Sun/Hol,9:00 to 10:00 AM,329,664
2023,Joyce-Collingwood Station,Sun/Hol,8:00 to 9:00 PM,592,372
2023,Joyce-Collingwood Station,Sun/Hol,8:00 to 9:00 AM,258,486
2023,Joyce-Collingwood Station,Sun/Hol,7:00 to 8:00 PM,815,400
2023,Joyce-Collingwood Station,Sun/Hol,7:00 to 8:00 AM,165,319
2023,Joyce-Collingwood Station,Sun/Hol,6:00 to 7:00 PM,930,600
2023,Joyce-Collingwood Station,Sun/Hol,6:00 to 7:00 AM,11,28
2023,Joyce-Collingwood Station,Sun/Hol,5:00 to 6:00 PM,962,658
2023,Joyce-Collingwood Station,Sun/Hol,5:00 to 6:00 AM,3,9
2023,Joyce-Collingwood Station,Sun/Hol,4:00 to 5:00 PM,951,857
2023,Joyce-Collingwood Station,Sun/Hol,4:00 to 5:00 AM,0,0
2023,Joyce-Collingwood Station,Sun/Hol,3:00 to 4:00 PM,875,813
2023,Joyce-Collingwood Station,Sun/Hol,3:00 to 4:00 AM,0,0
2023,Joyce-Collingwood Station,Sun/Hol,2:00 to 3:00 PM,798,925
2023,Joyce-Collingwood Station,Sun/Hol,2:00 to 3:00 AM,0,0
2023,Joyce-Collingwood Station,Sun/Hol,12:00 to 1:00 PM,573,923
2023,Joyce-Collingwood Station,Sun/Hol,12:00 to 1:00 AM,123,48
2023,Joyce-Collingwood Station,Sun/Hol,11:00 PM to 12:00 AM,350,191
2023,Joyce-Collingwood Station,Sun/Hol,11:00 AM to 12:00 PM,474,807
2023,Joyce-Collingwood Station,Sun/Hol,10:00 to 11:00 PM,457,234
2023,Joyce-Collingwood Station,Sun/Hol,10:00 to 11:00 AM,421,817
2023,Joyce-Collingwood Station,Sun/Hol,1:00 to 2:00 PM,656,878
2023,Joyce-Collingwood Station,Sun/Hol,1:00 to 2:00 AM,6,1
2023,Joyce-Collingwood Station,Sat,9:00 to 10:00 PM,724,367
2023,Joyce-Collingwood Station,Sat,9:00 to 10:00 AM,387,820
2023,Joyce-Collingwood Station,Sat,8:00 to 9:00 PM,699,430
2023,Joyce-Collingwood Station,Sat,8:00 to 9:00 AM,351,672
2023,Joyce-Collingwood Station,Sat,7:00 to 8:00 PM,820,572
2023,Joyce-Collingwood Station,Sat,7:00 to 8:00 AM,264,548
2023,Joyce-Collingwood Station,Sat,6:00 to 7:00 PM,1017,845
2023,Joyce-Collingwood Station,Sat,6:00 to 7:00 AM,132,226
2023,Joyce-Collingwood Station,Sat,5:00 to 6:00 PM,1078,906
2023,Joyce-Collingwood Station,Sat,5:00 to 6:00 AM,0,0
2023,Joyce-Collingwood Station,Sat,4:00 to 5:00 PM,1081,961
2023,Joyce-Collingwood Station,Sat,4:00 to 5:00 AM,0,0
2023,Joyce-Collingwood Station,MF,8:00 to 9:00 PM,782,431
2023,Joyce-Collingwood Station,MF,8:00 to 9:00 AM,615,1650
2023,Joyce-Collingwood Station,MF,7:00 to 8:00 PM,944,579
2023,Joyce-Collingwood Station,MF,7:00 to 8:00 AM,613,1344
2023,Joyce-Collingwood Station,MF,6:00 to 7:00 PM,1393,928
2023,Joyce-Collingwood Station,MF,6:00 to 7:00 AM,505,920
2023,Joyce-Collingwood Station,MF,5:00 to 6:00 PM,1749,1076
2023,Joyce-Collingwood Station,MF,5:00 to 6:00 AM,107,316
2023,Joyce-Collingwood Station,MF,4:00 to 5:00 PM,1501,1102
2023,Joyce-Collingwood Station,MF,4:00 to 5:00 AM,0,0
2023,Joyce-Collingwood Station,MF,3:00 to 4:00 PM,1221,942
2023,Joyce-Collingwood Station,MF,3:00 to 4:00 AM,0,0
2023,Joyce-Collingwood Station,MF,2:00 to 3:00 PM,818,763
2023,Joyce-Collingwood Station,MF,2:00 to 3:00 AM,0,0
2023,Joyce-Collingwood Station,MF,12:00 to 1:00 PM,588,739
2023,Joyce-Collingwood Station,MF,12:00 to 1:00 AM,241,83
2023,Joyce-Collingwood Station,MF,11:00 PM to 12:00 AM,426,196
2023,Joyce-Collingwood Station,MF,11:00 AM to 12:00 PM,495,717
2023,Joyce-Collingwood Station,MF,10:00 to 11:00 PM,594,277
2023,Joyce-Collingwood Station,MF,10:00 to 11:00 AM,463,719
2023,Joyce-Collingwood Station,MF,1:00 to 2:00 PM,658,741
2023,Joyce-Collingwood Station,MF,1:00 to 2:00 AM,69,15
2023,Joyce-Collingwood Station,MF,9:00 to 10:00 AM,468,994
2023,Joyce-Collingwood Station,MF,9:00 to 10:00 PM,788,337
2023,Joyce-Collingwood Station,Sat,1:00 to 2:00 AM,122,25
2023,Joyce-Collingwood Station,Sat,1:00 to 2:00 PM,734,969
2023,Joyce-Collingwood Station,Sat,10:00 to 11:00 AM,451,843
2023,Joyce-Collingwood Station,Sat,10:00 to 11:00 PM,624,321
2023,Joyce-Collingwood Station,Sat,11:00 AM to 12:00 PM,526,888
2023,Joyce-Collingwood Station,Sat,11:00 PM to 12:00 AM,519,255
2023,Joyce-Collingwood Station,Sat,12:00 to 1:00 AM,364,121
2023,Joyce-Collingwood Station,Sat,12:00 to 1:00 PM,636,931
2023,Joyce-Collingwood Station,Sat,2:00 to 3:00 AM,0,0
2023,Joyce-Collingwood Station,Sat,2:00 to 3:00 PM,847,979
2023,Joyce-Collingwood Station,Sat,3:00 to 4:00 AM,0,0
2023,Joyce-Collingwood Station,Sat,3:00 to 4:00 PM,948,976
2023,King Edward Station,Sat,3:00 to 4:00 PM,398,397
2023,King Edward Station,Sat,3:00 to 4:00 AM,1,1
2023,King Edward Station,Sat,2:00 to 3:00 PM,360,398
2023,King Edward Station,Sat,2:00 to 3:00 AM,0,0
2023,King Edward Station,Sat,12:00 to 1:00 PM,272,391
2023,King Edward Station,Sat,12:00 to 1:00 AM,103,27
2023,King Edward Station,Sat,11:00 PM to 12:00 AM,179,51
2023,King Edward Station,Sat,11:00 AM to 12:00 PM,224,383
2023,King Edward Station,Sat,10:00 to 11:00 PM,235,99
2023,King Edward Station,Sat,10:00 to 11:00 AM,178,343
2023,King Edward Station,Sat,1:00 to 2:00 PM,302,415
2023,King Edward Station,Sat,1:00 to 2:00 AM,30,5
2023,King Edward Station,MF,9:00 to 10:00 PM,286,110
2023,King Edward Station,MF,9:00 to 10:00 AM,204,455
2023,King Edward Station,MF,8:00 to 9:00 PM,276,138
2023,King Edward Station,MF,8:00 to 9:00 AM,309,719
2023,King Edward Station,MF,7:00 to 8:00 PM,357,204
2023,King Edward Station,MF,7:00 to 8:00 AM,336,550
2023,King Edward Station,MF,6:00 to 7:00 PM,573,323
2023,King Edward Station,MF,6:00 to 7:00 AM,161,305
2023,King Edward Station,MF,5:00 to 6:00 PM,740,439
2023,King Edward Station,MF,5:00 to 6:00 AM,29,76
2023,King Edward Station,MF,4:00 to 5:00 PM,641,542
2023,King Edward Station,MF,4:00 to 5:00 AM,1,5
2023,King Edward Station,MF,3:00 to 4:00 PM,491,521
2023,King Edward Station,MF,3:00 to 4:00 AM,1,1
2023,King Edward Station,MF,2:00 to 3:00 PM,359,346
2023,King Edward Station,MF,2:00 to 3:00 AM,0,0
2023,King Edward Station,MF,12:00 to 1:00 PM,256,318
2023,King Edward Station,MF,12:00 to 1:00 AM,58,14
2023,King Edward Station,MF,11:00 PM to 12:00 AM,119,35
2023,King Edward Station,MF,11:00 AM to 12:00 PM,200,307
2023,King Edward Station,MF,10:00 to 11:00 PM,202,76
2023,King Edward Station,MF,10:00 to 11:00 AM,179,326
2023,King Edward Station,MF,1:00 to 2:00 PM,285,317
2023,King Edward Station,MF,1:00 to 2:00 AM,15,3
2023,King Edward Station,Sat,4:00 to 5:00 AM,1,3
2023,King Edward Station,Sat,4:00 to 5:00 PM,425,382
2023,King Edward Station,Sat,5:00 to 6:00 AM,12,35
2023,King Edward Station,Sat,5:00 to 6:00 PM,433,332
2023,King Edward Station,Sat,6:00 to 7:00 AM,43,92
2023,King Edward Station,Sat,6:00 to 7:00 PM,393,302
2023,King Edward Station,Sat,7:00 to 8:00 AM,73,176
2023,King Edward Station,Sat,7:00 to 8:00 PM,301,212
2023,King Edward Station,Sat,8:00 to 9:00 AM,102,229
2023,King Edward Station,Sat,8:00 to 9:00 PM,269,145
2023,King Edward Station,Sat,9:00 to 10:00 AM,152,331
2023,King Edward Station,Sat,9:00 to 10:00 PM,265,123
2023,King Edward Station,Sun/Hol,1:00 to 2:00 AM,12,3
2023,King Edward Station,Sun/Hol,1:00 to 2:00 PM,275,357
2023,King Edward Station,Sun/Hol,10:00 to 11:00 AM,153,327
2023,King Edward Station,Sun/Hol,10:00 to 11:00 PM,177,58
2023,King Edward Station,Sun/Hol,11:00 AM to 12:00 PM,193,348
2023,King Edward Station,Sun/Hol,11:00 PM to 12:00 AM,105,33
2023,King Edward Station,Sun/Hol,12:00 to 1:00 AM,50,11
2023,King Edward Station,Sun/Hol,12:00 to 1:00 PM,245,346
2023,King Edward Station,Sun/Hol,2:00 to 3:00 AM,0,0
2023,King Edward Station,Sun/Hol,2:00 to 3:00 PM,320,345
2023,King Edward Station,Sun/Hol,3:00 to 4:00 AM,0,0
2023,King Edward Station,Sun/Hol,3:00 to 4:00 PM,364,332
2023,King Edward Station,Sun/Hol,4:00 to 5:00 AM,1,3
2023,King Edward Station,Sun/Hol,4:00 to 5:00 PM,389,297
2023,King Edward Station,Sun/Hol,5:00 to 6:00 AM,19,20
2023,King Edward Station,Sun/Hol,5:00 to 6:00 PM,383,242
2023,King Edward Station,Sun/Hol,6:00 to 7:00 AM,69,77
2023,King Edward Station,Sun/Hol,6:00 to 7:00 PM,345,205
2023,King Edward Station,Sun/Hol,7:00 to 8:00 AM,69,145
2023,King Edward Station,Sun/Hol,7:00 to 8:00 PM,292,142
2023,King Edward Station,Sun/Hol,8:00 to 9:00 AM,78,184
2023,King Edward Station,Sun/Hol,8:00 to 9:00 PM,244,107
2023,King Edward Station,Sun/Hol,9:00 to 10:00 AM,113,259
2023,King Edward Station,Sun/Hol,9:00 to 10:00 PM,231,82
2023,King George Station,Sun/Hol,9:00 to 10:00 PM,203,266
2023,King George Station,Sun/Hol,9:00 to 10:00 AM,125,563
2023,King George Station,Sun/Hol,8:00 to 9:00 PM,263,244
2023,King George Station,Sun/Hol,8:00 to 9:00 AM,108,504
2023,King George Station,Sun/Hol,7:00 to 8:00 PM,324,269
2023,King George Station,Sun/Hol,7:00 to 8:00 AM,46,624
2023,King George Station,Sun/Hol,6:00 to 7:00 PM,335,310
2023,King George Station,Sun/Hol,6:00 to 7:00 AM,8,190
2023,King George Station,Sun/Hol,5:00 to 6:00 PM,326,359
2023,King George Station,Sun/Hol,5:00 to 6:00 AM,1,26
2023,King George Station,Sun/Hol,4:00 to 5:00 PM,291,432
2023,King George Station,Sun/Hol,4:00 to 5:00 AM,0,2
2023,King George Station,Sun/Hol,3:00 to 4:00 PM,254,514
2023,King George Station,Sun/Hol,2:00 to 3:00 PM,205,593
2023,King George Station,Sun/Hol,2:00 to 3:00 AM,0,0
2023,King George Station,Sun/Hol,12:00 to 1:00 PM,161,576
2023,King George Station,Sun/Hol,12:00 to 1:00 AM,91,16
2023,King George Station,Sun/Hol,11:00 PM to 12:00 AM,163,74
2023,King George Station,Sun/Hol,11:00 AM to 12:00 PM,138,574
2023,King George Station,Sun/Hol,10:00 to 11:00 PM,165,175
2023,King George Station,Sun/Hol,10:00 to 11:00 AM,114,577
2023,King George Station,Sun/Hol,1:00 to 2:00 PM,201,648
2023,King George Station,Sun/Hol,1:00 to 2:00 AM,6,1
2023,King George Station,Sat,9:00 to 10:00 PM,294,318
2023,King George Station,Sat,9:00 to 10:00 AM,117,661
2023,King George Station,Sat,8:00 to 9:00 PM,302,292
2023,King George Station,Sat,8:00 to 9:00 AM,132,752
2023,King George Station,Sat,7:00 to 8:00 PM,356,357
2023,King George Station,Sat,7:00 to 8:00 AM,155,732
2023,King George Station,Sat,6:00 to 7:00 PM,389,438
2023,King George Station,Sat,6:00 to 7:00 AM,50,527
2023,King George Station,Sat,5:00 to 6:00 PM,411,509
2023,King George Station,Sat,5:00 to 6:00 AM,0,83
2023,King George Station,Sat,4:00 to 5:00 PM,358,568
2023,King George Station,Sat,4:00 to 5:00 AM,0,0
2023,King George Station,Sat,3:00 to 4:00 PM,295,643
2023,King George Station,Sat,2:00 to 3:00 PM,231,725
2023,King George Station,Sat,2:00 to 3:00 AM,0,0
2023,King George Station,Sat,12:00 to 1:00 PM,187,744
2023,King George Station,Sat,12:00 to 1:00 AM,207,43
2023,King George Station,Sat,11:00 PM to 12:00 AM,252,104
2023,King George Station,Sat,11:00 AM to 12:00 PM,156,678
2023,King George Station,Sat,10:00 to 11:00 PM,286,220
2023,King George Station,Sat,10:00 to 11:00 AM,126,646
2023,King George Station,Sat,1:00 to 2:00 PM,210,756
2023,King George Station,Sat,1:00 to 2:00 AM,74,9
2023,King George Station,MF,9:00 to 10:00 PM,335,267
2023,King George Station,MF,9:00 to 10:00 AM,166,1023
2023,King George Station,MF,8:00 to 9:00 PM,392,252
2023,King George Station,MF,8:00 to 9:00 AM,301,1587
2023,King George Station,MF,7:00 to 8:00 PM,499,304
2023,King George Station,MF,7:00 to 8:00 AM,329,2065
2023,King George Station,MF,6:00 to 7:00 PM,773,474
2023,King George Station,MF,6:00 to 7:00 AM,403,1514
2023,King George Station,MF,5:00 to 6:00 PM,949,715
2023,King George Station,MF,5:00 to 6:00 AM,34,770
2023,King George Station,MF,4:00 to 5:00 PM,763,829
2023,King George Station,MF,4:00 to 5:00 AM,0,68
2023,King George Station,MF,3:00 to 4:00 PM,535,810
2023,King George Station,MF,3:00 to 4:00 AM,0,0
2023,King George Station,MF,2:00 to 3:00 PM,287,696
2023,King George Station,MF,2:00 to 3:00 AM,0,0
2023,King George Station,MF,12:00 to 1:00 PM,220,749
2023,King George Station,MF,12:00 to 1:00 AM,143,27
2023,King George Station,MF,11:00 PM to 12:00 AM,204,70
2023,King George Station,MF,11:00 AM to 12:00 PM,152,770
2023,King George Station,MF,10:00 to 11:00 PM,246,171
2023,King George Station,MF,10:00 to 11:00 AM,143,745
2023,King George Station,MF,1:00 to 2:00 PM,240,734
2023,King George Station,MF,1:00 to 2:00 AM,40,6
2023,Lafarge Lake-Douglas Station,MF,1:00 to 2:00 AM,12,1
2023,Lafarge Lake-Douglas Station,MF,1:00 to 2:00 PM,87,100
2023,Lafarge Lake-Douglas Station,Sun/Hol,9:00 to 10:00 PM,73,40
2023,Lafarge Lake-Douglas Station,Sun/Hol,9:00 to 10:00 AM,32,68
2023,Lafarge Lake-Douglas Station,Sun/Hol,8:00 to 9:00 PM,82,53
2023,Lafarge Lake-Douglas Station,Sun/Hol,8:00 to 9:00 AM,28,50
2023,Lafarge Lake-Douglas Station,Sun/Hol,7:00 to 8:00 PM,106,66
2023,Lafarge Lake-Douglas Station,Sun/Hol,7:00 to 8:00 AM,2,38
2023,Lafarge Lake-Douglas Station,Sun/Hol,6:00 to 7:00 PM,122,73
2023,Lafarge Lake-Douglas Station,Sun/Hol,6:00 to 7:00 AM,1,14
2023,Lafarge Lake-Douglas Station,Sun/Hol,5:00 to 6:00 PM,129,81
2023,Lafarge Lake-Douglas Station,Sun/Hol,5:00 to 6:00 AM,0,2
2023,Lafarge Lake-Douglas Station,Sun/Hol,4:00 to 5:00 PM,128,80
2023,Lafarge Lake-Douglas Station,Sun/Hol,4:00 to 5:00 AM,0,0
2023,Lafarge Lake-Douglas Station,Sun/Hol,3:00 to 4:00 PM,102,75
2023,Lafarge Lake-Douglas Station,Sun/Hol,2:00 to 3:00 PM,90,79
2023,Lafarge Lake-Douglas Station,Sun/Hol,2:00 to 3:00 AM,0,0
2023,Lafarge Lake-Douglas Station,Sun/Hol,12:00 to 1:00 PM,64,89
2023,Lafarge Lake-Douglas Station,Sun/Hol,12:00 to 1:00 AM,21,1
2023,Lafarge Lake-Douglas Station,Sun/Hol,11:00 PM to 12:00 AM,33,13
2023,Lafarge Lake-Douglas Station,Sun/Hol,11:00 AM to 12:00 PM,53,88
2023,Lafarge Lake-Douglas Station,Sun/Hol,10:00 to 11:00 PM,43,55
2023,Lafarge Lake-Douglas Station,Sun/Hol,10:00 to 11:00 AM,47,87
2023,Lafarge Lake-Douglas Station,Sun/Hol,1:00 to 2:00 PM,73,89
2023,Lafarge Lake-Douglas Station,Sun/Hol,1:00 to 2:00 AM,2,1
2023,Lafarge Lake-Douglas Station,Sat,9:00 to 10:00 PM,75,58
2023,Lafarge Lake-Douglas Station,Sat,9:00 to 10:00 AM,49,81
2023,Lafarge Lake-Douglas Station,Sat,8:00 to 9:00 PM,87,76
2023,Lafarge Lake-Douglas Station,Sat,8:00 to 9:00 AM,36,79
2023,Lafarge Lake-Douglas Station,Sat,7:00 to 8:00 PM,125,89
2023,Lafarge Lake-Douglas Station,Sat,7:00 to 8:00 AM,24,51
2023,Lafarge Lake-Douglas Station,Sat,6:00 to 7:00 PM,148,105
2023,Lafarge Lake-Douglas Station,Sat,6:00 to 7:00 AM,1,29
2023,Lafarge Lake-Douglas Station,Sat,5:00 to 6:00 PM,162,124
2023,Lafarge Lake-Douglas Station,Sat,5:00 to 6:00 AM,0,9
2023,Lafarge Lake-Douglas Station,Sat,4:00 to 5:00 PM,145,114
2023,Lafarge Lake-Douglas Station,Sat,3:00 to 4:00 PM,110,110
2023,Lafarge Lake-Douglas Station,Sat,3:00 to 4:00 AM,0,0
2023,Lafarge Lake-Douglas Station,Sat,2:00 to 3:00 PM,97,117
2023,Lafarge Lake-Douglas Station,Sat,2:00 to 3:00 AM,2,0
2023,Lafarge Lake-Douglas Station,Sat,12:00 to 1:00 PM,80,105
2023,Lafarge Lake-Douglas Station,Sat,12:00 to 1:00 AM,52,6
2023,Lafarge Lake-Douglas Station,Sat,11:00 PM to 12:00 AM,59,13
2023,Lafarge Lake-Douglas Station,Sat,11:00 AM to 12:00 PM,69,101
2023,Lafarge Lake-Douglas Station,Sat,10:00 to 11:00 PM,81,34
2023,Lafarge Lake-Douglas Station,Sat,10:00 to 11:00 AM,54,93
2023,Lafarge Lake-Douglas Station,Sat,1:00 to 2:00 PM,94,109
2023,Lafarge Lake-Douglas Station,Sat,1:00 to 2:00 AM,24,0
2023,Lafarge Lake-Douglas Station,MF,9:00 to 10:00 PM,84,41
2023,Lafarge Lake-Douglas Station,MF,9:00 to 10:00 AM,92,135
2023,Lafarge Lake-Douglas Station,MF,8:00 to 9:00 PM,94,51
2023,Lafarge Lake-Douglas Station,MF,8:00 to 9:00 AM,165,231
2023,Lafarge Lake-Douglas Station,MF,7:00 to 8:00 PM,147,59
2023,Lafarge Lake-Douglas Station,MF,7:00 to 8:00 AM,69,321
2023,Lafarge Lake-Douglas Station,MF,6:00 to 7:00 PM,255,90
2023,Lafarge Lake-Douglas Station,MF,6:00 to 7:00 AM,44,166
2023,Lafarge Lake-Douglas Station,MF,5:00 to 6:00 PM,300,116
2023,Lafarge Lake-Douglas Station,MF,5:00 to 6:00 AM,1,70
2023,Lafarge Lake-Douglas Station,MF,4:00 to 5:00 PM,253,167
2023,Lafarge Lake-Douglas Station,MF,4:00 to 5:00 AM,0,12
2023,Lafarge Lake-Douglas Station,MF,3:00 to 4:00 PM,181,178
2023,Lafarge Lake-Douglas Station,MF,3:00 to 4:00 AM,0,0
2023,Lafarge Lake-Douglas Station,MF,2:00 to 3:00 PM,113,136
2023,Lafarge Lake-Douglas Station,MF,2:00 to 3:00 AM,1,1
2023,Lafarge Lake-Douglas Station,MF,12:00 to 1:00 PM,111,132
2023,Lafarge Lake-Douglas Station,MF,12:00 to 1:00 AM,28,3
2023,Lafarge Lake-Douglas Station,MF,11:00 PM to 12:00 AM,42,9
2023,Lafarge Lake-Douglas Station,MF,11:00 AM to 12:00 PM,82,117
2023,Lafarge Lake-Douglas Station,MF,10:00 to 11:00 PM,68,20
2023,Lafarge Lake-Douglas Station,MF,10:00 to 11:00 AM,84,109
2023,Lake City Way Station,Sun/Hol,5:00 to 6:00 AM,0,0
2023,Lake City Way Station,Sun/Hol,5:00 to 6:00 PM,28,47
2023,Lake City Way Station,Sun/Hol,6:00 to 7:00 AM,5,1
2023,Lake City Way Station,Sun/Hol,6:00 to 7:00 PM,24,34
2023,Lake City Way Station,Sun/Hol,7:00 to 8:00 AM,24,12
2023,Lake City Way Station,Sun/Hol,7:00 to 8:00 PM,21,21
2023,Lake City Way Station,Sun/Hol,4:00 to 5:00 PM,26,29
2023,Lake City Way Station,Sun/Hol,3:00 to 4:00 PM,27,29
2023,Lake City Way Station,Sun/Hol,2:00 to 3:00 PM,20,25
2023,Lake City Way Station,Sun/Hol,2:00 to 3:00 AM,0,0
2023,Lake City Way Station,Sun/Hol,12:00 to 1:00 PM,16,24
2023,Lake City Way Station,Sun/Hol,12:00 to 1:00 AM,9,4
2023,Lake City Way Station,Sun/Hol,11:00 PM to 12:00 AM,15,6
2023,Lake City Way Station,Sun/Hol,11:00 AM to 12:00 PM,14,25
2023,Lake City Way Station,Sun/Hol,10:00 to 11:00 PM,16,7
2023,Lake City Way Station,Sun/Hol,10:00 to 11:00 AM,11,24
2023,Lake City Way Station,Sun/Hol,1:00 to 2:00 PM,22,27
2023,Lake City Way Station,Sun/Hol,1:00 to 2:00 AM,1,1
2023,Lake City Way Station,Sat,9:00 to 10:00 PM,20,12
2023,Lake City Way Station,Sat,9:00 to 10:00 AM,17,22
2023,Lake City Way Station,Sat,8:00 to 9:00 PM,21,15
2023,Lake City Way Station,Sat,8:00 to 9:00 AM,52,20
2023,Lake City Way Station,Sat,7:00 to 8:00 PM,25,29
2023,Lake City Way Station,Sat,7:00 to 8:00 AM,28,17
2023,Lake City Way Station,Sat,6:00 to 7:00 PM,26,42
2023,Lake City Way Station,Sat,6:00 to 7:00 AM,27,8
2023,Lake City Way Station,Sat,5:00 to 6:00 PM,35,60
2023,Lake City Way Station,Sat,5:00 to 6:00 AM,0,0
2023,Lake City Way Station,Sat,4:00 to 5:00 PM,30,40
2023,Lake City Way Station,Sat,3:00 to 4:00 PM,28,42
2023,Lake City Way Station,Sat,2:00 to 3:00 PM,21,33
2023,Lake City Way Station,Sat,2:00 to 3:00 AM,0,0
2023,Lake City Way Station,Sat,12:00 to 1:00 PM,17,39
2023,Lake City Way Station,Sun/Hol,9:00 to 10:00 PM,16,9
2023,Lake City Way Station,Sun/Hol,9:00 to 10:00 AM,13,18
2023,Lake City Way Station,Sun/Hol,8:00 to 9:00 PM,18,11
2023,Lake City Way Station,Sun/Hol,8:00 to 9:00 AM,44,14
2023,Lake City Way Station,MF,1:00 to 2:00 AM,9,5
2023,Lake City Way Station,MF,1:00 to 2:00 PM,31,30
2023,Lake City Way Station,MF,10:00 to 11:00 AM,22,27
2023,Lake City Way Station,MF,10:00 to 11:00 PM,24,14
2023,Lake City Way Station,MF,11:00 AM to 12:00 PM,22,32
2023,Lake City Way Station,MF,11:00 PM to 12:00 AM,19,13
2023,Lake City Way Station,MF,12:00 to 1:00 AM,10,3
2023,Lake City Way Station,MF,12:00 to 1:00 PM,24,31
2023,Lake City Way Station,MF,2:00 to 3:00 AM,0,0
2023,Lake City Way Station,MF,2:00 to 3:00 PM,42,48
2023,Lake City Way Station,MF,3:00 to 4:00 PM,52,131
2023,Lake City Way Station,MF,4:00 to 5:00 AM,0,0
2023,Lake City Way Station,MF,4:00 to 5:00 PM,66,164
2023,Lake City Way Station,MF,5:00 to 6:00 AM,17,14
2023,Lake City Way Station,MF,5:00 to 6:00 PM,72,168
2023,Lake City Way Station,MF,6:00 to 7:00 AM,177,29
2023,Lake City Way Station,MF,6:00 to 7:00 PM,46,54
2023,Lake City Way Station,MF,7:00 to 8:00 AM,138,66
2023,Lake City Way Station,MF,7:00 to 8:00 PM,29,30
2023,Lake City Way Station,MF,8:00 to 9:00 AM,125,66
2023,Lake City Way Station,MF,8:00 to 9:00 PM,24,16
2023,Lake City Way Station,MF,9:00 to 10:00 AM,42,35
2023,Lake City Way Station,MF,9:00 to 10:00 PM,23,16
2023,Lake City Way Station,Sat,1:00 to 2:00 AM,12,6
2023,Lake City Way Station,Sat,1:00 to 2:00 PM,21,35
2023,Lake City Way Station,Sat,10:00 to 11:00 AM,12,24
2023,Lake City Way Station,Sat,10:00 to 11:00 PM,26,8
2023,Lake City Way Station,Sat,11:00 AM to 12:00 PM,15,30
2023,Lake City Way Station,Sat,11:00 PM to 12:00 AM,22,8
2023,Lake City Way Station,Sat,12:00 to 1:00 AM,14,5
2023,Langara-49th Avenue Station,Sat,2:00 to 3:00 AM,1,1
2023,Langara-49th Avenue Station,Sat,12:00 to 1:00 PM,233,414
2023,Langara-49th Avenue Station,Sat,12:00 to 1:00 AM,129,18
2023,Langara-49th Avenue Station,Sat,11:00 PM to 12:00 AM,216,47
2023,Langara-49th Avenue Station,Sat,11:00 AM to 12:00 PM,179,424
2023,Langara-49th Avenue Station,Sat,10:00 to 11:00 PM,283,84
2023,Langara-49th Avenue Station,Sat,10:00 to 11:00 AM,133,386
2023,Langara-49th Avenue Station,Sat,1:00 to 2:00 PM,265,428
2023,Langara-49th Avenue Station,Sat,1:00 to 2:00 AM,38,4
2023,Langara-49th Avenue Station,MF,9:00 to 10:00 PM,339,146
2023,Langara-49th Avenue Station,MF,9:00 to 10:00 AM,372,494
2023,Langara-49th Avenue Station,MF,8:00 to 9:00 PM,323,180
2023,Langara-49th Avenue Station,MF,8:00 to 9:00 AM,574,695
2023,Langara-49th Avenue Station,MF,7:00 to 8:00 PM,380,224
2023,Langara-49th Avenue Station,MF,7:00 to 8:00 AM,302,556
2023,Langara-49th Avenue Station,MF,6:00 to 7:00 PM,577,434
2023,Langara-49th Avenue Station,MF,6:00 to 7:00 AM,94,319
2023,Langara-49th Avenue Station,MF,5:00 to 6:00 PM,757,517
2023,Langara-49th Avenue Station,MF,5:00 to 6:00 AM,14,62
2023,Langara-49th Avenue Station,MF,4:00 to 5:00 PM,678,725
2023,Langara-49th Avenue Station,MF,4:00 to 5:00 AM,1,4
2023,Langara-49th Avenue Station,MF,3:00 to 4:00 PM,528,602
2023,Langara-49th Avenue Station,MF,3:00 to 4:00 AM,0,1
2023,Langara-49th Avenue Station,MF,2:00 to 3:00 PM,450,615
2023,Langara-49th Avenue Station,MF,2:00 to 3:00 AM,0,1
2023,Langara-49th Avenue Station,MF,12:00 to 1:00 PM,409,558
2023,Langara-49th Avenue Station,MF,12:00 to 1:00 AM,80,13
2023,Langara-49th Avenue Station,MF,11:00 PM to 12:00 AM,140,29
2023,Langara-49th Avenue Station,MF,11:00 AM to 12:00 PM,291,420
2023,Langara-49th Avenue Station,MF,10:00 to 11:00 PM,245,75
2023,Langara-49th Avenue Station,MF,10:00 to 11:00 AM,414,445
2023,Langara-49th Avenue Station,MF,1:00 to 2:00 PM,355,448
2023,Langara-49th Avenue Station,MF,1:00 to 2:00 AM,21,2
2023,Langara-49th Avenue Station,Sat,2:00 to 3:00 PM,314,417
2023,Langara-49th Avenue Station,Sat,3:00 to 4:00 AM,0,0
2023,Langara-49th Avenue Station,Sat,3:00 to 4:00 PM,378,407
2023,Langara-49th Avenue Station,Sat,4:00 to 5:00 AM,1,5
2023,Langara-49th Avenue Station,Sat,4:00 to 5:00 PM,420,374
2023,Langara-49th Avenue Station,Sat,5:00 to 6:00 AM,11,34
2023,Langara-49th Avenue Station,Sat,5:00 to 6:00 PM,444,343
2023,Langara-49th Avenue Station,Sat,6:00 to 7:00 AM,32,108
2023,Langara-49th Avenue Station,Sat,6:00 to 7:00 PM,408,285
2023,Langara-49th Avenue Station,Sat,7:00 to 8:00 AM,75,219
2023,Langara-49th Avenue Station,Sat,7:00 to 8:00 PM,332,196
2023,Langara-49th Avenue Station,Sat,8:00 to 9:00 AM,123,273
2023,Langara-49th Avenue Station,Sat,8:00 to 9:00 PM,311,139
2023,Langara-49th Avenue Station,Sat,9:00 to 10:00 AM,131,347
2023,Langara-49th Avenue Station,Sat,9:00 to 10:00 PM,309,117
2023,Langara-49th Avenue Station,Sun/Hol,1:00 to 2:00 AM,16,2
2023,Langara-49th Avenue Station,Sun/Hol,1:00 to 2:00 PM,238,391
2023,Langara-49th Avenue Station,Sun/Hol,10:00 to 11:00 AM,118,364
2023,Langara-49th Avenue Station,Sun/Hol,10:00 to 11:00 PM,204,55
2023,Langara-49th Avenue Station,Sun/Hol,11:00 AM to 12:00 PM,144,378
2023,Langara-49th Avenue Station,Sun/Hol,11:00 PM to 12:00 AM,132,29
2023,Langara-49th Avenue Station,Sun/Hol,12:00 to 1:00 AM,73,12
2023,Langara-49th Avenue Station,Sun/Hol,12:00 to 1:00 PM,193,373
2023,Langara-49th Avenue Station,Sun/Hol,2:00 to 3:00 AM,1,1
2023,Langara-49th Avenue Station,Sun/Hol,2:00 to 3:00 PM,292,377
2023,Langara-49th Avenue Station,Sun/Hol,3:00 to 4:00 AM,0,1
2023,Langara-49th Avenue Station,Sun/Hol,3:00 to 4:00 PM,363,332
2023,Langara-49th Avenue Station,Sun/Hol,4:00 to 5:00 AM,1,3
2023,Langara-49th Avenue Station,Sun/Hol,4:00 to 5:00 PM,381,292
2023,Langara-49th Avenue Station,Sun/Hol,5:00 to 6:00 AM,11,32
2023,Langara-49th Avenue Station,Sun/Hol,5:00 to 6:00 PM,399,247
2023,Langara-49th Avenue Station,Sun/Hol,6:00 to 7:00 AM,31,101
2023,Langara-49th Avenue Station,Sun/Hol,6:00 to 7:00 PM,366,195
2023,Langara-49th Avenue Station,Sun/Hol,7:00 to 8:00 AM,70,196
2023,Langara-49th Avenue Station,Sun/Hol,7:00 to 8:00 PM,325,137
2023,Langara-49th Avenue Station,Sun/Hol,8:00 to 9:00 AM,68,214
2023,Langara-49th Avenue Station,Sun/Hol,8:00 to 9:00 PM,269,93
2023,Langara-49th Avenue Station,Sun/Hol,9:00 to 10:00 AM,93,283
2023,Langara-49th Avenue Station,Sun/Hol,9:00 to 10:00 PM,254,76
2023,Lansdowne Station,MF,11:00 AM to 12:00 PM,211,245
2023,Lansdowne Station,MF,11:00 PM to 12:00 AM,30,16
2023,Lansdowne Station,MF,12:00 to 1:00 AM,16,6
2023,Lansdowne Station,MF,12:00 to 1:00 PM,258,271
2023,Lansdowne Station,MF,2:00 to 3:00 AM,0,0
2023,Lansdowne Station,MF,2:00 to 3:00 PM,270,288
2023,Lansdowne Station,MF,3:00 to 4:00 AM,0,0
2023,Lansdowne Station,Sun/Hol,9:00 to 10:00 PM,103,103
2023,Lansdowne Station,Sun/Hol,9:00 to 10:00 AM,121,138
2023,Lansdowne Station,Sun/Hol,8:00 to 9:00 PM,124,127
2023,Lansdowne Station,Sun/Hol,8:00 to 9:00 AM,59,81
2023,Lansdowne Station,Sun/Hol,7:00 to 8:00 PM,170,171
2023,Lansdowne Station,Sun/Hol,7:00 to 8:00 AM,41,63
2023,Lansdowne Station,Sun/Hol,6:00 to 7:00 PM,258,222
2023,Lansdowne Station,Sun/Hol,6:00 to 7:00 AM,24,42
2023,Lansdowne Station,Sun/Hol,5:00 to 6:00 PM,299,244
2023,Lansdowne Station,Sun/Hol,5:00 to 6:00 AM,7,17
2023,Lansdowne Station,Sun/Hol,4:00 to 5:00 PM,303,270
2023,Lansdowne Station,Sun/Hol,4:00 to 5:00 AM,0,3
2023,Lansdowne Station,Sun/Hol,3:00 to 4:00 PM,302,289
2023,Lansdowne Station,Sun/Hol,3:00 to 4:00 AM,0,0
2023,Lansdowne Station,Sun/Hol,2:00 to 3:00 PM,270,293
2023,Lansdowne Station,Sun/Hol,2:00 to 3:00 AM,0,0
2023,Lansdowne Station,Sun/Hol,12:00 to 1:00 PM,232,248
2023,Lansdowne Station,Sun/Hol,12:00 to 1:00 AM,25,14
2023,Lansdowne Station,Sun/Hol,11:00 PM to 12:00 AM,52,32
2023,Lansdowne Station,Sun/Hol,11:00 AM to 12:00 PM,208,224
2023,Lansdowne Station,Sun/Hol,10:00 to 11:00 PM,79,64
2023,Lansdowne Station,Sun/Hol,10:00 to 11:00 AM,180,195
2023,Lansdowne Station,Sun/Hol,1:00 to 2:00 PM,252,280
2023,Lansdowne Station,Sun/Hol,1:00 to 2:00 AM,8,0
2023,Lansdowne Station,Sat,9:00 to 10:00 PM,139,132
2023,Lansdowne Station,Sat,9:00 to 10:00 AM,188,181
2023,Lansdowne Station,Sat,8:00 to 9:00 PM,168,176
2023,Lansdowne Station,Sat,8:00 to 9:00 AM,108,118
2023,Lansdowne Station,Sat,7:00 to 8:00 PM,200,211
2023,Lansdowne Station,Sat,7:00 to 8:00 AM,68,84
2023,Lansdowne Station,Sat,6:00 to 7:00 PM,318,289
2023,Lansdowne Station,Sat,6:00 to 7:00 AM,30,50
2023,Lansdowne Station,Sat,5:00 to 6:00 PM,365,325
2023,Lansdowne Station,Sat,5:00 to 6:00 AM,7,21
2023,Lansdowne Station,Sat,4:00 to 5:00 PM,351,362
2023,Lansdowne Station,Sat,4:00 to 5:00 AM,0,4
2023,Lansdowne Station,Sat,3:00 to 4:00 PM,331,356
2023,Lansdowne Station,Sat,3:00 to 4:00 AM,0,0
2023,Lansdowne Station,Sat,2:00 to 3:00 PM,300,364
2023,Lansdowne Station,Sat,2:00 to 3:00 AM,1,1
2023,Lansdowne Station,Sat,12:00 to 1:00 PM,293,297
2023,Lansdowne Station,Sat,12:00 to 1:00 AM,54,21
2023,Lansdowne Station,Sat,11:00 PM to 12:00 AM,96,48
2023,Lansdowne Station,Sat,11:00 AM to 12:00 PM,256,271
2023,Lansdowne Station,Sat,10:00 to 11:00 PM,124,88
2023,Lansdowne Station,Sat,10:00 to 11:00 AM,223,220
2023,Lansdowne Station,Sat,1:00 to 2:00 PM,288,341
2023,Lansdowne Station,Sat,1:00 to 2:00 AM,21,1
2023,Lansdowne Station,MF,9:00 to 10:00 PM,128,97
2023,Lansdowne Station,MF,9:00 to 10:00 AM,221,266
2023,Lansdowne Station,MF,8:00 to 9:00 PM,166,133
2023,Lansdowne Station,MF,8:00 to 9:00 AM,205,389
2023,Lansdowne Station,MF,7:00 to 8:00 PM,220,175
2023,Lansdowne Station,MF,7:00 to 8:00 AM,119,343
2023,Lansdowne Station,MF,6:00 to 7:00 PM,446,259
2023,Lansdowne Station,MF,6:00 to 7:00 AM,95,141
2023,Lansdowne Station,MF,5:00 to 6:00 PM,569,326
2023,Lansdowne Station,MF,5:00 to 6:00 AM,11,39
2023,Lansdowne Station,MF,4:00 to 5:00 PM,460,371
2023,Lansdowne Station,MF,4:00 to 5:00 AM,0,6
2023,Lansdowne Station,MF,3:00 to 4:00 PM,365,342
2023,Lansdowne Station,MF,10:00 to 11:00 PM,49,33
2023,Lansdowne Station,MF,10:00 to 11:00 AM,194,222
2023,Lansdowne Station,MF,1:00 to 2:00 PM,246,276
2023,Lansdowne Station,MF,1:00 to 2:00 AM,5,0
2023,Lincoln Station,Sun/Hol,6:00 to 7:00 PM,137,214
2023,Lincoln Station,Sun/Hol,6:00 to 7:00 AM,2,29
2023,Lincoln Station,Sun/Hol,5:00 to 6:00 PM,173,196
2023,Lincoln Station,Sun/Hol,5:00 to 6:00 AM,0,2
2023,Lincoln Station,Sun/Hol,4:00 to 5:00 PM,193,211
2023,Lincoln Station,Sun/Hol,4:00 to 5:00 AM,0,0
2023,Lincoln Station,Sun/Hol,3:00 to 4:00 PM,194,210
2023,Lincoln Station,Sun/Hol,2:00 to 3:00 PM,185,200
2023,Lincoln Station,Sun/Hol,2:00 to 3:00 AM,0,0
2023,Lincoln Station,Sun/Hol,12:00 to 1:00 PM,168,174
2023,Lincoln Station,Sun/Hol,12:00 to 1:00 AM,21,2
2023,Lincoln Station,Sun/Hol,11:00 PM to 12:00 AM,31,29
2023,Lincoln Station,Sun/Hol,11:00 AM to 12:00 PM,162,154
2023,Lincoln Station,Sun/Hol,10:00 to 11:00 PM,49,46
2023,Lincoln Station,Sun/Hol,10:00 to 11:00 AM,166,137
2023,Lincoln Station,Sun/Hol,1:00 to 2:00 PM,183,191
2023,Lincoln Station,Sun/Hol,1:00 to 2:00 AM,1,1
2023,Lincoln Station,Sat,9:00 to 10:00 PM,85,90
2023,Lincoln Station,Sat,9:00 to 10:00 AM,155,129
2023,Lincoln Station,Sat,8:00 to 9:00 PM,99,123
2023,Lincoln Station,Sat,8:00 to 9:00 AM,89,108
2023,Lincoln Station,Sat,7:00 to 8:00 PM,138,213
2023,Lincoln Station,Sat,7:00 to 8:00 AM,45,94
2023,Lincoln Station,Sat,6:00 to 7:00 PM,182,226
2023,Lincoln Station,Sat,6:00 to 7:00 AM,1,47
2023,Lincoln Station,Sat,5:00 to 6:00 PM,228,260
2023,Lincoln Station,Sat,5:00 to 6:00 AM,0,9
2023,Lincoln Station,Sat,4:00 to 5:00 PM,240,268
2023,Lincoln Station,Sat,3:00 to 4:00 PM,222,264
2023,Lincoln Station,Sat,3:00 to 4:00 AM,0,0
2023,Lincoln Station,Sat,2:00 to 3:00 PM,225,250
2023,Lincoln Station,Sat,2:00 to 3:00 AM,1,1
2023,Lincoln Station,Sat,12:00 to 1:00 PM,201,224
2023,Lincoln Station,Sat,12:00 to 1:00 AM,44,16
2023,Lincoln Station,Sat,11:00 PM to 12:00 AM,55,42
2023,Lincoln Station,Sat,11:00 AM to 12:00 PM,196,198
2023,Lincoln Station,Sat,10:00 to 11:00 PM,83,57
2023,Lincoln Station,Sat,10:00 to 11:00 AM,187,165
2023,Lincoln Station,Sat,1:00 to 2:00 PM,215,241
2023,Lincoln Station,Sat,1:00 to 2:00 AM,24,1
2023,Lincoln Station,MF,9:00 to 10:00 PM,91,94
2023,Lincoln Station,MF,9:00 to 10:00 AM,156,196
2023,Lincoln Station,MF,8:00 to 9:00 PM,107,117
2023,Lincoln Station,MF,8:00 to 9:00 AM,127,288
2023,Lincoln Station,MF,7:00 to 8:00 PM,169,167
2023,Lincoln Station,MF,7:00 to 8:00 AM,72,382
2023,Lincoln Station,MF,6:00 to 7:00 PM,322,207
2023,Lincoln Station,MF,6:00 to 7:00 AM,58,203
2023,Lincoln Station,MF,5:00 to 6:00 PM,403,274
2023,Lincoln Station,MF,5:00 to 6:00 AM,1,82
2023,Lincoln Station,MF,4:00 to 5:00 PM,371,264
2023,Lincoln Station,MF,4:00 to 5:00 AM,0,7
2023,Lincoln Station,MF,3:00 to 4:00 PM,322,254
2023,Lincoln Station,MF,3:00 to 4:00 AM,0,0
2023,Lincoln Station,MF,2:00 to 3:00 PM,220,189
2023,Lincoln Station,MF,2:00 to 3:00 AM,0,0
2023,Lincoln Station,MF,12:00 to 1:00 PM,183,171
2023,Lincoln Station,MF,12:00 to 1:00 AM,24,7
2023,Lincoln Station,MF,11:00 PM to 12:00 AM,41,28
2023,Lincoln Station,MF,11:00 AM to 12:00 PM,157,182
2023,Lincoln Station,MF,10:00 to 11:00 PM,74,46
2023,Lincoln Station,MF,10:00 to 11:00 AM,151,161
2023,Lincoln Station,MF,1:00 to 2:00 PM,187,188
2023,Lincoln Station,MF,1:00 to 2:00 AM,10,1
2023,Lincoln Station,Sun/Hol,9:00 to 10:00 PM,61,64
2023,Lincoln Station,Sun/Hol,9:00 to 10:00 AM,106,103
2023,Lincoln Station,Sun/Hol,8:00 to 9:00 PM,76,86
2023,Lincoln Station,Sun/Hol,8:00 to 9:00 AM,68,71
2023,Lincoln Station,Sun/Hol,7:00 to 8:00 PM,105,120
2023,Lincoln Station,Sun/Hol,7:00 to 8:00 AM,6,56
2023,Lougheed Town Centre Station,MF,1:00 to 2:00 AM,45,11
2023,Lougheed Town Centre Station,MF,1:00 to 2:00 PM,543,565
2023,Lougheed Town Centre Station,MF,10:00 to 11:00 AM,413,561
2023,Lougheed Town Centre Station,Sun/Hol,9:00 to 10:00 PM,264,190
2023,Lougheed Town Centre Station,Sun/Hol,9:00 to 10:00 AM,210,352
2023,Lougheed Town Centre Station,Sun/Hol,8:00 to 9:00 PM,316,227
2023,Lougheed Town Centre Station,Sun/Hol,8:00 to 9:00 AM,163,262
2023,Lougheed Town Centre Station,Sun/Hol,7:00 to 8:00 PM,424,252
2023,Lougheed Town Centre Station,Sun/Hol,7:00 to 8:00 AM,88,222
2023,Lougheed Town Centre Station,Sun/Hol,6:00 to 7:00 PM,519,409
2023,Lougheed Town Centre Station,Sun/Hol,6:00 to 7:00 AM,11,28
2023,Lougheed Town Centre Station,Sun/Hol,5:00 to 6:00 PM,569,453
2023,Lougheed Town Centre Station,Sun/Hol,5:00 to 6:00 AM,2,8
2023,Lougheed Town Centre Station,Sun/Hol,4:00 to 5:00 PM,573,501
2023,Lougheed Town Centre Station,Sun/Hol,4:00 to 5:00 AM,0,0
2023,Lougheed Town Centre Station,Sun/Hol,3:00 to 4:00 PM,550,537
2023,Lougheed Town Centre Station,Sun/Hol,3:00 to 4:00 AM,0,0
2023,Lougheed Town Centre Station,Sun/Hol,2:00 to 3:00 PM,502,530
2023,Lougheed Town Centre Station,Sun/Hol,2:00 to 3:00 AM,0,0
2023,Lougheed Town Centre Station,Sun/Hol,12:00 to 1:00 PM,395,509
2023,Lougheed Town Centre Station,Sun/Hol,12:00 to 1:00 AM,92,21
2023,Lougheed Town Centre Station,Sun/Hol,11:00 PM to 12:00 AM,145,86
2023,Lougheed Town Centre Station,Sun/Hol,11:00 AM to 12:00 PM,338,479
2023,Lougheed Town Centre Station,Sun/Hol,10:00 to 11:00 PM,217,142
2023,Lougheed Town Centre Station,Sun/Hol,10:00 to 11:00 AM,321,449
2023,Lougheed Town Centre Station,Sun/Hol,1:00 to 2:00 PM,471,548
2023,Lougheed Town Centre Station,Sun/Hol,1:00 to 2:00 AM,7,2
2023,Lougheed Town Centre Station,Sat,9:00 to 10:00 PM,379,235
2023,Lougheed Town Centre Station,Sat,9:00 to 10:00 AM,322,449
2023,Lougheed Town Centre Station,Sat,8:00 to 9:00 PM,398,280
2023,Lougheed Town Centre Station,Sat,8:00 to 9:00 AM,245,402
2023,Lougheed Town Centre Station,Sat,7:00 to 8:00 PM,519,409
2023,Lougheed Town Centre Station,Sat,7:00 to 8:00 AM,184,292
2023,Lougheed Town Centre Station,Sat,6:00 to 7:00 PM,638,512
2023,Lougheed Town Centre Station,Sat,6:00 to 7:00 AM,64,189
2023,Lougheed Town Centre Station,Sat,5:00 to 6:00 PM,717,611
2023,Lougheed Town Centre Station,Sat,5:00 to 6:00 AM,0,2
2023,Lougheed Town Centre Station,Sat,4:00 to 5:00 PM,715,661
2023,Lougheed Town Centre Station,Sat,4:00 to 5:00 AM,0,0
2023,Lougheed Town Centre Station,Sat,3:00 to 4:00 PM,658,671
2023,Lougheed Town Centre Station,Sat,3:00 to 4:00 AM,0,0
2023,Lougheed Town Centre Station,Sat,2:00 to 3:00 PM,582,671
2023,Lougheed Town Centre Station,Sat,2:00 to 3:00 AM,1,1
2023,Lougheed Town Centre Station,Sat,12:00 to 1:00 PM,483,632
2023,Lougheed Town Centre Station,Sat,12:00 to 1:00 AM,179,65
2023,Lougheed Town Centre Station,Sat,11:00 PM to 12:00 AM,245,123
2023,Lougheed Town Centre Station,Sat,11:00 AM to 12:00 PM,412,584
2023,Lougheed Town Centre Station,Sat,10:00 to 11:00 PM,373,199
2023,Lougheed Town Centre Station,Sat,10:00 to 11:00 AM,350,510
2023,Lougheed Town Centre Station,Sat,1:00 to 2:00 PM,552,680
2023,Lougheed Town Centre Station,Sat,1:00 to 2:00 AM,103,20
2023,Lougheed Town Centre Station,MF,9:00 to 10:00 PM,399,206
2023,Lougheed Town Centre Station,MF,9:00 to 10:00 AM,382,706
2023,Lougheed Town Centre Station,MF,8:00 to 9:00 PM,461,293
2023,Lougheed Town Centre Station,MF,8:00 to 9:00 AM,554,1123
2023,Lougheed Town Centre Station,MF,7:00 to 8:00 PM,624,440
2023,Lougheed Town Centre Station,MF,7:00 to 8:00 AM,360,1320
2023,Lougheed Town Centre Station,MF,6:00 to 7:00 PM,1066,612
2023,Lougheed Town Centre Station,MF,6:00 to 7:00 AM,406,856
2023,Lougheed Town Centre Station,MF,5:00 to 6:00 PM,1518,799
2023,Lougheed Town Centre Station,MF,5:00 to 6:00 AM,72,349
2023,Lougheed Town Centre Station,MF,4:00 to 5:00 PM,1360,854
2023,Lougheed Town Centre Station,MF,4:00 to 5:00 AM,0,3
2023,Lougheed Town Centre Station,MF,3:00 to 4:00 PM,1085,781
2023,Lougheed Town Centre Station,MF,3:00 to 4:00 AM,0,0
2023,Lougheed Town Centre Station,MF,2:00 to 3:00 PM,693,628
2023,Lougheed Town Centre Station,MF,2:00 to 3:00 AM,2,1
2023,Lougheed Town Centre Station,MF,12:00 to 1:00 PM,579,600
2023,Lougheed Town Centre Station,MF,12:00 to 1:00 AM,97,36
2023,Lougheed Town Centre Station,MF,11:00 PM to 12:00 AM,180,92
2023,Lougheed Town Centre Station,MF,11:00 AM to 12:00 PM,395,560
2023,Lougheed Town Centre Station,MF,10:00 to 11:00 PM,314,165
2023,Main Street-Science World Station,MF,7:00 to 8:00 AM,1003,447
2023,Main Street-Science World Station,MF,7:00 to 8:00 PM,410,556
2023,Main Street-Science World Station,MF,8:00 to 9:00 AM,1060,607
2023,Main Street-Science World Station,MF,8:00 to 9:00 PM,290,465
2023,Main Street-Science World Station,MF,9:00 to 10:00 AM,907,358
2023,Main Street-Science World Station,MF,9:00 to 10:00 PM,247,409
2023,Main Street-Science World Station,Sat,1:00 to 2:00 AM,29,60
2023,Main Street-Science World Station,Sat,1:00 to 2:00 PM,765,730
2023,Main Street-Science World Station,Sat,10:00 to 11:00 AM,606,376
2023,Main Street-Science World Station,Sat,10:00 to 11:00 PM,274,386
2023,Main Street-Science World Station,Sat,11:00 AM to 12:00 PM,717,494
2023,Main Street-Science World Station,Sat,11:00 PM to 12:00 AM,205,352
2023,Main Street-Science World Station,Sat,12:00 to 1:00 AM,109,227
2023,Main Street-Science World Station,Sat,12:00 to 1:00 PM,707,632
2023,Main Street-Science World Station,Sat,2:00 to 3:00 AM,0,0
2023,Main Street-Science World Station,Sat,2:00 to 3:00 PM,754,837
2023,Main Street-Science World Station,Sat,3:00 to 4:00 PM,732,910
2023,Main Street-Science World Station,Sat,4:00 to 5:00 AM,0,0
2023,Main Street-Science World Station,Sat,4:00 to 5:00 PM,651,923
2023,Main Street-Science World Station,Sat,5:00 to 6:00 AM,0,0
2023,Main Street-Science World Station,Sat,5:00 to 6:00 PM,610,875
2023,Main Street-Science World Station,Sat,6:00 to 7:00 AM,135,66
2023,Main Street-Science World Station,Sat,6:00 to 7:00 PM,536,689
2023,Main Street-Science World Station,Sat,7:00 to 8:00 AM,424,166
2023,Main Street-Science World Station,Sat,7:00 to 8:00 PM,441,484
2023,Main Street-Science World Station,Sat,8:00 to 9:00 AM,425,206
2023,Main Street-Science World Station,Sat,8:00 to 9:00 PM,339,396
2023,Main Street-Science World Station,Sat,9:00 to 10:00 AM,592,264
2023,Main Street-Science World Station,Sat,9:00 to 10:00 PM,302,379
2023,Main Street-Science World Station,Sun/Hol,1:00 to 2:00 AM,2,3
2023,Main Street-Science World Station,Sun/Hol,1:00 to 2:00 PM,620,595
2023,Main Street-Science World Station,Sun/Hol,10:00 to 11:00 AM,468,281
2023,Main Street-Science World Station,Sun/Hol,10:00 to 11:00 PM,153,235
2023,Main Street-Science World Station,Sun/Hol,11:00 AM to 12:00 PM,543,379
2023,Main Street-Science World Station,Sun/Hol,11:00 PM to 12:00 AM,122,196
2023,Main Street-Science World Station,Sun/Hol,12:00 to 1:00 AM,32,58
2023,Main Street-Science World Station,Sun/Hol,12:00 to 1:00 PM,588,494
2023,Main Street-Science World Station,Sun/Hol,2:00 to 3:00 AM,0,0
2023,Main Street-Science World Station,Sun/Hol,2:00 to 3:00 PM,621,672
2023,Main Street-Science World Station,Sun/Hol,3:00 to 4:00 AM,0,0
2023,Main Street-Science World Station,Sun/Hol,3:00 to 4:00 PM,590,735
2023,Main Street-Science World Station,Sun/Hol,4:00 to 5:00 AM,0,0
2023,Main Street-Science World Station,Sun/Hol,4:00 to 5:00 PM,509,729
2023,Main Street-Science World Station,Sun/Hol,5:00 to 6:00 AM,3,3
2023,Main Street-Science World Station,Sun/Hol,5:00 to 6:00 PM,438,683
2023,Main Street-Science World Station,Sun/Hol,6:00 to 7:00 AM,14,10
2023,Main Street-Science World Station,Sun/Hol,6:00 to 7:00 PM,361,484
2023,Main Street-Science World Station,Sun/Hol,7:00 to 8:00 AM,193,103
2023,Main Street-Science World Station,Sun/Hol,7:00 to 8:00 PM,307,379
2023,Main Street-Science World Station,Sun/Hol,8:00 to 9:00 AM,302,194
2023,Main Street-Science World Station,Sun/Hol,8:00 to 9:00 PM,226,323
2023,Main Street-Science World Station,Sun/Hol,9:00 to 10:00 AM,394,217
2023,Main Street-Science World Station,Sun/Hol,9:00 to 10:00 PM,179,276
2023,Main Street-Science World Station,MF,5:00 to 6:00 AM,105,105
2023,Main Street-Science World Station,MF,4:00 to 5:00 PM,818,1359
2023,Main Street-Science World Station,MF,4:00 to 5:00 AM,0,0
2023,Main Street-Science World Station,MF,3:00 to 4:00 PM,723,1159
2023,Main Street-Science World Station,MF,3:00 to 4:00 AM,0,0
2023,Main Street-Science World Station,MF,2:00 to 3:00 PM,575,763
2023,Main Street-Science World Station,MF,2:00 to 3:00 AM,0,0
2023,Main Street-Science World Station,MF,12:00 to 1:00 PM,572,605
2023,Main Street-Science World Station,MF,12:00 to 1:00 AM,66,117
2023,Main Street-Science World Station,MF,11:00 PM to 12:00 AM,147,241
2023,Main Street-Science World Station,MF,11:00 AM to 12:00 PM,582,439
2023,Main Street-Science World Station,MF,10:00 to 11:00 PM,195,304
2023,Main Street-Science World Station,MF,10:00 to 11:00 AM,543,353
2023,Main Street-Science World Station,MF,1:00 to 2:00 PM,586,592
2023,Main Street-Science World Station,MF,1:00 to 2:00 AM,15,26
2023,Main Street-Science World Station,MF,5:00 to 6:00 PM,860,1329
2023,Main Street-Science World Station,MF,6:00 to 7:00 AM,703,257
2023,Main Street-Science World Station,MF,6:00 to 7:00 PM,654,925
2023,Marine Drive Station,Sun/Hol,2:00 to 3:00 AM,1,1
2023,Marine Drive Station,Sun/Hol,2:00 to 3:00 PM,520,603
2023,Marine Drive Station,MF,3:00 to 4:00 AM,0,0
2023,Marine Drive Station,MF,2:00 to 3:00 PM,551,571
2023,Marine Drive Station,MF,2:00 to 3:00 AM,1,1
2023,Marine Drive Station,MF,12:00 to 1:00 PM,398,514
2023,Marine Drive Station,MF,12:00 to 1:00 AM,137,39
2023,Marine Drive Station,Sun/Hol,3:00 to 4:00 AM,0,0
2023,Marine Drive Station,Sun/Hol,3:00 to 4:00 PM,637,579
2023,Marine Drive Station,Sun/Hol,4:00 to 5:00 AM,1,12
2023,Marine Drive Station,Sun/Hol,4:00 to 5:00 PM,653,517
2023,Marine Drive Station,Sun/Hol,5:00 to 6:00 AM,46,109
2023,Marine Drive Station,MF,11:00 PM to 12:00 AM,226,85
2023,Marine Drive Station,MF,11:00 AM to 12:00 PM,300,512
2023,Marine Drive Station,MF,10:00 to 11:00 PM,360,157
2023,Marine Drive Station,Sun/Hol,5:00 to 6:00 PM,639,460
2023,Marine Drive Station,MF,10:00 to 11:00 AM,269,496
2023,Marine Drive Station,MF,1:00 to 2:00 PM,443,508
2023,Marine Drive Station,MF,1:00 to 2:00 AM,44,8
2023,Marine Drive Station,Sun/Hol,6:00 to 7:00 AM,80,180
2023,Marine Drive Station,Sun/Hol,6:00 to 7:00 PM,614,402
2023,Marine Drive Station,Sun/Hol,7:00 to 8:00 AM,132,248
2023,Marine Drive Station,Sun/Hol,7:00 to 8:00 PM,496,282
2023,Marine Drive Station,Sun/Hol,8:00 to 9:00 AM,136,287
2023,Marine Drive Station,Sun/Hol,8:00 to 9:00 PM,405,217
2023,Marine Drive Station,Sun/Hol,9:00 to 10:00 AM,188,386
2023,Marine Drive Station,Sun/Hol,9:00 to 10:00 PM,370,222
2023,Marine Drive Station,Sat,4:00 to 5:00 AM,1,15
2023,Marine Drive Station,Sat,3:00 to 4:00 PM,690,652
2023,Marine Drive Station,Sat,3:00 to 4:00 AM,0,0
2023,Marine Drive Station,Sat,2:00 to 3:00 PM,571,649
2023,Marine Drive Station,Sat,2:00 to 3:00 AM,1,1
2023,Marine Drive Station,Sat,12:00 to 1:00 PM,418,623
2023,Marine Drive Station,Sat,12:00 to 1:00 AM,190,58
2023,Marine Drive Station,Sat,11:00 PM to 12:00 AM,295,106
2023,Marine Drive Station,Sat,11:00 AM to 12:00 PM,336,589
2023,Marine Drive Station,Sat,10:00 to 11:00 PM,395,174
2023,Marine Drive Station,Sat,10:00 to 11:00 AM,256,517
2023,Marine Drive Station,Sat,1:00 to 2:00 PM,475,642
2023,Marine Drive Station,Sat,1:00 to 2:00 AM,67,10
2023,Marine Drive Station,MF,9:00 to 10:00 PM,491,263
2023,Marine Drive Station,MF,9:00 to 10:00 AM,316,639
2023,Marine Drive Station,MF,8:00 to 9:00 PM,497,261
2023,Marine Drive Station,MF,8:00 to 9:00 AM,434,990
2023,Marine Drive Station,Sat,4:00 to 5:00 PM,723,610
2023,Marine Drive Station,Sat,5:00 to 6:00 AM,53,130
2023,Marine Drive Station,Sat,5:00 to 6:00 PM,726,547
2023,Marine Drive Station,Sat,6:00 to 7:00 AM,82,202
2023,Marine Drive Station,Sat,6:00 to 7:00 PM,690,510
2023,Marine Drive Station,Sat,7:00 to 8:00 AM,153,318
2023,Marine Drive Station,Sat,7:00 to 8:00 PM,526,344
2023,Marine Drive Station,Sat,8:00 to 9:00 AM,182,380
2023,Marine Drive Station,MF,7:00 to 8:00 PM,615,334
2023,Marine Drive Station,MF,7:00 to 8:00 AM,398,781
2023,Marine Drive Station,Sat,8:00 to 9:00 PM,472,274
2023,Marine Drive Station,Sat,9:00 to 10:00 AM,211,491
2023,Marine Drive Station,Sat,9:00 to 10:00 PM,447,286
2023,Marine Drive Station,Sun/Hol,1:00 to 2:00 AM,28,8
2023,Marine Drive Station,Sun/Hol,1:00 to 2:00 PM,428,598
2023,Marine Drive Station,MF,6:00 to 7:00 PM,947,570
2023,Marine Drive Station,Sun/Hol,10:00 to 11:00 AM,225,497
2023,Marine Drive Station,Sun/Hol,10:00 to 11:00 PM,302,133
2023,Marine Drive Station,Sun/Hol,11:00 AM to 12:00 PM,307,525
2023,Marine Drive Station,MF,6:00 to 7:00 AM,293,450
2023,Marine Drive Station,MF,5:00 to 6:00 PM,1143,803
2023,Marine Drive Station,MF,5:00 to 6:00 AM,88,196
2023,Marine Drive Station,MF,4:00 to 5:00 PM,999,803
2023,Marine Drive Station,Sun/Hol,11:00 PM to 12:00 AM,205,65
2023,Marine Drive Station,Sun/Hol,12:00 to 1:00 AM,115,33
2023,Marine Drive Station,MF,4:00 to 5:00 AM,1,18
2023,Marine Drive Station,MF,3:00 to 4:00 PM,783,734
2023,Marine Drive Station,Sun/Hol,12:00 to 1:00 PM,374,549
2023,Metrotown Station,Sun/Hol,7:00 to 8:00 PM,816,1699
2023,Metrotown Station,Sun/Hol,7:00 to 8:00 AM,234,222
2023,Metrotown Station,Sun/Hol,6:00 to 7:00 PM,1232,1755
2023,Metrotown Station,Sun/Hol,6:00 to 7:00 AM,22,23
2023,Metrotown Station,Sun/Hol,5:00 to 6:00 PM,1601,1773
2023,Metrotown Station,Sun/Hol,5:00 to 6:00 AM,6,7
2023,Metrotown Station,Sun/Hol,4:00 to 5:00 PM,1869,1829
2023,Metrotown Station,Sun/Hol,4:00 to 5:00 AM,0,0
2023,Metrotown Station,Sun/Hol,3:00 to 4:00 PM,1958,1754
2023,Metrotown Station,Sun/Hol,3:00 to 4:00 AM,0,0
2023,Metrotown Station,Sun/Hol,2:00 to 3:00 PM,1995,1548
2023,Metrotown Station,Sun/Hol,2:00 to 3:00 AM,0,0
2023,Metrotown Station,Sun/Hol,12:00 to 1:00 PM,1664,1090
2023,Metrotown Station,Sun/Hol,12:00 to 1:00 AM,83,50
2023,Metrotown Station,Sun/Hol,11:00 PM to 12:00 AM,231,238
2023,Metrotown Station,Sun/Hol,11:00 AM to 12:00 PM,1445,862
2023,Metrotown Station,MF,1:00 to 2:00 AM,42,13
2023,Metrotown Station,MF,1:00 to 2:00 PM,1624,1334
2023,Metrotown Station,MF,10:00 to 11:00 AM,1284,795
2023,Metrotown Station,MF,10:00 to 11:00 PM,438,487
2023,Metrotown Station,MF,11:00 AM to 12:00 PM,1397,1000
2023,Metrotown Station,MF,11:00 PM to 12:00 AM,280,210
2023,Metrotown Station,MF,12:00 to 1:00 AM,137,91
2023,Metrotown Station,MF,12:00 to 1:00 PM,1572,1193
2023,Metrotown Station,MF,2:00 to 3:00 AM,0,0
2023,Metrotown Station,MF,2:00 to 3:00 PM,1693,1549
2023,Metrotown Station,MF,3:00 to 4:00 AM,0,0
2023,Metrotown Station,MF,3:00 to 4:00 PM,2261,2011
2023,Metrotown Station,MF,4:00 to 5:00 AM,0,0
2023,Metrotown Station,MF,4:00 to 5:00 PM,2505,2437
2023,Metrotown Station,MF,5:00 to 6:00 AM,183,246
2023,Metrotown Station,MF,5:00 to 6:00 PM,2655,2482
2023,Metrotown Station,MF,6:00 to 7:00 AM,792,808
2023,Metrotown Station,MF,6:00 to 7:00 PM,1991,2086
2023,Metrotown Station,MF,7:00 to 8:00 AM,1332,1086
2023,Metrotown Station,MF,7:00 to 8:00 PM,1211,1502
2023,Metrotown Station,MF,8:00 to 9:00 AM,1742,1366
2023,Metrotown Station,MF,8:00 to 9:00 PM,773,1346
2023,Metrotown Station,MF,9:00 to 10:00 AM,1454,865
2023,Metrotown Station,MF,9:00 to 10:00 PM,595,1196
2023,Metrotown Station,Sat,1:00 to 2:00 AM,84,20
2023,Metrotown Station,Sat,1:00 to 2:00 PM,2079,1517
2023,Metrotown Station,Sat,10:00 to 11:00 AM,1273,821
2023,Metrotown Station,Sat,10:00 to 11:00 PM,511,561
2023,Metrotown Station,Sat,11:00 AM to 12:00 PM,1563,1072
2023,Metrotown Station,Sat,11:00 PM to 12:00 AM,379,273
2023,Metrotown Station,Sat,12:00 to 1:00 AM,223,139
2023,Metrotown Station,Sat,12:00 to 1:00 PM,1918,1325
2023,Metrotown Station,Sun/Hol,8:00 to 9:00 AM,463,387
2023,Metrotown Station,Sun/Hol,8:00 to 9:00 PM,584,822
2023,Metrotown Station,Sun/Hol,9:00 to 10:00 AM,705,512
2023,Metrotown Station,Sun/Hol,9:00 to 10:00 PM,444,565
2023,Metrotown Station,Sat,2:00 to 3:00 AM,0,0
2023,Metrotown Station,Sat,2:00 to 3:00 PM,2158,1749
2023,Metrotown Station,Sat,3:00 to 4:00 AM,0,0
2023,Metrotown Station,Sat,3:00 to 4:00 PM,2177,1987
2023,Metrotown Station,Sat,4:00 to 5:00 AM,0,0
2023,Metrotown Station,Sat,4:00 to 5:00 PM,2149,2135
2023,Metrotown Station,Sat,5:00 to 6:00 AM,0,0
2023,Metrotown Station,Sat,5:00 to 6:00 PM,1937,2092
2023,Metrotown Station,Sat,6:00 to 7:00 AM,143,154
2023,Metrotown Station,Sat,6:00 to 7:00 PM,1630,1959
2023,Metrotown Station,Sat,7:00 to 8:00 AM,453,413
2023,Metrotown Station,Sat,7:00 to 8:00 PM,1143,1585
2023,Metrotown Station,Sat,8:00 to 9:00 AM,734,516
2023,Metrotown Station,Sat,8:00 to 9:00 PM,744,1359
2023,Metrotown Station,Sun/Hol,10:00 to 11:00 PM,358,364
2023,Metrotown Station,Sun/Hol,10:00 to 11:00 AM,1158,694
2023,Metrotown Station,Sun/Hol,1:00 to 2:00 PM,1864,1316
2023,Metrotown Station,Sun/Hol,1:00 to 2:00 AM,3,2
2023,Metrotown Station,Sat,9:00 to 10:00 PM,572,1260
2023,Metrotown Station,Sat,9:00 to 10:00 AM,998,622
2023,Moody Centre Station,Sun/Hol,9:00 to 10:00 PM,41,58
2023,Moody Centre Station,Sun/Hol,9:00 to 10:00 AM,52,54
2023,Moody Centre Station,Sun/Hol,8:00 to 9:00 PM,56,69
2023,Moody Centre Station,Sun/Hol,8:00 to 9:00 AM,42,34
2023,Moody Centre Station,Sun/Hol,7:00 to 8:00 PM,75,76
2023,Moody Centre Station,Sun/Hol,7:00 to 8:00 AM,11,25
2023,Moody Centre Station,Sun/Hol,6:00 to 7:00 PM,97,93
2023,Moody Centre Station,Sun/Hol,6:00 to 7:00 AM,2,10
2023,Moody Centre Station,Sun/Hol,5:00 to 6:00 PM,109,116
2023,Moody Centre Station,Sun/Hol,5:00 to 6:00 AM,0,1
2023,Moody Centre Station,Sun/Hol,4:00 to 5:00 PM,120,126
2023,Moody Centre Station,Sun/Hol,4:00 to 5:00 AM,0,0
2023,Moody Centre Station,Sun/Hol,3:00 to 4:00 PM,122,116
2023,Moody Centre Station,Sun/Hol,2:00 to 3:00 PM,120,105
2023,Moody Centre Station,Sun/Hol,12:00 to 1:00 PM,102,88
2023,Moody Centre Station,Sun/Hol,12:00 to 1:00 AM,15,6
2023,Moody Centre Station,Sun/Hol,11:00 PM to 12:00 AM,24,21
2023,Moody Centre Station,Sun/Hol,11:00 AM to 12:00 PM,83,83
2023,Moody Centre Station,Sun/Hol,10:00 to 11:00 PM,36,39
2023,Moody Centre Station,Sun/Hol,10:00 to 11:00 AM,66,65
2023,Moody Centre Station,Sun/Hol,1:00 to 2:00 PM,115,99
2023,Moody Centre Station,Sun/Hol,1:00 to 2:00 AM,1,0
2023,Moody Centre Station,Sat,9:00 to 10:00 PM,66,86
2023,Moody Centre Station,Sat,9:00 to 10:00 AM,77,71
2023,Moody Centre Station,MF,2:00 to 3:00 AM,0,0
2023,Moody Centre Station,MF,12:00 to 1:00 PM,86,85
2023,Moody Centre Station,MF,12:00 to 1:00 AM,19,10
2023,Moody Centre Station,MF,11:00 PM to 12:00 AM,33,27
2023,Moody Centre Station,MF,11:00 AM to 12:00 PM,72,91
2023,Moody Centre Station,MF,10:00 to 11:00 PM,56,45
2023,Moody Centre Station,MF,10:00 to 11:00 AM,69,83
2023,Moody Centre Station,MF,1:00 to 2:00 PM,91,95
2023,Moody Centre Station,MF,1:00 to 2:00 AM,9,2
2023,Moody Centre Station,MF,2:00 to 3:00 PM,116,127
2023,Moody Centre Station,MF,3:00 to 4:00 PM,178,250
2023,Moody Centre Station,MF,4:00 to 5:00 AM,0,0
2023,Moody Centre Station,MF,4:00 to 5:00 PM,230,228
2023,Moody Centre Station,MF,5:00 to 6:00 AM,9,35
2023,Moody Centre Station,MF,5:00 to 6:00 PM,257,271
2023,Moody Centre Station,MF,6:00 to 7:00 AM,81,147
2023,Moody Centre Station,MF,6:00 to 7:00 PM,177,138
2023,Moody Centre Station,MF,7:00 to 8:00 AM,149,209
2023,Moody Centre Station,MF,7:00 to 8:00 PM,115,77
2023,Moody Centre Station,MF,8:00 to 9:00 AM,178,184
2023,Moody Centre Station,MF,8:00 to 9:00 PM,77,69
2023,Moody Centre Station,MF,9:00 to 10:00 AM,78,108
2023,Moody Centre Station,Sat,8:00 to 9:00 PM,81,96
2023,Moody Centre Station,Sat,8:00 to 9:00 AM,60,53
2023,Moody Centre Station,Sat,7:00 to 8:00 PM,115,106
2023,Moody Centre Station,Sat,7:00 to 8:00 AM,44,33
2023,Moody Centre Station,Sat,6:00 to 7:00 PM,129,144
2023,Moody Centre Station,Sat,6:00 to 7:00 AM,4,18
2023,Moody Centre Station,Sat,5:00 to 6:00 PM,151,177
2023,Moody Centre Station,Sat,5:00 to 6:00 AM,0,1
2023,Moody Centre Station,Sat,4:00 to 5:00 PM,160,175
2023,Moody Centre Station,Sat,4:00 to 5:00 AM,0,0
2023,Moody Centre Station,Sat,3:00 to 4:00 PM,155,148
2023,Moody Centre Station,Sat,2:00 to 3:00 PM,151,139
2023,Moody Centre Station,Sat,2:00 to 3:00 AM,0,0
2023,Moody Centre Station,Sat,12:00 to 1:00 PM,124,114
2023,Moody Centre Station,Sat,12:00 to 1:00 AM,38,25
2023,Moody Centre Station,Sat,11:00 PM to 12:00 AM,46,59
2023,Moody Centre Station,Sat,11:00 AM to 12:00 PM,102,99
2023,Moody Centre Station,Sat,10:00 to 11:00 PM,78,68
2023,Moody Centre Station,Sat,10:00 to 11:00 AM,87,87
2023,Moody Centre Station,Sat,1:00 to 2:00 PM,139,124
2023,Moody Centre Station,Sat,1:00 to 2:00 AM,20,5
2023,Moody Centre Station,MF,9:00 to 10:00 PM,66,59
2023,Nanaimo Station,MF,9:00 to 10:00 AM,219,471
2023,Nanaimo Station,MF,9:00 to 10:00 PM,344,128
2023,Nanaimo Station,Sat,1:00 to 2:00 AM,48,10
2023,Nanaimo Station,Sat,1:00 to 2:00 PM,299,418
2023,Nanaimo Station,Sat,10:00 to 11:00 AM,181,377
2023,Nanaimo Station,Sat,10:00 to 11:00 PM,301,112
2023,Nanaimo Station,Sat,11:00 AM to 12:00 PM,207,393
2023,Nanaimo Station,Sat,11:00 PM to 12:00 AM,244,97
2023,Nanaimo Station,Sat,12:00 to 1:00 AM,152,53
2023,Nanaimo Station,Sat,12:00 to 1:00 PM,249,402
2023,Nanaimo Station,Sat,2:00 to 3:00 AM,0,1
2023,Nanaimo Station,Sat,2:00 to 3:00 PM,343,428
2023,Nanaimo Station,Sat,3:00 to 4:00 AM,0,0
2023,Nanaimo Station,Sat,3:00 to 4:00 PM,399,432
2023,Nanaimo Station,Sat,4:00 to 5:00 AM,0,0
2023,Nanaimo Station,Sat,4:00 to 5:00 PM,441,443
2023,Nanaimo Station,Sat,5:00 to 6:00 PM,452,378
2023,Nanaimo Station,Sat,6:00 to 7:00 AM,48,85
2023,Nanaimo Station,Sat,6:00 to 7:00 PM,428,332
2023,Nanaimo Station,Sat,7:00 to 8:00 AM,114,224
2023,Nanaimo Station,Sat,7:00 to 8:00 PM,371,234
2023,Nanaimo Station,Sat,8:00 to 9:00 AM,146,291
2023,Nanaimo Station,Sat,8:00 to 9:00 PM,325,173
2023,Nanaimo Station,Sat,9:00 to 10:00 AM,171,355
2023,Nanaimo Station,Sat,9:00 to 10:00 PM,317,155
2023,Nanaimo Station,Sun/Hol,1:00 to 2:00 AM,2,1
2023,Nanaimo Station,Sun/Hol,1:00 to 2:00 PM,254,370
2023,Nanaimo Station,Sun/Hol,10:00 to 11:00 AM,152,357
2023,Nanaimo Station,Sun/Hol,10:00 to 11:00 PM,204,80
2023,Nanaimo Station,Sun/Hol,11:00 AM to 12:00 PM,173,346
2023,Nanaimo Station,Sun/Hol,11:00 PM to 12:00 AM,160,63
2023,Nanaimo Station,Sun/Hol,12:00 to 1:00 AM,53,18
2023,Nanaimo Station,Sun/Hol,12:00 to 1:00 PM,217,369
2023,Nanaimo Station,Sun/Hol,2:00 to 3:00 AM,0,0
2023,Nanaimo Station,Sun/Hol,2:00 to 3:00 PM,309,372
2023,Nanaimo Station,Sun/Hol,3:00 to 4:00 AM,0,0
2023,Nanaimo Station,Sun/Hol,3:00 to 4:00 PM,354,367
2023,Nanaimo Station,Sun/Hol,4:00 to 5:00 AM,0,0
2023,Nanaimo Station,Sun/Hol,4:00 to 5:00 PM,387,341
2023,Nanaimo Station,Sun/Hol,5:00 to 6:00 AM,1,3
2023,Nanaimo Station,Sun/Hol,5:00 to 6:00 PM,404,275
2023,Nanaimo Station,Sun/Hol,6:00 to 7:00 AM,5,11
2023,Nanaimo Station,Sun/Hol,6:00 to 7:00 PM,384,230
2023,Nanaimo Station,Sun/Hol,7:00 to 8:00 AM,72,128
2023,Nanaimo Station,Sun/Hol,7:00 to 8:00 PM,348,165
2023,Nanaimo Station,Sun/Hol,8:00 to 9:00 AM,124,229
2023,Nanaimo Station,Sun/Hol,8:00 to 9:00 PM,273,125
2023,Nanaimo Station,Sun/Hol,9:00 to 10:00 AM,143,283
2023,Nanaimo Station,Sun/Hol,9:00 to 10:00 PM,229,111
2023,Nanaimo Station,MF,8:00 to 9:00 PM,353,161
2023,Nanaimo Station,MF,8:00 to 9:00 AM,336,784
2023,Nanaimo Station,MF,1:00 to 2:00 AM,24,5
2023,Nanaimo Station,MF,1:00 to 2:00 PM,273,319
2023,Nanaimo Station,MF,10:00 to 11:00 AM,175,332
2023,Nanaimo Station,MF,10:00 to 11:00 PM,264,94
2023,Nanaimo Station,MF,11:00 AM to 12:00 PM,188,327
2023,Nanaimo Station,MF,11:00 PM to 12:00 AM,183,72
2023,Nanaimo Station,MF,12:00 to 1:00 AM,90,34
2023,Nanaimo Station,MF,12:00 to 1:00 PM,237,318
2023,Nanaimo Station,MF,2:00 to 3:00 AM,0,0
2023,Nanaimo Station,MF,2:00 to 3:00 PM,342,355
2023,Nanaimo Station,MF,3:00 to 4:00 AM,0,0
2023,Nanaimo Station,MF,3:00 to 4:00 PM,509,475
2023,Nanaimo Station,MF,4:00 to 5:00 AM,0,0
2023,Nanaimo Station,MF,4:00 to 5:00 PM,691,525
2023,Nanaimo Station,MF,5:00 to 6:00 AM,33,106
2023,Nanaimo Station,MF,5:00 to 6:00 PM,772,484
2023,Nanaimo Station,MF,6:00 to 7:00 AM,203,413
2023,Nanaimo Station,MF,6:00 to 7:00 PM,585,369
2023,Nanaimo Station,MF,7:00 to 8:00 AM,320,581
2023,Nanaimo Station,MF,7:00 to 8:00 PM,412,232
2023,New Westminster Station,Sat,9:00 to 10:00 PM,449,441
2023,New Westminster Station,Sun/Hol,1:00 to 2:00 AM,3,2
2023,New Westminster Station,Sun/Hol,1:00 to 2:00 PM,545,610
2023,New Westminster Station,Sat,9:00 to 10:00 AM,428,428
2023,New Westminster Station,Sat,8:00 to 9:00 PM,521,447
2023,New Westminster Station,Sat,8:00 to 9:00 AM,433,354
2023,New Westminster Station,Sat,7:00 to 8:00 PM,659,549
2023,New Westminster Station,Sat,7:00 to 8:00 AM,219,271
2023,New Westminster Station,Sat,6:00 to 7:00 PM,803,734
2023,New Westminster Station,Sat,6:00 to 7:00 AM,96,228
2023,New Westminster Station,Sat,5:00 to 6:00 PM,851,820
2023,New Westminster Station,Sat,5:00 to 6:00 AM,0,0
2023,New Westminster Station,Sat,4:00 to 5:00 PM,852,862
2023,New Westminster Station,Sat,4:00 to 5:00 AM,0,0
2023,New Westminster Station,Sat,3:00 to 4:00 PM,818,866
2023,New Westminster Station,Sat,2:00 to 3:00 PM,783,774
2023,New Westminster Station,Sat,2:00 to 3:00 AM,0,0
2023,New Westminster Station,Sat,12:00 to 1:00 PM,627,695
2023,New Westminster Station,Sat,12:00 to 1:00 AM,180,129
2023,New Westminster Station,Sat,11:00 PM to 12:00 AM,275,233
2023,New Westminster Station,Sat,11:00 AM to 12:00 PM,527,575
2023,New Westminster Station,Sat,10:00 to 11:00 PM,412,336
2023,New Westminster Station,Sat,10:00 to 11:00 AM,431,501
2023,New Westminster Station,Sat,1:00 to 2:00 PM,669,711
2023,New Westminster Station,Sat,1:00 to 2:00 AM,80,26
2023,New Westminster Station,MF,9:00 to 10:00 PM,450,572
2023,New Westminster Station,MF,9:00 to 10:00 AM,710,544
2023,New Westminster Station,MF,8:00 to 9:00 PM,502,549
2023,New Westminster Station,MF,8:00 to 9:00 AM,922,879
2023,New Westminster Station,MF,7:00 to 8:00 PM,706,588
2023,New Westminster Station,MF,7:00 to 8:00 AM,561,957
2023,New Westminster Station,MF,6:00 to 7:00 PM,1224,1008
2023,New Westminster Station,MF,6:00 to 7:00 AM,458,712
2023,New Westminster Station,MF,5:00 to 6:00 PM,1571,1167
2023,New Westminster Station,MF,5:00 to 6:00 AM,84,304
2023,New Westminster Station,MF,4:00 to 5:00 PM,1415,1315
2023,New Westminster Station,MF,4:00 to 5:00 AM,0,0
2023,New Westminster Station,MF,3:00 to 4:00 PM,1190,1252
2023,New Westminster Station,MF,3:00 to 4:00 AM,0,0
2023,New Westminster Station,MF,2:00 to 3:00 PM,850,912
2023,New Westminster Station,MF,2:00 to 3:00 AM,0,0
2023,New Westminster Station,MF,12:00 to 1:00 PM,868,726
2023,New Westminster Station,MF,12:00 to 1:00 AM,118,90
2023,New Westminster Station,MF,11:00 PM to 12:00 AM,219,188
2023,New Westminster Station,MF,11:00 AM to 12:00 PM,671,552
2023,New Westminster Station,MF,10:00 to 11:00 PM,347,281
2023,New Westminster Station,MF,10:00 to 11:00 AM,631,503
2023,New Westminster Station,MF,1:00 to 2:00 PM,648,675
2023,New Westminster Station,MF,1:00 to 2:00 AM,46,16
2023,New Westminster Station,Sun/Hol,8:00 to 9:00 PM,400,341
2023,New Westminster Station,Sun/Hol,9:00 to 10:00 AM,319,351
2023,New Westminster Station,Sun/Hol,9:00 to 10:00 PM,325,317
2023,New Westminster Station,Sun/Hol,8:00 to 9:00 AM,238,259
2023,New Westminster Station,Sun/Hol,7:00 to 8:00 PM,544,396
2023,New Westminster Station,Sun/Hol,7:00 to 8:00 AM,142,276
2023,New Westminster Station,Sun/Hol,6:00 to 7:00 PM,645,511
2023,New Westminster Station,Sun/Hol,6:00 to 7:00 AM,15,22
2023,New Westminster Station,Sun/Hol,5:00 to 6:00 PM,676,586
2023,New Westminster Station,Sun/Hol,5:00 to 6:00 AM,3,7
2023,New Westminster Station,Sun/Hol,4:00 to 5:00 PM,692,612
2023,New Westminster Station,Sun/Hol,4:00 to 5:00 AM,0,0
2023,New Westminster Station,Sun/Hol,3:00 to 4:00 PM,683,647
2023,New Westminster Station,Sun/Hol,3:00 to 4:00 AM,0,0
2023,New Westminster Station,Sun/Hol,2:00 to 3:00 PM,651,609
2023,New Westminster Station,Sun/Hol,2:00 to 3:00 AM,0,0
2023,New Westminster Station,Sun/Hol,12:00 to 1:00 PM,484,571
2023,New Westminster Station,Sun/Hol,12:00 to 1:00 AM,72,52
2023,New Westminster Station,Sun/Hol,11:00 PM to 12:00 AM,182,173
2023,New Westminster Station,Sun/Hol,11:00 AM to 12:00 PM,414,463
2023,New Westminster Station,Sun/Hol,10:00 to 11:00 PM,252,222
2023,New Westminster Station,Sun/Hol,10:00 to 11:00 AM,383,430
2023,Oakridge-41st Avenue Station,Sat,9:00 to 10:00 AM,168,380
2023,Oakridge-41st Avenue Station,Sat,9:00 to 10:00 PM,329,127
2023,Oakridge-41st Avenue Station,Sun/Hol,1:00 to 2:00 AM,28,6
2023,Oakridge-41st Avenue Station,Sun/Hol,1:00 to 2:00 PM,263,390
2023,Oakridge-41st Avenue Station,Sun/Hol,10:00 to 11:00 AM,140,360
2023,Oakridge-41st Avenue Station,Sun/Hol,10:00 to 11:00 PM,226,70
2023,Oakridge-41st Avenue Station,Sun/Hol,11:00 AM to 12:00 PM,169,383
2023,Oakridge-41st Avenue Station,Sun/Hol,11:00 PM to 12:00 AM,190,42
2023,Oakridge-41st Avenue Station,Sun/Hol,12:00 to 1:00 AM,109,17
2023,Oakridge-41st Avenue Station,Sun/Hol,12:00 to 1:00 PM,212,386
2023,Oakridge-41st Avenue Station,Sun/Hol,2:00 to 3:00 AM,0,1
2023,Oakridge-41st Avenue Station,Sun/Hol,2:00 to 3:00 PM,323,387
2023,Oakridge-41st Avenue Station,Sun/Hol,3:00 to 4:00 AM,0,0
2023,Oakridge-41st Avenue Station,Sun/Hol,3:00 to 4:00 PM,374,343
2023,Oakridge-41st Avenue Station,Sun/Hol,4:00 to 5:00 AM,1,12
2023,Oakridge-41st Avenue Station,Sun/Hol,4:00 to 5:00 PM,400,308
2023,Oakridge-41st Avenue Station,Sun/Hol,5:00 to 6:00 AM,26,99
2023,Oakridge-41st Avenue Station,Sun/Hol,5:00 to 6:00 PM,407,260
2023,Oakridge-41st Avenue Station,Sun/Hol,6:00 to 7:00 AM,46,177
2023,Oakridge-41st Avenue Station,Sun/Hol,6:00 to 7:00 PM,388,217
2023,Oakridge-41st Avenue Station,Sun/Hol,7:00 to 8:00 AM,81,179
2023,Oakridge-41st Avenue Station,Sun/Hol,7:00 to 8:00 PM,341,150
2023,Oakridge-41st Avenue Station,Sun/Hol,8:00 to 9:00 AM,78,205
2023,Oakridge-41st Avenue Station,Sun/Hol,8:00 to 9:00 PM,294,108
2023,Oakridge-41st Avenue Station,Sun/Hol,9:00 to 10:00 AM,118,294
2023,Oakridge-41st Avenue Station,Sun/Hol,9:00 to 10:00 PM,286,95
2023,Oakridge-41st Avenue Station,Sat,3:00 to 4:00 PM,415,421
2023,Oakridge-41st Avenue Station,Sat,3:00 to 4:00 AM,0,0
2023,Oakridge-41st Avenue Station,Sat,2:00 to 3:00 PM,349,469
2023,Oakridge-41st Avenue Station,Sat,2:00 to 3:00 AM,1,1
2023,Oakridge-41st Avenue Station,Sat,12:00 to 1:00 PM,253,462
2023,Oakridge-41st Avenue Station,Sat,12:00 to 1:00 AM,175,27
2023,Oakridge-41st Avenue Station,Sat,11:00 PM to 12:00 AM,268,59
2023,Oakridge-41st Avenue Station,Sat,11:00 AM to 12:00 PM,210,459
2023,Oakridge-41st Avenue Station,Sat,10:00 to 11:00 PM,285,97
2023,Oakridge-41st Avenue Station,Sat,10:00 to 11:00 AM,172,393
2023,Oakridge-41st Avenue Station,Sat,1:00 to 2:00 PM,301,472
2023,Oakridge-41st Avenue Station,Sat,1:00 to 2:00 AM,55,7
2023,Oakridge-41st Avenue Station,MF,9:00 to 10:00 PM,349,131
2023,Oakridge-41st Avenue Station,MF,9:00 to 10:00 AM,258,468
2023,Oakridge-41st Avenue Station,MF,8:00 to 9:00 PM,334,168
2023,Oakridge-41st Avenue Station,MF,8:00 to 9:00 AM,419,655
2023,Oakridge-41st Avenue Station,MF,7:00 to 8:00 PM,392,240
2023,Oakridge-41st Avenue Station,MF,7:00 to 8:00 AM,370,522
2023,Oakridge-41st Avenue Station,MF,6:00 to 7:00 PM,568,406
2023,Oakridge-41st Avenue Station,MF,6:00 to 7:00 AM,234,344
2023,Oakridge-41st Avenue Station,MF,5:00 to 6:00 PM,701,563
2023,Oakridge-41st Avenue Station,MF,5:00 to 6:00 AM,38,152
2023,Oakridge-41st Avenue Station,MF,4:00 to 5:00 PM,620,572
2023,Oakridge-41st Avenue Station,MF,4:00 to 5:00 AM,1,15
2023,Oakridge-41st Avenue Station,MF,3:00 to 4:00 PM,484,683
2023,Oakridge-41st Avenue Station,MF,3:00 to 4:00 AM,0,0
2023,Oakridge-41st Avenue Station,MF,2:00 to 3:00 PM,364,443
2023,Oakridge-41st Avenue Station,MF,2:00 to 3:00 AM,1,1
2023,Oakridge-41st Avenue Station,MF,12:00 to 1:00 PM,260,381
2023,Oakridge-41st Avenue Station,MF,12:00 to 1:00 AM,112,18
2023,Oakridge-41st Avenue Station,MF,11:00 PM to 12:00 AM,188,49
2023,Oakridge-41st Avenue Station,MF,11:00 AM to 12:00 PM,228,359
2023,Oakridge-41st Avenue Station,MF,10:00 to 11:00 PM,264,86
2023,Oakridge-41st Avenue Station,MF,10:00 to 11:00 AM,219,363
2023,Oakridge-41st Avenue Station,MF,1:00 to 2:00 PM,303,377
2023,Oakridge-41st Avenue Station,MF,1:00 to 2:00 AM,33,6
2023,Oakridge-41st Avenue Station,Sat,4:00 to 5:00 AM,1,10
2023,Oakridge-41st Avenue Station,Sat,4:00 to 5:00 PM,444,407
2023,Oakridge-41st Avenue Station,Sat,5:00 to 6:00 AM,24,100
2023,Oakridge-41st Avenue Station,Sat,5:00 to 6:00 PM,455,355
2023,Oakridge-41st Avenue Station,Sat,6:00 to 7:00 AM,58,175
2023,Oakridge-41st Avenue Station,Sat,6:00 to 7:00 PM,425,303
2023,Oakridge-41st Avenue Station,Sat,7:00 to 8:00 AM,117,219
2023,Oakridge-41st Avenue Station,Sat,7:00 to 8:00 PM,353,199
2023,Oakridge-41st Avenue Station,Sat,8:00 to 9:00 AM,124,288
2023,Oakridge-41st Avenue Station,Sat,8:00 to 9:00 PM,335,150
2023,Olympic Village Station,Sun/Hol,1:00 to 2:00 AM,5,2
2023,Olympic Village Station,Sat,9:00 to 10:00 PM,85,85
2023,Olympic Village Station,Sat,9:00 to 10:00 AM,122,110
2023,Olympic Village Station,Sat,8:00 to 9:00 PM,101,98
2023,Olympic Village Station,Sat,8:00 to 9:00 AM,95,78
2023,Olympic Village Station,Sat,7:00 to 8:00 PM,133,141
2023,Olympic Village Station,Sat,7:00 to 8:00 AM,57,57
2023,Olympic Village Station,Sat,6:00 to 7:00 PM,176,212
2023,Olympic Village Station,Sat,6:00 to 7:00 AM,17,32
2023,Olympic Village Station,Sat,5:00 to 6:00 PM,192,250
2023,Olympic Village Station,Sat,5:00 to 6:00 AM,10,14
2023,Olympic Village Station,Sat,4:00 to 5:00 PM,216,249
2023,Olympic Village Station,Sat,4:00 to 5:00 AM,1,4
2023,Olympic Village Station,Sat,3:00 to 4:00 PM,224,237
2023,Olympic Village Station,MF,1:00 to 2:00 AM,5,2
2023,Olympic Village Station,MF,1:00 to 2:00 PM,173,181
2023,Olympic Village Station,MF,10:00 to 11:00 AM,148,135
2023,Olympic Village Station,MF,10:00 to 11:00 PM,64,69
2023,Olympic Village Station,MF,11:00 AM to 12:00 PM,159,162
2023,Olympic Village Station,MF,11:00 PM to 12:00 AM,38,36
2023,Olympic Village Station,MF,12:00 to 1:00 AM,18,14
2023,Olympic Village Station,MF,12:00 to 1:00 PM,176,178
2023,Olympic Village Station,MF,2:00 to 3:00 AM,0,0
2023,Olympic Village Station,MF,2:00 to 3:00 PM,182,211
2023,Olympic Village Station,MF,3:00 to 4:00 AM,0,0
2023,Olympic Village Station,MF,3:00 to 4:00 PM,245,300
2023,Olympic Village Station,Sat,11:00 AM to 12:00 PM,173,172
2023,Olympic Village Station,Sat,10:00 to 11:00 PM,72,68
2023,Olympic Village Station,Sat,10:00 to 11:00 AM,142,144
2023,Olympic Village Station,Sat,1:00 to 2:00 PM,208,211
2023,Olympic Village Station,Sat,1:00 to 2:00 AM,9,5
2023,Olympic Village Station,MF,9:00 to 10:00 PM,91,100
2023,Olympic Village Station,MF,9:00 to 10:00 AM,244,179
2023,Olympic Village Station,MF,8:00 to 9:00 PM,103,127
2023,Olympic Village Station,MF,8:00 to 9:00 AM,391,311
2023,Olympic Village Station,MF,7:00 to 8:00 PM,146,171
2023,Olympic Village Station,MF,7:00 to 8:00 AM,218,220
2023,Olympic Village Station,MF,6:00 to 7:00 PM,247,334
2023,Olympic Village Station,MF,6:00 to 7:00 AM,94,102
2023,Olympic Village Station,MF,5:00 to 6:00 PM,329,471
2023,Olympic Village Station,MF,5:00 to 6:00 AM,17,26
2023,Olympic Village Station,MF,4:00 to 5:00 PM,290,425
2023,Olympic Village Station,MF,4:00 to 5:00 AM,2,4
2023,Olympic Village Station,Sat,3:00 to 4:00 AM,0,0
2023,Olympic Village Station,Sat,2:00 to 3:00 PM,215,226
2023,Olympic Village Station,Sat,2:00 to 3:00 AM,0,0
2023,Olympic Village Station,Sat,12:00 to 1:00 PM,187,204
2023,Olympic Village Station,Sat,12:00 to 1:00 AM,34,31
2023,Olympic Village Station,Sat,11:00 PM to 12:00 AM,53,59
2023,Olympic Village Station,Sun/Hol,9:00 to 10:00 PM,62,55
2023,Olympic Village Station,Sun/Hol,9:00 to 10:00 AM,96,94
2023,Olympic Village Station,Sun/Hol,8:00 to 9:00 PM,70,69
2023,Olympic Village Station,Sun/Hol,8:00 to 9:00 AM,68,65
2023,Olympic Village Station,Sun/Hol,7:00 to 8:00 PM,93,99
2023,Olympic Village Station,Sun/Hol,7:00 to 8:00 AM,38,46
2023,Olympic Village Station,Sun/Hol,6:00 to 7:00 PM,120,151
2023,Olympic Village Station,Sun/Hol,6:00 to 7:00 AM,20,30
2023,Olympic Village Station,Sun/Hol,5:00 to 6:00 PM,152,176
2023,Olympic Village Station,Sun/Hol,5:00 to 6:00 AM,4,12
2023,Olympic Village Station,Sun/Hol,4:00 to 5:00 PM,168,191
2023,Olympic Village Station,Sun/Hol,4:00 to 5:00 AM,1,4
2023,Olympic Village Station,Sun/Hol,3:00 to 4:00 PM,185,202
2023,Olympic Village Station,Sun/Hol,3:00 to 4:00 AM,0,0
2023,Olympic Village Station,Sun/Hol,2:00 to 3:00 PM,175,193
2023,Olympic Village Station,Sun/Hol,2:00 to 3:00 AM,0,0
2023,Olympic Village Station,Sun/Hol,12:00 to 1:00 PM,164,170
2023,Olympic Village Station,Sun/Hol,12:00 to 1:00 AM,18,11
2023,Olympic Village Station,Sun/Hol,11:00 PM to 12:00 AM,35,25
2023,Olympic Village Station,Sun/Hol,11:00 AM to 12:00 PM,144,154
2023,Olympic Village Station,Sun/Hol,10:00 to 11:00 PM,52,41
2023,Olympic Village Station,Sun/Hol,10:00 to 11:00 AM,117,128
2023,Olympic Village Station,Sun/Hol,1:00 to 2:00 PM,175,180
2023,Patterson Station,Sun/Hol,2:00 to 3:00 AM,0,0
2023,Patterson Station,Sun/Hol,2:00 to 3:00 PM,216,216
2023,Patterson Station,Sun/Hol,3:00 to 4:00 AM,0,0
2023,Patterson Station,Sun/Hol,3:00 to 4:00 PM,225,211
2023,Patterson Station,Sun/Hol,4:00 to 5:00 PM,241,191
2023,Patterson Station,Sun/Hol,5:00 to 6:00 AM,1,2
2023,Patterson Station,Sun/Hol,5:00 to 6:00 PM,252,169
2023,Patterson Station,Sun/Hol,6:00 to 7:00 AM,4,6
2023,Patterson Station,Sun/Hol,6:00 to 7:00 PM,236,145
2023,Patterson Station,Sun/Hol,7:00 to 8:00 AM,32,70
2023,Patterson Station,Sun/Hol,7:00 to 8:00 PM,221,113
2023,Patterson Station,Sun/Hol,8:00 to 9:00 AM,65,120
2023,Patterson Station,Sun/Hol,8:00 to 9:00 PM,180,105
2023,Patterson Station,Sun/Hol,9:00 to 10:00 AM,82,158
2023,Patterson Station,Sun/Hol,9:00 to 10:00 PM,173,96
2023,Patterson Station,MF,1:00 to 2:00 AM,16,5
2023,Patterson Station,MF,1:00 to 2:00 PM,174,178
2023,Patterson Station,MF,10:00 to 11:00 AM,119,202
2023,Patterson Station,MF,10:00 to 11:00 PM,152,75
2023,Patterson Station,MF,11:00 AM to 12:00 PM,124,192
2023,Patterson Station,MF,11:00 PM to 12:00 AM,94,50
2023,Patterson Station,MF,12:00 to 1:00 AM,49,18
2023,Patterson Station,MF,12:00 to 1:00 PM,151,186
2023,Patterson Station,Sat,3:00 to 4:00 PM,264,256
2023,Patterson Station,Sat,4:00 to 5:00 AM,0,0
2023,Patterson Station,Sat,4:00 to 5:00 PM,281,255
2023,Patterson Station,Sat,5:00 to 6:00 AM,0,0
2023,Patterson Station,Sat,5:00 to 6:00 PM,288,238
2023,Patterson Station,Sat,6:00 to 7:00 AM,19,42
2023,Patterson Station,Sat,6:00 to 7:00 PM,271,206
2023,Patterson Station,Sat,7:00 to 8:00 AM,72,125
2023,Patterson Station,Sat,7:00 to 8:00 PM,223,153
2023,Patterson Station,Sat,8:00 to 9:00 AM,120,164
2023,Patterson Station,Sat,8:00 to 9:00 PM,178,123
2023,Patterson Station,Sat,9:00 to 10:00 AM,108,222
2023,Patterson Station,Sat,9:00 to 10:00 PM,178,107
2023,Patterson Station,Sun/Hol,1:00 to 2:00 AM,1,1
2023,Patterson Station,Sun/Hol,1:00 to 2:00 PM,200,224
2023,Patterson Station,Sun/Hol,10:00 to 11:00 AM,117,202
2023,Patterson Station,Sun/Hol,10:00 to 11:00 PM,123,99
2023,Patterson Station,Sun/Hol,11:00 AM to 12:00 PM,136,210
2023,Patterson Station,Sun/Hol,11:00 PM to 12:00 AM,77,74
2023,Patterson Station,Sun/Hol,12:00 to 1:00 AM,31,10
2023,Patterson Station,Sun/Hol,12:00 to 1:00 PM,176,224
2023,Patterson Station,Sat,2:00 to 3:00 PM,253,252
2023,Patterson Station,Sat,2:00 to 3:00 AM,0,0
2023,Patterson Station,Sat,12:00 to 1:00 PM,193,253
2023,Patterson Station,Sat,12:00 to 1:00 AM,84,30
2023,Patterson Station,Sat,11:00 PM to 12:00 AM,128,63
2023,Patterson Station,Sat,11:00 AM to 12:00 PM,164,244
2023,Patterson Station,Sat,10:00 to 11:00 PM,171,93
2023,Patterson Station,Sat,10:00 to 11:00 AM,144,230
2023,Patterson Station,Sat,1:00 to 2:00 PM,226,248
2023,Patterson Station,Sat,1:00 to 2:00 AM,33,6
2023,Patterson Station,MF,9:00 to 10:00 PM,182,90
2023,Patterson Station,MF,9:00 to 10:00 AM,140,279
2023,Patterson Station,MF,8:00 to 9:00 PM,188,119
2023,Patterson Station,MF,8:00 to 9:00 AM,198,458
2023,Patterson Station,MF,7:00 to 8:00 PM,252,153
2023,Patterson Station,MF,7:00 to 8:00 AM,166,379
2023,Patterson Station,MF,6:00 to 7:00 PM,400,226
2023,Patterson Station,MF,6:00 to 7:00 AM,178,218
2023,Patterson Station,MF,5:00 to 6:00 PM,518,309
2023,Patterson Station,MF,5:00 to 6:00 AM,28,67
2023,Patterson Station,MF,4:00 to 5:00 PM,429,309
2023,Patterson Station,MF,4:00 to 5:00 AM,0,0
2023,Patterson Station,MF,3:00 to 4:00 PM,322,291
2023,Patterson Station,MF,3:00 to 4:00 AM,0,0
2023,Patterson Station,MF,2:00 to 3:00 PM,210,200
2023,Patterson Station,MF,2:00 to 3:00 AM,0,0
2023,Production Way-University Station,Sun/Hol,9:00 to 10:00 AM,65,74
2023,Production Way-University Station,Sun/Hol,8:00 to 9:00 PM,75,62
2023,Production Way-University Station,Sun/Hol,8:00 to 9:00 AM,61,48
2023,Production Way-University Station,Sun/Hol,7:00 to 8:00 PM,91,75
2023,Production Way-University Station,Sun/Hol,7:00 to 8:00 AM,52,62
2023,Production Way-University Station,Sun/Hol,6:00 to 7:00 PM,112,101
2023,Production Way-University Station,Sun/Hol,6:00 to 7:00 AM,5,6
2023,Production Way-University Station,Sun/Hol,5:00 to 6:00 PM,125,143
2023,Production Way-University Station,Sun/Hol,5:00 to 6:00 AM,1,1
2023,Production Way-University Station,Sun/Hol,4:00 to 5:00 PM,133,164
2023,Production Way-University Station,Sun/Hol,4:00 to 5:00 AM,0,0
2023,Production Way-University Station,Sun/Hol,3:00 to 4:00 PM,134,140
2023,Production Way-University Station,Sun/Hol,2:00 to 3:00 PM,141,137
2023,Production Way-University Station,Sun/Hol,2:00 to 3:00 AM,0,0
2023,Production Way-University Station,Sun/Hol,12:00 to 1:00 PM,104,120
2023,Production Way-University Station,Sun/Hol,12:00 to 1:00 AM,18,7
2023,Production Way-University Station,Sun/Hol,11:00 PM to 12:00 AM,34,27
2023,Production Way-University Station,Sun/Hol,11:00 AM to 12:00 PM,92,106
2023,Production Way-University Station,Sun/Hol,10:00 to 11:00 PM,49,43
2023,Production Way-University Station,Sun/Hol,10:00 to 11:00 AM,78,94
2023,Production Way-University Station,Sun/Hol,1:00 to 2:00 PM,136,131
2023,Production Way-University Station,Sun/Hol,1:00 to 2:00 AM,1,0
2023,Production Way-University Station,Sat,9:00 to 10:00 PM,87,64
2023,Production Way-University Station,Sat,9:00 to 10:00 AM,91,91
2023,Production Way-University Station,Sat,8:00 to 9:00 PM,89,76
2023,Production Way-University Station,Sat,8:00 to 9:00 AM,88,66
2023,Production Way-University Station,Sat,7:00 to 8:00 PM,108,101
2023,Production Way-University Station,Sat,7:00 to 8:00 AM,92,60
2023,Production Way-University Station,Sat,6:00 to 7:00 PM,131,152
2023,Production Way-University Station,Sat,6:00 to 7:00 AM,30,48
2023,Production Way-University Station,Sat,5:00 to 6:00 PM,154,186
2023,Production Way-University Station,Sat,5:00 to 6:00 AM,0,0
2023,Production Way-University Station,Sat,4:00 to 5:00 PM,162,207
2023,Production Way-University Station,Sat,4:00 to 5:00 AM,0,0
2023,Production Way-University Station,Sat,3:00 to 4:00 PM,151,195
2023,Production Way-University Station,Sat,2:00 to 3:00 PM,166,188
2023,Production Way-University Station,Sat,2:00 to 3:00 AM,0,0
2023,Production Way-University Station,Sat,12:00 to 1:00 PM,131,164
2023,Production Way-University Station,Sat,12:00 to 1:00 AM,33,10
2023,Production Way-University Station,Sat,11:00 PM to 12:00 AM,59,38
2023,Production Way-University Station,Sat,11:00 AM to 12:00 PM,119,137
2023,Production Way-University Station,Sat,10:00 to 11:00 PM,79,50
2023,Production Way-University Station,Sat,10:00 to 11:00 AM,107,115
2023,Production Way-University Station,Sat,1:00 to 2:00 PM,153,179
2023,Production Way-University Station,Sat,1:00 to 2:00 AM,14,5
2023,Production Way-University Station,MF,9:00 to 10:00 PM,95,134
2023,Production Way-University Station,MF,9:00 to 10:00 AM,491,132
2023,Production Way-University Station,MF,8:00 to 9:00 PM,96,178
2023,Production Way-University Station,MF,8:00 to 9:00 AM,732,186
2023,Production Way-University Station,MF,7:00 to 8:00 PM,130,218
2023,Production Way-University Station,MF,7:00 to 8:00 AM,563,211
2023,Production Way-University Station,MF,6:00 to 7:00 PM,203,329
2023,Production Way-University Station,MF,6:00 to 7:00 AM,233,138
2023,Production Way-University Station,MF,5:00 to 6:00 PM,281,725
2023,Production Way-University Station,MF,5:00 to 6:00 AM,49,55
2023,Production Way-University Station,MF,4:00 to 5:00 PM,260,728
2023,Production Way-University Station,MF,4:00 to 5:00 AM,0,3
2023,Production Way-University Station,MF,3:00 to 4:00 PM,229,556
2023,Production Way-University Station,MF,3:00 to 4:00 AM,0,0
2023,Production Way-University Station,MF,2:00 to 3:00 PM,252,354
2023,Production Way-University Station,MF,2:00 to 3:00 AM,0,0
2023,Production Way-University Station,MF,12:00 to 1:00 PM,274,262
2023,Production Way-University Station,MF,12:00 to 1:00 AM,20,13
2023,Production Way-University Station,MF,11:00 PM to 12:00 AM,42,62
2023,Production Way-University Station,MF,11:00 AM to 12:00 PM,282,178
2023,Production Way-University Station,MF,10:00 to 11:00 PM,77,90
2023,Production Way-University Station,MF,10:00 to 11:00 AM,331,140
2023,Production Way-University Station,MF,1:00 to 2:00 PM,319,257
2023,Production Way-University Station,MF,1:00 to 2:00 AM,8,4
2023,Production Way-University Station,Sun/Hol,9:00 to 10:00 PM,68,47
2023,Renfrew Station,Sun/Hol,9:00 to 10:00 PM,75,49
2023,Renfrew Station,Sun/Hol,9:00 to 10:00 AM,80,97
2023,Renfrew Station,MF,7:00 to 8:00 PM,124,119
2023,Renfrew Station,MF,8:00 to 9:00 AM,472,212
2023,Renfrew Station,MF,8:00 to 9:00 PM,103,109
2023,Renfrew Station,MF,9:00 to 10:00 AM,176,163
2023,Renfrew Station,MF,9:00 to 10:00 PM,102,106
2023,Renfrew Station,Sat,1:00 to 2:00 AM,17,6
2023,Renfrew Station,Sat,1:00 to 2:00 PM,187,178
2023,Renfrew Station,Sat,10:00 to 11:00 AM,91,140
2023,Renfrew Station,Sat,10:00 to 11:00 PM,94,58
2023,Renfrew Station,Sat,11:00 AM to 12:00 PM,101,173
2023,Renfrew Station,Sat,11:00 PM to 12:00 AM,68,46
2023,Renfrew Station,Sat,12:00 to 1:00 AM,49,22
2023,Renfrew Station,Sat,12:00 to 1:00 PM,146,212
2023,Renfrew Station,Sat,2:00 to 3:00 AM,0,0
2023,Renfrew Station,Sat,2:00 to 3:00 PM,136,183
2023,Renfrew Station,Sat,3:00 to 4:00 AM,0,0
2023,Renfrew Station,Sat,3:00 to 4:00 PM,145,204
2023,Renfrew Station,Sat,4:00 to 5:00 AM,0,0
2023,Renfrew Station,Sat,4:00 to 5:00 PM,161,215
2023,Renfrew Station,Sat,5:00 to 6:00 AM,0,0
2023,Renfrew Station,Sat,5:00 to 6:00 PM,150,217
2023,Renfrew Station,Sat,6:00 to 7:00 AM,23,36
2023,Renfrew Station,Sat,6:00 to 7:00 PM,135,138
2023,Renfrew Station,Sat,7:00 to 8:00 AM,69,69
2023,Renfrew Station,Sat,7:00 to 8:00 PM,107,95
2023,Renfrew Station,Sat,8:00 to 9:00 AM,206,98
2023,Renfrew Station,Sat,8:00 to 9:00 PM,92,77
2023,Renfrew Station,Sat,9:00 to 10:00 AM,98,130
2023,Renfrew Station,Sat,9:00 to 10:00 PM,91,68
2023,Renfrew Station,Sun/Hol,1:00 to 2:00 AM,1,0
2023,Renfrew Station,Sun/Hol,1:00 to 2:00 PM,136,171
2023,Renfrew Station,Sun/Hol,10:00 to 11:00 AM,95,129
2023,Renfrew Station,Sun/Hol,10:00 to 11:00 PM,64,44
2023,Renfrew Station,Sun/Hol,11:00 AM to 12:00 PM,106,144
2023,Renfrew Station,Sun/Hol,11:00 PM to 12:00 AM,50,28
2023,Renfrew Station,Sun/Hol,12:00 to 1:00 AM,18,7
2023,Renfrew Station,Sun/Hol,12:00 to 1:00 PM,116,201
2023,Renfrew Station,Sun/Hol,2:00 to 3:00 AM,0,0
2023,Renfrew Station,Sun/Hol,2:00 to 3:00 PM,115,167
2023,Renfrew Station,Sun/Hol,3:00 to 4:00 PM,122,168
2023,Renfrew Station,Sun/Hol,4:00 to 5:00 PM,138,167
2023,Renfrew Station,Sun/Hol,5:00 to 6:00 AM,1,1
2023,Renfrew Station,Sun/Hol,5:00 to 6:00 PM,136,161
2023,Renfrew Station,Sun/Hol,6:00 to 7:00 AM,3,4
2023,Renfrew Station,Sun/Hol,6:00 to 7:00 PM,118,96
2023,Renfrew Station,Sun/Hol,7:00 to 8:00 AM,54,43
2023,Renfrew Station,Sun/Hol,7:00 to 8:00 PM,93,72
2023,Renfrew Station,Sun/Hol,8:00 to 9:00 AM,123,69
2023,Renfrew Station,Sun/Hol,8:00 to 9:00 PM,78,59
2023,Renfrew Station,MF,7:00 to 8:00 AM,254,166
2023,Renfrew Station,MF,6:00 to 7:00 PM,203,185
2023,Renfrew Station,MF,6:00 to 7:00 AM,107,141
2023,Renfrew Station,MF,5:00 to 6:00 PM,288,372
2023,Renfrew Station,MF,5:00 to 6:00 AM,26,45
2023,Renfrew Station,MF,4:00 to 5:00 PM,260,396
2023,Renfrew Station,MF,4:00 to 5:00 AM,0,0
2023,Renfrew Station,MF,3:00 to 4:00 PM,197,338
2023,Renfrew Station,MF,3:00 to 4:00 AM,0,0
2023,Renfrew Station,MF,2:00 to 3:00 PM,158,211
2023,Renfrew Station,MF,2:00 to 3:00 AM,0,0
2023,Renfrew Station,MF,12:00 to 1:00 PM,187,235
2023,Renfrew Station,MF,12:00 to 1:00 AM,27,11
2023,Renfrew Station,MF,11:00 PM to 12:00 AM,54,33
2023,Renfrew Station,MF,11:00 AM to 12:00 PM,110,173
2023,Renfrew Station,MF,10:00 to 11:00 PM,79,78
2023,Renfrew Station,MF,10:00 to 11:00 AM,106,137
2023,Renfrew Station,MF,1:00 to 2:00 PM,197,178
2023,Renfrew Station,MF,1:00 to 2:00 AM,9,3
2023,Richmond-Brighouse Station,Sat,10:00 to 11:00 AM,331,582
2023,Richmond-Brighouse Station,Sat,1:00 to 2:00 PM,573,688
2023,Richmond-Brighouse Station,Sat,1:00 to 2:00 AM,78,2
2023,Richmond-Brighouse Station,MF,9:00 to 10:00 PM,360,192
2023,Richmond-Brighouse Station,MF,9:00 to 10:00 AM,343,783
2023,Richmond-Brighouse Station,MF,8:00 to 9:00 PM,460,237
2023,Richmond-Brighouse Station,MF,8:00 to 9:00 AM,351,1200
2023,Richmond-Brighouse Station,MF,7:00 to 8:00 PM,643,295
2023,Richmond-Brighouse Station,MF,7:00 to 8:00 AM,303,1180
2023,Richmond-Brighouse Station,MF,6:00 to 7:00 PM,1046,476
2023,Richmond-Brighouse Station,MF,6:00 to 7:00 AM,266,559
2023,Richmond-Brighouse Station,MF,5:00 to 6:00 PM,1244,674
2023,Richmond-Brighouse Station,MF,5:00 to 6:00 AM,36,207
2023,Richmond-Brighouse Station,MF,4:00 to 5:00 PM,1067,693
2023,Richmond-Brighouse Station,Sat,10:00 to 11:00 PM,297,129
2023,Richmond-Brighouse Station,Sat,11:00 AM to 12:00 PM,396,639
2023,Richmond-Brighouse Station,Sat,11:00 PM to 12:00 AM,212,60
2023,Richmond-Brighouse Station,Sat,12:00 to 1:00 AM,160,28
2023,Richmond-Brighouse Station,Sat,12:00 to 1:00 PM,512,678
2023,Richmond-Brighouse Station,Sat,2:00 to 3:00 AM,1,1
2023,Richmond-Brighouse Station,Sat,2:00 to 3:00 PM,628,719
2023,Richmond-Brighouse Station,Sat,3:00 to 4:00 AM,0,0
2023,Richmond-Brighouse Station,Sat,3:00 to 4:00 PM,713,702
2023,Richmond-Brighouse Station,Sat,4:00 to 5:00 AM,1,18
2023,Richmond-Brighouse Station,Sat,4:00 to 5:00 PM,737,688
2023,Richmond-Brighouse Station,Sun/Hol,9:00 to 10:00 PM,278,148
2023,Richmond-Brighouse Station,Sun/Hol,9:00 to 10:00 AM,189,427
2023,Richmond-Brighouse Station,MF,4:00 to 5:00 AM,1,44
2023,Richmond-Brighouse Station,Sun/Hol,8:00 to 9:00 PM,327,192
2023,Richmond-Brighouse Station,Sun/Hol,8:00 to 9:00 AM,141,279
2023,Richmond-Brighouse Station,Sun/Hol,7:00 to 8:00 PM,428,306
2023,Richmond-Brighouse Station,Sun/Hol,7:00 to 8:00 AM,121,236
2023,Richmond-Brighouse Station,MF,3:00 to 4:00 PM,838,711
2023,Richmond-Brighouse Station,MF,3:00 to 4:00 AM,0,0
2023,Richmond-Brighouse Station,MF,2:00 to 3:00 PM,650,587
2023,Richmond-Brighouse Station,MF,2:00 to 3:00 AM,1,1
2023,Richmond-Brighouse Station,Sat,5:00 to 6:00 AM,20,113
2023,Richmond-Brighouse Station,Sat,5:00 to 6:00 PM,733,626
2023,Richmond-Brighouse Station,Sat,6:00 to 7:00 AM,80,222
2023,Richmond-Brighouse Station,Sat,6:00 to 7:00 PM,678,518
2023,Richmond-Brighouse Station,Sat,7:00 to 8:00 AM,144,279
2023,Richmond-Brighouse Station,Sat,7:00 to 8:00 PM,512,370
2023,Richmond-Brighouse Station,Sat,8:00 to 9:00 AM,170,395
2023,Richmond-Brighouse Station,Sat,8:00 to 9:00 PM,433,283
2023,Richmond-Brighouse Station,Sat,9:00 to 10:00 AM,338,501
2023,Richmond-Brighouse Station,Sat,9:00 to 10:00 PM,352,254
2023,Richmond-Brighouse Station,Sun/Hol,1:00 to 2:00 AM,32,2
2023,Richmond-Brighouse Station,Sun/Hol,1:00 to 2:00 PM,504,618
2023,Richmond-Brighouse Station,Sun/Hol,10:00 to 11:00 AM,319,531
2023,Richmond-Brighouse Station,Sun/Hol,10:00 to 11:00 PM,217,85
2023,Richmond-Brighouse Station,Sun/Hol,11:00 AM to 12:00 PM,354,556
2023,Richmond-Brighouse Station,Sun/Hol,11:00 PM to 12:00 AM,128,48
2023,Richmond-Brighouse Station,Sun/Hol,12:00 to 1:00 AM,81,19
2023,Richmond-Brighouse Station,Sun/Hol,12:00 to 1:00 PM,429,576
2023,Richmond-Brighouse Station,Sun/Hol,2:00 to 3:00 AM,1,1
2023,Richmond-Brighouse Station,Sun/Hol,2:00 to 3:00 PM,561,614
2023,Richmond-Brighouse Station,Sun/Hol,3:00 to 4:00 AM,0,1
2023,Richmond-Brighouse Station,Sun/Hol,3:00 to 4:00 PM,627,579
2023,Richmond-Brighouse Station,Sun/Hol,4:00 to 5:00 AM,2,15
2023,Richmond-Brighouse Station,Sun/Hol,4:00 to 5:00 PM,663,547
2023,Richmond-Brighouse Station,MF,1:00 to 2:00 AM,21,2
2023,Richmond-Brighouse Station,MF,1:00 to 2:00 PM,539,577
2023,Richmond-Brighouse Station,MF,10:00 to 11:00 AM,320,635
2023,Richmond-Brighouse Station,MF,10:00 to 11:00 PM,135,50
2023,Richmond-Brighouse Station,MF,11:00 AM to 12:00 PM,358,619
2023,Richmond-Brighouse Station,MF,11:00 PM to 12:00 AM,77,21
2023,Richmond-Brighouse Station,Sun/Hol,5:00 to 6:00 AM,21,92
2023,Richmond-Brighouse Station,Sun/Hol,5:00 to 6:00 PM,632,473
2023,Richmond-Brighouse Station,Sun/Hol,6:00 to 7:00 AM,78,215
2023,Richmond-Brighouse Station,MF,12:00 to 1:00 AM,50,8
2023,Richmond-Brighouse Station,MF,12:00 to 1:00 PM,481,597
2023,Richmond-Brighouse Station,Sun/Hol,6:00 to 7:00 PM,560,388
2023,Royal Oak Station,Sun/Hol,8:00 to 9:00 PM,174,113
2023,Royal Oak Station,Sun/Hol,8:00 to 9:00 AM,90,151
2023,Royal Oak Station,Sun/Hol,7:00 to 8:00 PM,234,125
2023,Royal Oak Station,Sun/Hol,7:00 to 8:00 AM,29,102
2023,Royal Oak Station,Sun/Hol,6:00 to 7:00 PM,270,168
2023,Royal Oak Station,Sun/Hol,6:00 to 7:00 AM,3,9
2023,Royal Oak Station,Sun/Hol,5:00 to 6:00 PM,277,206
2023,Royal Oak Station,Sun/Hol,5:00 to 6:00 AM,1,2
2023,Royal Oak Station,Sun/Hol,4:00 to 5:00 PM,273,232
2023,Royal Oak Station,Sun/Hol,4:00 to 5:00 AM,0,0
2023,Royal Oak Station,Sun/Hol,3:00 to 4:00 PM,250,241
2023,Royal Oak Station,Sun/Hol,9:00 to 10:00 AM,113,209
2023,Royal Oak Station,Sun/Hol,9:00 to 10:00 PM,156,100
2023,Royal Oak Station,Sun/Hol,11:00 PM to 12:00 AM,107,44
2023,Royal Oak Station,Sun/Hol,12:00 to 1:00 AM,45,10
2023,Royal Oak Station,Sun/Hol,12:00 to 1:00 PM,217,253
2023,Royal Oak Station,Sun/Hol,2:00 to 3:00 AM,0,0
2023,Royal Oak Station,Sun/Hol,11:00 AM to 12:00 PM,148,247
2023,Royal Oak Station,Sun/Hol,10:00 to 11:00 PM,142,77
2023,Royal Oak Station,Sun/Hol,2:00 to 3:00 PM,226,259
2023,Royal Oak Station,Sun/Hol,10:00 to 11:00 AM,143,245
2023,Royal Oak Station,Sun/Hol,1:00 to 2:00 PM,221,269
2023,Royal Oak Station,Sun/Hol,1:00 to 2:00 AM,2,1
2023,Royal Oak Station,Sat,9:00 to 10:00 PM,208,131
2023,Royal Oak Station,Sat,9:00 to 10:00 AM,154,247
2023,Royal Oak Station,Sat,8:00 to 9:00 PM,211,147
2023,Royal Oak Station,Sat,8:00 to 9:00 AM,123,217
2023,Royal Oak Station,Sat,7:00 to 8:00 PM,259,176
2023,Royal Oak Station,Sat,7:00 to 8:00 AM,75,161
2023,Royal Oak Station,Sat,6:00 to 7:00 PM,328,256
2023,Royal Oak Station,Sat,6:00 to 7:00 AM,18,79
2023,Royal Oak Station,Sun/Hol,3:00 to 4:00 AM,0,0
2023,Royal Oak Station,Sat,5:00 to 6:00 PM,351,289
2023,Royal Oak Station,Sat,5:00 to 6:00 AM,0,0
2023,Royal Oak Station,Sat,4:00 to 5:00 PM,325,299
2023,Royal Oak Station,Sat,4:00 to 5:00 AM,0,0
2023,Royal Oak Station,Sat,3:00 to 4:00 PM,293,290
2023,Royal Oak Station,Sat,2:00 to 3:00 PM,261,309
2023,Royal Oak Station,Sat,2:00 to 3:00 AM,0,0
2023,Royal Oak Station,Sat,12:00 to 1:00 PM,216,295
2023,Royal Oak Station,Sat,12:00 to 1:00 AM,118,34
2023,Royal Oak Station,Sat,11:00 PM to 12:00 AM,175,68
2023,Royal Oak Station,Sat,11:00 AM to 12:00 PM,176,285
2023,Royal Oak Station,Sat,10:00 to 11:00 PM,225,107
2023,Royal Oak Station,Sat,10:00 to 11:00 AM,158,272
2023,Royal Oak Station,Sat,1:00 to 2:00 PM,242,295
2023,Royal Oak Station,Sat,1:00 to 2:00 AM,48,7
2023,Royal Oak Station,MF,9:00 to 10:00 PM,227,130
2023,Royal Oak Station,MF,9:00 to 10:00 AM,276,352
2023,Royal Oak Station,MF,8:00 to 9:00 PM,242,140
2023,Royal Oak Station,MF,8:00 to 9:00 AM,399,609
2023,Royal Oak Station,MF,7:00 to 8:00 PM,322,175
2023,Royal Oak Station,MF,7:00 to 8:00 AM,217,510
2023,Royal Oak Station,MF,6:00 to 7:00 PM,518,291
2023,Royal Oak Station,MF,6:00 to 7:00 AM,134,340
2023,Royal Oak Station,MF,5:00 to 6:00 PM,672,394
2023,Royal Oak Station,MF,5:00 to 6:00 AM,27,115
2023,Royal Oak Station,MF,4:00 to 5:00 PM,530,397
2023,Royal Oak Station,MF,4:00 to 5:00 AM,0,0
2023,Royal Oak Station,MF,3:00 to 4:00 PM,398,518
2023,Royal Oak Station,MF,3:00 to 4:00 AM,0,0
2023,Royal Oak Station,MF,2:00 to 3:00 PM,249,262
2023,Royal Oak Station,MF,2:00 to 3:00 AM,0,0
2023,Royal Oak Station,MF,12:00 to 1:00 PM,191,256
2023,Royal Oak Station,MF,12:00 to 1:00 AM,69,21
2023,Royal Oak Station,MF,11:00 PM to 12:00 AM,127,47
2023,Royal Oak Station,MF,11:00 AM to 12:00 PM,141,232
2023,Royal Oak Station,MF,10:00 to 11:00 PM,190,87
2023,Royal Oak Station,MF,10:00 to 11:00 AM,141,247
2023,Royal Oak Station,MF,1:00 to 2:00 PM,201,235
2023,Royal Oak Station,MF,1:00 to 2:00 AM,23,5
2023,Rupert Station,Sun/Hol,11:00 AM to 12:00 PM,98,128
2023,Rupert Station,Sun/Hol,11:00 PM to 12:00 AM,46,30
2023,Rupert Station,Sun/Hol,12:00 to 1:00 AM,21,6
2023,Rupert Station,Sun/Hol,12:00 to 1:00 PM,109,152
2023,Rupert Station,Sun/Hol,2:00 to 3:00 PM,143,160
2023,Rupert Station,Sun/Hol,3:00 to 4:00 AM,0,0
2023,Rupert Station,Sun/Hol,3:00 to 4:00 PM,157,159
2023,Rupert Station,Sun/Hol,4:00 to 5:00 AM,0,0
2023,Rupert Station,Sun/Hol,4:00 to 5:00 PM,153,150
2023,Rupert Station,Sun/Hol,5:00 to 6:00 AM,1,1
2023,Rupert Station,Sun/Hol,5:00 to 6:00 PM,153,138
2023,Rupert Station,Sun/Hol,6:00 to 7:00 AM,3,5
2023,Rupert Station,Sun/Hol,6:00 to 7:00 PM,138,107
2023,Rupert Station,Sun/Hol,7:00 to 8:00 AM,23,52
2023,Rupert Station,Sun/Hol,7:00 to 8:00 PM,112,83
2023,Rupert Station,Sun/Hol,8:00 to 9:00 AM,53,74
2023,Rupert Station,Sun/Hol,8:00 to 9:00 PM,86,66
2023,Rupert Station,Sun/Hol,9:00 to 10:00 AM,66,99
2023,Rupert Station,Sun/Hol,9:00 to 10:00 PM,74,54
2023,Rupert Station,Sat,1:00 to 2:00 PM,136,162
2023,Rupert Station,Sat,10:00 to 11:00 AM,79,124
2023,Rupert Station,Sat,10:00 to 11:00 PM,96,55
2023,Rupert Station,Sat,11:00 AM to 12:00 PM,95,144
2023,Rupert Station,Sat,11:00 PM to 12:00 AM,59,40
2023,Rupert Station,Sat,12:00 to 1:00 AM,44,12
2023,Rupert Station,Sat,12:00 to 1:00 PM,115,149
2023,Rupert Station,Sat,2:00 to 3:00 AM,0,0
2023,Rupert Station,Sat,2:00 to 3:00 PM,157,170
2023,Rupert Station,Sat,3:00 to 4:00 PM,167,173
2023,Rupert Station,Sat,4:00 to 5:00 AM,0,0
2023,Rupert Station,Sat,4:00 to 5:00 PM,168,170
2023,Rupert Station,Sat,5:00 to 6:00 AM,0,0
2023,Rupert Station,Sat,1:00 to 2:00 AM,19,4
2023,Rupert Station,Sat,5:00 to 6:00 PM,163,161
2023,Rupert Station,Sat,6:00 to 7:00 AM,24,38
2023,Rupert Station,Sat,6:00 to 7:00 PM,150,135
2023,Rupert Station,Sat,7:00 to 8:00 AM,43,84
2023,Rupert Station,Sat,7:00 to 8:00 PM,131,99
2023,Rupert Station,Sat,8:00 to 9:00 AM,56,107
2023,Rupert Station,Sat,8:00 to 9:00 PM,103,76
2023,Rupert Station,MF,9:00 to 10:00 PM,113,59
2023,Rupert Station,MF,9:00 to 10:00 AM,85,164
2023,Rupert Station,Sat,9:00 to 10:00 AM,72,119
2023,Rupert Station,MF,8:00 to 9:00 PM,114,75
2023,Rupert Station,Sun/Hol,10:00 to 11:00 PM,72,40
2023,Rupert Station,Sun/Hol,10:00 to 11:00 AM,83,128
2023,Rupert Station,Sun/Hol,1:00 to 2:00 PM,127,157
2023,Rupert Station,Sun/Hol,1:00 to 2:00 AM,1,0
2023,Rupert Station,MF,1:00 to 2:00 AM,9,3
2023,Rupert Station,MF,1:00 to 2:00 PM,120,135
2023,Rupert Station,Sat,9:00 to 10:00 PM,95,68
2023,Rupert Station,MF,10:00 to 11:00 AM,69,127
2023,Rupert Station,MF,10:00 to 11:00 PM,92,43
2023,Rupert Station,MF,11:00 AM to 12:00 PM,83,132
2023,Rupert Station,MF,11:00 PM to 12:00 AM,48,34
2023,Rupert Station,MF,12:00 to 1:00 AM,28,7
2023,Rupert Station,MF,12:00 to 1:00 PM,105,136
2023,Rupert Station,MF,2:00 to 3:00 AM,0,0
2023,Rupert Station,MF,2:00 to 3:00 PM,148,138
2023,Rupert Station,MF,3:00 to 4:00 AM,0,0
2023,Rupert Station,MF,3:00 to 4:00 PM,210,175
2023,Rupert Station,MF,4:00 to 5:00 AM,0,0
2023,Rupert Station,MF,4:00 to 5:00 PM,244,205
2023,Rupert Station,MF,5:00 to 6:00 AM,10,41
2023,Rupert Station,MF,5:00 to 6:00 PM,253,191
2023,Rupert Station,MF,6:00 to 7:00 AM,66,133
2023,Rupert Station,MF,6:00 to 7:00 PM,193,145
2023,Rupert Station,MF,7:00 to 8:00 AM,84,166
2023,Rupert Station,MF,7:00 to 8:00 PM,138,99
2023,Rupert Station,MF,8:00 to 9:00 AM,114,222
2023,Sapperton Station,Sat,6:00 to 7:00 PM,113,90
2023,Sapperton Station,Sat,7:00 to 8:00 AM,88,80
2023,Sapperton Station,Sat,7:00 to 8:00 PM,83,86
2023,Sapperton Station,Sat,8:00 to 9:00 AM,55,72
2023,Sapperton Station,Sat,8:00 to 9:00 PM,66,54
2023,Sapperton Station,Sat,9:00 to 10:00 AM,55,77
2023,Sapperton Station,Sat,9:00 to 10:00 PM,62,46
2023,Sapperton Station,Sun/Hol,1:00 to 2:00 AM,1,1
2023,Sapperton Station,Sun/Hol,1:00 to 2:00 PM,68,96
2023,Sapperton Station,Sun/Hol,10:00 to 11:00 AM,45,81
2023,Sapperton Station,Sun/Hol,10:00 to 11:00 PM,43,31
2023,Sapperton Station,Sun/Hol,11:00 AM to 12:00 PM,47,82
2023,Sapperton Station,Sun/Hol,11:00 PM to 12:00 AM,33,27
2023,Sapperton Station,Sun/Hol,12:00 to 1:00 AM,18,9
2023,Sapperton Station,Sun/Hol,12:00 to 1:00 PM,55,92
2023,Sapperton Station,Sun/Hol,2:00 to 3:00 AM,0,0
2023,Sapperton Station,Sun/Hol,2:00 to 3:00 PM,91,98
2023,Sapperton Station,Sun/Hol,3:00 to 4:00 AM,0,0
2023,Sapperton Station,Sun/Hol,3:00 to 4:00 PM,94,115
2023,Sapperton Station,Sun/Hol,4:00 to 5:00 AM,0,0
2023,Sapperton Station,Sun/Hol,4:00 to 5:00 PM,85,92
2023,Sapperton Station,Sun/Hol,5:00 to 6:00 AM,1,2
2023,Sapperton Station,Sun/Hol,5:00 to 6:00 PM,85,77
2023,Sapperton Station,Sun/Hol,6:00 to 7:00 AM,9,5
2023,Sapperton Station,Sun/Hol,6:00 to 7:00 PM,96,62
2023,Sapperton Station,Sun/Hol,7:00 to 8:00 AM,41,75
2023,Sapperton Station,Sun/Hol,7:00 to 8:00 PM,68,64
2023,Sapperton Station,Sun/Hol,8:00 to 9:00 AM,37,47
2023,Sapperton Station,Sun/Hol,8:00 to 9:00 PM,50,43
2023,Sapperton Station,Sun/Hol,9:00 to 10:00 AM,40,59
2023,Sapperton Station,Sun/Hol,9:00 to 10:00 PM,46,33
2023,Sapperton Station,MF,1:00 to 2:00 AM,12,3
2023,Sapperton Station,MF,1:00 to 2:00 PM,118,125
2023,Sapperton Station,MF,10:00 to 11:00 AM,91,110
2023,Sapperton Station,MF,10:00 to 11:00 PM,62,62
2023,Sapperton Station,MF,11:00 AM to 12:00 PM,84,115
2023,Sapperton Station,MF,11:00 PM to 12:00 AM,41,40
2023,Sapperton Station,MF,12:00 to 1:00 AM,23,12
2023,Sapperton Station,MF,12:00 to 1:00 PM,93,119
2023,Sapperton Station,MF,2:00 to 3:00 AM,0,0
2023,Sapperton Station,MF,2:00 to 3:00 PM,137,204
2023,Sapperton Station,MF,3:00 to 4:00 AM,0,0
2023,Sapperton Station,MF,3:00 to 4:00 PM,159,454
2023,Sapperton Station,MF,4:00 to 5:00 AM,0,0
2023,Sapperton Station,MF,4:00 to 5:00 PM,174,347
2023,Sapperton Station,MF,5:00 to 6:00 AM,46,66
2023,Sapperton Station,MF,5:00 to 6:00 PM,221,255
2023,Sapperton Station,MF,6:00 to 7:00 AM,436,123
2023,Sapperton Station,MF,6:00 to 7:00 PM,175,129
2023,Sapperton Station,MF,7:00 to 8:00 AM,278,256
2023,Sapperton Station,MF,7:00 to 8:00 PM,100,107
2023,Sapperton Station,MF,8:00 to 9:00 AM,235,196
2023,Sapperton Station,MF,8:00 to 9:00 PM,70,59
2023,Sapperton Station,MF,9:00 to 10:00 AM,125,125
2023,Sapperton Station,MF,9:00 to 10:00 PM,71,39
2023,Sapperton Station,Sat,1:00 to 2:00 AM,25,4
2023,Sapperton Station,Sat,1:00 to 2:00 PM,86,132
2023,Sapperton Station,Sat,10:00 to 11:00 AM,61,92
2023,Sapperton Station,Sat,10:00 to 11:00 PM,71,44
2023,Sapperton Station,Sat,11:00 AM to 12:00 PM,67,112
2023,Sapperton Station,Sat,11:00 PM to 12:00 AM,56,35
2023,Sapperton Station,Sat,12:00 to 1:00 AM,38,17
2023,Sapperton Station,Sat,12:00 to 1:00 PM,76,124
2023,Sapperton Station,Sat,2:00 to 3:00 AM,0,0
2023,Sapperton Station,Sat,2:00 to 3:00 PM,102,134
2023,Sapperton Station,Sat,3:00 to 4:00 AM,0,0
2023,Sapperton Station,Sat,3:00 to 4:00 PM,109,165
2023,Sapperton Station,Sat,4:00 to 5:00 AM,0,0
2023,Sapperton Station,Sat,4:00 to 5:00 PM,103,128
2023,Sapperton Station,Sat,5:00 to 6:00 AM,0,0
2023,Sapperton Station,Sat,5:00 to 6:00 PM,105,112
2023,Sapperton Station,Sat,6:00 to 7:00 AM,65,34
2023,Scott Road Station,Sun/Hol,8:00 to 9:00 AM,230,363
2023,Scott Road Station,Sun/Hol,8:00 to 9:00 PM,470,240
2023,Scott Road Station,Sun/Hol,9:00 to 10:00 AM,224,380
2023,Scott Road Station,Sun/Hol,9:00 to 10:00 PM,359,248
2023,Scott Road Station,Sat,9:00 to 10:00 AM,197,462
2023,Scott Road Station,Sat,9:00 to 10:00 PM,526,308
2023,Scott Road Station,Sun/Hol,7:00 to 8:00 PM,581,261
2023,Scott Road Station,Sun/Hol,7:00 to 8:00 AM,151,456
2023,Scott Road Station,Sun/Hol,1:00 to 2:00 AM,16,2
2023,Scott Road Station,Sun/Hol,6:00 to 7:00 PM,597,295
2023,Scott Road Station,Sun/Hol,1:00 to 2:00 PM,270,517
2023,Scott Road Station,Sun/Hol,6:00 to 7:00 AM,18,77
2023,Scott Road Station,Sun/Hol,5:00 to 6:00 PM,570,327
2023,Scott Road Station,Sun/Hol,5:00 to 6:00 AM,7,15
2023,Scott Road Station,Sun/Hol,4:00 to 5:00 PM,526,399
2023,Scott Road Station,Sun/Hol,10:00 to 11:00 AM,191,425
2023,Scott Road Station,Sun/Hol,4:00 to 5:00 AM,0,0
2023,Scott Road Station,Sun/Hol,3:00 to 4:00 PM,410,472
2023,Scott Road Station,Sun/Hol,10:00 to 11:00 PM,341,184
2023,Scott Road Station,Sun/Hol,11:00 AM to 12:00 PM,226,435
2023,Scott Road Station,Sun/Hol,3:00 to 4:00 AM,0,0
2023,Scott Road Station,Sun/Hol,11:00 PM to 12:00 AM,383,101
2023,Scott Road Station,Sun/Hol,12:00 to 1:00 AM,290,29
2023,Scott Road Station,Sun/Hol,2:00 to 3:00 PM,303,524
2023,Scott Road Station,Sun/Hol,2:00 to 3:00 AM,0,0
2023,Scott Road Station,Sun/Hol,12:00 to 1:00 PM,243,460
2023,Scott Road Station,MF,6:00 to 7:00 AM,467,1013
2023,Scott Road Station,MF,6:00 to 7:00 PM,1052,430
2023,Scott Road Station,MF,7:00 to 8:00 AM,478,1315
2023,Scott Road Station,MF,7:00 to 8:00 PM,746,285
2023,Scott Road Station,MF,8:00 to 9:00 AM,325,1038
2023,Scott Road Station,MF,8:00 to 9:00 PM,606,221
2023,Scott Road Station,MF,9:00 to 10:00 AM,221,685
2023,Scott Road Station,MF,9:00 to 10:00 PM,576,263
2023,Scott Road Station,Sat,1:00 to 2:00 AM,184,15
2023,Scott Road Station,Sat,1:00 to 2:00 PM,320,592
2023,Scott Road Station,Sat,10:00 to 11:00 AM,194,456
2023,Scott Road Station,Sat,10:00 to 11:00 PM,557,269
2023,Scott Road Station,MF,5:00 to 6:00 PM,1261,601
2023,Scott Road Station,MF,5:00 to 6:00 AM,228,491
2023,Scott Road Station,MF,4:00 to 5:00 PM,1134,696
2023,Scott Road Station,MF,4:00 to 5:00 AM,0,7
2023,Scott Road Station,MF,3:00 to 4:00 PM,882,653
2023,Scott Road Station,MF,3:00 to 4:00 AM,0,0
2023,Scott Road Station,MF,2:00 to 3:00 PM,494,547
2023,Scott Road Station,MF,2:00 to 3:00 AM,3,1
2023,Scott Road Station,MF,12:00 to 1:00 PM,388,514
2023,Scott Road Station,MF,12:00 to 1:00 AM,314,48
2023,Scott Road Station,MF,11:00 PM to 12:00 AM,425,123
2023,Scott Road Station,MF,11:00 AM to 12:00 PM,266,510
2023,Scott Road Station,MF,10:00 to 11:00 PM,459,238
2023,Scott Road Station,MF,10:00 to 11:00 AM,207,507
2023,Scott Road Station,MF,1:00 to 2:00 PM,410,534
2023,Scott Road Station,MF,1:00 to 2:00 AM,134,10
2023,Scott Road Station,Sat,8:00 to 9:00 PM,531,265
2023,Scott Road Station,Sat,8:00 to 9:00 AM,242,500
2023,Scott Road Station,Sat,7:00 to 8:00 PM,623,306
2023,Scott Road Station,Sat,7:00 to 8:00 AM,275,556
2023,Scott Road Station,Sat,6:00 to 7:00 PM,659,421
2023,Scott Road Station,Sat,6:00 to 7:00 AM,132,425
2023,Scott Road Station,Sat,5:00 to 6:00 PM,658,476
2023,Scott Road Station,Sat,5:00 to 6:00 AM,0,21
2023,Scott Road Station,Sat,4:00 to 5:00 PM,615,508
2023,Scott Road Station,Sat,3:00 to 4:00 PM,487,566
2023,Scott Road Station,Sat,2:00 to 3:00 PM,362,610
2023,Scott Road Station,Sat,2:00 to 3:00 AM,0,0
2023,Scott Road Station,Sat,12:00 to 1:00 PM,300,525
2023,Scott Road Station,Sat,12:00 to 1:00 AM,407,55
2023,Scott Road Station,Sat,11:00 PM to 12:00 AM,525,128
2023,Scott Road Station,Sat,11:00 AM to 12:00 PM,234,477
2023,Sea Island Station,MF,10:00 to 11:00 AM,40,37
2023,Sea Island Station,MF,10:00 to 11:00 PM,33,42
2023,Sea Island Station,MF,11:00 AM to 12:00 PM,41,36
2023,Sea Island Station,MF,11:00 PM to 12:00 AM,27,21
2023,Sea Island Station,MF,12:00 to 1:00 AM,19,7
2023,Sea Island Station,MF,12:00 to 1:00 PM,50,36
2023,Sea Island Station,MF,2:00 to 3:00 AM,0,0
2023,Sea Island Station,MF,2:00 to 3:00 PM,101,84
2023,Sea Island Station,MF,3:00 to 4:00 AM,0,0
2023,Sea Island Station,MF,3:00 to 4:00 PM,85,101
2023,Sea Island Station,MF,4:00 to 5:00 AM,0,1
2023,Sea Island Station,MF,4:00 to 5:00 PM,57,94
2023,Sea Island Station,MF,1:00 to 2:00 AM,4,1
2023,Sea Island Station,MF,1:00 to 2:00 PM,82,45
2023,Sea Island Station,Sat,10:00 to 11:00 PM,34,22
2023,Sea Island Station,Sat,10:00 to 11:00 AM,29,30
2023,Sea Island Station,Sat,1:00 to 2:00 PM,47,33
2023,Sea Island Station,Sat,1:00 to 2:00 AM,2,1
2023,Sea Island Station,MF,9:00 to 10:00 PM,35,24
2023,Sea Island Station,MF,9:00 to 10:00 AM,38,41
2023,Sea Island Station,MF,8:00 to 9:00 PM,26,20
2023,Sea Island Station,MF,8:00 to 9:00 AM,95,33
2023,Sea Island Station,MF,7:00 to 8:00 PM,23,40
2023,Sea Island Station,MF,7:00 to 8:00 AM,84,48
2023,Sea Island Station,MF,6:00 to 7:00 PM,28,52
2023,Sea Island Station,MF,6:00 to 7:00 AM,94,68
2023,Sea Island Station,MF,5:00 to 6:00 PM,54,84
2023,Sea Island Station,MF,5:00 to 6:00 AM,36,61
2023,Sea Island Station,Sun/Hol,9:00 to 10:00 PM,30,19
2023,Sea Island Station,Sun/Hol,9:00 to 10:00 AM,18,16
2023,Sea Island Station,Sun/Hol,8:00 to 9:00 PM,25,15
2023,Sea Island Station,Sun/Hol,8:00 to 9:00 AM,19,16
2023,Sea Island Station,Sun/Hol,7:00 to 8:00 PM,21,19
2023,Sea Island Station,Sun/Hol,7:00 to 8:00 AM,28,30
2023,Sea Island Station,Sun/Hol,6:00 to 7:00 PM,24,26
2023,Sea Island Station,Sun/Hol,6:00 to 7:00 AM,29,57
2023,Sea Island Station,Sun/Hol,5:00 to 6:00 PM,44,25
2023,Sea Island Station,Sun/Hol,5:00 to 6:00 AM,17,57
2023,Sea Island Station,Sun/Hol,4:00 to 5:00 PM,40,34
2023,Sea Island Station,Sun/Hol,4:00 to 5:00 AM,0,2
2023,Sea Island Station,Sun/Hol,3:00 to 4:00 PM,49,59
2023,Sea Island Station,Sun/Hol,3:00 to 4:00 AM,0,0
2023,Sea Island Station,Sun/Hol,2:00 to 3:00 PM,65,54
2023,Sea Island Station,Sun/Hol,2:00 to 3:00 AM,0,0
2023,Sea Island Station,Sun/Hol,12:00 to 1:00 PM,33,26
2023,Sea Island Station,Sun/Hol,12:00 to 1:00 AM,18,7
2023,Sea Island Station,Sun/Hol,11:00 PM to 12:00 AM,26,15
2023,Sea Island Station,Sun/Hol,11:00 AM to 12:00 PM,31,26
2023,Sea Island Station,Sun/Hol,10:00 to 11:00 PM,31,23
2023,Sea Island Station,Sun/Hol,10:00 to 11:00 AM,32,23
2023,Sea Island Station,Sun/Hol,1:00 to 2:00 PM,48,28
2023,Sea Island Station,Sun/Hol,1:00 to 2:00 AM,3,1
2023,Sea Island Station,Sat,9:00 to 10:00 PM,28,18
2023,Sea Island Station,Sat,9:00 to 10:00 AM,20,17
2023,Sea Island Station,Sat,8:00 to 9:00 PM,27,18
2023,Sea Island Station,Sat,8:00 to 9:00 AM,23,19
2023,Sea Island Station,Sat,7:00 to 8:00 PM,20,18
2023,Sea Island Station,Sat,7:00 to 8:00 AM,47,30
2023,Sea Island Station,Sat,6:00 to 7:00 PM,24,26
2023,Sea Island Station,Sat,6:00 to 7:00 AM,41,61
2023,Sea Island Station,Sat,5:00 to 6:00 PM,38,23
2023,Sea Island Station,Sat,5:00 to 6:00 AM,16,54
2023,Sea Island Station,Sat,4:00 to 5:00 PM,40,36
2023,Sea Island Station,Sat,4:00 to 5:00 AM,0,1
2023,Sea Island Station,Sat,3:00 to 4:00 PM,50,62
2023,Sea Island Station,Sat,3:00 to 4:00 AM,0,0
2023,Sea Island Station,Sat,2:00 to 3:00 PM,73,56
2023,Sea Island Station,Sat,2:00 to 3:00 AM,0,0
2023,Sea Island Station,Sat,12:00 to 1:00 PM,35,31
2023,Sea Island Station,Sat,12:00 to 1:00 AM,20,7
2023,Sea Island Station,Sat,11:00 PM to 12:00 AM,26,18
2023,Sea Island Station,Sat,11:00 AM to 12:00 PM,28,43
2023,Sperling-Burnaby Lake Station,Sun/Hol,9:00 to 10:00 PM,51,28
2023,Sperling-Burnaby Lake Station,Sun/Hol,9:00 to 10:00 AM,27,72
2023,Sperling-Burnaby Lake Station,Sun/Hol,8:00 to 9:00 PM,60,30
2023,Sperling-Burnaby Lake Station,Sun/Hol,8:00 to 9:00 AM,24,49
2023,Sperling-Burnaby Lake Station,Sun/Hol,7:00 to 8:00 PM,67,38
2023,Sperling-Burnaby Lake Station,Sun/Hol,7:00 to 8:00 AM,12,36
2023,Sperling-Burnaby Lake Station,Sun/Hol,6:00 to 7:00 PM,83,54
2023,Sperling-Burnaby Lake Station,Sun/Hol,6:00 to 7:00 AM,2,3
2023,Sperling-Burnaby Lake Station,Sun/Hol,5:00 to 6:00 PM,84,65
2023,Sperling-Burnaby Lake Station,Sun/Hol,5:00 to 6:00 AM,0,1
2023,Sperling-Burnaby Lake Station,Sun/Hol,4:00 to 5:00 PM,78,78
2023,Sperling-Burnaby Lake Station,Sun/Hol,4:00 to 5:00 AM,0,0
2023,Sperling-Burnaby Lake Station,Sun/Hol,3:00 to 4:00 PM,78,79
2023,Sperling-Burnaby Lake Station,Sun/Hol,3:00 to 4:00 AM,0,0
2023,Sperling-Burnaby Lake Station,Sun/Hol,2:00 to 3:00 PM,63,84
2023,Sperling-Burnaby Lake Station,Sun/Hol,2:00 to 3:00 AM,0,0
2023,Sperling-Burnaby Lake Station,Sun/Hol,12:00 to 1:00 PM,45,85
2023,Sperling-Burnaby Lake Station,Sun/Hol,12:00 to 1:00 AM,13,4
2023,Sperling-Burnaby Lake Station,Sun/Hol,11:00 PM to 12:00 AM,31,12
2023,Sperling-Burnaby Lake Station,Sun/Hol,11:00 AM to 12:00 PM,39,85
2023,Sperling-Burnaby Lake Station,Sun/Hol,10:00 to 11:00 PM,43,22
2023,Sperling-Burnaby Lake Station,Sun/Hol,10:00 to 11:00 AM,36,82
2023,Sperling-Burnaby Lake Station,Sun/Hol,1:00 to 2:00 PM,58,85
2023,Sperling-Burnaby Lake Station,Sun/Hol,1:00 to 2:00 AM,1,0
2023,Sperling-Burnaby Lake Station,Sat,9:00 to 10:00 PM,60,39
2023,Sperling-Burnaby Lake Station,Sat,9:00 to 10:00 AM,38,84
2023,Sperling-Burnaby Lake Station,Sat,8:00 to 9:00 PM,66,40
2023,Sperling-Burnaby Lake Station,Sat,8:00 to 9:00 AM,25,75
2023,Sperling-Burnaby Lake Station,Sat,7:00 to 8:00 PM,77,62
2023,Sperling-Burnaby Lake Station,Sat,7:00 to 8:00 AM,24,51
2023,Sperling-Burnaby Lake Station,Sat,6:00 to 7:00 PM,98,76
2023,Sperling-Burnaby Lake Station,Sat,6:00 to 7:00 AM,11,29
2023,Sperling-Burnaby Lake Station,Sat,5:00 to 6:00 PM,108,89
2023,Sperling-Burnaby Lake Station,Sat,5:00 to 6:00 AM,0,0
2023,Sperling-Burnaby Lake Station,Sat,4:00 to 5:00 PM,102,99
2023,Sperling-Burnaby Lake Station,Sat,4:00 to 5:00 AM,0,0
2023,Sperling-Burnaby Lake Station,Sat,3:00 to 4:00 PM,91,107
2023,Sperling-Burnaby Lake Station,Sat,2:00 to 3:00 PM,78,97
2023,Sperling-Burnaby Lake Station,MF,1:00 to 2:00 AM,6,2
2023,Sperling-Burnaby Lake Station,MF,1:00 to 2:00 PM,73,89
2023,Sperling-Burnaby Lake Station,MF,10:00 to 11:00 AM,47,93
2023,Sperling-Burnaby Lake Station,MF,10:00 to 11:00 PM,59,24
2023,Sperling-Burnaby Lake Station,MF,11:00 AM to 12:00 PM,48,94
2023,Sperling-Burnaby Lake Station,MF,11:00 PM to 12:00 AM,38,18
2023,Sperling-Burnaby Lake Station,MF,12:00 to 1:00 AM,18,6
2023,Sperling-Burnaby Lake Station,MF,12:00 to 1:00 PM,63,91
2023,Sperling-Burnaby Lake Station,MF,2:00 to 3:00 AM,0,0
2023,Sperling-Burnaby Lake Station,MF,2:00 to 3:00 PM,86,104
2023,Sperling-Burnaby Lake Station,MF,3:00 to 4:00 PM,141,142
2023,Sperling-Burnaby Lake Station,MF,4:00 to 5:00 AM,0,0
2023,Sperling-Burnaby Lake Station,MF,4:00 to 5:00 PM,174,155
2023,Sperling-Burnaby Lake Station,MF,5:00 to 6:00 AM,11,46
2023,Sperling-Burnaby Lake Station,MF,5:00 to 6:00 PM,199,153
2023,Sperling-Burnaby Lake Station,MF,6:00 to 7:00 AM,53,123
2023,Sperling-Burnaby Lake Station,MF,6:00 to 7:00 PM,160,92
2023,Sperling-Burnaby Lake Station,MF,7:00 to 8:00 AM,95,177
2023,Sperling-Burnaby Lake Station,MF,7:00 to 8:00 PM,101,53
2023,Sperling-Burnaby Lake Station,MF,8:00 to 9:00 AM,89,197
2023,Sperling-Burnaby Lake Station,MF,8:00 to 9:00 PM,82,41
2023,Sperling-Burnaby Lake Station,MF,9:00 to 10:00 AM,60,126
2023,Sperling-Burnaby Lake Station,MF,9:00 to 10:00 PM,67,33
2023,Sperling-Burnaby Lake Station,Sat,1:00 to 2:00 AM,13,3
2023,Sperling-Burnaby Lake Station,Sat,1:00 to 2:00 PM,72,108
2023,Sperling-Burnaby Lake Station,Sat,10:00 to 11:00 AM,41,94
2023,Sperling-Burnaby Lake Station,Sat,10:00 to 11:00 PM,64,31
2023,Sperling-Burnaby Lake Station,Sat,11:00 AM to 12:00 PM,48,98
2023,Sperling-Burnaby Lake Station,Sat,11:00 PM to 12:00 AM,45,16
2023,Sperling-Burnaby Lake Station,Sat,12:00 to 1:00 AM,35,9
2023,Sperling-Burnaby Lake Station,Sat,12:00 to 1:00 PM,60,103
2023,Sperling-Burnaby Lake Station,Sat,2:00 to 3:00 AM,0,0
2023,Stadium-Chinatown Station,Sat,5:00 to 6:00 PM,1426,1038
2023,Stadium-Chinatown Station,Sat,6:00 to 7:00 AM,120,56
2023,Stadium-Chinatown Station,Sat,6:00 to 7:00 PM,1549,1083
2023,Stadium-Chinatown Station,Sat,7:00 to 8:00 AM,286,165
2023,Stadium-Chinatown Station,Sat,7:00 to 8:00 PM,911,830
2023,Stadium-Chinatown Station,Sat,8:00 to 9:00 AM,535,175
2023,Stadium-Chinatown Station,Sat,8:00 to 9:00 PM,424,610
2023,Stadium-Chinatown Station,Sat,9:00 to 10:00 AM,633,233
2023,Stadium-Chinatown Station,Sat,9:00 to 10:00 PM,360,1465
2023,Stadium-Chinatown Station,Sun/Hol,1:00 to 2:00 AM,1,3
2023,Stadium-Chinatown Station,Sun/Hol,1:00 to 2:00 PM,781,600
2023,Stadium-Chinatown Station,Sun/Hol,10:00 to 11:00 AM,597,319
2023,Stadium-Chinatown Station,Sun/Hol,10:00 to 11:00 PM,172,360
2023,Stadium-Chinatown Station,Sun/Hol,11:00 AM to 12:00 PM,717,444
2023,Stadium-Chinatown Station,Sun/Hol,11:00 PM to 12:00 AM,98,498
2023,Stadium-Chinatown Station,Sun/Hol,12:00 to 1:00 AM,23,89
2023,Stadium-Chinatown Station,Sun/Hol,12:00 to 1:00 PM,780,526
2023,Stadium-Chinatown Station,Sun/Hol,2:00 to 3:00 AM,0,0
2023,Stadium-Chinatown Station,Sun/Hol,2:00 to 3:00 PM,825,700
2023,Stadium-Chinatown Station,Sun/Hol,3:00 to 4:00 AM,0,0
2023,Stadium-Chinatown Station,Sun/Hol,3:00 to 4:00 PM,884,824
2023,Stadium-Chinatown Station,Sun/Hol,4:00 to 5:00 AM,0,0
2023,Stadium-Chinatown Station,Sun/Hol,4:00 to 5:00 PM,837,884
2023,Stadium-Chinatown Station,Sun/Hol,5:00 to 6:00 AM,3,2
2023,Stadium-Chinatown Station,Sun/Hol,5:00 to 6:00 PM,678,835
2023,Stadium-Chinatown Station,Sun/Hol,6:00 to 7:00 AM,14,8
2023,Stadium-Chinatown Station,Sun/Hol,6:00 to 7:00 PM,578,666
2023,Stadium-Chinatown Station,Sun/Hol,7:00 to 8:00 AM,228,93
2023,Stadium-Chinatown Station,Sun/Hol,7:00 to 8:00 PM,455,636
2023,Stadium-Chinatown Station,Sun/Hol,8:00 to 9:00 AM,304,148
2023,Stadium-Chinatown Station,Sun/Hol,8:00 to 9:00 PM,257,444
2023,Stadium-Chinatown Station,Sun/Hol,9:00 to 10:00 AM,453,197
2023,Stadium-Chinatown Station,Sun/Hol,9:00 to 10:00 PM,190,458
2023,Stadium-Chinatown Station,Sat,5:00 to 6:00 AM,0,0
2023,Stadium-Chinatown Station,Sat,4:00 to 5:00 PM,1253,1058
2023,Stadium-Chinatown Station,Sat,4:00 to 5:00 AM,0,0
2023,Stadium-Chinatown Station,Sat,3:00 to 4:00 PM,1367,923
2023,Stadium-Chinatown Station,Sat,3:00 to 4:00 AM,0,0
2023,Stadium-Chinatown Station,Sat,2:00 to 3:00 PM,1195,772
2023,Stadium-Chinatown Station,Sat,2:00 to 3:00 AM,0,0
2023,Stadium-Chinatown Station,Sat,12:00 to 1:00 PM,927,574
2023,Stadium-Chinatown Station,Sat,12:00 to 1:00 AM,85,361
2023,Stadium-Chinatown Station,Sat,11:00 PM to 12:00 AM,164,875
2023,Stadium-Chinatown Station,Sat,11:00 AM to 12:00 PM,799,446
2023,Stadium-Chinatown Station,Sat,10:00 to 11:00 PM,306,1172
2023,Stadium-Chinatown Station,Sat,10:00 to 11:00 AM,669,320
2023,Stadium-Chinatown Station,Sat,1:00 to 2:00 PM,1040,646
2023,Stadium-Chinatown Station,Sat,1:00 to 2:00 AM,19,93
2023,Stadium-Chinatown Station,MF,9:00 to 10:00 PM,245,941
2023,Stadium-Chinatown Station,MF,9:00 to 10:00 AM,981,279
2023,Stadium-Chinatown Station,MF,8:00 to 9:00 PM,334,675
2023,Stadium-Chinatown Station,MF,8:00 to 9:00 AM,1477,350
2023,Stadium-Chinatown Station,MF,7:00 to 8:00 PM,690,812
2023,Stadium-Chinatown Station,MF,7:00 to 8:00 AM,809,341
2023,Stadium-Chinatown Station,MF,6:00 to 7:00 PM,1244,1084
2023,Stadium-Chinatown Station,MF,6:00 to 7:00 AM,497,265
2023,Stadium-Chinatown Station,MF,5:00 to 6:00 PM,1216,1461
2023,Stadium-Chinatown Station,MF,5:00 to 6:00 AM,81,87
2023,Stadium-Chinatown Station,MF,4:00 to 5:00 PM,1099,1420
2023,Stadium-Chinatown Station,MF,4:00 to 5:00 AM,0,0
2023,Stadium-Chinatown Station,MF,12:00 to 1:00 AM,41,191
2023,Stadium-Chinatown Station,MF,12:00 to 1:00 PM,805,550
2023,Stadium-Chinatown Station,MF,2:00 to 3:00 AM,0,0
2023,Stadium-Chinatown Station,MF,2:00 to 3:00 PM,736,798
2023,Stadium-Chinatown Station,MF,3:00 to 4:00 AM,0,0
2023,Stadium-Chinatown Station,MF,3:00 to 4:00 PM,856,1073
2023,Stadium-Chinatown Station,MF,11:00 PM to 12:00 AM,109,568
2023,Stadium-Chinatown Station,MF,11:00 AM to 12:00 PM,678,391
2023,Stadium-Chinatown Station,MF,10:00 to 11:00 PM,200,739
2023,Stadium-Chinatown Station,MF,10:00 to 11:00 AM,637,289
2023,Stadium-Chinatown Station,MF,1:00 to 2:00 PM,691,646
2023,Stadium-Chinatown Station,MF,1:00 to 2:00 AM,10,43
2023,Surrey Central Station,MF,1:00 to 2:00 AM,197,14
2023,Surrey Central Station,MF,1:00 to 2:00 PM,888,849
2023,Surrey Central Station,MF,10:00 to 11:00 AM,556,705
2023,Surrey Central Station,MF,10:00 to 11:00 PM,831,223
2023,Surrey Central Station,MF,11:00 AM to 12:00 PM,579,795
2023,Surrey Central Station,MF,11:00 PM to 12:00 AM,727,100
2023,Surrey Central Station,MF,12:00 to 1:00 AM,512,49
2023,Surrey Central Station,MF,12:00 to 1:00 PM,781,863
2023,Surrey Central Station,MF,2:00 to 3:00 AM,6,1
2023,Surrey Central Station,MF,2:00 to 3:00 PM,1078,852
2023,Surrey Central Station,MF,3:00 to 4:00 AM,0,0
2023,Surrey Central Station,MF,3:00 to 4:00 PM,1751,967
2023,Surrey Central Station,MF,4:00 to 5:00 AM,0,73
2023,Surrey Central Station,MF,4:00 to 5:00 PM,2327,1037
2023,Surrey Central Station,MF,5:00 to 6:00 AM,118,693
2023,Surrey Central Station,MF,5:00 to 6:00 PM,2482,886
2023,Surrey Central Station,MF,6:00 to 7:00 AM,672,1303
2023,Surrey Central Station,MF,6:00 to 7:00 PM,2154,651
2023,Surrey Central Station,MF,7:00 to 8:00 AM,788,1622
2023,Surrey Central Station,MF,7:00 to 8:00 PM,1511,477
2023,Surrey Central Station,MF,8:00 to 9:00 AM,797,1271
2023,Surrey Central Station,MF,8:00 to 9:00 PM,1144,388
2023,Surrey Central Station,MF,9:00 to 10:00 AM,546,892
2023,Surrey Central Station,MF,9:00 to 10:00 PM,1107,379
2023,Surrey Central Station,Sat,1:00 to 2:00 AM,283,15
2023,Surrey Central Station,Sat,1:00 to 2:00 PM,761,903
2023,Surrey Central Station,Sat,10:00 to 11:00 AM,456,655
2023,Surrey Central Station,Sat,10:00 to 11:00 PM,847,269
2023,Surrey Central Station,Sat,11:00 AM to 12:00 PM,542,741
2023,Surrey Central Station,Sat,11:00 PM to 12:00 AM,845,132
2023,Surrey Central Station,Sat,12:00 to 1:00 AM,603,67
2023,Surrey Central Station,Sat,12:00 to 1:00 PM,692,841
2023,Surrey Central Station,Sat,2:00 to 3:00 AM,3,1
2023,Surrey Central Station,Sat,2:00 to 3:00 PM,867,898
2023,Surrey Central Station,Sat,3:00 to 4:00 AM,0,0
2023,Surrey Central Station,Sat,3:00 to 4:00 PM,1131,820
2023,Surrey Central Station,Sat,4:00 to 5:00 AM,0,0
2023,Surrey Central Station,Sat,4:00 to 5:00 PM,1352,775
2023,Surrey Central Station,Sat,5:00 to 6:00 AM,0,43
2023,Surrey Central Station,Sat,5:00 to 6:00 PM,1458,684
2023,Surrey Central Station,Sat,6:00 to 7:00 AM,165,706
2023,Surrey Central Station,Sat,6:00 to 7:00 PM,1368,606
2023,Surrey Central Station,Sat,7:00 to 8:00 AM,507,751
2023,Surrey Central Station,Sat,7:00 to 8:00 PM,1165,501
2023,Surrey Central Station,Sat,8:00 to 9:00 AM,560,696
2023,Surrey Central Station,Sat,8:00 to 9:00 PM,1031,414
2023,Surrey Central Station,Sat,9:00 to 10:00 AM,438,621
2023,Surrey Central Station,Sat,9:00 to 10:00 PM,935,434
2023,Surrey Central Station,Sun/Hol,1:00 to 2:00 AM,26,3
2023,Surrey Central Station,Sun/Hol,1:00 to 2:00 PM,632,801
2023,Surrey Central Station,Sun/Hol,10:00 to 11:00 AM,412,595
2023,Surrey Central Station,Sun/Hol,10:00 to 11:00 PM,596,202
2023,Surrey Central Station,Sun/Hol,11:00 AM to 12:00 PM,435,617
2023,Surrey Central Station,Sun/Hol,11:00 PM to 12:00 AM,613,102
2023,Surrey Central Station,Sun/Hol,12:00 to 1:00 AM,441,31
2023,Surrey Central Station,Sun/Hol,12:00 to 1:00 PM,543,703
2023,Surrey Central Station,Sun/Hol,2:00 to 3:00 AM,0,0
2023,Surrey Central Station,Sun/Hol,2:00 to 3:00 PM,699,785
2023,Surrey Central Station,Sun/Hol,3:00 to 4:00 AM,0,0
2023,Surrey Central Station,Sun/Hol,3:00 to 4:00 PM,920,702
2023,Surrey Central Station,Sun/Hol,6:00 to 7:00 AM,22,180
2023,Surrey Central Station,Sun/Hol,6:00 to 7:00 PM,1209,496
2023,Surrey Central Station,Sun/Hol,7:00 to 8:00 AM,224,656
2023,Surrey Central Station,Sun/Hol,7:00 to 8:00 PM,1116,382
2023,Surrey Central Station,Sun/Hol,8:00 to 9:00 AM,474,514
2023,Surrey Central Station,Sun/Hol,8:00 to 9:00 PM,908,334
2023,Surrey Central Station,Sun/Hol,9:00 to 10:00 AM,403,533
2023,Surrey Central Station,Sun/Hol,9:00 to 10:00 PM,680,324
2023,Surrey Central Station,Sun/Hol,5:00 to 6:00 PM,1178,529
2023,Surrey Central Station,Sun/Hol,5:00 to 6:00 AM,4,23
2023,Surrey Central Station,Sun/Hol,4:00 to 5:00 PM,1084,611
2023,Surrey Central Station,Sun/Hol,4:00 to 5:00 AM,0,2
2023,Templeton Station,Sun/Hol,5:00 to 6:00 PM,259,367
2023,Templeton Station,Sun/Hol,5:00 to 6:00 AM,10,88
2023,Templeton Station,Sun/Hol,4:00 to 5:00 PM,335,390
2023,Templeton Station,MF,12:00 to 1:00 AM,69,34
2023,Templeton Station,MF,11:00 PM to 12:00 AM,115,13
2023,Templeton Station,MF,11:00 AM to 12:00 PM,218,148
2023,Templeton Station,MF,10:00 to 11:00 PM,100,46
2023,Templeton Station,MF,10:00 to 11:00 AM,182,137
2023,Templeton Station,MF,1:00 to 2:00 PM,285,194
2023,Templeton Station,MF,1:00 to 2:00 AM,11,1
2023,Templeton Station,Sun/Hol,4:00 to 5:00 AM,0,2
2023,Templeton Station,Sun/Hol,3:00 to 4:00 PM,454,355
2023,Templeton Station,Sun/Hol,3:00 to 4:00 AM,0,0
2023,Templeton Station,Sun/Hol,2:00 to 3:00 PM,479,306
2023,Templeton Station,Sun/Hol,2:00 to 3:00 AM,0,0
2023,Templeton Station,Sun/Hol,12:00 to 1:00 PM,402,178
2023,Templeton Station,Sun/Hol,12:00 to 1:00 AM,75,16
2023,Templeton Station,Sun/Hol,11:00 PM to 12:00 AM,114,11
2023,Templeton Station,Sun/Hol,11:00 AM to 12:00 PM,326,146
2023,Templeton Station,Sun/Hol,10:00 to 11:00 PM,85,60
2023,Templeton Station,Sun/Hol,10:00 to 11:00 AM,239,115
2023,Templeton Station,Sun/Hol,1:00 to 2:00 PM,457,242
2023,Templeton Station,Sun/Hol,1:00 to 2:00 AM,15,0
2023,Templeton Station,Sat,9:00 to 10:00 PM,80,172
2023,Templeton Station,Sat,9:00 to 10:00 AM,139,89
2023,Templeton Station,Sat,8:00 to 9:00 PM,89,297
2023,Templeton Station,Sat,8:00 to 9:00 AM,77,92
2023,Templeton Station,Sat,7:00 to 8:00 PM,107,283
2023,Templeton Station,Sat,7:00 to 8:00 AM,46,108
2023,Templeton Station,Sat,6:00 to 7:00 PM,172,327
2023,Templeton Station,Sat,6:00 to 7:00 AM,28,168
2023,Templeton Station,Sat,5:00 to 6:00 PM,251,369
2023,Templeton Station,Sat,5:00 to 6:00 AM,9,98
2023,Templeton Station,Sat,4:00 to 5:00 PM,334,354
2023,Templeton Station,Sat,4:00 to 5:00 AM,0,3
2023,Templeton Station,Sat,3:00 to 4:00 PM,428,327
2023,Templeton Station,Sat,3:00 to 4:00 AM,0,0
2023,Templeton Station,Sat,2:00 to 3:00 PM,435,289
2023,Templeton Station,Sat,2:00 to 3:00 AM,0,0
2023,Templeton Station,MF,12:00 to 1:00 PM,264,155
2023,Templeton Station,MF,2:00 to 3:00 AM,0,0
2023,Templeton Station,MF,2:00 to 3:00 PM,341,224
2023,Templeton Station,MF,3:00 to 4:00 AM,0,0
2023,Templeton Station,MF,3:00 to 4:00 PM,385,254
2023,Templeton Station,MF,4:00 to 5:00 AM,0,3
2023,Templeton Station,MF,4:00 to 5:00 PM,333,288
2023,Templeton Station,Sun/Hol,9:00 to 10:00 PM,87,163
2023,Templeton Station,Sun/Hol,9:00 to 10:00 AM,143,108
2023,Templeton Station,Sun/Hol,8:00 to 9:00 PM,91,271
2023,Templeton Station,Sun/Hol,8:00 to 9:00 AM,76,77
2023,Templeton Station,Sun/Hol,7:00 to 8:00 PM,107,276
2023,Templeton Station,Sun/Hol,7:00 to 8:00 AM,61,109
2023,Templeton Station,Sun/Hol,6:00 to 7:00 PM,176,321
2023,Templeton Station,Sun/Hol,6:00 to 7:00 AM,31,167
2023,Templeton Station,MF,5:00 to 6:00 AM,16,111
2023,Templeton Station,MF,5:00 to 6:00 PM,276,257
2023,Templeton Station,MF,6:00 to 7:00 AM,56,214
2023,Templeton Station,MF,6:00 to 7:00 PM,203,220
2023,Templeton Station,MF,7:00 to 8:00 AM,92,183
2023,Templeton Station,MF,7:00 to 8:00 PM,117,193
2023,Templeton Station,MF,8:00 to 9:00 AM,85,168
2023,Templeton Station,MF,8:00 to 9:00 PM,104,217
2023,Templeton Station,MF,9:00 to 10:00 AM,135,146
2023,Templeton Station,MF,9:00 to 10:00 PM,95,147
2023,Templeton Station,Sat,1:00 to 2:00 AM,13,1
2023,Templeton Station,Sat,1:00 to 2:00 PM,423,224
2023,Templeton Station,Sat,10:00 to 11:00 AM,223,107
2023,Templeton Station,Sat,10:00 to 11:00 PM,82,57
2023,Templeton Station,Sat,11:00 AM to 12:00 PM,314,145
2023,Templeton Station,Sat,11:00 PM to 12:00 AM,113,11
2023,Templeton Station,Sat,12:00 to 1:00 AM,72,8
2023,Templeton Station,Sat,12:00 to 1:00 PM,391,167
2023,VCC-Clark Station,Sat,5:00 to 6:00 AM,0,0
2023,VCC-Clark Station,Sat,4:00 to 5:00 PM,92,138
2023,VCC-Clark Station,Sat,4:00 to 5:00 AM,0,0
2023,VCC-Clark Station,Sat,3:00 to 4:00 PM,95,118
2023,VCC-Clark Station,Sat,3:00 to 4:00 AM,0,0
2023,VCC-Clark Station,Sat,2:00 to 3:00 PM,95,108
2023,VCC-Clark Station,Sat,2:00 to 3:00 AM,0,0
2023,VCC-Clark Station,Sat,12:00 to 1:00 PM,93,82
2023,VCC-Clark Station,Sat,12:00 to 1:00 AM,13,13
2023,VCC-Clark Station,Sat,11:00 PM to 12:00 AM,20,25
2023,VCC-Clark Station,Sat,11:00 AM to 12:00 PM,81,69
2023,VCC-Clark Station,Sat,10:00 to 11:00 PM,27,26
2023,VCC-Clark Station,Sat,10:00 to 11:00 AM,70,56
2023,VCC-Clark Station,Sat,1:00 to 2:00 PM,96,92
2023,VCC-Clark Station,Sat,1:00 to 2:00 AM,6,4
2023,VCC-Clark Station,MF,9:00 to 10:00 PM,31,76
2023,VCC-Clark Station,MF,9:00 to 10:00 AM,215,78
2023,VCC-Clark Station,MF,8:00 to 9:00 PM,37,91
2023,VCC-Clark Station,MF,8:00 to 9:00 AM,480,132
2023,VCC-Clark Station,MF,7:00 to 8:00 PM,50,130
2023,VCC-Clark Station,MF,7:00 to 8:00 AM,368,125
2023,VCC-Clark Station,MF,6:00 to 7:00 PM,88,249
2023,VCC-Clark Station,MF,6:00 to 7:00 AM,144,91
2023,VCC-Clark Station,MF,5:00 to 6:00 PM,152,397
2023,VCC-Clark Station,MF,5:00 to 6:00 AM,18,24
2023,VCC-Clark Station,MF,4:00 to 5:00 PM,138,378
2023,VCC-Clark Station,MF,4:00 to 5:00 AM,0,0
2023,VCC-Clark Station,MF,3:00 to 4:00 PM,126,344
2023,VCC-Clark Station,MF,3:00 to 4:00 AM,0,0
2023,VCC-Clark Station,MF,2:00 to 3:00 PM,111,183
2023,VCC-Clark Station,MF,2:00 to 3:00 AM,0,0
2023,VCC-Clark Station,MF,12:00 to 1:00 PM,143,118
2023,VCC-Clark Station,MF,12:00 to 1:00 AM,8,11
2023,VCC-Clark Station,MF,11:00 PM to 12:00 AM,18,33
2023,VCC-Clark Station,MF,11:00 AM to 12:00 PM,124,101
2023,VCC-Clark Station,MF,10:00 to 11:00 PM,25,44
2023,VCC-Clark Station,MF,10:00 to 11:00 AM,125,61
2023,VCC-Clark Station,MF,1:00 to 2:00 PM,97,120
2023,VCC-Clark Station,MF,1:00 to 2:00 AM,3,4
2023,VCC-Clark Station,Sat,5:00 to 6:00 PM,83,131
2023,VCC-Clark Station,Sat,6:00 to 7:00 AM,15,16
2023,VCC-Clark Station,Sat,6:00 to 7:00 PM,62,109
2023,VCC-Clark Station,Sat,7:00 to 8:00 AM,39,36
2023,VCC-Clark Station,Sat,7:00 to 8:00 PM,51,77
2023,VCC-Clark Station,Sat,8:00 to 9:00 AM,64,46
2023,VCC-Clark Station,Sat,8:00 to 9:00 PM,38,51
2023,VCC-Clark Station,Sat,9:00 to 10:00 AM,77,48
2023,VCC-Clark Station,Sat,9:00 to 10:00 PM,29,48
2023,VCC-Clark Station,Sun/Hol,1:00 to 2:00 AM,0,1
2023,VCC-Clark Station,Sun/Hol,1:00 to 2:00 PM,68,69
2023,VCC-Clark Station,Sun/Hol,10:00 to 11:00 AM,61,46
2023,VCC-Clark Station,Sun/Hol,10:00 to 11:00 PM,19,21
2023,VCC-Clark Station,Sun/Hol,11:00 AM to 12:00 PM,62,57
2023,VCC-Clark Station,Sun/Hol,11:00 PM to 12:00 AM,18,23
2023,VCC-Clark Station,Sun/Hol,12:00 to 1:00 AM,7,7
2023,VCC-Clark Station,Sun/Hol,12:00 to 1:00 PM,69,60
2023,VCC-Clark Station,Sun/Hol,2:00 to 3:00 AM,0,0
2023,VCC-Clark Station,Sun/Hol,2:00 to 3:00 PM,73,73
2023,VCC-Clark Station,Sun/Hol,3:00 to 4:00 AM,0,0
2023,VCC-Clark Station,Sun/Hol,3:00 to 4:00 PM,70,84
2023,VCC-Clark Station,Sun/Hol,4:00 to 5:00 AM,0,0
2023,VCC-Clark Station,Sun/Hol,4:00 to 5:00 PM,63,94
2023,VCC-Clark Station,Sun/Hol,5:00 to 6:00 AM,1,1
2023,VCC-Clark Station,Sun/Hol,5:00 to 6:00 PM,56,95
2023,VCC-Clark Station,Sun/Hol,6:00 to 7:00 AM,3,3
2023,VCC-Clark Station,Sun/Hol,6:00 to 7:00 PM,48,78
2023,VCC-Clark Station,Sun/Hol,7:00 to 8:00 AM,22,22
2023,VCC-Clark Station,Sun/Hol,7:00 to 8:00 PM,38,54
2023,VCC-Clark Station,Sun/Hol,8:00 to 9:00 AM,49,32
2023,VCC-Clark Station,Sun/Hol,8:00 to 9:00 PM,27,36
2023,VCC-Clark Station,Sun/Hol,9:00 to 10:00 AM,56,36
2023,VCC-Clark Station,Sun/Hol,9:00 to 10:00 PM,24,27
2023,Vancouver City Centre Station,Sun/Hol,7:00 to 8:00 AM,273,176
2023,Vancouver City Centre Station,Sun/Hol,7:00 to 8:00 PM,406,716
2023,Vancouver City Centre Station,Sun/Hol,8:00 to 9:00 AM,389,198
2023,Vancouver City Centre Station,Sun/Hol,8:00 to 9:00 PM,308,462
2023,Vancouver City Centre Station,Sun/Hol,9:00 to 10:00 AM,495,294
2023,Vancouver City Centre Station,Sun/Hol,9:00 to 10:00 PM,268,380
2023,Vancouver City Centre Station,MF,7:00 to 8:00 AM,1163,445
2023,Vancouver City Centre Station,MF,7:00 to 8:00 PM,511,836
2023,Vancouver City Centre Station,MF,8:00 to 9:00 AM,1996,540
2023,Vancouver City Centre Station,MF,8:00 to 9:00 PM,341,638
2023,Vancouver City Centre Station,MF,9:00 to 10:00 AM,1186,435
2023,Vancouver City Centre Station,MF,9:00 to 10:00 PM,298,556
2023,Vancouver City Centre Station,Sat,1:00 to 2:00 AM,38,48
2023,Vancouver City Centre Station,Sat,1:00 to 2:00 PM,1104,763
2023,Vancouver City Centre Station,Sat,10:00 to 11:00 AM,704,428
2023,Vancouver City Centre Station,Sat,10:00 to 11:00 PM,283,536
2023,Vancouver City Centre Station,Sat,11:00 AM to 12:00 PM,924,558
2023,Vancouver City Centre Station,Sat,11:00 PM to 12:00 AM,180,440
2023,Vancouver City Centre Station,Sat,12:00 to 1:00 AM,110,223
2023,Vancouver City Centre Station,Sat,12:00 to 1:00 PM,1020,667
2023,Vancouver City Centre Station,Sat,2:00 to 3:00 AM,1,1
2023,Vancouver City Centre Station,Sat,2:00 to 3:00 PM,1154,905
2023,Vancouver City Centre Station,Sat,3:00 to 4:00 AM,0,1
2023,Vancouver City Centre Station,Sat,3:00 to 4:00 PM,1135,1035
2023,Vancouver City Centre Station,Sat,4:00 to 5:00 AM,1,19
2023,Vancouver City Centre Station,Sat,4:00 to 5:00 PM,1096,1135
2023,Vancouver City Centre Station,Sat,5:00 to 6:00 AM,60,63
2023,Vancouver City Centre Station,Sat,5:00 to 6:00 PM,962,1167
2023,Vancouver City Centre Station,Sat,6:00 to 7:00 AM,171,129
2023,Vancouver City Centre Station,Sat,6:00 to 7:00 PM,860,1038
2023,Vancouver City Centre Station,Sat,7:00 to 8:00 AM,285,191
2023,Vancouver City Centre Station,Sat,7:00 to 8:00 PM,607,799
2023,Vancouver City Centre Station,Sat,8:00 to 9:00 AM,481,245
2023,Vancouver City Centre Station,Sat,8:00 to 9:00 PM,423,682
2023,Vancouver City Centre Station,Sat,9:00 to 10:00 AM,619,344
2023,Vancouver City Centre Station,Sat,9:00 to 10:00 PM,373,601
2023,Vancouver City Centre Station,Sun/Hol,1:00 to 2:00 AM,24,21
2023,Vancouver City Centre Station,Sun/Hol,1:00 to 2:00 PM,962,718
2023,Vancouver City Centre Station,Sun/Hol,10:00 to 11:00 AM,708,399
2023,Vancouver City Centre Station,Sun/Hol,10:00 to 11:00 PM,210,285
2023,Vancouver City Centre Station,Sun/Hol,11:00 AM to 12:00 PM,804,506
2023,Vancouver City Centre Station,Sun/Hol,11:00 PM to 12:00 AM,127,204
2023,Vancouver City Centre Station,Sun/Hol,12:00 to 1:00 AM,65,98
2023,Vancouver City Centre Station,Sun/Hol,12:00 to 1:00 PM,867,637
2023,Vancouver City Centre Station,Sun/Hol,2:00 to 3:00 AM,0,1
2023,Vancouver City Centre Station,Sun/Hol,2:00 to 3:00 PM,967,823
2023,Vancouver City Centre Station,Sun/Hol,3:00 to 4:00 AM,0,1
2023,Vancouver City Centre Station,Sun/Hol,3:00 to 4:00 PM,908,948
2023,Vancouver City Centre Station,Sun/Hol,4:00 to 5:00 AM,1,21
2023,Vancouver City Centre Station,Sun/Hol,4:00 to 5:00 PM,842,1004
2023,Vancouver City Centre Station,Sun/Hol,5:00 to 6:00 AM,53,60
2023,Vancouver City Centre Station,Sun/Hol,5:00 to 6:00 PM,717,994
2023,Vancouver City Centre Station,Sun/Hol,6:00 to 7:00 AM,169,128
2023,Vancouver City Centre Station,Sun/Hol,6:00 to 7:00 PM,574,891
2023,Vancouver City Centre Station,MF,4:00 to 5:00 AM,1,17
2023,Vancouver City Centre Station,MF,3:00 to 4:00 PM,973,1189
2023,Vancouver City Centre Station,MF,3:00 to 4:00 AM,0,0
2023,Vancouver City Centre Station,MF,2:00 to 3:00 PM,886,883
2023,Vancouver City Centre Station,MF,2:00 to 3:00 AM,1,1
2023,Vancouver City Centre Station,MF,12:00 to 1:00 PM,830,634
2023,Vancouver City Centre Station,MF,12:00 to 1:00 AM,65,118
2023,Vancouver City Centre Station,MF,11:00 PM to 12:00 AM,112,262
2023,Vancouver City Centre Station,MF,11:00 AM to 12:00 PM,810,521
2023,Vancouver City Centre Station,MF,10:00 to 11:00 PM,203,402
2023,Vancouver City Centre Station,MF,10:00 to 11:00 AM,753,428
2023,Vancouver City Centre Station,MF,1:00 to 2:00 PM,844,729
2023,Vancouver City Centre Station,MF,1:00 to 2:00 AM,26,23
2023,Vancouver City Centre Station,MF,4:00 to 5:00 PM,1164,1776
2023,Vancouver City Centre Station,MF,5:00 to 6:00 AM,127,96
2023,Vancouver City Centre Station,MF,5:00 to 6:00 PM,1189,1951
2023,Vancouver City Centre Station,MF,6:00 to 7:00 AM,501,271
2023,Vancouver City Centre Station,MF,6:00 to 7:00 PM,856,1326
2023,Waterfront Station,MF,1:00 to 2:00 AM,37,62
2023,Waterfront Station,MF,1:00 to 2:00 PM,1439,1491
2023,Waterfront Station,MF,10:00 to 11:00 AM,1454,770
2023,Waterfront Station,MF,10:00 to 11:00 PM,487,874
2023,Waterfront Station,MF,11:00 AM to 12:00 PM,1394,924
2023,Waterfront Station,MF,11:00 PM to 12:00 AM,292,645
2023,Waterfront Station,Sun/Hol,9:00 to 10:00 PM,537,906
2023,Waterfront Station,Sun/Hol,9:00 to 10:00 AM,991,601
2023,Waterfront Station,Sun/Hol,8:00 to 9:00 PM,636,1070
2023,Waterfront Station,Sun/Hol,8:00 to 9:00 AM,766,473
2023,Waterfront Station,Sun/Hol,7:00 to 8:00 PM,769,1350
2023,Waterfront Station,Sun/Hol,7:00 to 8:00 AM,477,268
2023,Waterfront Station,Sun/Hol,6:00 to 7:00 PM,949,1706
2023,Waterfront Station,Sun/Hol,6:00 to 7:00 AM,120,68
2023,Waterfront Station,Sun/Hol,5:00 to 6:00 PM,1206,2011
2023,Waterfront Station,Sun/Hol,5:00 to 6:00 AM,32,37
2023,Waterfront Station,Sun/Hol,4:00 to 5:00 PM,1425,1996
2023,Waterfront Station,Sun/Hol,4:00 to 5:00 AM,2,11
2023,Waterfront Station,Sun/Hol,3:00 to 4:00 PM,1576,1836
2023,Waterfront Station,Sun/Hol,3:00 to 4:00 AM,1,1
2023,Waterfront Station,Sun/Hol,2:00 to 3:00 PM,1646,1501
2023,Waterfront Station,Sun/Hol,2:00 to 3:00 AM,1,1
2023,Waterfront Station,Sun/Hol,12:00 to 1:00 PM,1576,1058
2023,Waterfront Station,Sun/Hol,12:00 to 1:00 AM,95,145
2023,Waterfront Station,Sun/Hol,11:00 PM to 12:00 AM,277,522
2023,Waterfront Station,Sun/Hol,11:00 AM to 12:00 PM,1554,865
2023,Waterfront Station,Sun/Hol,10:00 to 11:00 PM,426,689
2023,Waterfront Station,Sun/Hol,10:00 to 11:00 AM,1317,714
2023,Waterfront Station,Sun/Hol,1:00 to 2:00 PM,1628,1248
2023,Waterfront Station,Sun/Hol,1:00 to 2:00 AM,21,15
2023,Waterfront Station,Sat,9:00 to 10:00 PM,836,1266
2023,Waterfront Station,Sat,9:00 to 10:00 AM,1208,678
2023,Waterfront Station,Sat,8:00 to 9:00 PM,879,1346
2023,Waterfront Station,Sat,8:00 to 9:00 AM,961,498
2023,Waterfront Station,Sat,7:00 to 8:00 PM,1032,1624
2023,Waterfront Station,Sat,7:00 to 8:00 AM,651,338
2023,Waterfront Station,Sat,6:00 to 7:00 PM,1371,2133
2023,Waterfront Station,Sat,6:00 to 7:00 AM,297,162
2023,Waterfront Station,Sat,5:00 to 6:00 PM,1585,2352
2023,Waterfront Station,Sat,5:00 to 6:00 AM,34,35
2023,Waterfront Station,Sat,4:00 to 5:00 PM,1760,2259
2023,Waterfront Station,Sat,4:00 to 5:00 AM,2,11
2023,Waterfront Station,Sat,3:00 to 4:00 PM,1798,2069
2023,Waterfront Station,Sat,3:00 to 4:00 AM,0,1
2023,Waterfront Station,Sat,2:00 to 3:00 PM,1833,1688
2023,Waterfront Station,Sat,2:00 to 3:00 AM,1,1
2023,Waterfront Station,Sat,12:00 to 1:00 PM,1756,1170
2023,Waterfront Station,Sat,12:00 to 1:00 AM,252,710
2023,Waterfront Station,Sat,11:00 PM to 12:00 AM,481,1034
2023,Waterfront Station,Sat,11:00 AM to 12:00 PM,1694,958
2023,Waterfront Station,Sat,10:00 to 11:00 PM,739,1111
2023,Waterfront Station,Sat,10:00 to 11:00 AM,1426,751
2023,Waterfront Station,Sat,1:00 to 2:00 PM,1805,1405
2023,Waterfront Station,Sat,1:00 to 2:00 AM,57,127
2023,Waterfront Station,MF,9:00 to 10:00 PM,624,1307
2023,Waterfront Station,MF,9:00 to 10:00 AM,2291,789
2023,Waterfront Station,MF,8:00 to 9:00 PM,677,1357
2023,Waterfront Station,MF,8:00 to 9:00 AM,3841,1436
2023,Waterfront Station,MF,7:00 to 8:00 PM,866,1677
2023,Waterfront Station,MF,7:00 to 8:00 AM,2054,1053
2023,Waterfront Station,MF,6:00 to 7:00 PM,1430,2626
2023,Waterfront Station,MF,6:00 to 7:00 AM,1113,621
2023,Waterfront Station,MF,5:00 to 6:00 PM,2193,4268
2023,Waterfront Station,MF,5:00 to 6:00 AM,230,144
2023,Waterfront Station,MF,4:00 to 5:00 PM,2362,3856
2023,Waterfront Station,MF,4:00 to 5:00 AM,2,11
2023,Waterfront Station,MF,3:00 to 4:00 PM,1884,2659
2023,Waterfront Station,MF,3:00 to 4:00 AM,1,1
2023,Waterfront Station,MF,2:00 to 3:00 PM,1491,1772
2023,Waterfront Station,MF,2:00 to 3:00 AM,1,1
2023,Waterfront Station,MF,12:00 to 1:00 PM,1455,1199
2023,Waterfront Station,MF,12:00 to 1:00 AM,137,368
2023,YVR-Airport Station,Sat,11:00 PM to 12:00 AM,51,372
2023,YVR-Airport Station,Sat,12:00 to 1:00 AM,30,215
2023,YVR-Airport Station,Sat,12:00 to 1:00 PM,463,565
2023,YVR-Airport Station,Sat,2:00 to 3:00 AM,0,0
2023,YVR-Airport Station,Sat,2:00 to 3:00 PM,457,578
2023,YVR-Airport Station,Sat,3:00 to 4:00 AM,0,0
2023,YVR-Airport Station,Sat,3:00 to 4:00 PM,399,596
2023,YVR-Airport Station,Sat,4:00 to 5:00 AM,0,6
2023,YVR-Airport Station,Sat,4:00 to 5:00 PM,300,514
2023,YVR-Airport Station,Sat,5:00 to 6:00 AM,278,49
2023,YVR-Airport Station,Sat,5:00 to 6:00 PM,281,434
2023,YVR-Airport Station,Sat,6:00 to 7:00 AM,472,83
2023,YVR-Airport Station,Sat,6:00 to 7:00 PM,251,355
2023,YVR-Airport Station,Sat,7:00 to 8:00 AM,428,195
2023,YVR-Airport Station,Sat,7:00 to 8:00 PM,233,374
2023,YVR-Airport Station,Sat,8:00 to 9:00 AM,362,215
2023,YVR-Airport Station,Sat,8:00 to 9:00 PM,219,378
2023,YVR-Airport Station,Sat,9:00 to 10:00 AM,491,234
2023,YVR-Airport Station,Sat,9:00 to 10:00 PM,174,362
2023,YVR-Airport Station,Sun/Hol,1:00 to 2:00 AM,10,2
2023,YVR-Airport Station,Sun/Hol,1:00 to 2:00 PM,484,553
2023,YVR-Airport Station,Sun/Hol,10:00 to 11:00 AM,555,314
2023,YVR-Airport Station,Sun/Hol,10:00 to 11:00 PM,94,469
2023,YVR-Airport Station,Sun/Hol,11:00 AM to 12:00 PM,533,442
2023,YVR-Airport Station,Sun/Hol,11:00 PM to 12:00 AM,37,375
2023,YVR-Airport Station,Sun/Hol,12:00 to 1:00 AM,22,222
2023,YVR-Airport Station,Sun/Hol,12:00 to 1:00 PM,480,564
2023,YVR-Airport Station,Sun/Hol,2:00 to 3:00 AM,0,0
2023,YVR-Airport Station,Sun/Hol,2:00 to 3:00 PM,480,635
2023,YVR-Airport Station,Sun/Hol,3:00 to 4:00 PM,411,630
2023,YVR-Airport Station,Sun/Hol,4:00 to 5:00 AM,0,6
2023,YVR-Airport Station,Sun/Hol,4:00 to 5:00 PM,303,559
2023,YVR-Airport Station,Sun/Hol,5:00 to 6:00 AM,254,49
2023,YVR-Airport Station,Sun/Hol,5:00 to 6:00 PM,276,479
2023,YVR-Airport Station,Sun/Hol,6:00 to 7:00 AM,454,84
2023,YVR-Airport Station,Sun/Hol,6:00 to 7:00 PM,254,382
2023,YVR-Airport Station,Sun/Hol,7:00 to 8:00 AM,401,189
2023,YVR-Airport Station,Sun/Hol,7:00 to 8:00 PM,248,372
2023,YVR-Airport Station,Sun/Hol,8:00 to 9:00 AM,373,183
2023,YVR-Airport Station,Sun/Hol,8:00 to 9:00 PM,227,401
2023,YVR-Airport Station,Sun/Hol,9:00 to 10:00 AM,496,233
2023,YVR-Airport Station,Sun/Hol,9:00 to 10:00 PM,166,464
2023,YVR-Airport Station,Sat,11:00 AM to 12:00 PM,532,427
2023,YVR-Airport Station,Sat,10:00 to 11:00 PM,107,405
2023,YVR-Airport Station,Sat,10:00 to 11:00 AM,514,300
2023,YVR-Airport Station,Sat,1:00 to 2:00 PM,464,553
2023,YVR-Airport Station,Sat,1:00 to 2:00 AM,13,2
2023,YVR-Airport Station,MF,9:00 to 10:00 PM,190,418
2023,YVR-Airport Station,MF,1:00 to 2:00 AM,13,3
2023,YVR-Airport Station,MF,1:00 to 2:00 PM,494,528
2023,YVR-Airport Station,MF,10:00 to 11:00 AM,552,321
2023,YVR-Airport Station,MF,10:00 to 11:00 PM,108,419
2023,YVR-Airport Station,MF,11:00 AM to 12:00 PM,548,419
2023,YVR-Airport Station,MF,11:00 PM to 12:00 AM,44,354
2023,YVR-Airport Station,MF,12:00 to 1:00 AM,27,198
2023,YVR-Airport Station,MF,12:00 to 1:00 PM,478,559
2023,YVR-Airport Station,MF,2:00 to 3:00 AM,0,0
2023,YVR-Airport Station,MF,2:00 to 3:00 PM,478,673
2023,YVR-Airport Station,MF,3:00 to 4:00 AM,0,0
2023,YVR-Airport Station,MF,3:00 to 4:00 PM,419,722
2023,YVR-Airport Station,MF,4:00 to 5:00 AM,0,9
2023,YVR-Airport Station,MF,4:00 to 5:00 PM,322,686
2023,YVR-Airport Station,MF,5:00 to 6:00 AM,304,52
2023,YVR-Airport Station,MF,5:00 to 6:00 PM,294,560
2023,YVR-Airport Station,MF,6:00 to 7:00 AM,651,83
2023,YVR-Airport Station,MF,6:00 to 7:00 PM,275,420
2023,YVR-Airport Station,MF,7:00 to 8:00 AM,571,210
2023,YVR-Airport Station,MF,7:00 to 8:00 PM,263,375
2023,YVR-Airport Station,MF,8:00 to 9:00 AM,487,202
2023,YVR-Airport Station,MF,8:00 to 9:00 PM,245,377
2023,YVR-Airport Station,MF,9:00 to 10:00 AM,546,238
2023,Yaletown-Roundhouse Station,Sun/Hol,5:00 to 6:00 AM,21,61
2023,Yaletown-Roundhouse Station,Sun/Hol,5:00 to 6:00 PM,480,466
2023,Yaletown-Roundhouse Station,Sun/Hol,6:00 to 7:00 AM,101,104
2023,Yaletown-Roundhouse Station,Sun/Hol,6:00 to 7:00 PM,410,394
2023,Yaletown-Roundhouse Station,Sun/Hol,7:00 to 8:00 AM,183,149
2023,Yaletown-Roundhouse Station,Sun/Hol,7:00 to 8:00 PM,319,364
2023,Yaletown-Roundhouse Station,Sun/Hol,8:00 to 9:00 AM,192,162
2023,Yaletown-Roundhouse Station,Sun/Hol,8:00 to 9:00 PM,251,293
2023,Yaletown-Roundhouse Station,Sun/Hol,9:00 to 10:00 AM,287,247
2023,Yaletown-Roundhouse Station,Sun/Hol,9:00 to 10:00 PM,215,290
2023,Yaletown-Roundhouse Station,MF,4:00 to 5:00 AM,0,17
2023,Yaletown-Roundhouse Station,MF,3:00 to 4:00 PM,651,578
2023,Yaletown-Roundhouse Station,MF,3:00 to 4:00 AM,0,0
2023,Yaletown-Roundhouse Station,MF,2:00 to 3:00 PM,503,496
2023,Yaletown-Roundhouse Station,MF,2:00 to 3:00 AM,1,0
2023,Yaletown-Roundhouse Station,MF,12:00 to 1:00 PM,448,418
2023,Yaletown-Roundhouse Station,MF,12:00 to 1:00 AM,55,108
2023,Yaletown-Roundhouse Station,MF,11:00 PM to 12:00 AM,111,226
2023,Yaletown-Roundhouse Station,MF,11:00 AM to 12:00 PM,399,377
2023,Yaletown-Roundhouse Station,MF,10:00 to 11:00 PM,197,324
2023,Yaletown-Roundhouse Station,MF,10:00 to 11:00 AM,382,366
2023,Yaletown-Roundhouse Station,MF,1:00 to 2:00 PM,443,423
2023,Yaletown-Roundhouse Station,MF,1:00 to 2:00 AM,15,24
2023,Yaletown-Roundhouse Station,MF,4:00 to 5:00 PM,846,747
2023,Yaletown-Roundhouse Station,MF,5:00 to 6:00 AM,32,102
2023,Yaletown-Roundhouse Station,MF,5:00 to 6:00 PM,916,848
2023,Yaletown-Roundhouse Station,MF,6:00 to 7:00 AM,189,289
2023,Yaletown-Roundhouse Station,MF,6:00 to 7:00 PM,719,649
2023,Yaletown-Roundhouse Station,MF,7:00 to 8:00 AM,442,501
2023,Yaletown-Roundhouse Station,MF,7:00 to 8:00 PM,429,482
2023,Yaletown-Roundhouse Station,MF,8:00 to 9:00 AM,656,610
2023,Yaletown-Roundhouse Station,MF,8:00 to 9:00 PM,311,399
2023,Yaletown-Roundhouse Station,MF,9:00 to 10:00 AM,600,419
2023,Yaletown-Roundhouse Station,MF,9:00 to 10:00 PM,266,384
2023,Yaletown-Roundhouse Station,Sat,1:00 to 2:00 AM,23,59
2023,Yaletown-Roundhouse Station,Sat,1:00 to 2:00 PM,553,496
2023,Yaletown-Roundhouse Station,Sat,10:00 to 11:00 AM,379,374
2023,Yaletown-Roundhouse Station,Sat,10:00 to 11:00 PM,256,428
2023,Yaletown-Roundhouse Station,Sat,11:00 AM to 12:00 PM,468,437
2023,Yaletown-Roundhouse Station,Sat,11:00 PM to 12:00 AM,164,448
2023,Yaletown-Roundhouse Station,Sat,12:00 to 1:00 AM,94,260
2023,Yaletown-Roundhouse Station,Sat,12:00 to 1:00 PM,549,481
2023,Yaletown-Roundhouse Station,Sat,2:00 to 3:00 AM,1,0
2023,Yaletown-Roundhouse Station,Sat,2:00 to 3:00 PM,608,538
2023,Yaletown-Roundhouse Station,Sat,3:00 to 4:00 AM,0,0
2023,Yaletown-Roundhouse Station,Sat,3:00 to 4:00 PM,650,582
2023,Yaletown-Roundhouse Station,Sat,4:00 to 5:00 AM,0,15
2023,Yaletown-Roundhouse Station,Sat,4:00 to 5:00 PM,708,594
2023,Yaletown-Roundhouse Station,Sat,5:00 to 6:00 AM,23,68
2023,Yaletown-Roundhouse Station,Sat,5:00 to 6:00 PM,710,556
2023,Yaletown-Roundhouse Station,Sat,6:00 to 7:00 AM,105,110
2023,Yaletown-Roundhouse Station,Sat,6:00 to 7:00 PM,666,519
2023,Yaletown-Roundhouse Station,Sat,7:00 to 8:00 AM,194,176
2023,Yaletown-Roundhouse Station,Sat,7:00 to 8:00 PM,494,448
2023,Yaletown-Roundhouse Station,Sat,8:00 to 9:00 AM,267,219
2023,Yaletown-Roundhouse Station,Sat,8:00 to 9:00 PM,409,369
2023,Yaletown-Roundhouse Station,Sat,9:00 to 10:00 AM,379,310
2023,Yaletown-Roundhouse Station,Sat,9:00 to 10:00 PM,350,414
2023,Yaletown-Roundhouse Station,Sun/Hol,1:00 to 2:00 AM,15,18
2023,Yaletown-Roundhouse Station,Sun/Hol,1:00 to 2:00 PM,475,442
2023,Yaletown-Roundhouse Station,Sun/Hol,10:00 to 11:00 AM,341,328
2023,Yaletown-Roundhouse Station,Sun/Hol,10:00 to 11:00 PM,181,231
2023,Yaletown-Roundhouse Station,Sun/Hol,11:00 AM to 12:00 PM,414,384
2023,Yaletown-Roundhouse Station,Sun/Hol,11:00 PM to 12:00 AM,110,170
2023,Yaletown-Roundhouse Station,Sun/Hol,12:00 to 1:00 AM,53,82
2023,Yaletown-Roundhouse Station,Sun/Hol,12:00 to 1:00 PM,462,425
2023,Yaletown-Roundhouse Station,Sun/Hol,2:00 to 3:00 AM,1,0
2023,Yaletown-Roundhouse Station,Sun/Hol,2:00 to 3:00 PM,502,504
2023,Yaletown-Roundhouse Station,Sun/Hol,3:00 to 4:00 AM,0,0
2023,Yaletown-Roundhouse Station,Sun/Hol,3:00 to 4:00 PM,516,511
2023,Yaletown-Roundhouse Station,Sun/Hol,4:00 to 5:00 AM,0,16
2023,Yaletown-Roundhouse Station,Sun/Hol,4:00 to 5:00 PM,521,508
2024,22nd Street Station,Sun/Hol,5:00 to 6:00 PM,474,388
2024,22nd Street Station,Sun/Hol,5:00 to 6:00 AM,5,3
2024,22nd Street Station,Sun/Hol,4:00 to 5:00 PM,439,407
2024,22nd Street Station,Sun/Hol,4:00 to 5:00 AM,0,0
2024,22nd Street Station,Sun/Hol,3:00 to 4:00 PM,408,442
2024,22nd Street Station,Sun/Hol,3:00 to 4:00 AM,0,0
2024,22nd Street Station,Sun/Hol,2:00 to 3:00 PM,363,462
2024,22nd Street Station,Sun/Hol,2:00 to 3:00 AM,0,0
2024,22nd Street Station,Sun/Hol,12:00 to 1:00 PM,300,431
2024,22nd Street Station,Sun/Hol,12:00 to 1:00 AM,59,51
2024,22nd Street Station,Sun/Hol,11:00 PM to 12:00 AM,171,152
2024,22nd Street Station,Sun/Hol,11:00 AM to 12:00 PM,258,372
2024,22nd Street Station,Sun/Hol,10:00 to 11:00 PM,224,212
2024,22nd Street Station,Sun/Hol,10:00 to 11:00 AM,254,369
2024,22nd Street Station,Sun/Hol,1:00 to 2:00 PM,354,457
2024,22nd Street Station,Sun/Hol,1:00 to 2:00 AM,1,1
2024,22nd Street Station,Sat,9:00 to 10:00 PM,392,248
2024,22nd Street Station,Sat,9:00 to 10:00 AM,275,397
2024,22nd Street Station,Sat,8:00 to 9:00 PM,375,278
2024,22nd Street Station,Sat,8:00 to 9:00 AM,307,416
2024,22nd Street Station,Sat,7:00 to 8:00 PM,434,342
2024,22nd Street Station,Sat,7:00 to 8:00 AM,310,430
2024,22nd Street Station,Sat,6:00 to 7:00 PM,507,442
2024,22nd Street Station,Sat,6:00 to 7:00 AM,235,302
2024,22nd Street Station,Sat,5:00 to 6:00 PM,535,550
2024,22nd Street Station,Sat,5:00 to 6:00 AM,0,0
2024,22nd Street Station,Sat,4:00 to 5:00 PM,523,540
2024,22nd Street Station,Sat,4:00 to 5:00 AM,0,0
2024,22nd Street Station,Sat,3:00 to 4:00 PM,481,537
2024,22nd Street Station,Sat,3:00 to 4:00 AM,0,0
2024,22nd Street Station,Sat,2:00 to 3:00 PM,419,502
2024,22nd Street Station,Sat,2:00 to 3:00 AM,0,0
2024,22nd Street Station,Sat,12:00 to 1:00 PM,346,452
2024,22nd Street Station,Sat,12:00 to 1:00 AM,152,114
2024,22nd Street Station,Sat,11:00 PM to 12:00 AM,249,201
2024,22nd Street Station,Sat,11:00 AM to 12:00 PM,288,445
2024,22nd Street Station,Sat,10:00 to 11:00 PM,334,260
2024,22nd Street Station,Sat,10:00 to 11:00 AM,267,399
2024,22nd Street Station,Sat,1:00 to 2:00 PM,401,474
2024,22nd Street Station,Sat,1:00 to 2:00 AM,43,26
2024,22nd Street Station,MF,9:00 to 10:00 PM,445,237
2024,22nd Street Station,MF,9:00 to 10:00 AM,305,597
2024,22nd Street Station,MF,8:00 to 9:00 PM,443,277
2024,22nd Street Station,MF,8:00 to 9:00 AM,588,865
2024,22nd Street Station,MF,7:00 to 8:00 PM,522,371
2024,22nd Street Station,MF,7:00 to 8:00 AM,834,1009
2024,22nd Street Station,MF,6:00 to 7:00 PM,808,669
2024,22nd Street Station,MF,6:00 to 7:00 AM,848,782
2024,22nd Street Station,MF,5:00 to 6:00 PM,987,969
2024,22nd Street Station,MF,5:00 to 6:00 AM,440,300
2024,22nd Street Station,MF,4:00 to 5:00 PM,940,1034
2024,22nd Street Station,MF,1:00 to 2:00 AM,20,28
2024,22nd Street Station,MF,1:00 to 2:00 PM,450,442
2024,22nd Street Station,MF,10:00 to 11:00 AM,239,409
2024,22nd Street Station,MF,10:00 to 11:00 PM,323,242
2024,22nd Street Station,MF,4:00 to 5:00 AM,0,0
2024,22nd Street Station,MF,3:00 to 4:00 PM,780,771
2024,22nd Street Station,MF,3:00 to 4:00 AM,0,0
2024,22nd Street Station,MF,2:00 to 3:00 PM,546,523
2024,22nd Street Station,MF,2:00 to 3:00 AM,0,0
2024,22nd Street Station,MF,12:00 to 1:00 PM,377,443
2024,22nd Street Station,MF,12:00 to 1:00 AM,113,97
2024,22nd Street Station,MF,11:00 PM to 12:00 AM,207,199
2024,22nd Street Station,MF,11:00 AM to 12:00 PM,284,434
2024,22nd Street Station,Sun/Hol,6:00 to 7:00 AM,11,11
2024,22nd Street Station,Sun/Hol,6:00 to 7:00 PM,480,373
2024,22nd Street Station,Sun/Hol,7:00 to 8:00 AM,227,347
2024,22nd Street Station,Sun/Hol,7:00 to 8:00 PM,439,285
2024,22nd Street Station,Sun/Hol,8:00 to 9:00 AM,255,290
2024,22nd Street Station,Sun/Hol,8:00 to 9:00 PM,338,275
2024,22nd Street Station,Sun/Hol,9:00 to 10:00 AM,237,338
2024,22nd Street Station,Sun/Hol,9:00 to 10:00 PM,303,226
2024,29th Avenue Station,MF,3:00 to 4:00 AM,0,0
2024,29th Avenue Station,Sun/Hol,3:00 to 4:00 AM,0,0
2024,29th Avenue Station,MF,11:00 PM to 12:00 AM,187,60
2024,29th Avenue Station,Sat,11:00 PM to 12:00 AM,238,86
2024,29th Avenue Station,Sun/Hol,5:00 to 6:00 AM,0,1
2024,29th Avenue Station,Sun/Hol,10:00 to 11:00 AM,160,402
2024,29th Avenue Station,Sun/Hol,4:00 to 5:00 PM,419,340
2024,29th Avenue Station,MF,6:00 to 7:00 AM,132,483
2024,29th Avenue Station,Sat,3:00 to 4:00 AM,0,0
2024,29th Avenue Station,Sat,2:00 to 3:00 PM,367,428
2024,29th Avenue Station,Sat,4:00 to 5:00 PM,468,423
2024,29th Avenue Station,MF,4:00 to 5:00 PM,807,447
2024,29th Avenue Station,Sat,5:00 to 6:00 PM,506,381
2024,29th Avenue Station,Sat,5:00 to 6:00 AM,0,0
2024,29th Avenue Station,Sun/Hol,2:00 to 3:00 PM,317,394
2024,29th Avenue Station,Sun/Hol,9:00 to 10:00 PM,272,106
2024,29th Avenue Station,Sun/Hol,12:00 to 1:00 AM,58,12
2024,29th Avenue Station,Sat,1:00 to 2:00 PM,299,442
2024,29th Avenue Station,Sun/Hol,8:00 to 9:00 PM,300,116
2024,29th Avenue Station,Sun/Hol,4:00 to 5:00 AM,0,0
2024,29th Avenue Station,Sat,6:00 to 7:00 PM,474,313
2024,29th Avenue Station,Sun/Hol,11:00 AM to 12:00 PM,178,391
2024,29th Avenue Station,Sun/Hol,7:00 to 8:00 AM,55,128
2024,29th Avenue Station,Sun/Hol,6:00 to 7:00 AM,1,5
2024,29th Avenue Station,Sun/Hol,6:00 to 7:00 PM,421,220
2024,29th Avenue Station,Sat,4:00 to 5:00 AM,0,0
2024,29th Avenue Station,MF,10:00 to 11:00 PM,279,95
2024,29th Avenue Station,Sat,12:00 to 1:00 PM,239,436
2024,29th Avenue Station,MF,7:00 to 8:00 PM,444,212
2024,29th Avenue Station,MF,12:00 to 1:00 PM,264,364
2024,29th Avenue Station,Sun/Hol,5:00 to 6:00 PM,436,285
2024,29th Avenue Station,Sun/Hol,3:00 to 4:00 PM,375,359
2024,29th Avenue Station,Sun/Hol,9:00 to 10:00 AM,127,308
2024,29th Avenue Station,Sat,9:00 to 10:00 PM,355,148
2024,29th Avenue Station,Sat,10:00 to 11:00 AM,186,414
2024,29th Avenue Station,MF,2:00 to 3:00 AM,0,0
2024,29th Avenue Station,MF,10:00 to 11:00 AM,170,383
2024,29th Avenue Station,Sun/Hol,12:00 to 1:00 PM,234,392
2024,29th Avenue Station,Sat,2:00 to 3:00 AM,0,0
2024,29th Avenue Station,Sat,6:00 to 7:00 AM,39,92
2024,29th Avenue Station,MF,9:00 to 10:00 PM,393,120
2024,29th Avenue Station,Sun/Hol,8:00 to 9:00 AM,90,227
2024,29th Avenue Station,Sat,11:00 AM to 12:00 PM,203,420
2024,29th Avenue Station,Sun/Hol,2:00 to 3:00 AM,0,0
2024,29th Avenue Station,MF,2:00 to 3:00 PM,395,362
2024,29th Avenue Station,Sat,9:00 to 10:00 AM,159,407
2024,29th Avenue Station,Sat,8:00 to 9:00 AM,133,335
2024,29th Avenue Station,MF,1:00 to 2:00 AM,29,4
2024,29th Avenue Station,MF,8:00 to 9:00 PM,385,151
2024,29th Avenue Station,MF,1:00 to 2:00 PM,301,347
2024,29th Avenue Station,MF,9:00 to 10:00 AM,181,557
2024,29th Avenue Station,MF,8:00 to 9:00 AM,260,870
2024,29th Avenue Station,MF,5:00 to 6:00 PM,891,406
2024,29th Avenue Station,MF,5:00 to 6:00 AM,28,110
2024,29th Avenue Station,Sat,7:00 to 8:00 PM,389,213
2024,29th Avenue Station,Sat,7:00 to 8:00 AM,92,227
2024,29th Avenue Station,MF,11:00 AM to 12:00 PM,191,373
2024,29th Avenue Station,MF,7:00 to 8:00 AM,208,659
2024,29th Avenue Station,Sun/Hol,11:00 PM to 12:00 AM,163,59
2024,29th Avenue Station,Sun/Hol,1:00 to 2:00 PM,276,397
2024,29th Avenue Station,Sat,3:00 to 4:00 PM,434,420
2024,29th Avenue Station,MF,3:00 to 4:00 PM,605,490
2024,29th Avenue Station,Sun/Hol,10:00 to 11:00 PM,222,90
2024,29th Avenue Station,Sun/Hol,7:00 to 8:00 PM,373,149
2024,29th Avenue Station,Sat,10:00 to 11:00 PM,307,119
2024,29th Avenue Station,Sun/Hol,1:00 to 2:00 AM,1,0
2024,29th Avenue Station,Sat,8:00 to 9:00 PM,334,178
2024,29th Avenue Station,MF,6:00 to 7:00 PM,658,339
2024,29th Avenue Station,MF,12:00 to 1:00 AM,107,24
2024,29th Avenue Station,Sat,12:00 to 1:00 AM,157,39
2024,29th Avenue Station,Sat,1:00 to 2:00 AM,56,6
2024,Aberdeen Station,Sun/Hol,9:00 to 10:00 PM,62,128
2024,Aberdeen Station,Sun/Hol,9:00 to 10:00 AM,175,78
2024,Aberdeen Station,Sun/Hol,8:00 to 9:00 PM,81,162
2024,Aberdeen Station,Sun/Hol,8:00 to 9:00 AM,87,47
2024,Aberdeen Station,Sun/Hol,7:00 to 8:00 PM,130,251
2024,Aberdeen Station,Sun/Hol,7:00 to 8:00 AM,53,46
2024,Aberdeen Station,Sun/Hol,6:00 to 7:00 PM,209,298
2024,Aberdeen Station,Sun/Hol,6:00 to 7:00 AM,25,40
2024,Aberdeen Station,Sun/Hol,5:00 to 6:00 PM,281,324
2024,Aberdeen Station,Sun/Hol,5:00 to 6:00 AM,10,11
2024,Aberdeen Station,Sun/Hol,4:00 to 5:00 PM,309,349
2024,Aberdeen Station,Sun/Hol,4:00 to 5:00 AM,0,1
2024,Aberdeen Station,Sun/Hol,3:00 to 4:00 PM,322,363
2024,Aberdeen Station,Sun/Hol,3:00 to 4:00 AM,0,0
2024,Aberdeen Station,Sun/Hol,2:00 to 3:00 PM,333,341
2024,Aberdeen Station,Sun/Hol,2:00 to 3:00 AM,1,1
2024,Aberdeen Station,Sun/Hol,12:00 to 1:00 PM,343,230
2024,Aberdeen Station,Sun/Hol,12:00 to 1:00 AM,16,13
2024,Aberdeen Station,Sun/Hol,11:00 PM to 12:00 AM,27,25
2024,Aberdeen Station,Sun/Hol,11:00 AM to 12:00 PM,332,170
2024,Aberdeen Station,Sun/Hol,10:00 to 11:00 PM,46,66
2024,Aberdeen Station,Sun/Hol,10:00 to 11:00 AM,287,115
2024,Aberdeen Station,Sun/Hol,1:00 to 2:00 PM,346,299
2024,Aberdeen Station,Sun/Hol,1:00 to 2:00 AM,3,1
2024,Aberdeen Station,Sat,9:00 to 10:00 PM,82,148
2024,Aberdeen Station,Sat,9:00 to 10:00 AM,243,98
2024,Aberdeen Station,Sat,8:00 to 9:00 PM,101,224
2024,Aberdeen Station,Sat,8:00 to 9:00 AM,127,61
2024,Aberdeen Station,Sat,7:00 to 8:00 PM,170,285
2024,Aberdeen Station,Sat,7:00 to 8:00 AM,64,48
2024,Aberdeen Station,Sat,6:00 to 7:00 PM,267,367
2024,Aberdeen Station,Sat,6:00 to 7:00 AM,32,34
2024,Aberdeen Station,Sat,5:00 to 6:00 PM,356,406
2024,Aberdeen Station,MF,1:00 to 2:00 AM,4,1
2024,Aberdeen Station,MF,1:00 to 2:00 PM,269,279
2024,Aberdeen Station,MF,10:00 to 11:00 AM,299,136
2024,Aberdeen Station,MF,10:00 to 11:00 PM,40,53
2024,Aberdeen Station,MF,11:00 AM to 12:00 PM,285,181
2024,Aberdeen Station,MF,11:00 PM to 12:00 AM,22,22
2024,Aberdeen Station,MF,12:00 to 1:00 AM,14,10
2024,Aberdeen Station,MF,12:00 to 1:00 PM,278,234
2024,Aberdeen Station,MF,2:00 to 3:00 AM,1,1
2024,Aberdeen Station,MF,2:00 to 3:00 PM,294,309
2024,Aberdeen Station,MF,3:00 to 4:00 AM,0,0
2024,Aberdeen Station,MF,3:00 to 4:00 PM,347,349
2024,Aberdeen Station,MF,4:00 to 5:00 AM,0,1
2024,Aberdeen Station,MF,4:00 to 5:00 PM,385,359
2024,Aberdeen Station,MF,5:00 to 6:00 AM,21,26
2024,Aberdeen Station,MF,5:00 to 6:00 PM,401,396
2024,Aberdeen Station,MF,6:00 to 7:00 AM,90,68
2024,Aberdeen Station,MF,6:00 to 7:00 PM,291,352
2024,Aberdeen Station,MF,7:00 to 8:00 AM,142,146
2024,Aberdeen Station,MF,7:00 to 8:00 PM,158,243
2024,Aberdeen Station,MF,8:00 to 9:00 AM,226,171
2024,Aberdeen Station,MF,8:00 to 9:00 PM,93,150
2024,Aberdeen Station,MF,9:00 to 10:00 AM,244,142
2024,Aberdeen Station,MF,9:00 to 10:00 PM,72,111
2024,Aberdeen Station,Sat,1:00 to 2:00 AM,7,1
2024,Aberdeen Station,Sat,1:00 to 2:00 PM,405,351
2024,Aberdeen Station,Sat,10:00 to 11:00 AM,336,144
2024,Aberdeen Station,Sat,10:00 to 11:00 PM,62,95
2024,Aberdeen Station,Sat,11:00 AM to 12:00 PM,390,212
2024,Aberdeen Station,Sat,11:00 PM to 12:00 AM,42,43
2024,Aberdeen Station,Sat,12:00 to 1:00 AM,27,21
2024,Aberdeen Station,Sat,12:00 to 1:00 PM,403,294
2024,Aberdeen Station,Sat,2:00 to 3:00 AM,0,0
2024,Aberdeen Station,Sat,2:00 to 3:00 PM,386,414
2024,Aberdeen Station,Sat,3:00 to 4:00 AM,0,0
2024,Aberdeen Station,Sat,3:00 to 4:00 PM,386,440
2024,Aberdeen Station,Sat,4:00 to 5:00 AM,0,1
2024,Aberdeen Station,Sat,4:00 to 5:00 PM,388,434
2024,Aberdeen Station,Sat,5:00 to 6:00 AM,12,14
2024,Braid Station,MF,1:00 to 2:00 AM,13,6
2024,Braid Station,MF,1:00 to 2:00 PM,232,192
2024,Braid Station,MF,10:00 to 11:00 AM,139,159
2024,Braid Station,MF,10:00 to 11:00 PM,76,86
2024,Braid Station,MF,11:00 AM to 12:00 PM,149,184
2024,Braid Station,Sat,2:00 to 3:00 PM,223,224
2024,Braid Station,Sat,2:00 to 3:00 AM,0,0
2024,Braid Station,Sat,12:00 to 1:00 PM,188,175
2024,Braid Station,Sat,12:00 to 1:00 AM,43,23
2024,Braid Station,Sat,11:00 PM to 12:00 AM,65,60
2024,Braid Station,Sat,11:00 AM to 12:00 PM,162,165
2024,Braid Station,Sat,10:00 to 11:00 PM,92,92
2024,Braid Station,Sat,10:00 to 11:00 AM,144,148
2024,Braid Station,Sat,1:00 to 2:00 PM,201,206
2024,Braid Station,Sat,1:00 to 2:00 AM,23,10
2024,Braid Station,MF,9:00 to 10:00 PM,109,105
2024,Braid Station,MF,9:00 to 10:00 AM,189,203
2024,Braid Station,MF,8:00 to 9:00 PM,147,113
2024,Braid Station,MF,8:00 to 9:00 AM,320,311
2024,Braid Station,MF,7:00 to 8:00 PM,258,159
2024,Braid Station,MF,7:00 to 8:00 AM,434,361
2024,Braid Station,MF,6:00 to 7:00 PM,348,314
2024,Braid Station,MF,6:00 to 7:00 AM,489,365
2024,Braid Station,Sat,3:00 to 4:00 PM,227,251
2024,Braid Station,Sat,4:00 to 5:00 AM,0,0
2024,Braid Station,Sat,4:00 to 5:00 PM,244,250
2024,Braid Station,Sat,5:00 to 6:00 AM,0,1
2024,Braid Station,Sat,5:00 to 6:00 PM,226,281
2024,Braid Station,Sat,6:00 to 7:00 AM,106,137
2024,Braid Station,Sat,6:00 to 7:00 PM,198,229
2024,Braid Station,Sat,7:00 to 8:00 AM,120,108
2024,Braid Station,Sat,7:00 to 8:00 PM,222,162
2024,Braid Station,Sat,8:00 to 9:00 AM,136,110
2024,Braid Station,Sat,8:00 to 9:00 PM,152,139
2024,Braid Station,Sat,9:00 to 10:00 AM,137,116
2024,Braid Station,Sat,9:00 to 10:00 PM,118,116
2024,Braid Station,Sun/Hol,1:00 to 2:00 AM,1,1
2024,Braid Station,MF,11:00 PM to 12:00 AM,49,53
2024,Braid Station,MF,12:00 to 1:00 AM,26,13
2024,Braid Station,MF,12:00 to 1:00 PM,185,189
2024,Braid Station,MF,2:00 to 3:00 AM,0,0
2024,Braid Station,MF,2:00 to 3:00 PM,245,263
2024,Braid Station,MF,3:00 to 4:00 AM,0,0
2024,Braid Station,MF,3:00 to 4:00 PM,359,424
2024,Braid Station,MF,4:00 to 5:00 AM,0,0
2024,Braid Station,MF,4:00 to 5:00 PM,456,533
2024,Braid Station,MF,5:00 to 6:00 AM,150,159
2024,Braid Station,MF,5:00 to 6:00 PM,446,499
2024,Braid Station,Sun/Hol,9:00 to 10:00 PM,75,75
2024,Braid Station,Sun/Hol,9:00 to 10:00 AM,108,93
2024,Braid Station,Sun/Hol,8:00 to 9:00 PM,117,106
2024,Braid Station,Sun/Hol,8:00 to 9:00 AM,103,62
2024,Braid Station,Sun/Hol,7:00 to 8:00 PM,195,147
2024,Braid Station,Sun/Hol,7:00 to 8:00 AM,93,134
2024,Braid Station,Sun/Hol,6:00 to 7:00 PM,157,180
2024,Braid Station,Sun/Hol,6:00 to 7:00 AM,8,7
2024,Braid Station,Sun/Hol,5:00 to 6:00 PM,170,192
2024,Braid Station,Sun/Hol,5:00 to 6:00 AM,2,2
2024,Braid Station,Sun/Hol,4:00 to 5:00 PM,178,191
2024,Braid Station,Sun/Hol,4:00 to 5:00 AM,0,0
2024,Braid Station,Sun/Hol,3:00 to 4:00 PM,185,177
2024,Braid Station,Sun/Hol,2:00 to 3:00 PM,176,180
2024,Braid Station,Sun/Hol,2:00 to 3:00 AM,0,0
2024,Braid Station,Sun/Hol,12:00 to 1:00 PM,139,145
2024,Braid Station,Sun/Hol,12:00 to 1:00 AM,19,9
2024,Braid Station,Sun/Hol,11:00 PM to 12:00 AM,44,38
2024,Braid Station,Sun/Hol,11:00 AM to 12:00 PM,126,130
2024,Braid Station,Sun/Hol,10:00 to 11:00 PM,62,70
2024,Braid Station,Sun/Hol,10:00 to 11:00 AM,127,121
2024,Braid Station,Sun/Hol,1:00 to 2:00 PM,169,159
2024,Brentwood Town Centre Station,Sat,3:00 to 4:00 PM,438,454
2024,Brentwood Town Centre Station,Sat,3:00 to 4:00 AM,0,0
2024,Brentwood Town Centre Station,Sat,2:00 to 3:00 PM,406,433
2024,Brentwood Town Centre Station,Sat,2:00 to 3:00 AM,0,0
2024,Brentwood Town Centre Station,Sat,12:00 to 1:00 PM,347,345
2024,Brentwood Town Centre Station,Sat,12:00 to 1:00 AM,98,85
2024,Brentwood Town Centre Station,Sat,11:00 PM to 12:00 AM,140,130
2024,Brentwood Town Centre Station,Sat,11:00 AM to 12:00 PM,312,294
2024,Brentwood Town Centre Station,Sat,10:00 to 11:00 PM,211,170
2024,Brentwood Town Centre Station,Sat,4:00 to 5:00 AM,0,0
2024,Brentwood Town Centre Station,Sat,4:00 to 5:00 PM,488,455
2024,Brentwood Town Centre Station,Sat,5:00 to 6:00 AM,0,0
2024,Brentwood Town Centre Station,Sat,5:00 to 6:00 PM,481,424
2024,Brentwood Town Centre Station,Sat,6:00 to 7:00 AM,40,58
2024,Brentwood Town Centre Station,Sat,6:00 to 7:00 PM,436,382
2024,Brentwood Town Centre Station,Sat,7:00 to 8:00 AM,130,111
2024,Brentwood Town Centre Station,Sat,7:00 to 8:00 PM,349,293
2024,Brentwood Town Centre Station,Sat,8:00 to 9:00 AM,197,184
2024,Brentwood Town Centre Station,Sat,8:00 to 9:00 PM,264,255
2024,Brentwood Town Centre Station,Sat,9:00 to 10:00 AM,224,223
2024,Brentwood Town Centre Station,Sat,9:00 to 10:00 PM,222,239
2024,Brentwood Town Centre Station,Sun/Hol,1:00 to 2:00 AM,1,1
2024,Brentwood Town Centre Station,Sat,10:00 to 11:00 AM,258,251
2024,Brentwood Town Centre Station,Sat,1:00 to 2:00 PM,380,382
2024,Brentwood Town Centre Station,Sat,1:00 to 2:00 AM,35,29
2024,Brentwood Town Centre Station,MF,9:00 to 10:00 PM,209,206
2024,Brentwood Town Centre Station,MF,9:00 to 10:00 AM,354,359
2024,Brentwood Town Centre Station,MF,8:00 to 9:00 PM,270,243
2024,Brentwood Town Centre Station,MF,8:00 to 9:00 AM,567,617
2024,Brentwood Town Centre Station,MF,7:00 to 8:00 PM,383,311
2024,Brentwood Town Centre Station,MF,7:00 to 8:00 AM,509,521
2024,Brentwood Town Centre Station,MF,6:00 to 7:00 PM,642,470
2024,Brentwood Town Centre Station,MF,6:00 to 7:00 AM,371,252
2024,Brentwood Town Centre Station,MF,5:00 to 6:00 PM,885,715
2024,Brentwood Town Centre Station,MF,5:00 to 6:00 AM,52,78
2024,Brentwood Town Centre Station,MF,4:00 to 5:00 PM,707,741
2024,Brentwood Town Centre Station,MF,4:00 to 5:00 AM,0,0
2024,Brentwood Town Centre Station,MF,3:00 to 4:00 PM,565,602
2024,Brentwood Town Centre Station,MF,3:00 to 4:00 AM,0,0
2024,Brentwood Town Centre Station,MF,2:00 to 3:00 PM,392,436
2024,Brentwood Town Centre Station,MF,2:00 to 3:00 AM,0,0
2024,Brentwood Town Centre Station,MF,12:00 to 1:00 PM,323,340
2024,Brentwood Town Centre Station,MF,12:00 to 1:00 AM,48,48
2024,Brentwood Town Centre Station,MF,11:00 PM to 12:00 AM,103,92
2024,Brentwood Town Centre Station,MF,11:00 AM to 12:00 PM,279,287
2024,Brentwood Town Centre Station,MF,10:00 to 11:00 PM,177,138
2024,Brentwood Town Centre Station,MF,10:00 to 11:00 AM,281,251
2024,Brentwood Town Centre Station,MF,1:00 to 2:00 PM,333,354
2024,Brentwood Town Centre Station,MF,1:00 to 2:00 AM,16,12
2024,Brentwood Town Centre Station,Sun/Hol,9:00 to 10:00 PM,157,152
2024,Brentwood Town Centre Station,Sun/Hol,9:00 to 10:00 AM,155,177
2024,Brentwood Town Centre Station,Sun/Hol,8:00 to 9:00 PM,202,181
2024,Brentwood Town Centre Station,Sun/Hol,8:00 to 9:00 AM,116,124
2024,Brentwood Town Centre Station,Sun/Hol,7:00 to 8:00 PM,267,240
2024,Brentwood Town Centre Station,Sun/Hol,7:00 to 8:00 AM,61,75
2024,Brentwood Town Centre Station,Sun/Hol,6:00 to 7:00 PM,325,281
2024,Brentwood Town Centre Station,Sun/Hol,6:00 to 7:00 AM,4,3
2024,Brentwood Town Centre Station,Sun/Hol,5:00 to 6:00 PM,381,323
2024,Brentwood Town Centre Station,Sun/Hol,5:00 to 6:00 AM,1,1
2024,Brentwood Town Centre Station,Sun/Hol,4:00 to 5:00 PM,398,353
2024,Brentwood Town Centre Station,Sun/Hol,4:00 to 5:00 AM,0,0
2024,Brentwood Town Centre Station,Sun/Hol,3:00 to 4:00 PM,365,356
2024,Brentwood Town Centre Station,Sun/Hol,3:00 to 4:00 AM,0,0
2024,Brentwood Town Centre Station,Sun/Hol,2:00 to 3:00 PM,343,337
2024,Brentwood Town Centre Station,Sun/Hol,2:00 to 3:00 AM,0,0
2024,Brentwood Town Centre Station,Sun/Hol,12:00 to 1:00 PM,301,288
2024,Brentwood Town Centre Station,Sun/Hol,12:00 to 1:00 AM,33,25
2024,Brentwood Town Centre Station,Sun/Hol,11:00 PM to 12:00 AM,83,80
2024,Brentwood Town Centre Station,Sun/Hol,11:00 AM to 12:00 PM,273,242
2024,Brentwood Town Centre Station,Sun/Hol,10:00 to 11:00 PM,121,112
2024,Brentwood Town Centre Station,Sun/Hol,10:00 to 11:00 AM,222,218
2024,Brentwood Town Centre Station,Sun/Hol,1:00 to 2:00 PM,332,315
2024,Bridgeport Station,Sat,3:00 to 4:00 PM,647,640
2024,Bridgeport Station,Sat,3:00 to 4:00 AM,0,0
2024,Bridgeport Station,Sat,2:00 to 3:00 PM,563,583
2024,Bridgeport Station,Sat,2:00 to 3:00 AM,1,0
2024,Bridgeport Station,Sat,12:00 to 1:00 PM,442,543
2024,Bridgeport Station,Sat,12:00 to 1:00 AM,193,81
2024,Bridgeport Station,Sat,11:00 PM to 12:00 AM,280,251
2024,Bridgeport Station,Sat,11:00 AM to 12:00 PM,422,599
2024,Bridgeport Station,Sat,10:00 to 11:00 PM,389,310
2024,Bridgeport Station,Sat,10:00 to 11:00 AM,352,478
2024,Bridgeport Station,Sat,1:00 to 2:00 PM,504,599
2024,Bridgeport Station,Sat,1:00 to 2:00 AM,61,8
2024,Bridgeport Station,MF,9:00 to 10:00 PM,362,240
2024,Bridgeport Station,MF,4:00 to 5:00 PM,1212,669
2024,Bridgeport Station,MF,4:00 to 5:00 AM,1,13
2024,Bridgeport Station,MF,3:00 to 4:00 PM,913,567
2024,Bridgeport Station,MF,3:00 to 4:00 AM,0,0
2024,Bridgeport Station,MF,2:00 to 3:00 PM,603,454
2024,Bridgeport Station,MF,2:00 to 3:00 AM,1,1
2024,Bridgeport Station,MF,12:00 to 1:00 PM,402,431
2024,Bridgeport Station,MF,12:00 to 1:00 AM,118,56
2024,Bridgeport Station,MF,11:00 PM to 12:00 AM,233,140
2024,Bridgeport Station,MF,11:00 AM to 12:00 PM,330,506
2024,Bridgeport Station,MF,10:00 to 11:00 PM,338,215
2024,Bridgeport Station,MF,10:00 to 11:00 AM,290,488
2024,Bridgeport Station,MF,1:00 to 2:00 PM,467,447
2024,Bridgeport Station,MF,1:00 to 2:00 AM,35,6
2024,Bridgeport Station,MF,9:00 to 10:00 AM,313,689
2024,Bridgeport Station,MF,8:00 to 9:00 PM,375,230
2024,Bridgeport Station,MF,8:00 to 9:00 AM,411,1159
2024,Bridgeport Station,MF,7:00 to 8:00 PM,531,309
2024,Bridgeport Station,MF,7:00 to 8:00 AM,439,1172
2024,Bridgeport Station,MF,6:00 to 7:00 PM,879,457
2024,Bridgeport Station,MF,6:00 to 7:00 AM,287,620
2024,Bridgeport Station,MF,5:00 to 6:00 PM,1327,671
2024,Bridgeport Station,MF,5:00 to 6:00 AM,119,241
2024,Bridgeport Station,Sat,4:00 to 5:00 AM,1,7
2024,Bridgeport Station,Sat,4:00 to 5:00 PM,628,601
2024,Bridgeport Station,Sat,5:00 to 6:00 AM,79,67
2024,Bridgeport Station,Sat,5:00 to 6:00 PM,642,617
2024,Bridgeport Station,Sat,6:00 to 7:00 AM,122,155
2024,Bridgeport Station,Sat,6:00 to 7:00 PM,611,510
2024,Bridgeport Station,Sat,7:00 to 8:00 AM,244,213
2024,Bridgeport Station,Sat,7:00 to 8:00 PM,598,372
2024,Bridgeport Station,Sat,8:00 to 9:00 AM,268,284
2024,Bridgeport Station,Sat,8:00 to 9:00 PM,443,291
2024,Bridgeport Station,Sat,9:00 to 10:00 AM,333,445
2024,Bridgeport Station,Sat,9:00 to 10:00 PM,359,392
2024,Bridgeport Station,Sun/Hol,1:00 to 2:00 AM,23,5
2024,Bridgeport Station,Sun/Hol,1:00 to 2:00 PM,479,508
2024,Bridgeport Station,Sun/Hol,10:00 to 11:00 AM,332,428
2024,Bridgeport Station,Sun/Hol,10:00 to 11:00 PM,196,275
2024,Bridgeport Station,Sun/Hol,11:00 AM to 12:00 PM,397,529
2024,Bridgeport Station,Sun/Hol,11:00 PM to 12:00 AM,154,156
2024,Bridgeport Station,Sun/Hol,12:00 to 1:00 AM,89,56
2024,Bridgeport Station,Sun/Hol,12:00 to 1:00 PM,418,444
2024,Bridgeport Station,Sun/Hol,2:00 to 3:00 AM,1,1
2024,Bridgeport Station,Sun/Hol,2:00 to 3:00 PM,525,457
2024,Bridgeport Station,Sun/Hol,3:00 to 4:00 AM,0,0
2024,Bridgeport Station,Sun/Hol,3:00 to 4:00 PM,603,512
2024,Bridgeport Station,Sun/Hol,4:00 to 5:00 AM,1,3
2024,Bridgeport Station,Sun/Hol,4:00 to 5:00 PM,564,476
2024,Bridgeport Station,Sun/Hol,5:00 to 6:00 AM,69,63
2024,Bridgeport Station,Sun/Hol,5:00 to 6:00 PM,559,492
2024,Bridgeport Station,Sun/Hol,6:00 to 7:00 AM,96,151
2024,Bridgeport Station,Sun/Hol,6:00 to 7:00 PM,501,394
2024,Bridgeport Station,Sun/Hol,7:00 to 8:00 AM,195,175
2024,Bridgeport Station,Sun/Hol,7:00 to 8:00 PM,499,340
2024,Bridgeport Station,Sun/Hol,8:00 to 9:00 AM,214,211
2024,Bridgeport Station,Sun/Hol,8:00 to 9:00 PM,328,298
2024,Bridgeport Station,Sun/Hol,9:00 to 10:00 AM,278,355
2024,Bridgeport Station,Sun/Hol,9:00 to 10:00 PM,255,343
2024,Broadway-City Hall Station,MF,6:00 to 7:00 PM,692,796
2024,Broadway-City Hall Station,MF,7:00 to 8:00 AM,838,546
2024,Broadway-City Hall Station,MF,7:00 to 8:00 PM,414,517
2024,Broadway-City Hall Station,MF,8:00 to 9:00 AM,1246,707
2024,Broadway-City Hall Station,MF,8:00 to 9:00 PM,299,371
2024,Broadway-City Hall Station,MF,9:00 to 10:00 AM,806,493
2024,Broadway-City Hall Station,MF,9:00 to 10:00 PM,255,316
2024,Broadway-City Hall Station,Sat,1:00 to 2:00 AM,28,14
2024,Broadway-City Hall Station,Sat,1:00 to 2:00 PM,610,602
2024,Broadway-City Hall Station,Sat,10:00 to 11:00 AM,443,381
2024,Broadway-City Hall Station,Sat,10:00 to 11:00 PM,228,216
2024,Broadway-City Hall Station,Sat,11:00 AM to 12:00 PM,503,460
2024,Broadway-City Hall Station,Sat,11:00 PM to 12:00 AM,157,135
2024,Broadway-City Hall Station,Sat,12:00 to 1:00 AM,103,63
2024,Broadway-City Hall Station,Sat,12:00 to 1:00 PM,560,538
2024,Broadway-City Hall Station,Sat,2:00 to 3:00 AM,0,1
2024,Broadway-City Hall Station,Sat,2:00 to 3:00 PM,616,658
2024,Broadway-City Hall Station,Sat,3:00 to 4:00 AM,0,0
2024,Broadway-City Hall Station,Sat,3:00 to 4:00 PM,633,711
2024,Broadway-City Hall Station,Sat,4:00 to 5:00 AM,1,11
2024,Broadway-City Hall Station,Sat,4:00 to 5:00 PM,643,682
2024,Broadway-City Hall Station,Sat,5:00 to 6:00 AM,40,55
2024,Broadway-City Hall Station,Sat,5:00 to 6:00 PM,571,623
2024,Broadway-City Hall Station,Sat,6:00 to 7:00 AM,142,107
2024,Broadway-City Hall Station,Sat,6:00 to 7:00 PM,501,538
2024,Broadway-City Hall Station,Sat,7:00 to 8:00 AM,180,174
2024,Broadway-City Hall Station,Sat,7:00 to 8:00 PM,369,411
2024,Broadway-City Hall Station,Sat,8:00 to 9:00 AM,279,213
2024,Broadway-City Hall Station,Sat,8:00 to 9:00 PM,276,316
2024,Broadway-City Hall Station,Sat,9:00 to 10:00 AM,419,310
2024,Broadway-City Hall Station,Sat,9:00 to 10:00 PM,249,277
2024,Broadway-City Hall Station,Sun/Hol,1:00 to 2:00 AM,17,7
2024,Broadway-City Hall Station,Sun/Hol,1:00 to 2:00 PM,519,508
2024,Broadway-City Hall Station,Sun/Hol,10:00 to 11:00 AM,383,312
2024,Broadway-City Hall Station,Sun/Hol,10:00 to 11:00 PM,168,154
2024,Broadway-City Hall Station,Sun/Hol,11:00 AM to 12:00 PM,413,373
2024,Broadway-City Hall Station,Sun/Hol,11:00 PM to 12:00 AM,107,78
2024,Broadway-City Hall Station,Sun/Hol,12:00 to 1:00 AM,57,31
2024,Broadway-City Hall Station,Sun/Hol,12:00 to 1:00 PM,460,449
2024,Broadway-City Hall Station,Sun/Hol,2:00 to 3:00 AM,1,1
2024,Broadway-City Hall Station,Sun/Hol,2:00 to 3:00 PM,522,531
2024,Broadway-City Hall Station,Sun/Hol,3:00 to 4:00 AM,0,1
2024,Broadway-City Hall Station,Sun/Hol,3:00 to 4:00 PM,534,575
2024,Broadway-City Hall Station,Sun/Hol,4:00 to 5:00 AM,1,8
2024,Broadway-City Hall Station,Sun/Hol,4:00 to 5:00 PM,534,525
2024,Broadway-City Hall Station,Sun/Hol,5:00 to 6:00 AM,37,42
2024,Broadway-City Hall Station,Sun/Hol,5:00 to 6:00 PM,501,492
2024,Broadway-City Hall Station,Sun/Hol,6:00 to 7:00 AM,125,98
2024,Broadway-City Hall Station,Sun/Hol,6:00 to 7:00 PM,431,405
2024,Broadway-City Hall Station,Sun/Hol,7:00 to 8:00 AM,137,142
2024,Broadway-City Hall Station,Sun/Hol,7:00 to 8:00 PM,325,324
2024,Broadway-City Hall Station,Sun/Hol,8:00 to 9:00 AM,187,153
2024,Broadway-City Hall Station,Sun/Hol,8:00 to 9:00 PM,241,255
2024,Broadway-City Hall Station,Sun/Hol,9:00 to 10:00 AM,287,214
2024,Broadway-City Hall Station,Sun/Hol,9:00 to 10:00 PM,210,214
2024,Broadway-City Hall Station,MF,1:00 to 2:00 AM,14,7
2024,Broadway-City Hall Station,MF,1:00 to 2:00 PM,621,589
2024,Broadway-City Hall Station,MF,10:00 to 11:00 AM,566,431
2024,Broadway-City Hall Station,MF,10:00 to 11:00 PM,180,201
2024,Broadway-City Hall Station,MF,11:00 AM to 12:00 PM,528,479
2024,Broadway-City Hall Station,MF,11:00 PM to 12:00 AM,107,107
2024,Broadway-City Hall Station,MF,12:00 to 1:00 AM,60,38
2024,Broadway-City Hall Station,MF,12:00 to 1:00 PM,599,551
2024,Broadway-City Hall Station,MF,2:00 to 3:00 AM,1,1
2024,Broadway-City Hall Station,MF,2:00 to 3:00 PM,645,729
2024,Broadway-City Hall Station,MF,3:00 to 4:00 AM,0,0
2024,Broadway-City Hall Station,MF,3:00 to 4:00 PM,783,1060
2024,Broadway-City Hall Station,MF,4:00 to 5:00 AM,2,12
2024,Broadway-City Hall Station,MF,4:00 to 5:00 PM,944,1439
2024,Broadway-City Hall Station,MF,5:00 to 6:00 AM,87,83
2024,Broadway-City Hall Station,MF,5:00 to 6:00 PM,1007,1325
2024,Broadway-City Hall Station,MF,6:00 to 7:00 AM,359,296
2024,Burquitlam Station,Sat,12:00 to 1:00 AM,94,16
2024,Burquitlam Station,Sat,12:00 to 1:00 PM,151,269
2024,Burquitlam Station,Sat,2:00 to 3:00 AM,0,0
2024,Burquitlam Station,Sat,2:00 to 3:00 PM,216,292
2024,Burquitlam Station,Sat,3:00 to 4:00 PM,257,265
2024,Burquitlam Station,Sat,4:00 to 5:00 AM,0,0
2024,Burquitlam Station,Sat,4:00 to 5:00 PM,285,253
2024,Burquitlam Station,Sat,5:00 to 6:00 AM,0,1
2024,Burquitlam Station,Sat,5:00 to 6:00 PM,291,221
2024,Burquitlam Station,Sat,6:00 to 7:00 AM,17,64
2024,Burquitlam Station,Sat,6:00 to 7:00 PM,287,189
2024,Burquitlam Station,Sat,7:00 to 8:00 AM,67,128
2024,Burquitlam Station,Sat,7:00 to 8:00 PM,252,124
2024,Burquitlam Station,Sat,8:00 to 9:00 AM,137,184
2024,Burquitlam Station,Sat,8:00 to 9:00 PM,204,97
2024,Burquitlam Station,Sat,9:00 to 10:00 AM,94,214
2024,Burquitlam Station,Sat,9:00 to 10:00 PM,184,85
2024,Burquitlam Station,Sun/Hol,1:00 to 2:00 AM,1,0
2024,Burquitlam Station,Sun/Hol,1:00 to 2:00 PM,160,228
2024,Burquitlam Station,Sun/Hol,10:00 to 11:00 AM,88,211
2024,Burquitlam Station,Sun/Hol,10:00 to 11:00 PM,113,41
2024,Burquitlam Station,Sun/Hol,11:00 AM to 12:00 PM,104,210
2024,Burquitlam Station,Sun/Hol,11:00 PM to 12:00 AM,84,25
2024,Burquitlam Station,Sun/Hol,12:00 to 1:00 AM,38,6
2024,Burquitlam Station,Sun/Hol,12:00 to 1:00 PM,130,218
2024,Burquitlam Station,Sun/Hol,2:00 to 3:00 PM,186,214
2024,Burquitlam Station,Sun/Hol,3:00 to 4:00 AM,0,0
2024,Burquitlam Station,Sun/Hol,3:00 to 4:00 PM,209,205
2024,Burquitlam Station,Sun/Hol,4:00 to 5:00 PM,235,182
2024,Burquitlam Station,Sat,11:00 PM to 12:00 AM,131,36
2024,Burquitlam Station,Sat,11:00 AM to 12:00 PM,122,252
2024,Burquitlam Station,Sat,10:00 to 11:00 PM,190,57
2024,Burquitlam Station,Sat,10:00 to 11:00 AM,97,233
2024,Burquitlam Station,Sat,1:00 to 2:00 PM,180,292
2024,Burquitlam Station,Sat,1:00 to 2:00 AM,39,6
2024,Burquitlam Station,MF,9:00 to 10:00 PM,217,68
2024,Burquitlam Station,MF,9:00 to 10:00 AM,170,303
2024,Burquitlam Station,MF,8:00 to 9:00 PM,231,84
2024,Burquitlam Station,MF,8:00 to 9:00 AM,209,505
2024,Burquitlam Station,MF,7:00 to 8:00 PM,302,134
2024,Burquitlam Station,MF,7:00 to 8:00 AM,211,511
2024,Burquitlam Station,MF,6:00 to 7:00 PM,474,243
2024,Burquitlam Station,MF,6:00 to 7:00 AM,447,307
2024,Burquitlam Station,MF,5:00 to 6:00 PM,596,386
2024,Burquitlam Station,MF,5:00 to 6:00 AM,20,121
2024,Burquitlam Station,MF,4:00 to 5:00 PM,502,411
2024,Burquitlam Station,MF,4:00 to 5:00 AM,0,0
2024,Burquitlam Station,MF,3:00 to 4:00 PM,403,548
2024,Burquitlam Station,MF,1:00 to 2:00 AM,22,3
2024,Burquitlam Station,MF,1:00 to 2:00 PM,216,245
2024,Burquitlam Station,MF,10:00 to 11:00 AM,148,230
2024,Burquitlam Station,MF,10:00 to 11:00 PM,157,45
2024,Burquitlam Station,MF,11:00 AM to 12:00 PM,162,236
2024,Burquitlam Station,MF,11:00 PM to 12:00 AM,104,24
2024,Burquitlam Station,MF,12:00 to 1:00 AM,51,9
2024,Burquitlam Station,MF,12:00 to 1:00 PM,189,253
2024,Burquitlam Station,MF,2:00 to 3:00 AM,0,0
2024,Burquitlam Station,MF,2:00 to 3:00 PM,249,320
2024,Burquitlam Station,Sun/Hol,5:00 to 6:00 AM,0,1
2024,Burquitlam Station,Sun/Hol,5:00 to 6:00 PM,256,154
2024,Burquitlam Station,Sun/Hol,6:00 to 7:00 AM,2,11
2024,Burquitlam Station,Sun/Hol,6:00 to 7:00 PM,252,122
2024,Burquitlam Station,Sun/Hol,7:00 to 8:00 AM,22,80
2024,Burquitlam Station,Sun/Hol,7:00 to 8:00 PM,209,88
2024,Burquitlam Station,Sun/Hol,8:00 to 9:00 AM,47,120
2024,Burquitlam Station,Sun/Hol,8:00 to 9:00 PM,170,76
2024,Burquitlam Station,Sun/Hol,9:00 to 10:00 AM,64,173
2024,Burquitlam Station,Sun/Hol,9:00 to 10:00 PM,147,64
2024,Burrard Station,Sat,6:00 to 7:00 AM,270,80
2024,Burrard Station,Sat,6:00 to 7:00 PM,803,1006
2024,Burrard Station,Sat,7:00 to 8:00 AM,684,235
2024,Burrard Station,Sat,7:00 to 8:00 PM,649,851
2024,Burrard Station,Sat,8:00 to 9:00 AM,803,223
2024,Burrard Station,Sat,8:00 to 9:00 PM,498,759
2024,Burrard Station,Sat,9:00 to 10:00 AM,806,256
2024,Burrard Station,Sat,9:00 to 10:00 PM,461,775
2024,Burrard Station,Sun/Hol,1:00 to 2:00 AM,2,2
2024,Burrard Station,Sun/Hol,1:00 to 2:00 PM,749,489
2024,Burrard Station,Sun/Hol,10:00 to 11:00 AM,729,282
2024,Burrard Station,Sun/Hol,10:00 to 11:00 PM,220,541
2024,Burrard Station,Sun/Hol,11:00 AM to 12:00 PM,700,330
2024,Burrard Station,Sun/Hol,11:00 PM to 12:00 AM,129,446
2024,Burrard Station,Sun/Hol,12:00 to 1:00 AM,29,102
2024,Burrard Station,Sun/Hol,12:00 to 1:00 PM,672,429
2024,Burrard Station,Sun/Hol,2:00 to 3:00 AM,1,0
2024,Burrard Station,Sun/Hol,9:00 to 10:00 PM,223,631
2024,Burrard Station,Sun/Hol,9:00 to 10:00 AM,591,205
2024,Burrard Station,Sun/Hol,8:00 to 9:00 PM,247,662
2024,Burrard Station,Sun/Hol,8:00 to 9:00 AM,702,178
2024,Burrard Station,Sun/Hol,7:00 to 8:00 PM,360,763
2024,Burrard Station,Sun/Hol,7:00 to 8:00 AM,459,172
2024,Burrard Station,Sun/Hol,6:00 to 7:00 PM,501,889
2024,Burrard Station,Sun/Hol,6:00 to 7:00 AM,14,5
2024,Burrard Station,Sun/Hol,5:00 to 6:00 PM,580,1016
2024,Burrard Station,Sun/Hol,5:00 to 6:00 AM,3,2
2024,Burrard Station,Sun/Hol,4:00 to 5:00 PM,695,912
2024,Burrard Station,Sun/Hol,4:00 to 5:00 AM,0,0
2024,Burrard Station,Sun/Hol,3:00 to 4:00 PM,760,761
2024,Burrard Station,Sun/Hol,3:00 to 4:00 AM,0,0
2024,Burrard Station,Sun/Hol,2:00 to 3:00 PM,800,607
2024,Burrard Station,MF,10:00 to 11:00 PM,257,645
2024,Burrard Station,MF,10:00 to 11:00 AM,955,335
2024,Burrard Station,MF,1:00 to 2:00 PM,789,682
2024,Burrard Station,MF,1:00 to 2:00 AM,11,40
2024,Burrard Station,Sat,5:00 to 6:00 PM,851,1138
2024,Burrard Station,Sat,5:00 to 6:00 AM,0,0
2024,Burrard Station,Sat,4:00 to 5:00 PM,920,1104
2024,Burrard Station,Sat,4:00 to 5:00 AM,0,0
2024,Burrard Station,Sat,3:00 to 4:00 PM,930,939
2024,Burrard Station,Sat,3:00 to 4:00 AM,0,0
2024,Burrard Station,Sat,2:00 to 3:00 PM,951,720
2024,Burrard Station,Sat,2:00 to 3:00 AM,0,0
2024,Burrard Station,Sat,12:00 to 1:00 PM,778,474
2024,Burrard Station,Sat,12:00 to 1:00 AM,103,471
2024,Burrard Station,Sat,11:00 PM to 12:00 AM,216,784
2024,Burrard Station,Sat,11:00 AM to 12:00 PM,770,417
2024,Burrard Station,Sat,10:00 to 11:00 PM,345,755
2024,Burrard Station,Sat,10:00 to 11:00 AM,740,312
2024,Burrard Station,Sat,1:00 to 2:00 PM,863,556
2024,Burrard Station,Sat,1:00 to 2:00 AM,23,85
2024,Burrard Station,MF,9:00 to 10:00 PM,289,839
2024,Burrard Station,MF,9:00 to 10:00 AM,1963,346
2024,Burrard Station,MF,8:00 to 9:00 PM,294,863
2024,Burrard Station,MF,8:00 to 9:00 AM,4079,520
2024,Burrard Station,MF,7:00 to 8:00 PM,417,1048
2024,Burrard Station,MF,7:00 to 8:00 AM,2590,545
2024,Burrard Station,MF,6:00 to 7:00 PM,711,1651
2024,Burrard Station,MF,6:00 to 7:00 AM,1152,332
2024,Burrard Station,MF,5:00 to 6:00 PM,1032,3153
2024,Burrard Station,MF,5:00 to 6:00 AM,272,134
2024,Burrard Station,MF,4:00 to 5:00 PM,1112,3229
2024,Burrard Station,MF,4:00 to 5:00 AM,0,0
2024,Burrard Station,MF,3:00 to 4:00 PM,913,1866
2024,Burrard Station,MF,3:00 to 4:00 AM,0,0
2024,Burrard Station,MF,2:00 to 3:00 PM,888,1078
2024,Burrard Station,MF,11:00 AM to 12:00 PM,833,447
2024,Burrard Station,MF,11:00 PM to 12:00 AM,135,540
2024,Burrard Station,MF,12:00 to 1:00 AM,54,295
2024,Burrard Station,MF,12:00 to 1:00 PM,755,572
2024,Burrard Station,MF,2:00 to 3:00 AM,1,1
2024,Capstan Station,Sat,8:00 to 9:00 PM,54,44
2024,Capstan Station,Sat,8:00 to 9:00 AM,14,28
2024,Capstan Station,Sat,7:00 to 8:00 PM,52,72
2024,Capstan Station,Sat,7:00 to 8:00 AM,18,18
2024,Capstan Station,Sat,6:00 to 7:00 PM,118,66
2024,Capstan Station,Sat,6:00 to 7:00 AM,4,9
2024,Capstan Station,Sat,5:00 to 6:00 PM,124,105
2024,Capstan Station,Sat,5:00 to 6:00 AM,2,5
2024,Capstan Station,Sat,4:00 to 5:00 PM,118,113
2024,Capstan Station,Sat,4:00 to 5:00 AM,2,1
2024,Capstan Station,Sat,3:00 to 4:00 PM,106,107
2024,Capstan Station,Sat,2:00 to 3:00 PM,96,98
2024,Capstan Station,Sat,12:00 to 1:00 PM,77,82
2024,Capstan Station,Sat,12:00 to 1:00 AM,16,6
2024,Capstan Station,Sat,11:00 PM to 12:00 AM,26,21
2024,Capstan Station,Sat,11:00 AM to 12:00 PM,60,77
2024,Capstan Station,Sat,10:00 to 11:00 PM,46,25
2024,Capstan Station,Sat,10:00 to 11:00 AM,51,79
2024,Capstan Station,Sat,1:00 to 2:00 PM,75,80
2024,Capstan Station,Sat,1:00 to 2:00 AM,6,2
2024,Capstan Station,MF,9:00 to 10:00 PM,37,37
2024,Capstan Station,MF,9:00 to 10:00 AM,34,55
2024,Capstan Station,MF,8:00 to 9:00 PM,42,35
2024,Capstan Station,MF,8:00 to 9:00 AM,21,68
2024,Capstan Station,MF,7:00 to 8:00 PM,59,39
2024,Capstan Station,MF,7:00 to 8:00 AM,17,35
2024,Capstan Station,MF,6:00 to 7:00 PM,94,68
2024,Capstan Station,MF,6:00 to 7:00 AM,18,24
2024,Capstan Station,MF,5:00 to 6:00 PM,117,73
2024,Capstan Station,MF,5:00 to 6:00 AM,2,9
2024,Capstan Station,MF,4:00 to 5:00 PM,143,99
2024,Capstan Station,MF,4:00 to 5:00 AM,1,1
2024,Capstan Station,MF,3:00 to 4:00 PM,123,113
2024,Capstan Station,MF,2:00 to 3:00 PM,117,118
2024,Capstan Station,MF,2:00 to 3:00 AM,0,0
2024,Capstan Station,MF,12:00 to 1:00 PM,97,102
2024,Capstan Station,MF,12:00 to 1:00 AM,8,7
2024,Capstan Station,MF,11:00 PM to 12:00 AM,15,15
2024,Capstan Station,MF,11:00 AM to 12:00 PM,63,97
2024,Capstan Station,MF,10:00 to 11:00 PM,30,26
2024,Capstan Station,MF,10:00 to 11:00 AM,51,60
2024,Capstan Station,MF,1:00 to 2:00 PM,95,113
2024,Capstan Station,MF,1:00 to 2:00 AM,4,3
2024,Capstan Station,Sun/Hol,9:00 to 10:00 PM,32,34
2024,Capstan Station,Sun/Hol,9:00 to 10:00 AM,24,33
2024,Capstan Station,Sun/Hol,8:00 to 9:00 PM,42,46
2024,Capstan Station,Sun/Hol,8:00 to 9:00 AM,14,20
2024,Capstan Station,Sun/Hol,7:00 to 8:00 PM,59,49
2024,Capstan Station,Sun/Hol,7:00 to 8:00 AM,9,11
2024,Capstan Station,Sun/Hol,6:00 to 7:00 PM,84,60
2024,Capstan Station,Sun/Hol,6:00 to 7:00 AM,6,8
2024,Capstan Station,Sun/Hol,5:00 to 6:00 PM,101,63
2024,Capstan Station,Sun/Hol,5:00 to 6:00 AM,2,5
2024,Capstan Station,Sun/Hol,4:00 to 5:00 PM,92,75
2024,Capstan Station,Sun/Hol,4:00 to 5:00 AM,1,1
2024,Capstan Station,Sun/Hol,3:00 to 4:00 PM,83,88
2024,Capstan Station,Sun/Hol,2:00 to 3:00 PM,90,93
2024,Capstan Station,Sun/Hol,2:00 to 3:00 AM,1,1
2024,Capstan Station,Sun/Hol,12:00 to 1:00 PM,58,55
2024,Capstan Station,Sun/Hol,12:00 to 1:00 AM,11,8
2024,Capstan Station,Sun/Hol,11:00 PM to 12:00 AM,19,19
2024,Capstan Station,Sun/Hol,11:00 AM to 12:00 PM,51,56
2024,Capstan Station,Sun/Hol,10:00 to 11:00 PM,26,18
2024,Capstan Station,Sun/Hol,10:00 to 11:00 AM,48,52
2024,Capstan Station,Sun/Hol,1:00 to 2:00 PM,74,72
2024,Capstan Station,Sun/Hol,1:00 to 2:00 AM,4,3
2024,Capstan Station,Sat,9:00 to 10:00 PM,48,41
2024,Capstan Station,Sat,9:00 to 10:00 AM,23,32
2024,Columbia Station,MF,7:00 to 8:00 PM,202,157
2024,Columbia Station,MF,8:00 to 9:00 AM,388,388
2024,Columbia Station,MF,8:00 to 9:00 PM,143,141
2024,Columbia Station,MF,9:00 to 10:00 AM,191,220
2024,Columbia Station,MF,9:00 to 10:00 PM,125,116
2024,Columbia Station,Sat,1:00 to 2:00 AM,38,15
2024,Columbia Station,Sat,1:00 to 2:00 PM,168,225
2024,Columbia Station,Sat,10:00 to 11:00 AM,125,183
2024,Columbia Station,Sat,10:00 to 11:00 PM,129,112
2024,Columbia Station,Sat,11:00 AM to 12:00 PM,210,228
2024,Columbia Station,Sat,11:00 PM to 12:00 AM,97,91
2024,Columbia Station,Sat,12:00 to 1:00 AM,67,46
2024,Columbia Station,Sat,12:00 to 1:00 PM,170,235
2024,Columbia Station,Sat,2:00 to 3:00 AM,0,0
2024,Columbia Station,Sat,2:00 to 3:00 PM,209,280
2024,Columbia Station,Sat,3:00 to 4:00 PM,201,267
2024,Columbia Station,Sat,4:00 to 5:00 AM,0,0
2024,Columbia Station,Sat,4:00 to 5:00 PM,214,240
2024,Columbia Station,MF,7:00 to 8:00 AM,164,445
2024,Columbia Station,MF,6:00 to 7:00 PM,310,230
2024,Columbia Station,MF,6:00 to 7:00 AM,94,313
2024,Columbia Station,MF,5:00 to 6:00 PM,401,385
2024,Columbia Station,MF,5:00 to 6:00 AM,29,132
2024,Columbia Station,MF,4:00 to 5:00 PM,369,344
2024,Columbia Station,MF,4:00 to 5:00 AM,0,0
2024,Columbia Station,MF,3:00 to 4:00 PM,294,344
2024,Columbia Station,MF,3:00 to 4:00 AM,0,0
2024,Columbia Station,MF,2:00 to 3:00 PM,238,271
2024,Columbia Station,MF,2:00 to 3:00 AM,0,0
2024,Columbia Station,MF,12:00 to 1:00 PM,173,235
2024,Columbia Station,MF,12:00 to 1:00 AM,38,22
2024,Columbia Station,MF,11:00 PM to 12:00 AM,69,53
2024,Columbia Station,MF,11:00 AM to 12:00 PM,221,203
2024,Columbia Station,MF,10:00 to 11:00 PM,107,90
2024,Columbia Station,MF,10:00 to 11:00 AM,126,169
2024,Columbia Station,MF,1:00 to 2:00 PM,161,204
2024,Columbia Station,MF,1:00 to 2:00 AM,16,8
2024,Columbia Station,Sun/Hol,9:00 to 10:00 PM,94,91
2024,Columbia Station,Sun/Hol,9:00 to 10:00 AM,73,128
2024,Columbia Station,Sun/Hol,8:00 to 9:00 PM,116,109
2024,Columbia Station,Sun/Hol,8:00 to 9:00 AM,54,95
2024,Columbia Station,Sun/Hol,7:00 to 8:00 PM,151,112
2024,Columbia Station,Sun/Hol,7:00 to 8:00 AM,27,96
2024,Columbia Station,Sun/Hol,6:00 to 7:00 PM,170,132
2024,Columbia Station,Sun/Hol,6:00 to 7:00 AM,1,4
2024,Columbia Station,Sun/Hol,5:00 to 6:00 PM,177,158
2024,Columbia Station,Sun/Hol,5:00 to 6:00 AM,0,1
2024,Columbia Station,Sun/Hol,4:00 to 5:00 PM,174,168
2024,Columbia Station,Sun/Hol,4:00 to 5:00 AM,0,0
2024,Columbia Station,Sun/Hol,3:00 to 4:00 PM,157,185
2024,Columbia Station,Sun/Hol,3:00 to 4:00 AM,0,0
2024,Columbia Station,Sun/Hol,2:00 to 3:00 PM,152,170
2024,Columbia Station,Sun/Hol,2:00 to 3:00 AM,0,0
2024,Columbia Station,Sun/Hol,12:00 to 1:00 PM,112,199
2024,Columbia Station,Sun/Hol,12:00 to 1:00 AM,32,18
2024,Columbia Station,Sun/Hol,11:00 PM to 12:00 AM,58,44
2024,Columbia Station,Sun/Hol,11:00 AM to 12:00 PM,112,166
2024,Columbia Station,Sun/Hol,10:00 to 11:00 PM,84,81
2024,Columbia Station,Sun/Hol,10:00 to 11:00 AM,108,169
2024,Columbia Station,Sun/Hol,1:00 to 2:00 PM,134,194
2024,Columbia Station,Sun/Hol,1:00 to 2:00 AM,1,1
2024,Columbia Station,Sat,9:00 to 10:00 PM,135,124
2024,Columbia Station,Sat,9:00 to 10:00 AM,120,163
2024,Columbia Station,Sat,8:00 to 9:00 PM,148,137
2024,Columbia Station,Sat,8:00 to 9:00 AM,202,130
2024,Columbia Station,Sat,7:00 to 8:00 PM,183,144
2024,Columbia Station,Sat,7:00 to 8:00 AM,43,102
2024,Columbia Station,Sat,6:00 to 7:00 PM,215,206
2024,Columbia Station,Sat,6:00 to 7:00 AM,20,70
2024,Columbia Station,Sat,5:00 to 6:00 PM,222,298
2024,Columbia Station,Sat,5:00 to 6:00 AM,0,0
2024,Commercial-Broadway Station,Sat,4:00 to 5:00 AM,1,0
2024,Commercial-Broadway Station,Sat,4:00 to 5:00 PM,1309,1369
2024,Commercial-Broadway Station,Sat,5:00 to 6:00 AM,1,10
2024,Commercial-Broadway Station,Sat,5:00 to 6:00 PM,1259,1316
2024,Commercial-Broadway Station,Sat,6:00 to 7:00 AM,250,164
2024,Commercial-Broadway Station,Sat,6:00 to 7:00 PM,1174,1195
2024,Commercial-Broadway Station,Sat,7:00 to 8:00 AM,480,410
2024,Commercial-Broadway Station,Sat,7:00 to 8:00 PM,935,946
2024,Commercial-Broadway Station,Sat,8:00 to 9:00 AM,665,514
2024,Commercial-Broadway Station,Sat,8:00 to 9:00 PM,731,717
2024,Commercial-Broadway Station,Sat,9:00 to 10:00 AM,843,632
2024,Commercial-Broadway Station,Sat,9:00 to 10:00 PM,774,702
2024,Commercial-Broadway Station,Sun/Hol,1:00 to 2:00 AM,3,2
2024,Commercial-Broadway Station,Sun/Hol,1:00 to 2:00 PM,985,964
2024,Commercial-Broadway Station,Sun/Hol,10:00 to 11:00 AM,738,652
2024,Commercial-Broadway Station,Sun/Hol,10:00 to 11:00 PM,441,455
2024,Commercial-Broadway Station,Sun/Hol,11:00 AM to 12:00 PM,767,743
2024,Commercial-Broadway Station,Sun/Hol,11:00 PM to 12:00 AM,320,347
2024,Commercial-Broadway Station,Sun/Hol,12:00 to 1:00 AM,125,114
2024,Commercial-Broadway Station,Sun/Hol,9:00 to 10:00 PM,521,549
2024,Commercial-Broadway Station,Sun/Hol,9:00 to 10:00 AM,625,480
2024,Commercial-Broadway Station,Sun/Hol,8:00 to 9:00 PM,597,588
2024,Commercial-Broadway Station,Sun/Hol,8:00 to 9:00 AM,430,385
2024,Commercial-Broadway Station,Sun/Hol,7:00 to 8:00 PM,763,733
2024,Commercial-Broadway Station,Sun/Hol,7:00 to 8:00 AM,281,243
2024,Commercial-Broadway Station,Sun/Hol,6:00 to 7:00 PM,938,877
2024,Commercial-Broadway Station,Sun/Hol,6:00 to 7:00 AM,16,12
2024,Commercial-Broadway Station,Sun/Hol,5:00 to 6:00 PM,1053,1018
2024,Commercial-Broadway Station,Sun/Hol,5:00 to 6:00 AM,2,11
2024,Commercial-Broadway Station,Sun/Hol,4:00 to 5:00 PM,1106,1089
2024,Commercial-Broadway Station,Sun/Hol,4:00 to 5:00 AM,0,0
2024,Commercial-Broadway Station,Sun/Hol,3:00 to 4:00 PM,1100,1111
2024,Commercial-Broadway Station,Sun/Hol,3:00 to 4:00 AM,0,0
2024,Commercial-Broadway Station,Sun/Hol,2:00 to 3:00 PM,1058,988
2024,Commercial-Broadway Station,Sun/Hol,2:00 to 3:00 AM,0,0
2024,Commercial-Broadway Station,Sun/Hol,12:00 to 1:00 PM,866,844
2024,Commercial-Broadway Station,Sat,3:00 to 4:00 PM,1230,1353
2024,Commercial-Broadway Station,Sat,3:00 to 4:00 AM,0,0
2024,Commercial-Broadway Station,Sat,2:00 to 3:00 PM,1169,1198
2024,Commercial-Broadway Station,Sat,2:00 to 3:00 AM,1,0
2024,Commercial-Broadway Station,Sat,12:00 to 1:00 PM,984,979
2024,Commercial-Broadway Station,Sat,12:00 to 1:00 AM,333,333
2024,Commercial-Broadway Station,Sat,11:00 PM to 12:00 AM,525,543
2024,Commercial-Broadway Station,Sat,11:00 AM to 12:00 PM,884,860
2024,Commercial-Broadway Station,Sat,10:00 to 11:00 PM,704,677
2024,Commercial-Broadway Station,Sat,10:00 to 11:00 AM,861,723
2024,Commercial-Broadway Station,Sat,1:00 to 2:00 PM,1065,1096
2024,Commercial-Broadway Station,Sat,1:00 to 2:00 AM,119,95
2024,Commercial-Broadway Station,MF,9:00 to 10:00 PM,696,704
2024,Commercial-Broadway Station,MF,9:00 to 10:00 AM,1309,898
2024,Commercial-Broadway Station,MF,8:00 to 9:00 PM,736,784
2024,Commercial-Broadway Station,MF,8:00 to 9:00 AM,1918,1455
2024,Commercial-Broadway Station,MF,7:00 to 8:00 PM,914,1024
2024,Commercial-Broadway Station,MF,7:00 to 8:00 AM,1643,1166
2024,Commercial-Broadway Station,MF,6:00 to 7:00 PM,1473,1566
2024,Commercial-Broadway Station,MF,6:00 to 7:00 AM,974,721
2024,Commercial-Broadway Station,MF,5:00 to 6:00 PM,2077,2229
2024,Commercial-Broadway Station,MF,5:00 to 6:00 AM,247,242
2024,Commercial-Broadway Station,MF,4:00 to 5:00 PM,1921,2216
2024,Commercial-Broadway Station,MF,4:00 to 5:00 AM,1,6
2024,Commercial-Broadway Station,MF,3:00 to 4:00 PM,1511,1807
2024,Commercial-Broadway Station,MF,3:00 to 4:00 AM,1,1
2024,Commercial-Broadway Station,MF,2:00 to 3:00 PM,1181,1156
2024,Commercial-Broadway Station,MF,2:00 to 3:00 AM,1,1
2024,Commercial-Broadway Station,MF,12:00 to 1:00 PM,1000,939
2024,Commercial-Broadway Station,MF,12:00 to 1:00 AM,191,195
2024,Commercial-Broadway Station,MF,11:00 PM to 12:00 AM,372,415
2024,Commercial-Broadway Station,MF,11:00 AM to 12:00 PM,859,814
2024,Commercial-Broadway Station,MF,10:00 to 11:00 PM,590,588
2024,Commercial-Broadway Station,MF,10:00 to 11:00 AM,925,710
2024,Commercial-Broadway Station,MF,1:00 to 2:00 PM,1021,966
2024,Commercial-Broadway Station,MF,1:00 to 2:00 AM,62,49
2024,Coquitlam Central Station,MF,10:00 to 11:00 PM,164,99
2024,Coquitlam Central Station,MF,1:00 to 2:00 AM,23,2
2024,Coquitlam Central Station,MF,1:00 to 2:00 PM,269,224
2024,Coquitlam Central Station,MF,10:00 to 11:00 AM,151,222
2024,Coquitlam Central Station,Sun/Hol,7:00 to 8:00 PM,190,149
2024,Coquitlam Central Station,Sun/Hol,8:00 to 9:00 AM,171,121
2024,Coquitlam Central Station,Sun/Hol,8:00 to 9:00 PM,165,141
2024,Coquitlam Central Station,Sun/Hol,9:00 to 10:00 AM,159,142
2024,Coquitlam Central Station,Sun/Hol,9:00 to 10:00 PM,140,114
2024,Coquitlam Central Station,Sun/Hol,7:00 to 8:00 AM,8,111
2024,Coquitlam Central Station,Sun/Hol,6:00 to 7:00 PM,233,186
2024,Coquitlam Central Station,Sun/Hol,6:00 to 7:00 AM,3,44
2024,Coquitlam Central Station,Sun/Hol,5:00 to 6:00 PM,238,204
2024,Coquitlam Central Station,Sun/Hol,5:00 to 6:00 AM,0,2
2024,Coquitlam Central Station,Sun/Hol,4:00 to 5:00 PM,249,217
2024,Coquitlam Central Station,Sun/Hol,4:00 to 5:00 AM,0,0
2024,Coquitlam Central Station,Sun/Hol,3:00 to 4:00 PM,238,214
2024,Coquitlam Central Station,Sun/Hol,3:00 to 4:00 AM,0,0
2024,Coquitlam Central Station,Sun/Hol,2:00 to 3:00 PM,232,209
2024,Coquitlam Central Station,Sun/Hol,2:00 to 3:00 AM,0,0
2024,Coquitlam Central Station,Sun/Hol,12:00 to 1:00 PM,172,210
2024,Coquitlam Central Station,Sun/Hol,12:00 to 1:00 AM,41,5
2024,Coquitlam Central Station,Sun/Hol,11:00 PM to 12:00 AM,68,60
2024,Coquitlam Central Station,Sun/Hol,11:00 AM to 12:00 PM,163,197
2024,Coquitlam Central Station,Sun/Hol,10:00 to 11:00 PM,111,95
2024,Coquitlam Central Station,Sun/Hol,10:00 to 11:00 AM,163,168
2024,Coquitlam Central Station,Sun/Hol,1:00 to 2:00 PM,211,211
2024,Coquitlam Central Station,Sun/Hol,1:00 to 2:00 AM,2,1
2024,Coquitlam Central Station,Sat,9:00 to 10:00 PM,198,144
2024,Coquitlam Central Station,Sat,9:00 to 10:00 AM,212,194
2024,Coquitlam Central Station,Sat,8:00 to 9:00 PM,212,171
2024,Coquitlam Central Station,Sat,8:00 to 9:00 AM,171,176
2024,Coquitlam Central Station,Sat,7:00 to 8:00 PM,247,202
2024,Coquitlam Central Station,Sat,7:00 to 8:00 AM,152,161
2024,Coquitlam Central Station,Sat,6:00 to 7:00 PM,279,258
2024,Coquitlam Central Station,Sat,6:00 to 7:00 AM,3,104
2024,Coquitlam Central Station,Sat,5:00 to 6:00 PM,303,307
2024,Coquitlam Central Station,Sat,5:00 to 6:00 AM,0,13
2024,Coquitlam Central Station,MF,11:00 AM to 12:00 PM,172,249
2024,Coquitlam Central Station,MF,11:00 PM to 12:00 AM,102,61
2024,Coquitlam Central Station,MF,12:00 to 1:00 AM,55,23
2024,Coquitlam Central Station,MF,12:00 to 1:00 PM,220,218
2024,Coquitlam Central Station,MF,2:00 to 3:00 AM,0,0
2024,Coquitlam Central Station,MF,2:00 to 3:00 PM,337,230
2024,Coquitlam Central Station,MF,3:00 to 4:00 AM,0,0
2024,Coquitlam Central Station,MF,3:00 to 4:00 PM,506,347
2024,Coquitlam Central Station,MF,4:00 to 5:00 AM,0,9
2024,Coquitlam Central Station,MF,4:00 to 5:00 PM,542,382
2024,Coquitlam Central Station,MF,5:00 to 6:00 AM,7,185
2024,Coquitlam Central Station,MF,5:00 to 6:00 PM,554,380
2024,Coquitlam Central Station,MF,6:00 to 7:00 AM,236,376
2024,Coquitlam Central Station,MF,6:00 to 7:00 PM,420,256
2024,Coquitlam Central Station,MF,7:00 to 8:00 AM,291,507
2024,Coquitlam Central Station,MF,7:00 to 8:00 PM,271,158
2024,Coquitlam Central Station,MF,8:00 to 9:00 AM,265,457
2024,Coquitlam Central Station,MF,8:00 to 9:00 PM,220,135
2024,Coquitlam Central Station,MF,9:00 to 10:00 AM,180,286
2024,Coquitlam Central Station,MF,9:00 to 10:00 PM,203,127
2024,Coquitlam Central Station,Sat,1:00 to 2:00 AM,48,2
2024,Coquitlam Central Station,Sat,1:00 to 2:00 PM,253,279
2024,Coquitlam Central Station,Sat,10:00 to 11:00 AM,196,215
2024,Coquitlam Central Station,Sat,10:00 to 11:00 PM,204,135
2024,Coquitlam Central Station,Sat,11:00 AM to 12:00 PM,203,236
2024,Coquitlam Central Station,Sat,11:00 PM to 12:00 AM,131,78
2024,Coquitlam Central Station,Sat,12:00 to 1:00 AM,98,29
2024,Coquitlam Central Station,Sat,12:00 to 1:00 PM,211,261
2024,Coquitlam Central Station,Sat,2:00 to 3:00 AM,0,0
2024,Coquitlam Central Station,Sat,2:00 to 3:00 PM,283,284
2024,Coquitlam Central Station,Sat,3:00 to 4:00 AM,0,0
2024,Coquitlam Central Station,Sat,3:00 to 4:00 PM,290,315
2024,Coquitlam Central Station,Sat,4:00 to 5:00 AM,0,0
2024,Coquitlam Central Station,Sat,4:00 to 5:00 PM,324,319
2024,Edmonds Station,Sat,1:00 to 2:00 PM,419,583
2024,Edmonds Station,Sun/Hol,3:00 to 4:00 AM,0,0
2024,Edmonds Station,Sun/Hol,6:00 to 7:00 AM,6,13
2024,Edmonds Station,MF,11:00 PM to 12:00 AM,239,90
2024,Edmonds Station,Sat,1:00 to 2:00 AM,72,8
2024,Edmonds Station,MF,1:00 to 2:00 AM,45,6
2024,Edmonds Station,MF,12:00 to 1:00 AM,129,44
2024,Edmonds Station,Sun/Hol,6:00 to 7:00 PM,498,286
2024,Edmonds Station,MF,10:00 to 11:00 PM,348,145
2024,Edmonds Station,Sun/Hol,4:00 to 5:00 PM,540,410
2024,Edmonds Station,MF,10:00 to 11:00 AM,254,508
2024,Edmonds Station,MF,8:00 to 9:00 AM,649,1265
2024,Edmonds Station,Sun/Hol,12:00 to 1:00 AM,76,16
2024,Edmonds Station,Sat,5:00 to 6:00 PM,633,507
2024,Edmonds Station,Sat,4:00 to 5:00 PM,624,536
2024,Edmonds Station,Sat,5:00 to 6:00 AM,0,1
2024,Edmonds Station,MF,9:00 to 10:00 AM,337,767
2024,Edmonds Station,MF,9:00 to 10:00 PM,449,189
2024,Edmonds Station,Sat,7:00 to 8:00 AM,171,350
2024,Edmonds Station,Sat,11:00 AM to 12:00 PM,300,530
2024,Edmonds Station,Sun/Hol,9:00 to 10:00 PM,296,172
2024,Edmonds Station,MF,11:00 AM to 12:00 PM,283,502
2024,Edmonds Station,Sun/Hol,2:00 to 3:00 AM,0,0
2024,Edmonds Station,MF,2:00 to 3:00 AM,0,0
2024,Edmonds Station,Sat,11:00 PM to 12:00 AM,290,96
2024,Edmonds Station,Sun/Hol,10:00 to 11:00 AM,216,486
2024,Edmonds Station,MF,6:00 to 7:00 AM,477,791
2024,Edmonds Station,Sun/Hol,10:00 to 11:00 PM,252,121
2024,Edmonds Station,MF,12:00 to 1:00 PM,375,513
2024,Edmonds Station,Sat,8:00 to 9:00 PM,402,233
2024,Edmonds Station,MF,7:00 to 8:00 PM,632,283
2024,Edmonds Station,MF,7:00 to 8:00 AM,616,1176
2024,Edmonds Station,Sun/Hol,4:00 to 5:00 AM,0,0
2024,Edmonds Station,Sat,7:00 to 8:00 PM,488,300
2024,Edmonds Station,Sat,12:00 to 1:00 PM,358,566
2024,Edmonds Station,Sun/Hol,12:00 to 1:00 PM,307,483
2024,Edmonds Station,Sun/Hol,8:00 to 9:00 AM,177,305
2024,Edmonds Station,Sat,2:00 to 3:00 AM,0,0
2024,Edmonds Station,Sat,2:00 to 3:00 PM,481,589
2024,Edmonds Station,MF,3:00 to 4:00 PM,850,836
2024,Edmonds Station,MF,2:00 to 3:00 PM,560,537
2024,Edmonds Station,Sun/Hol,7:00 to 8:00 AM,69,345
2024,Edmonds Station,MF,8:00 to 9:00 PM,473,211
2024,Edmonds Station,Sun/Hol,11:00 PM to 12:00 AM,184,71
2024,Edmonds Station,MF,4:00 to 5:00 PM,1122,913
2024,Edmonds Station,MF,5:00 to 6:00 PM,1309,823
2024,Edmonds Station,Sat,3:00 to 4:00 AM,0,0
2024,Edmonds Station,MF,3:00 to 4:00 AM,0,0
2024,Edmonds Station,Sat,10:00 to 11:00 PM,370,160
2024,Edmonds Station,Sun/Hol,2:00 to 3:00 PM,410,489
2024,Edmonds Station,MF,5:00 to 6:00 AM,108,359
2024,Edmonds Station,Sat,9:00 to 10:00 AM,249,505
2024,Edmonds Station,Sun/Hol,1:00 to 2:00 AM,2,0
2024,Edmonds Station,Sun/Hol,1:00 to 2:00 PM,358,496
2024,Edmonds Station,Sun/Hol,9:00 to 10:00 AM,179,414
2024,Edmonds Station,Sat,10:00 to 11:00 AM,270,522
2024,Edmonds Station,Sun/Hol,8:00 to 9:00 PM,348,190
2024,Edmonds Station,Sun/Hol,11:00 AM to 12:00 PM,236,455
2024,Edmonds Station,Sun/Hol,5:00 to 6:00 AM,1,3
2024,Edmonds Station,Sat,3:00 to 4:00 PM,539,579
2024,Edmonds Station,Sat,8:00 to 9:00 AM,217,473
2024,Edmonds Station,MF,1:00 to 2:00 PM,421,471
2024,Edmonds Station,MF,4:00 to 5:00 AM,0,0
2024,Edmonds Station,Sat,12:00 to 1:00 AM,190,41
2024,Edmonds Station,Sat,9:00 to 10:00 PM,399,208
2024,Edmonds Station,Sat,6:00 to 7:00 AM,60,272
2024,Edmonds Station,Sun/Hol,5:00 to 6:00 PM,536,369
2024,Edmonds Station,Sun/Hol,3:00 to 4:00 PM,469,461
2024,Edmonds Station,Sat,6:00 to 7:00 PM,579,406
2024,Edmonds Station,MF,6:00 to 7:00 PM,995,502
2024,Edmonds Station,Sun/Hol,7:00 to 8:00 PM,457,217
2024,Gateway Station,Sun/Hol,1:00 to 2:00 AM,4,1
2024,Gateway Station,Sun/Hol,5:00 to 6:00 AM,0,4
2024,Gateway Station,Sat,9:00 to 10:00 PM,290,166
2024,Gateway Station,Sun/Hol,4:00 to 5:00 PM,287,256
2024,Gateway Station,Sun/Hol,4:00 to 5:00 AM,0,0
2024,Gateway Station,Sat,10:00 to 11:00 AM,118,325
2024,Gateway Station,Sat,10:00 to 11:00 PM,283,115
2024,Gateway Station,Sat,11:00 AM to 12:00 PM,149,343
2024,Gateway Station,Sat,11:00 PM to 12:00 AM,257,63
2024,Gateway Station,Sat,12:00 to 1:00 AM,195,24
2024,Gateway Station,Sat,12:00 to 1:00 PM,184,368
2024,Gateway Station,Sat,2:00 to 3:00 AM,1,0
2024,Gateway Station,Sat,2:00 to 3:00 PM,248,381
2024,Gateway Station,Sun/Hol,1:00 to 2:00 PM,175,354
2024,Gateway Station,Sat,9:00 to 10:00 AM,105,361
2024,Gateway Station,Sat,8:00 to 9:00 PM,309,159
2024,Gateway Station,Sat,8:00 to 9:00 AM,137,390
2024,Gateway Station,Sun/Hol,10:00 to 11:00 AM,126,301
2024,Gateway Station,Sun/Hol,10:00 to 11:00 PM,215,96
2024,Gateway Station,Sun/Hol,11:00 AM to 12:00 PM,125,294
2024,Gateway Station,Sat,7:00 to 8:00 PM,352,186
2024,Gateway Station,Sat,7:00 to 8:00 AM,138,310
2024,Gateway Station,Sun/Hol,11:00 PM to 12:00 AM,205,45
2024,Gateway Station,Sat,6:00 to 7:00 PM,394,244
2024,Gateway Station,Sat,6:00 to 7:00 AM,50,261
2024,Gateway Station,Sat,5:00 to 6:00 PM,396,278
2024,Gateway Station,Sat,5:00 to 6:00 AM,0,9
2024,Gateway Station,Sun/Hol,12:00 to 1:00 AM,136,11
2024,Gateway Station,Sun/Hol,12:00 to 1:00 PM,144,342
2024,Gateway Station,Sun/Hol,2:00 to 3:00 AM,0,0
2024,Gateway Station,Sun/Hol,2:00 to 3:00 PM,197,335
2024,Gateway Station,Sat,4:00 to 5:00 PM,353,318
2024,Gateway Station,Sat,4:00 to 5:00 AM,0,0
2024,Gateway Station,Sun/Hol,3:00 to 4:00 PM,239,291
2024,Gateway Station,Sat,3:00 to 4:00 PM,311,343
2024,Gateway Station,Sun/Hol,5:00 to 6:00 PM,331,217
2024,Gateway Station,Sun/Hol,6:00 to 7:00 AM,3,26
2024,Gateway Station,Sun/Hol,6:00 to 7:00 PM,336,190
2024,Gateway Station,Sun/Hol,7:00 to 8:00 AM,61,248
2024,Gateway Station,Sun/Hol,7:00 to 8:00 PM,337,156
2024,Gateway Station,Sun/Hol,8:00 to 9:00 AM,128,254
2024,Gateway Station,Sun/Hol,8:00 to 9:00 PM,290,137
2024,Gateway Station,Sun/Hol,9:00 to 10:00 AM,114,312
2024,Gateway Station,Sun/Hol,9:00 to 10:00 PM,229,132
2024,Gateway Station,MF,1:00 to 2:00 AM,72,5
2024,Gateway Station,MF,1:00 to 2:00 PM,215,348
2024,Gateway Station,MF,10:00 to 11:00 AM,119,324
2024,Gateway Station,MF,10:00 to 11:00 PM,276,101
2024,Gateway Station,MF,11:00 AM to 12:00 PM,142,350
2024,Gateway Station,MF,11:00 PM to 12:00 AM,235,46
2024,Gateway Station,MF,12:00 to 1:00 AM,173,17
2024,Gateway Station,MF,12:00 to 1:00 PM,191,358
2024,Gateway Station,MF,2:00 to 3:00 AM,0,0
2024,Gateway Station,MF,2:00 to 3:00 PM,266,348
2024,Gateway Station,MF,3:00 to 4:00 AM,0,0
2024,Gateway Station,MF,3:00 to 4:00 PM,465,391
2024,Gateway Station,MF,4:00 to 5:00 AM,0,14
2024,Gateway Station,MF,4:00 to 5:00 PM,663,389
2024,Gateway Station,MF,5:00 to 6:00 AM,26,461
2024,Gateway Station,MF,5:00 to 6:00 PM,734,316
2024,Gateway Station,MF,6:00 to 7:00 AM,183,760
2024,Gateway Station,MF,6:00 to 7:00 PM,616,226
2024,Gateway Station,MF,7:00 to 8:00 AM,195,838
2024,Gateway Station,MF,7:00 to 8:00 PM,438,160
2024,Gateway Station,MF,8:00 to 9:00 AM,207,671
2024,Gateway Station,MF,8:00 to 9:00 PM,349,140
2024,Gateway Station,MF,9:00 to 10:00 AM,116,444
2024,Gateway Station,MF,9:00 to 10:00 PM,324,141
2024,Gateway Station,Sat,1:00 to 2:00 AM,107,7
2024,Gateway Station,Sat,1:00 to 2:00 PM,202,389
2024,Gilmore Station,Sat,8:00 to 9:00 PM,70,62
2024,Gilmore Station,Sat,8:00 to 9:00 AM,111,83
2024,Gilmore Station,Sat,7:00 to 8:00 PM,85,88
2024,Gilmore Station,Sat,7:00 to 8:00 AM,98,57
2024,Gilmore Station,Sat,6:00 to 7:00 PM,97,133
2024,Gilmore Station,Sat,6:00 to 7:00 AM,32,28
2024,Gilmore Station,Sat,5:00 to 6:00 PM,116,163
2024,Gilmore Station,Sat,4:00 to 5:00 PM,115,183
2024,Gilmore Station,Sat,4:00 to 5:00 AM,0,0
2024,Gilmore Station,Sat,3:00 to 4:00 PM,118,185
2024,Gilmore Station,Sat,3:00 to 4:00 AM,0,0
2024,Gilmore Station,Sat,2:00 to 3:00 PM,119,170
2024,Gilmore Station,Sat,2:00 to 3:00 AM,0,0
2024,Gilmore Station,Sat,12:00 to 1:00 PM,102,156
2024,Gilmore Station,Sat,12:00 to 1:00 AM,35,19
2024,Gilmore Station,Sat,11:00 PM to 12:00 AM,48,33
2024,Gilmore Station,Sat,11:00 AM to 12:00 PM,95,139
2024,Gilmore Station,Sat,10:00 to 11:00 PM,73,45
2024,Gilmore Station,Sat,10:00 to 11:00 AM,87,120
2024,Gilmore Station,Sat,1:00 to 2:00 PM,110,166
2024,Gilmore Station,Sat,1:00 to 2:00 AM,14,7
2024,Gilmore Station,MF,9:00 to 10:00 PM,71,65
2024,Gilmore Station,MF,9:00 to 10:00 AM,234,155
2024,Gilmore Station,MF,8:00 to 9:00 PM,82,95
2024,Gilmore Station,MF,8:00 to 9:00 AM,341,278
2024,Gilmore Station,MF,7:00 to 8:00 PM,112,139
2024,Gilmore Station,MF,7:00 to 8:00 AM,323,208
2024,Gilmore Station,MF,6:00 to 7:00 PM,183,245
2024,Gilmore Station,MF,6:00 to 7:00 AM,276,125
2024,Gilmore Station,MF,5:00 to 6:00 PM,274,427
2024,Gilmore Station,MF,5:00 to 6:00 AM,54,40
2024,Gilmore Station,MF,4:00 to 5:00 PM,222,423
2024,Gilmore Station,MF,3:00 to 4:00 PM,177,364
2024,Gilmore Station,MF,3:00 to 4:00 AM,0,0
2024,Gilmore Station,MF,2:00 to 3:00 PM,130,213
2024,Gilmore Station,MF,2:00 to 3:00 AM,0,0
2024,Gilmore Station,MF,12:00 to 1:00 PM,120,145
2024,Gilmore Station,MF,12:00 to 1:00 AM,18,14
2024,Gilmore Station,MF,11:00 PM to 12:00 AM,36,27
2024,Gilmore Station,MF,11:00 AM to 12:00 PM,101,139
2024,Gilmore Station,MF,10:00 to 11:00 PM,59,43
2024,Gilmore Station,MF,10:00 to 11:00 AM,116,123
2024,Gilmore Station,MF,1:00 to 2:00 PM,125,137
2024,Gilmore Station,MF,1:00 to 2:00 AM,7,5
2024,Gilmore Station,Sun/Hol,9:00 to 10:00 PM,51,39
2024,Gilmore Station,Sun/Hol,9:00 to 10:00 AM,54,73
2024,Gilmore Station,Sun/Hol,8:00 to 9:00 PM,55,52
2024,Gilmore Station,Sun/Hol,8:00 to 9:00 AM,49,55
2024,Gilmore Station,Sun/Hol,7:00 to 8:00 PM,72,65
2024,Gilmore Station,Sun/Hol,7:00 to 8:00 AM,37,35
2024,Gilmore Station,Sun/Hol,6:00 to 7:00 PM,81,85
2024,Gilmore Station,Sun/Hol,6:00 to 7:00 AM,4,2
2024,Gilmore Station,Sun/Hol,5:00 to 6:00 PM,95,112
2024,Gilmore Station,Sun/Hol,5:00 to 6:00 AM,1,0
2024,Gilmore Station,Sun/Hol,4:00 to 5:00 PM,99,126
2024,Gilmore Station,Sun/Hol,4:00 to 5:00 AM,0,0
2024,Gilmore Station,Sun/Hol,3:00 to 4:00 PM,96,124
2024,Gilmore Station,Sun/Hol,2:00 to 3:00 PM,93,118
2024,Gilmore Station,Sun/Hol,2:00 to 3:00 AM,0,0
2024,Gilmore Station,Sun/Hol,12:00 to 1:00 PM,76,110
2024,Gilmore Station,Sun/Hol,12:00 to 1:00 AM,12,8
2024,Gilmore Station,Sun/Hol,11:00 PM to 12:00 AM,30,20
2024,Gilmore Station,Sun/Hol,11:00 AM to 12:00 PM,70,105
2024,Gilmore Station,Sat,9:00 to 10:00 AM,98,107
2024,Gilmore Station,Sun/Hol,10:00 to 11:00 PM,43,31
2024,Gilmore Station,Sun/Hol,10:00 to 11:00 AM,61,102
2024,Gilmore Station,Sat,9:00 to 10:00 PM,66,52
2024,Gilmore Station,Sun/Hol,1:00 to 2:00 AM,0,0
2024,Gilmore Station,Sun/Hol,1:00 to 2:00 PM,85,111
2024,Granville Station,Sat,11:00 AM to 12:00 PM,1299,503
2024,Granville Station,MF,10:00 to 11:00 AM,1274,347
2024,Granville Station,MF,1:00 to 2:00 PM,1155,867
2024,Granville Station,Sat,10:00 to 11:00 PM,491,829
2024,Granville Station,Sat,10:00 to 11:00 AM,1098,340
2024,Granville Station,Sat,1:00 to 2:00 PM,1421,747
2024,Granville Station,Sat,1:00 to 2:00 AM,27,154
2024,Granville Station,MF,9:00 to 10:00 PM,328,988
2024,Granville Station,MF,9:00 to 10:00 AM,2366,260
2024,Granville Station,MF,8:00 to 9:00 PM,398,1172
2024,Granville Station,MF,8:00 to 9:00 AM,3478,327
2024,Granville Station,MF,7:00 to 8:00 PM,579,1372
2024,Granville Station,MF,7:00 to 8:00 AM,1916,333
2024,Granville Station,MF,1:00 to 2:00 AM,11,64
2024,Granville Station,MF,6:00 to 7:00 PM,986,1885
2024,Granville Station,MF,6:00 to 7:00 AM,858,259
2024,Granville Station,MF,5:00 to 6:00 PM,1395,2605
2024,Granville Station,MF,5:00 to 6:00 AM,198,83
2024,Granville Station,MF,4:00 to 5:00 PM,1511,2416
2024,Granville Station,MF,4:00 to 5:00 AM,0,0
2024,Granville Station,MF,3:00 to 4:00 PM,1222,1618
2024,Granville Station,MF,3:00 to 4:00 AM,0,0
2024,Granville Station,MF,2:00 to 3:00 PM,1156,1142
2024,Granville Station,Sun/Hol,4:00 to 5:00 PM,1107,1305
2024,Granville Station,Sun/Hol,4:00 to 5:00 AM,0,0
2024,Granville Station,Sun/Hol,3:00 to 4:00 PM,1160,1014
2024,Granville Station,Sun/Hol,3:00 to 4:00 AM,0,0
2024,Granville Station,Sun/Hol,2:00 to 3:00 PM,1302,901
2024,Granville Station,Sun/Hol,2:00 to 3:00 AM,0,0
2024,Granville Station,Sun/Hol,12:00 to 1:00 PM,1219,605
2024,Granville Station,Sun/Hol,12:00 to 1:00 AM,31,120
2024,Granville Station,Sun/Hol,5:00 to 6:00 AM,2,1
2024,Granville Station,Sun/Hol,5:00 to 6:00 PM,854,1274
2024,Granville Station,Sun/Hol,6:00 to 7:00 AM,11,3
2024,Granville Station,Sun/Hol,6:00 to 7:00 PM,687,1233
2024,Granville Station,Sun/Hol,7:00 to 8:00 AM,574,96
2024,Granville Station,Sun/Hol,11:00 PM to 12:00 AM,146,425
2024,Granville Station,Sun/Hol,11:00 AM to 12:00 PM,1133,388
2024,Granville Station,Sun/Hol,10:00 to 11:00 PM,235,536
2024,Granville Station,Sun/Hol,10:00 to 11:00 AM,1108,310
2024,Granville Station,Sun/Hol,7:00 to 8:00 PM,501,1230
2024,Granville Station,Sun/Hol,1:00 to 2:00 PM,1299,673
2024,Granville Station,Sun/Hol,1:00 to 2:00 AM,1,2
2024,Granville Station,Sun/Hol,8:00 to 9:00 AM,711,172
2024,Granville Station,Sat,9:00 to 10:00 PM,568,885
2024,Granville Station,Sat,9:00 to 10:00 AM,1204,226
2024,Granville Station,Sun/Hol,8:00 to 9:00 PM,334,729
2024,Granville Station,Sat,8:00 to 9:00 PM,588,1069
2024,Granville Station,Sat,8:00 to 9:00 AM,954,194
2024,Granville Station,Sat,7:00 to 8:00 PM,810,1170
2024,Granville Station,Sun/Hol,9:00 to 10:00 AM,935,196
2024,Granville Station,Sun/Hol,9:00 to 10:00 PM,275,605
2024,Granville Station,Sat,7:00 to 8:00 AM,851,171
2024,Granville Station,Sat,6:00 to 7:00 PM,1038,1414
2024,Granville Station,Sat,6:00 to 7:00 AM,232,64
2024,Granville Station,Sat,5:00 to 6:00 PM,1192,1444
2024,Granville Station,Sat,5:00 to 6:00 AM,0,0
2024,Granville Station,Sat,4:00 to 5:00 PM,1432,1436
2024,Granville Station,MF,2:00 to 3:00 AM,1,0
2024,Granville Station,MF,12:00 to 1:00 PM,1277,768
2024,Granville Station,Sat,4:00 to 5:00 AM,0,0
2024,Granville Station,Sat,3:00 to 4:00 PM,1405,1212
2024,Granville Station,Sat,3:00 to 4:00 AM,0,0
2024,Granville Station,MF,12:00 to 1:00 AM,59,337
2024,Granville Station,Sat,2:00 to 3:00 PM,1506,1001
2024,Granville Station,MF,11:00 PM to 12:00 AM,157,501
2024,Granville Station,MF,11:00 AM to 12:00 PM,1165,488
2024,Granville Station,MF,10:00 to 11:00 PM,268,694
2024,Granville Station,Sat,2:00 to 3:00 AM,0,0
2024,Granville Station,Sat,12:00 to 1:00 PM,1376,653
2024,Granville Station,Sat,12:00 to 1:00 AM,139,543
2024,Granville Station,Sat,11:00 PM to 12:00 AM,305,728
2024,Holdom Station,Sun/Hol,9:00 to 10:00 PM,76,39
2024,Holdom Station,Sun/Hol,9:00 to 10:00 AM,32,100
2024,Holdom Station,Sun/Hol,8:00 to 9:00 PM,84,39
2024,Holdom Station,Sun/Hol,8:00 to 9:00 AM,30,75
2024,Holdom Station,Sun/Hol,7:00 to 8:00 PM,105,49
2024,Holdom Station,Sun/Hol,7:00 to 8:00 AM,14,55
2024,Holdom Station,Sun/Hol,6:00 to 7:00 PM,117,66
2024,Holdom Station,Sun/Hol,6:00 to 7:00 AM,1,2
2024,Holdom Station,Sun/Hol,5:00 to 6:00 PM,123,92
2024,Holdom Station,Sun/Hol,5:00 to 6:00 AM,0,0
2024,Holdom Station,Sun/Hol,4:00 to 5:00 PM,118,99
2024,Holdom Station,Sun/Hol,4:00 to 5:00 AM,0,0
2024,Holdom Station,Sun/Hol,3:00 to 4:00 PM,102,109
2024,Holdom Station,Sun/Hol,3:00 to 4:00 AM,0,0
2024,Holdom Station,Sun/Hol,2:00 to 3:00 PM,86,123
2024,Holdom Station,Sun/Hol,2:00 to 3:00 AM,0,0
2024,Holdom Station,Sun/Hol,12:00 to 1:00 PM,59,122
2024,Holdom Station,Sun/Hol,12:00 to 1:00 AM,22,5
2024,Holdom Station,Sun/Hol,11:00 PM to 12:00 AM,44,16
2024,Holdom Station,Sun/Hol,11:00 AM to 12:00 PM,46,114
2024,Holdom Station,Sun/Hol,10:00 to 11:00 PM,61,24
2024,Holdom Station,Sun/Hol,10:00 to 11:00 AM,37,119
2024,Holdom Station,Sun/Hol,1:00 to 2:00 PM,75,122
2024,Holdom Station,Sun/Hol,1:00 to 2:00 AM,1,0
2024,Holdom Station,Sat,9:00 to 10:00 PM,99,48
2024,Holdom Station,Sat,9:00 to 10:00 AM,45,128
2024,Holdom Station,Sat,8:00 to 9:00 PM,103,62
2024,Holdom Station,Sat,8:00 to 9:00 AM,47,117
2024,Holdom Station,Sat,7:00 to 8:00 PM,121,71
2024,Holdom Station,Sat,7:00 to 8:00 AM,33,83
2024,Holdom Station,Sat,6:00 to 7:00 PM,142,108
2024,Holdom Station,Sat,6:00 to 7:00 AM,11,38
2024,Holdom Station,Sat,5:00 to 6:00 PM,148,129
2024,Holdom Station,Sat,5:00 to 6:00 AM,0,0
2024,Holdom Station,Sat,4:00 to 5:00 PM,137,143
2024,Holdom Station,Sat,4:00 to 5:00 AM,0,0
2024,Holdom Station,MF,1:00 to 2:00 AM,14,2
2024,Holdom Station,MF,1:00 to 2:00 PM,92,115
2024,Holdom Station,MF,10:00 to 11:00 AM,52,129
2024,Holdom Station,MF,10:00 to 11:00 PM,88,26
2024,Holdom Station,MF,11:00 AM to 12:00 PM,58,122
2024,Holdom Station,MF,11:00 PM to 12:00 AM,52,17
2024,Holdom Station,MF,12:00 to 1:00 AM,27,14
2024,Holdom Station,MF,12:00 to 1:00 PM,79,125
2024,Holdom Station,MF,2:00 to 3:00 AM,0,0
2024,Holdom Station,MF,2:00 to 3:00 PM,113,132
2024,Holdom Station,MF,3:00 to 4:00 AM,0,0
2024,Holdom Station,MF,3:00 to 4:00 PM,201,209
2024,Holdom Station,MF,4:00 to 5:00 AM,0,0
2024,Holdom Station,MF,4:00 to 5:00 PM,260,218
2024,Holdom Station,MF,5:00 to 6:00 AM,15,52
2024,Holdom Station,MF,5:00 to 6:00 PM,317,206
2024,Holdom Station,MF,6:00 to 7:00 AM,116,187
2024,Holdom Station,MF,6:00 to 7:00 PM,237,114
2024,Holdom Station,MF,7:00 to 8:00 AM,128,325
2024,Holdom Station,MF,7:00 to 8:00 PM,149,68
2024,Holdom Station,MF,8:00 to 9:00 AM,118,361
2024,Holdom Station,MF,8:00 to 9:00 PM,116,50
2024,Holdom Station,MF,9:00 to 10:00 AM,61,198
2024,Holdom Station,MF,9:00 to 10:00 PM,107,38
2024,Holdom Station,Sat,1:00 to 2:00 AM,22,3
2024,Holdom Station,Sat,1:00 to 2:00 PM,85,148
2024,Holdom Station,Sat,10:00 to 11:00 AM,51,136
2024,Holdom Station,Sat,10:00 to 11:00 PM,95,37
2024,Holdom Station,Sat,11:00 AM to 12:00 PM,60,136
2024,Holdom Station,Sat,11:00 PM to 12:00 AM,71,26
2024,Holdom Station,Sat,12:00 to 1:00 AM,45,15
2024,Holdom Station,Sat,12:00 to 1:00 PM,71,147
2024,Holdom Station,Sat,2:00 to 3:00 AM,0,0
2024,Holdom Station,Sat,2:00 to 3:00 PM,101,148
2024,Holdom Station,Sat,3:00 to 4:00 AM,0,0
2024,Holdom Station,Sat,3:00 to 4:00 PM,121,148
2024,Inlet Centre Station,Sat,2:00 to 3:00 PM,98,116
2024,Inlet Centre Station,Sat,2:00 to 3:00 AM,0,1
2024,Inlet Centre Station,Sat,12:00 to 1:00 PM,80,108
2024,Inlet Centre Station,Sat,12:00 to 1:00 AM,44,15
2024,Inlet Centre Station,Sat,11:00 PM to 12:00 AM,49,22
2024,Inlet Centre Station,Sat,11:00 AM to 12:00 PM,67,107
2024,Inlet Centre Station,Sat,10:00 to 11:00 PM,72,45
2024,Inlet Centre Station,Sat,10:00 to 11:00 AM,66,91
2024,Inlet Centre Station,Sat,1:00 to 2:00 PM,86,108
2024,Inlet Centre Station,Sat,1:00 to 2:00 AM,21,3
2024,Inlet Centre Station,MF,9:00 to 10:00 PM,67,38
2024,Inlet Centre Station,MF,9:00 to 10:00 AM,79,120
2024,Inlet Centre Station,MF,8:00 to 9:00 PM,79,45
2024,Inlet Centre Station,MF,8:00 to 9:00 AM,105,240
2024,Inlet Centre Station,MF,7:00 to 8:00 PM,107,66
2024,Inlet Centre Station,MF,7:00 to 8:00 AM,81,280
2024,Inlet Centre Station,MF,6:00 to 7:00 PM,200,101
2024,Inlet Centre Station,MF,6:00 to 7:00 AM,43,137
2024,Inlet Centre Station,MF,5:00 to 6:00 PM,297,149
2024,Inlet Centre Station,MF,5:00 to 6:00 AM,3,57
2024,Inlet Centre Station,MF,4:00 to 5:00 PM,256,155
2024,Inlet Centre Station,MF,4:00 to 5:00 AM,0,2
2024,Inlet Centre Station,MF,3:00 to 4:00 PM,187,124
2024,Inlet Centre Station,MF,2:00 to 3:00 PM,116,94
2024,Inlet Centre Station,MF,2:00 to 3:00 AM,0,0
2024,Inlet Centre Station,MF,12:00 to 1:00 PM,77,96
2024,Inlet Centre Station,MF,12:00 to 1:00 AM,20,7
2024,Inlet Centre Station,MF,11:00 PM to 12:00 AM,36,16
2024,Inlet Centre Station,MF,11:00 AM to 12:00 PM,62,96
2024,Inlet Centre Station,MF,10:00 to 11:00 PM,53,34
2024,Inlet Centre Station,MF,10:00 to 11:00 AM,60,91
2024,Inlet Centre Station,MF,1:00 to 2:00 PM,89,87
2024,Inlet Centre Station,MF,1:00 to 2:00 AM,8,2
2024,Inlet Centre Station,Sat,3:00 to 4:00 AM,0,0
2024,Inlet Centre Station,Sat,3:00 to 4:00 PM,108,123
2024,Inlet Centre Station,Sat,4:00 to 5:00 AM,0,0
2024,Inlet Centre Station,Sat,4:00 to 5:00 PM,116,136
2024,Inlet Centre Station,Sat,5:00 to 6:00 AM,0,1
2024,Inlet Centre Station,Sat,5:00 to 6:00 PM,111,129
2024,Inlet Centre Station,Sat,6:00 to 7:00 AM,4,30
2024,Inlet Centre Station,Sat,6:00 to 7:00 PM,102,101
2024,Inlet Centre Station,Sat,7:00 to 8:00 AM,50,46
2024,Inlet Centre Station,Sat,7:00 to 8:00 PM,87,67
2024,Inlet Centre Station,Sat,8:00 to 9:00 AM,63,65
2024,Inlet Centre Station,Sat,8:00 to 9:00 PM,64,51
2024,Inlet Centre Station,Sat,9:00 to 10:00 AM,76,84
2024,Inlet Centre Station,Sat,9:00 to 10:00 PM,56,42
2024,Inlet Centre Station,Sun/Hol,1:00 to 2:00 AM,1,0
2024,Inlet Centre Station,Sun/Hol,1:00 to 2:00 PM,73,87
2024,Inlet Centre Station,Sun/Hol,10:00 to 11:00 AM,56,78
2024,Inlet Centre Station,Sun/Hol,10:00 to 11:00 PM,37,26
2024,Inlet Centre Station,Sun/Hol,11:00 AM to 12:00 PM,60,86
2024,Inlet Centre Station,Sun/Hol,11:00 PM to 12:00 AM,28,15
2024,Inlet Centre Station,Sun/Hol,12:00 to 1:00 AM,14,3
2024,Inlet Centre Station,Sun/Hol,12:00 to 1:00 PM,64,86
2024,Inlet Centre Station,Sun/Hol,2:00 to 3:00 AM,0,0
2024,Inlet Centre Station,Sun/Hol,2:00 to 3:00 PM,85,85
2024,Inlet Centre Station,Sun/Hol,3:00 to 4:00 AM,0,0
2024,Inlet Centre Station,Sun/Hol,3:00 to 4:00 PM,90,87
2024,Inlet Centre Station,Sun/Hol,4:00 to 5:00 AM,0,0
2024,Inlet Centre Station,Sun/Hol,4:00 to 5:00 PM,95,89
2024,Inlet Centre Station,Sun/Hol,5:00 to 6:00 AM,0,0
2024,Inlet Centre Station,Sun/Hol,5:00 to 6:00 PM,86,81
2024,Inlet Centre Station,Sun/Hol,6:00 to 7:00 AM,1,8
2024,Inlet Centre Station,Sun/Hol,6:00 to 7:00 PM,83,61
2024,Inlet Centre Station,Sun/Hol,7:00 to 8:00 AM,8,34
2024,Inlet Centre Station,Sun/Hol,7:00 to 8:00 PM,64,51
2024,Inlet Centre Station,Sun/Hol,8:00 to 9:00 AM,50,43
2024,Inlet Centre Station,Sun/Hol,8:00 to 9:00 PM,52,42
2024,Inlet Centre Station,Sun/Hol,9:00 to 10:00 AM,49,64
2024,Inlet Centre Station,Sun/Hol,9:00 to 10:00 PM,42,36
2024,Joyce-Collingwood Station,Sun/Hol,8:00 to 9:00 AM,269,501
2024,Joyce-Collingwood Station,Sun/Hol,7:00 to 8:00 PM,844,393
2024,Joyce-Collingwood Station,MF,1:00 to 2:00 AM,59,14
2024,Joyce-Collingwood Station,MF,1:00 to 2:00 PM,681,771
2024,Joyce-Collingwood Station,MF,10:00 to 11:00 AM,487,722
2024,Joyce-Collingwood Station,MF,10:00 to 11:00 PM,598,274
2024,Joyce-Collingwood Station,MF,11:00 AM to 12:00 PM,518,735
2024,Joyce-Collingwood Station,MF,11:00 PM to 12:00 AM,399,191
2024,Joyce-Collingwood Station,MF,12:00 to 1:00 AM,224,83
2024,Joyce-Collingwood Station,MF,12:00 to 1:00 PM,602,769
2024,Joyce-Collingwood Station,MF,2:00 to 3:00 AM,0,0
2024,Joyce-Collingwood Station,MF,2:00 to 3:00 PM,845,801
2024,Joyce-Collingwood Station,MF,3:00 to 4:00 AM,0,0
2024,Joyce-Collingwood Station,MF,3:00 to 4:00 PM,1255,997
2024,Joyce-Collingwood Station,MF,4:00 to 5:00 AM,0,0
2024,Joyce-Collingwood Station,MF,4:00 to 5:00 PM,1550,1151
2024,Joyce-Collingwood Station,MF,5:00 to 6:00 AM,131,340
2024,Joyce-Collingwood Station,MF,5:00 to 6:00 PM,1787,1114
2024,Joyce-Collingwood Station,MF,6:00 to 7:00 AM,571,918
2024,Joyce-Collingwood Station,MF,6:00 to 7:00 PM,1398,915
2024,Joyce-Collingwood Station,MF,7:00 to 8:00 AM,680,1339
2024,Joyce-Collingwood Station,MF,7:00 to 8:00 PM,947,580
2024,Joyce-Collingwood Station,MF,8:00 to 9:00 AM,658,1668
2024,Joyce-Collingwood Station,MF,8:00 to 9:00 PM,789,428
2024,Joyce-Collingwood Station,MF,9:00 to 10:00 AM,504,1027
2024,Joyce-Collingwood Station,MF,9:00 to 10:00 PM,771,325
2024,Joyce-Collingwood Station,Sat,1:00 to 2:00 AM,117,21
2024,Joyce-Collingwood Station,Sat,1:00 to 2:00 PM,741,985
2024,Joyce-Collingwood Station,Sat,10:00 to 11:00 AM,460,833
2024,Joyce-Collingwood Station,Sat,10:00 to 11:00 PM,627,314
2024,Joyce-Collingwood Station,Sat,11:00 AM to 12:00 PM,551,874
2024,Joyce-Collingwood Station,Sat,11:00 PM to 12:00 AM,499,231
2024,Joyce-Collingwood Station,Sat,12:00 to 1:00 AM,345,107
2024,Joyce-Collingwood Station,Sat,12:00 to 1:00 PM,626,911
2024,Joyce-Collingwood Station,Sat,2:00 to 3:00 AM,0,0
2024,Joyce-Collingwood Station,Sat,2:00 to 3:00 PM,839,979
2024,Joyce-Collingwood Station,Sat,3:00 to 4:00 AM,0,0
2024,Joyce-Collingwood Station,Sat,3:00 to 4:00 PM,961,997
2024,Joyce-Collingwood Station,Sat,4:00 to 5:00 AM,0,0
2024,Joyce-Collingwood Station,Sat,4:00 to 5:00 PM,1079,969
2024,Joyce-Collingwood Station,Sat,5:00 to 6:00 AM,0,0
2024,Joyce-Collingwood Station,Sat,5:00 to 6:00 PM,1071,901
2024,Joyce-Collingwood Station,Sat,6:00 to 7:00 AM,138,232
2024,Joyce-Collingwood Station,Sat,6:00 to 7:00 PM,997,846
2024,Joyce-Collingwood Station,Sat,7:00 to 8:00 AM,282,551
2024,Joyce-Collingwood Station,Sat,7:00 to 8:00 PM,839,562
2024,Joyce-Collingwood Station,Sat,8:00 to 9:00 AM,370,693
2024,Joyce-Collingwood Station,Sat,8:00 to 9:00 PM,717,432
2024,Joyce-Collingwood Station,Sat,9:00 to 10:00 AM,412,842
2024,Joyce-Collingwood Station,Sat,9:00 to 10:00 PM,732,356
2024,Joyce-Collingwood Station,Sun/Hol,1:00 to 2:00 AM,2,1
2024,Joyce-Collingwood Station,Sun/Hol,1:00 to 2:00 PM,674,879
2024,Joyce-Collingwood Station,Sun/Hol,10:00 to 11:00 AM,436,858
2024,Joyce-Collingwood Station,Sun/Hol,10:00 to 11:00 PM,470,230
2024,Joyce-Collingwood Station,Sun/Hol,11:00 AM to 12:00 PM,494,781
2024,Joyce-Collingwood Station,Sun/Hol,11:00 PM to 12:00 AM,334,178
2024,Joyce-Collingwood Station,Sun/Hol,12:00 to 1:00 AM,115,45
2024,Joyce-Collingwood Station,Sun/Hol,12:00 to 1:00 PM,598,930
2024,Joyce-Collingwood Station,Sun/Hol,2:00 to 3:00 AM,0,0
2024,Joyce-Collingwood Station,Sun/Hol,2:00 to 3:00 PM,822,938
2024,Joyce-Collingwood Station,Sun/Hol,3:00 to 4:00 PM,875,803
2024,Joyce-Collingwood Station,Sun/Hol,4:00 to 5:00 AM,0,0
2024,Joyce-Collingwood Station,Sun/Hol,4:00 to 5:00 PM,955,910
2024,Joyce-Collingwood Station,Sun/Hol,7:00 to 8:00 AM,180,321
2024,Joyce-Collingwood Station,Sun/Hol,6:00 to 7:00 PM,949,625
2024,Joyce-Collingwood Station,Sun/Hol,6:00 to 7:00 AM,4,12
2024,Joyce-Collingwood Station,Sun/Hol,5:00 to 6:00 PM,966,675
2024,Joyce-Collingwood Station,Sun/Hol,5:00 to 6:00 AM,1,3
2024,Joyce-Collingwood Station,Sun/Hol,8:00 to 9:00 PM,605,393
2024,Joyce-Collingwood Station,Sun/Hol,9:00 to 10:00 AM,353,677
2024,Joyce-Collingwood Station,Sun/Hol,9:00 to 10:00 PM,551,289
2024,King Edward Station,MF,7:00 to 8:00 AM,364,572
2024,King Edward Station,MF,7:00 to 8:00 PM,373,212
2024,King Edward Station,MF,8:00 to 9:00 AM,342,747
2024,King Edward Station,MF,8:00 to 9:00 PM,298,141
2024,King Edward Station,MF,9:00 to 10:00 AM,227,496
2024,King Edward Station,MF,9:00 to 10:00 PM,296,114
2024,King Edward Station,Sat,1:00 to 2:00 AM,29,4
2024,King Edward Station,Sat,1:00 to 2:00 PM,313,410
2024,King Edward Station,Sat,10:00 to 11:00 AM,178,347
2024,King Edward Station,Sat,10:00 to 11:00 PM,254,90
2024,King Edward Station,Sat,11:00 AM to 12:00 PM,225,381
2024,King Edward Station,Sat,11:00 PM to 12:00 AM,174,50
2024,King Edward Station,Sat,12:00 to 1:00 AM,101,27
2024,King Edward Station,Sat,12:00 to 1:00 PM,268,380
2024,King Edward Station,Sat,2:00 to 3:00 AM,0,0
2024,King Edward Station,Sat,2:00 to 3:00 PM,369,407
2024,King Edward Station,Sat,3:00 to 4:00 AM,1,1
2024,King Edward Station,Sat,3:00 to 4:00 PM,409,415
2024,King Edward Station,Sat,4:00 to 5:00 AM,1,5
2024,King Edward Station,Sat,4:00 to 5:00 PM,437,393
2024,King Edward Station,Sat,5:00 to 6:00 AM,12,29
2024,King Edward Station,Sat,5:00 to 6:00 PM,433,344
2024,King Edward Station,Sat,6:00 to 7:00 AM,47,104
2024,King Edward Station,Sat,6:00 to 7:00 PM,400,312
2024,King Edward Station,Sat,7:00 to 8:00 AM,82,187
2024,King Edward Station,Sat,7:00 to 8:00 PM,327,220
2024,King Edward Station,Sat,8:00 to 9:00 AM,108,233
2024,King Edward Station,Sat,8:00 to 9:00 PM,275,150
2024,King Edward Station,Sat,9:00 to 10:00 AM,157,335
2024,King Edward Station,Sat,9:00 to 10:00 PM,274,123
2024,King Edward Station,Sun/Hol,1:00 to 2:00 AM,10,2
2024,King Edward Station,Sun/Hol,1:00 to 2:00 PM,277,364
2024,King Edward Station,Sun/Hol,10:00 to 11:00 AM,156,325
2024,King Edward Station,Sun/Hol,10:00 to 11:00 PM,179,60
2024,King Edward Station,Sun/Hol,11:00 AM to 12:00 PM,190,336
2024,King Edward Station,Sun/Hol,11:00 PM to 12:00 AM,110,31
2024,King Edward Station,Sun/Hol,12:00 to 1:00 AM,52,13
2024,King Edward Station,Sun/Hol,12:00 to 1:00 PM,235,341
2024,King Edward Station,Sun/Hol,2:00 to 3:00 AM,0,1
2024,King Edward Station,Sun/Hol,2:00 to 3:00 PM,324,341
2024,King Edward Station,Sun/Hol,3:00 to 4:00 AM,0,0
2024,King Edward Station,Sun/Hol,3:00 to 4:00 PM,371,338
2024,King Edward Station,Sun/Hol,4:00 to 5:00 AM,1,4
2024,King Edward Station,Sun/Hol,4:00 to 5:00 PM,392,315
2024,King Edward Station,Sun/Hol,5:00 to 6:00 AM,14,21
2024,King Edward Station,Sun/Hol,5:00 to 6:00 PM,395,258
2024,King Edward Station,Sun/Hol,6:00 to 7:00 AM,82,77
2024,King Edward Station,Sun/Hol,6:00 to 7:00 PM,356,207
2024,King Edward Station,Sun/Hol,7:00 to 8:00 AM,75,144
2024,King Edward Station,Sun/Hol,7:00 to 8:00 PM,301,147
2024,King Edward Station,Sun/Hol,8:00 to 9:00 AM,77,185
2024,King Edward Station,Sun/Hol,8:00 to 9:00 PM,252,106
2024,King Edward Station,Sun/Hol,9:00 to 10:00 AM,112,257
2024,King Edward Station,Sun/Hol,9:00 to 10:00 PM,238,85
2024,King Edward Station,MF,12:00 to 1:00 PM,267,326
2024,King Edward Station,MF,2:00 to 3:00 AM,0,0
2024,King Edward Station,MF,2:00 to 3:00 PM,382,359
2024,King Edward Station,MF,3:00 to 4:00 AM,0,0
2024,King Edward Station,MF,3:00 to 4:00 PM,520,580
2024,King Edward Station,MF,4:00 to 5:00 AM,1,6
2024,King Edward Station,MF,12:00 to 1:00 AM,61,15
2024,King Edward Station,MF,11:00 PM to 12:00 AM,119,36
2024,King Edward Station,MF,11:00 AM to 12:00 PM,210,324
2024,King Edward Station,MF,10:00 to 11:00 PM,214,78
2024,King Edward Station,MF,10:00 to 11:00 AM,184,332
2024,King Edward Station,MF,1:00 to 2:00 PM,296,327
2024,King Edward Station,MF,1:00 to 2:00 AM,14,2
2024,King Edward Station,MF,4:00 to 5:00 PM,671,597
2024,King Edward Station,MF,5:00 to 6:00 AM,33,81
2024,King Edward Station,MF,5:00 to 6:00 PM,790,477
2024,King Edward Station,MF,6:00 to 7:00 AM,184,313
2024,King Edward Station,MF,6:00 to 7:00 PM,594,342
2024,King George Station,MF,8:00 to 9:00 PM,379,235
2024,King George Station,MF,8:00 to 9:00 AM,310,1498
2024,King George Station,MF,7:00 to 8:00 PM,479,275
2024,King George Station,MF,7:00 to 8:00 AM,335,1960
2024,King George Station,MF,6:00 to 7:00 PM,794,420
2024,King George Station,MF,6:00 to 7:00 AM,359,1447
2024,King George Station,MF,5:00 to 6:00 PM,933,676
2024,King George Station,MF,5:00 to 6:00 AM,38,761
2024,King George Station,MF,4:00 to 5:00 PM,760,816
2024,King George Station,MF,4:00 to 5:00 AM,0,58
2024,King George Station,MF,3:00 to 4:00 PM,527,790
2024,King George Station,MF,3:00 to 4:00 AM,0,0
2024,King George Station,MF,2:00 to 3:00 PM,291,668
2024,King George Station,MF,2:00 to 3:00 AM,0,0
2024,King George Station,MF,12:00 to 1:00 PM,220,697
2024,King George Station,MF,12:00 to 1:00 AM,153,27
2024,King George Station,MF,1:00 to 2:00 AM,44,6
2024,King George Station,MF,1:00 to 2:00 PM,236,708
2024,King George Station,MF,10:00 to 11:00 AM,136,690
2024,King George Station,MF,10:00 to 11:00 PM,254,163
2024,King George Station,MF,11:00 AM to 12:00 PM,154,764
2024,King George Station,MF,11:00 PM to 12:00 AM,219,84
2024,King George Station,Sun/Hol,7:00 to 8:00 PM,332,256
2024,King George Station,Sun/Hol,8:00 to 9:00 AM,112,476
2024,King George Station,Sun/Hol,8:00 to 9:00 PM,280,243
2024,King George Station,Sun/Hol,9:00 to 10:00 AM,114,522
2024,King George Station,Sat,4:00 to 5:00 AM,0,0
2024,King George Station,Sat,4:00 to 5:00 PM,370,525
2024,King George Station,Sat,5:00 to 6:00 AM,0,62
2024,King George Station,Sat,5:00 to 6:00 PM,415,459
2024,King George Station,Sat,6:00 to 7:00 AM,40,548
2024,King George Station,Sat,6:00 to 7:00 PM,386,393
2024,King George Station,Sat,7:00 to 8:00 AM,130,732
2024,King George Station,Sat,7:00 to 8:00 PM,336,321
2024,King George Station,Sat,8:00 to 9:00 AM,135,725
2024,King George Station,Sat,8:00 to 9:00 PM,297,273
2024,King George Station,Sat,9:00 to 10:00 AM,113,607
2024,King George Station,Sat,9:00 to 10:00 PM,276,304
2024,King George Station,Sun/Hol,1:00 to 2:00 AM,4,1
2024,King George Station,Sun/Hol,1:00 to 2:00 PM,183,600
2024,King George Station,Sun/Hol,10:00 to 11:00 AM,103,524
2024,King George Station,Sun/Hol,10:00 to 11:00 PM,179,169
2024,King George Station,Sun/Hol,11:00 AM to 12:00 PM,133,541
2024,King George Station,Sun/Hol,11:00 PM to 12:00 AM,179,75
2024,King George Station,Sun/Hol,12:00 to 1:00 AM,85,16
2024,King George Station,Sun/Hol,12:00 to 1:00 PM,144,532
2024,King George Station,Sun/Hol,2:00 to 3:00 AM,0,0
2024,King George Station,Sun/Hol,2:00 to 3:00 PM,192,563
2024,King George Station,Sun/Hol,3:00 to 4:00 PM,235,496
2024,King George Station,Sun/Hol,4:00 to 5:00 AM,0,1
2024,King George Station,Sun/Hol,4:00 to 5:00 PM,279,411
2024,King George Station,Sun/Hol,5:00 to 6:00 AM,0,9
2024,King George Station,Sun/Hol,5:00 to 6:00 PM,316,341
2024,King George Station,Sun/Hol,6:00 to 7:00 AM,5,161
2024,King George Station,Sun/Hol,6:00 to 7:00 PM,325,286
2024,King George Station,Sun/Hol,7:00 to 8:00 AM,45,603
2024,King George Station,Sat,3:00 to 4:00 PM,301,606
2024,King George Station,Sat,3:00 to 4:00 AM,0,0
2024,King George Station,Sat,2:00 to 3:00 PM,228,659
2024,King George Station,Sat,2:00 to 3:00 AM,0,0
2024,King George Station,Sat,12:00 to 1:00 PM,177,641
2024,King George Station,Sat,12:00 to 1:00 AM,203,42
2024,King George Station,Sat,11:00 PM to 12:00 AM,250,160
2024,King George Station,Sat,11:00 AM to 12:00 PM,143,625
2024,King George Station,Sat,10:00 to 11:00 PM,286,240
2024,King George Station,Sat,10:00 to 11:00 AM,117,581
2024,King George Station,Sat,1:00 to 2:00 PM,195,676
2024,King George Station,Sat,1:00 to 2:00 AM,63,9
2024,King George Station,MF,9:00 to 10:00 PM,333,244
2024,King George Station,MF,9:00 to 10:00 AM,184,945
2024,King George Station,Sun/Hol,9:00 to 10:00 PM,204,258
2024,Lafarge Lake-Douglas Station,Sun/Hol,9:00 to 10:00 PM,79,42
2024,Lafarge Lake-Douglas Station,Sun/Hol,9:00 to 10:00 AM,33,73
2024,Lafarge Lake-Douglas Station,Sun/Hol,8:00 to 9:00 PM,91,57
2024,Lafarge Lake-Douglas Station,Sun/Hol,8:00 to 9:00 AM,31,50
2024,Lafarge Lake-Douglas Station,Sun/Hol,7:00 to 8:00 PM,111,69
2024,Lafarge Lake-Douglas Station,Sun/Hol,7:00 to 8:00 AM,2,34
2024,Lafarge Lake-Douglas Station,Sun/Hol,6:00 to 7:00 PM,131,75
2024,Lafarge Lake-Douglas Station,Sun/Hol,6:00 to 7:00 AM,1,12
2024,Lafarge Lake-Douglas Station,Sun/Hol,5:00 to 6:00 PM,133,88
2024,Lafarge Lake-Douglas Station,Sun/Hol,5:00 to 6:00 AM,0,1
2024,Lafarge Lake-Douglas Station,Sun/Hol,4:00 to 5:00 PM,127,86
2024,Lafarge Lake-Douglas Station,Sun/Hol,4:00 to 5:00 AM,0,0
2024,Lafarge Lake-Douglas Station,Sun/Hol,3:00 to 4:00 PM,106,78
2024,Lafarge Lake-Douglas Station,Sun/Hol,2:00 to 3:00 PM,88,86
2024,Lafarge Lake-Douglas Station,Sun/Hol,2:00 to 3:00 AM,0,0
2024,Lafarge Lake-Douglas Station,Sun/Hol,12:00 to 1:00 PM,62,96
2024,Lafarge Lake-Douglas Station,Sun/Hol,12:00 to 1:00 AM,22,1
2024,Lafarge Lake-Douglas Station,Sun/Hol,11:00 PM to 12:00 AM,34,18
2024,Lafarge Lake-Douglas Station,Sun/Hol,11:00 AM to 12:00 PM,54,96
2024,Lafarge Lake-Douglas Station,Sun/Hol,10:00 to 11:00 PM,45,55
2024,Lafarge Lake-Douglas Station,Sun/Hol,10:00 to 11:00 AM,42,92
2024,Lafarge Lake-Douglas Station,Sun/Hol,1:00 to 2:00 PM,82,97
2024,Lafarge Lake-Douglas Station,Sun/Hol,1:00 to 2:00 AM,2,1
2024,Lafarge Lake-Douglas Station,Sat,9:00 to 10:00 PM,77,59
2024,Lafarge Lake-Douglas Station,Sat,9:00 to 10:00 AM,47,82
2024,Lafarge Lake-Douglas Station,Sat,8:00 to 9:00 PM,91,70
2024,Lafarge Lake-Douglas Station,Sat,8:00 to 9:00 AM,43,81
2024,Lafarge Lake-Douglas Station,Sat,7:00 to 8:00 PM,126,79
2024,Lafarge Lake-Douglas Station,Sat,7:00 to 8:00 AM,24,57
2024,Lafarge Lake-Douglas Station,Sat,6:00 to 7:00 PM,138,98
2024,Lafarge Lake-Douglas Station,Sat,6:00 to 7:00 AM,1,32
2024,Lafarge Lake-Douglas Station,Sat,5:00 to 6:00 PM,147,126
2024,Lafarge Lake-Douglas Station,Sat,5:00 to 6:00 AM,0,7
2024,Lafarge Lake-Douglas Station,Sat,4:00 to 5:00 PM,136,116
2024,Lafarge Lake-Douglas Station,MF,1:00 to 2:00 AM,11,1
2024,Lafarge Lake-Douglas Station,MF,1:00 to 2:00 PM,91,105
2024,Lafarge Lake-Douglas Station,MF,10:00 to 11:00 AM,77,116
2024,Lafarge Lake-Douglas Station,MF,10:00 to 11:00 PM,68,21
2024,Lafarge Lake-Douglas Station,MF,11:00 AM to 12:00 PM,85,125
2024,Lafarge Lake-Douglas Station,MF,11:00 PM to 12:00 AM,44,10
2024,Lafarge Lake-Douglas Station,MF,12:00 to 1:00 AM,28,3
2024,Lafarge Lake-Douglas Station,MF,12:00 to 1:00 PM,114,136
2024,Lafarge Lake-Douglas Station,MF,2:00 to 3:00 AM,1,1
2024,Lafarge Lake-Douglas Station,MF,2:00 to 3:00 PM,121,138
2024,Lafarge Lake-Douglas Station,MF,3:00 to 4:00 AM,0,0
2024,Lafarge Lake-Douglas Station,MF,3:00 to 4:00 PM,181,181
2024,Lafarge Lake-Douglas Station,MF,4:00 to 5:00 AM,0,12
2024,Lafarge Lake-Douglas Station,MF,4:00 to 5:00 PM,261,168
2024,Lafarge Lake-Douglas Station,MF,5:00 to 6:00 AM,1,76
2024,Lafarge Lake-Douglas Station,MF,5:00 to 6:00 PM,315,120
2024,Lafarge Lake-Douglas Station,MF,6:00 to 7:00 AM,42,178
2024,Lafarge Lake-Douglas Station,MF,6:00 to 7:00 PM,269,87
2024,Lafarge Lake-Douglas Station,MF,7:00 to 8:00 AM,71,331
2024,Lafarge Lake-Douglas Station,MF,7:00 to 8:00 PM,151,59
2024,Lafarge Lake-Douglas Station,MF,8:00 to 9:00 AM,158,251
2024,Lafarge Lake-Douglas Station,MF,8:00 to 9:00 PM,99,54
2024,Lafarge Lake-Douglas Station,MF,9:00 to 10:00 AM,96,147
2024,Lafarge Lake-Douglas Station,MF,9:00 to 10:00 PM,82,46
2024,Lafarge Lake-Douglas Station,Sat,1:00 to 2:00 AM,23,0
2024,Lafarge Lake-Douglas Station,Sat,1:00 to 2:00 PM,83,111
2024,Lafarge Lake-Douglas Station,Sat,10:00 to 11:00 AM,52,98
2024,Lafarge Lake-Douglas Station,Sat,10:00 to 11:00 PM,87,35
2024,Lafarge Lake-Douglas Station,Sat,11:00 AM to 12:00 PM,62,104
2024,Lafarge Lake-Douglas Station,Sat,11:00 PM to 12:00 AM,66,14
2024,Lafarge Lake-Douglas Station,Sat,12:00 to 1:00 AM,44,6
2024,Lafarge Lake-Douglas Station,Sat,12:00 to 1:00 PM,74,110
2024,Lafarge Lake-Douglas Station,Sat,2:00 to 3:00 AM,2,1
2024,Lafarge Lake-Douglas Station,Sat,2:00 to 3:00 PM,96,116
2024,Lafarge Lake-Douglas Station,Sat,3:00 to 4:00 PM,109,111
2024,Lake City Way Station,Sat,2:00 to 3:00 PM,22,37
2024,Lake City Way Station,Sat,2:00 to 3:00 AM,0,0
2024,Lake City Way Station,Sat,12:00 to 1:00 PM,19,32
2024,Lake City Way Station,Sat,12:00 to 1:00 AM,13,3
2024,Lake City Way Station,Sat,11:00 PM to 12:00 AM,18,8
2024,Lake City Way Station,Sat,11:00 AM to 12:00 PM,16,29
2024,Lake City Way Station,Sat,10:00 to 11:00 PM,29,8
2024,Lake City Way Station,Sat,10:00 to 11:00 AM,14,27
2024,Lake City Way Station,Sat,1:00 to 2:00 PM,23,36
2024,Lake City Way Station,Sat,1:00 to 2:00 AM,7,2
2024,Lake City Way Station,MF,9:00 to 10:00 PM,23,14
2024,Lake City Way Station,MF,9:00 to 10:00 AM,52,36
2024,Lake City Way Station,MF,8:00 to 9:00 PM,25,17
2024,Lake City Way Station,MF,8:00 to 9:00 AM,126,64
2024,Lake City Way Station,MF,7:00 to 8:00 PM,32,30
2024,Lake City Way Station,MF,7:00 to 8:00 AM,148,63
2024,Lake City Way Station,MF,6:00 to 7:00 PM,50,52
2024,Lake City Way Station,MF,6:00 to 7:00 AM,153,36
2024,Lake City Way Station,MF,5:00 to 6:00 PM,71,127
2024,Lake City Way Station,MF,5:00 to 6:00 AM,17,13
2024,Lake City Way Station,MF,4:00 to 5:00 PM,64,168
2024,Lake City Way Station,MF,4:00 to 5:00 AM,0,0
2024,Lake City Way Station,MF,3:00 to 4:00 PM,56,141
2024,Lake City Way Station,MF,3:00 to 4:00 AM,0,0
2024,Lake City Way Station,MF,2:00 to 3:00 PM,35,60
2024,Lake City Way Station,MF,2:00 to 3:00 AM,0,0
2024,Lake City Way Station,MF,12:00 to 1:00 PM,25,31
2024,Lake City Way Station,MF,12:00 to 1:00 AM,7,4
2024,Lake City Way Station,MF,11:00 PM to 12:00 AM,17,13
2024,Lake City Way Station,MF,11:00 AM to 12:00 PM,26,33
2024,Lake City Way Station,MF,10:00 to 11:00 PM,24,13
2024,Lake City Way Station,MF,10:00 to 11:00 AM,25,31
2024,Lake City Way Station,MF,1:00 to 2:00 PM,35,34
2024,Lake City Way Station,MF,1:00 to 2:00 AM,5,2
2024,Lake City Way Station,Sat,3:00 to 4:00 PM,28,42
2024,Lake City Way Station,Sat,4:00 to 5:00 AM,0,0
2024,Lake City Way Station,Sat,4:00 to 5:00 PM,31,42
2024,Lake City Way Station,Sat,5:00 to 6:00 PM,34,56
2024,Lake City Way Station,Sat,6:00 to 7:00 AM,32,6
2024,Lake City Way Station,Sat,6:00 to 7:00 PM,29,42
2024,Lake City Way Station,Sat,7:00 to 8:00 AM,24,17
2024,Lake City Way Station,Sat,7:00 to 8:00 PM,26,27
2024,Lake City Way Station,Sat,8:00 to 9:00 AM,48,22
2024,Lake City Way Station,Sat,8:00 to 9:00 PM,23,16
2024,Lake City Way Station,Sat,9:00 to 10:00 AM,17,26
2024,Lake City Way Station,Sat,9:00 to 10:00 PM,20,10
2024,Lake City Way Station,Sun/Hol,1:00 to 2:00 AM,0,0
2024,Lake City Way Station,Sun/Hol,1:00 to 2:00 PM,20,25
2024,Lake City Way Station,Sun/Hol,10:00 to 11:00 AM,12,23
2024,Lake City Way Station,Sun/Hol,10:00 to 11:00 PM,14,6
2024,Lake City Way Station,Sun/Hol,11:00 AM to 12:00 PM,13,24
2024,Lake City Way Station,Sun/Hol,11:00 PM to 12:00 AM,15,4
2024,Lake City Way Station,Sun/Hol,12:00 to 1:00 AM,7,3
2024,Lake City Way Station,Sun/Hol,12:00 to 1:00 PM,16,23
2024,Lake City Way Station,Sun/Hol,2:00 to 3:00 AM,0,0
2024,Lake City Way Station,Sun/Hol,2:00 to 3:00 PM,21,27
2024,Lake City Way Station,Sun/Hol,3:00 to 4:00 PM,24,28
2024,Lake City Way Station,Sun/Hol,4:00 to 5:00 AM,0,0
2024,Lake City Way Station,Sun/Hol,4:00 to 5:00 PM,26,35
2024,Lake City Way Station,Sun/Hol,5:00 to 6:00 AM,0,0
2024,Lake City Way Station,Sun/Hol,5:00 to 6:00 PM,27,44
2024,Lake City Way Station,Sun/Hol,6:00 to 7:00 AM,2,1
2024,Lake City Way Station,Sun/Hol,6:00 to 7:00 PM,26,29
2024,Lake City Way Station,Sun/Hol,7:00 to 8:00 AM,25,13
2024,Lake City Way Station,Sun/Hol,7:00 to 8:00 PM,23,23
2024,Lake City Way Station,Sun/Hol,8:00 to 9:00 AM,34,13
2024,Lake City Way Station,Sun/Hol,8:00 to 9:00 PM,20,11
2024,Lake City Way Station,Sun/Hol,9:00 to 10:00 AM,14,22
2024,Lake City Way Station,Sun/Hol,9:00 to 10:00 PM,18,8
2024,Langara-49th Avenue Station,MF,1:00 to 2:00 AM,18,2
2024,Langara-49th Avenue Station,MF,1:00 to 2:00 PM,372,453
2024,Langara-49th Avenue Station,MF,10:00 to 11:00 AM,425,450
2024,Langara-49th Avenue Station,Sun/Hol,9:00 to 10:00 PM,263,85
2024,Langara-49th Avenue Station,Sun/Hol,9:00 to 10:00 AM,96,293
2024,Langara-49th Avenue Station,Sun/Hol,8:00 to 9:00 PM,284,94
2024,Langara-49th Avenue Station,Sun/Hol,8:00 to 9:00 AM,68,218
2024,Langara-49th Avenue Station,Sun/Hol,7:00 to 8:00 PM,348,141
2024,Langara-49th Avenue Station,Sun/Hol,7:00 to 8:00 AM,69,209
2024,Langara-49th Avenue Station,Sun/Hol,6:00 to 7:00 PM,380,193
2024,Langara-49th Avenue Station,Sun/Hol,6:00 to 7:00 AM,38,98
2024,Langara-49th Avenue Station,Sun/Hol,5:00 to 6:00 PM,409,267
2024,Langara-49th Avenue Station,Sun/Hol,5:00 to 6:00 AM,11,30
2024,Langara-49th Avenue Station,Sun/Hol,4:00 to 5:00 PM,392,303
2024,Langara-49th Avenue Station,Sun/Hol,4:00 to 5:00 AM,1,3
2024,Langara-49th Avenue Station,Sun/Hol,3:00 to 4:00 PM,367,338
2024,Langara-49th Avenue Station,Sun/Hol,3:00 to 4:00 AM,0,1
2024,Langara-49th Avenue Station,Sun/Hol,2:00 to 3:00 PM,302,366
2024,Langara-49th Avenue Station,Sun/Hol,2:00 to 3:00 AM,1,1
2024,Langara-49th Avenue Station,Sun/Hol,12:00 to 1:00 PM,199,384
2024,Langara-49th Avenue Station,Sun/Hol,12:00 to 1:00 AM,69,13
2024,Langara-49th Avenue Station,Sun/Hol,11:00 PM to 12:00 AM,134,27
2024,Langara-49th Avenue Station,Sun/Hol,11:00 AM to 12:00 PM,146,373
2024,Langara-49th Avenue Station,Sun/Hol,10:00 to 11:00 PM,221,57
2024,Langara-49th Avenue Station,Sun/Hol,10:00 to 11:00 AM,129,360
2024,Langara-49th Avenue Station,Sun/Hol,1:00 to 2:00 PM,246,398
2024,Langara-49th Avenue Station,Sun/Hol,1:00 to 2:00 AM,15,2
2024,Langara-49th Avenue Station,Sat,9:00 to 10:00 PM,319,113
2024,Langara-49th Avenue Station,Sat,9:00 to 10:00 AM,137,375
2024,Langara-49th Avenue Station,Sat,8:00 to 9:00 PM,321,144
2024,Langara-49th Avenue Station,Sat,8:00 to 9:00 AM,134,284
2024,Langara-49th Avenue Station,Sat,7:00 to 8:00 PM,347,207
2024,Langara-49th Avenue Station,Sat,7:00 to 8:00 AM,79,241
2024,Langara-49th Avenue Station,Sat,6:00 to 7:00 PM,414,293
2024,Langara-49th Avenue Station,Sat,6:00 to 7:00 AM,39,107
2024,Langara-49th Avenue Station,Sat,5:00 to 6:00 PM,460,354
2024,Langara-49th Avenue Station,MF,10:00 to 11:00 PM,261,73
2024,Langara-49th Avenue Station,MF,11:00 AM to 12:00 PM,297,434
2024,Langara-49th Avenue Station,MF,11:00 PM to 12:00 AM,145,30
2024,Langara-49th Avenue Station,MF,12:00 to 1:00 AM,81,12
2024,Langara-49th Avenue Station,MF,12:00 to 1:00 PM,412,565
2024,Langara-49th Avenue Station,MF,2:00 to 3:00 AM,1,1
2024,Langara-49th Avenue Station,MF,2:00 to 3:00 PM,471,614
2024,Langara-49th Avenue Station,MF,3:00 to 4:00 AM,0,0
2024,Langara-49th Avenue Station,MF,3:00 to 4:00 PM,555,632
2024,Langara-49th Avenue Station,MF,4:00 to 5:00 AM,1,6
2024,Langara-49th Avenue Station,MF,4:00 to 5:00 PM,709,782
2024,Langara-49th Avenue Station,MF,5:00 to 6:00 AM,12,69
2024,Langara-49th Avenue Station,MF,5:00 to 6:00 PM,785,542
2024,Langara-49th Avenue Station,MF,6:00 to 7:00 AM,108,325
2024,Langara-49th Avenue Station,MF,6:00 to 7:00 PM,604,437
2024,Langara-49th Avenue Station,MF,7:00 to 8:00 AM,311,590
2024,Langara-49th Avenue Station,MF,7:00 to 8:00 PM,395,230
2024,Langara-49th Avenue Station,MF,8:00 to 9:00 AM,560,746
2024,Langara-49th Avenue Station,MF,8:00 to 9:00 PM,331,184
2024,Langara-49th Avenue Station,MF,9:00 to 10:00 AM,377,531
2024,Langara-49th Avenue Station,MF,9:00 to 10:00 PM,339,146
2024,Langara-49th Avenue Station,Sat,1:00 to 2:00 AM,36,2
2024,Langara-49th Avenue Station,Sat,1:00 to 2:00 PM,275,441
2024,Langara-49th Avenue Station,Sat,10:00 to 11:00 AM,147,390
2024,Langara-49th Avenue Station,Sat,10:00 to 11:00 PM,298,85
2024,Langara-49th Avenue Station,Sat,11:00 AM to 12:00 PM,191,414
2024,Langara-49th Avenue Station,Sat,11:00 PM to 12:00 AM,209,44
2024,Langara-49th Avenue Station,Sat,12:00 to 1:00 AM,126,16
2024,Langara-49th Avenue Station,Sat,12:00 to 1:00 PM,247,449
2024,Langara-49th Avenue Station,Sat,2:00 to 3:00 AM,1,1
2024,Langara-49th Avenue Station,Sat,2:00 to 3:00 PM,330,438
2024,Langara-49th Avenue Station,Sat,3:00 to 4:00 AM,0,0
2024,Langara-49th Avenue Station,Sat,3:00 to 4:00 PM,401,430
2024,Langara-49th Avenue Station,Sat,4:00 to 5:00 AM,1,3
2024,Langara-49th Avenue Station,Sat,4:00 to 5:00 PM,442,410
2024,Langara-49th Avenue Station,Sat,5:00 to 6:00 AM,10,33
2024,Lansdowne Station,Sat,4:00 to 5:00 AM,0,4
2024,Lansdowne Station,Sat,4:00 to 5:00 PM,383,383
2024,Lansdowne Station,Sat,5:00 to 6:00 AM,7,19
2024,Lansdowne Station,Sat,5:00 to 6:00 PM,382,347
2024,Lansdowne Station,Sat,6:00 to 7:00 AM,29,49
2024,Lansdowne Station,Sat,6:00 to 7:00 PM,338,305
2024,Lansdowne Station,Sat,7:00 to 8:00 AM,85,78
2024,Lansdowne Station,Sat,7:00 to 8:00 PM,216,224
2024,Lansdowne Station,Sat,8:00 to 9:00 AM,127,131
2024,Lansdowne Station,Sat,8:00 to 9:00 PM,176,182
2024,Lansdowne Station,Sat,9:00 to 10:00 AM,195,187
2024,Lansdowne Station,Sat,9:00 to 10:00 PM,143,148
2024,Lansdowne Station,Sun/Hol,1:00 to 2:00 AM,9,1
2024,Lansdowne Station,Sun/Hol,1:00 to 2:00 PM,262,282
2024,Lansdowne Station,Sun/Hol,10:00 to 11:00 AM,190,197
2024,Lansdowne Station,Sun/Hol,10:00 to 11:00 PM,80,70
2024,Lansdowne Station,Sun/Hol,11:00 AM to 12:00 PM,220,231
2024,Lansdowne Station,Sun/Hol,11:00 PM to 12:00 AM,52,34
2024,Lansdowne Station,Sun/Hol,12:00 to 1:00 AM,26,16
2024,Lansdowne Station,Sun/Hol,12:00 to 1:00 PM,245,255
2024,Lansdowne Station,Sun/Hol,2:00 to 3:00 AM,1,1
2024,Lansdowne Station,Sun/Hol,2:00 to 3:00 PM,288,300
2024,Lansdowne Station,Sun/Hol,3:00 to 4:00 AM,0,0
2024,Lansdowne Station,Sun/Hol,3:00 to 4:00 PM,317,306
2024,Lansdowne Station,Sun/Hol,4:00 to 5:00 AM,0,4
2024,Lansdowne Station,Sun/Hol,4:00 to 5:00 PM,325,283
2024,Lansdowne Station,Sun/Hol,5:00 to 6:00 AM,7,17
2024,Lansdowne Station,Sun/Hol,5:00 to 6:00 PM,319,265
2024,Lansdowne Station,Sun/Hol,6:00 to 7:00 AM,19,44
2024,Lansdowne Station,Sun/Hol,6:00 to 7:00 PM,267,235
2024,Lansdowne Station,Sun/Hol,7:00 to 8:00 AM,44,63
2024,Lansdowne Station,Sun/Hol,7:00 to 8:00 PM,178,178
2024,Lansdowne Station,Sun/Hol,8:00 to 9:00 AM,66,81
2024,Lansdowne Station,Sun/Hol,8:00 to 9:00 PM,131,128
2024,Lansdowne Station,Sun/Hol,9:00 to 10:00 AM,125,139
2024,Lansdowne Station,Sun/Hol,9:00 to 10:00 PM,109,113
2024,Lansdowne Station,Sat,3:00 to 4:00 PM,363,388
2024,Lansdowne Station,Sat,3:00 to 4:00 AM,0,0
2024,Lansdowne Station,Sat,2:00 to 3:00 PM,323,379
2024,Lansdowne Station,Sat,2:00 to 3:00 AM,0,0
2024,Lansdowne Station,Sat,12:00 to 1:00 PM,301,308
2024,Lansdowne Station,Sat,12:00 to 1:00 AM,58,24
2024,Lansdowne Station,Sat,11:00 PM to 12:00 AM,101,47
2024,Lansdowne Station,Sat,11:00 AM to 12:00 PM,276,278
2024,Lansdowne Station,Sat,10:00 to 11:00 PM,130,99
2024,Lansdowne Station,Sat,10:00 to 11:00 AM,238,235
2024,Lansdowne Station,Sat,1:00 to 2:00 PM,305,363
2024,Lansdowne Station,Sat,1:00 to 2:00 AM,24,1
2024,Lansdowne Station,MF,9:00 to 10:00 PM,141,112
2024,Lansdowne Station,MF,9:00 to 10:00 AM,242,288
2024,Lansdowne Station,MF,8:00 to 9:00 PM,169,141
2024,Lansdowne Station,MF,8:00 to 9:00 AM,221,421
2024,Lansdowne Station,MF,7:00 to 8:00 PM,232,186
2024,Lansdowne Station,MF,7:00 to 8:00 AM,125,366
2024,Lansdowne Station,MF,6:00 to 7:00 PM,475,279
2024,Lansdowne Station,MF,6:00 to 7:00 AM,109,163
2024,Lansdowne Station,MF,5:00 to 6:00 PM,627,349
2024,Lansdowne Station,MF,5:00 to 6:00 AM,11,43
2024,Lansdowne Station,MF,4:00 to 5:00 PM,515,401
2024,Lansdowne Station,MF,4:00 to 5:00 AM,0,6
2024,Lansdowne Station,MF,3:00 to 4:00 PM,398,374
2024,Lansdowne Station,MF,3:00 to 4:00 AM,0,0
2024,Lansdowne Station,MF,2:00 to 3:00 PM,295,305
2024,Lansdowne Station,MF,2:00 to 3:00 AM,0,0
2024,Lansdowne Station,MF,12:00 to 1:00 PM,279,293
2024,Lansdowne Station,MF,12:00 to 1:00 AM,22,12
2024,Lansdowne Station,MF,1:00 to 2:00 AM,9,1
2024,Lansdowne Station,MF,1:00 to 2:00 PM,265,297
2024,Lansdowne Station,MF,10:00 to 11:00 AM,211,237
2024,Lansdowne Station,MF,10:00 to 11:00 PM,80,58
2024,Lansdowne Station,MF,11:00 AM to 12:00 PM,236,258
2024,Lansdowne Station,MF,11:00 PM to 12:00 AM,50,25
2024,Lincoln Station,MF,1:00 to 2:00 AM,11,1
2024,Lincoln Station,MF,1:00 to 2:00 PM,203,195
2024,Lincoln Station,MF,10:00 to 11:00 AM,155,171
2024,Lincoln Station,MF,10:00 to 11:00 PM,74,54
2024,Lincoln Station,MF,11:00 AM to 12:00 PM,168,184
2024,Lincoln Station,MF,11:00 PM to 12:00 AM,40,22
2024,Lincoln Station,MF,12:00 to 1:00 AM,22,8
2024,Lincoln Station,MF,12:00 to 1:00 PM,197,183
2024,Lincoln Station,MF,2:00 to 3:00 AM,0,0
2024,Lincoln Station,MF,2:00 to 3:00 PM,239,199
2024,Lincoln Station,MF,3:00 to 4:00 PM,328,253
2024,Lincoln Station,MF,4:00 to 5:00 AM,0,7
2024,Lincoln Station,MF,4:00 to 5:00 PM,391,274
2024,Lincoln Station,MF,5:00 to 6:00 AM,0,90
2024,Lincoln Station,MF,5:00 to 6:00 PM,426,290
2024,Lincoln Station,MF,6:00 to 7:00 AM,55,230
2024,Lincoln Station,MF,6:00 to 7:00 PM,338,211
2024,Lincoln Station,MF,7:00 to 8:00 AM,73,390
2024,Lincoln Station,MF,7:00 to 8:00 PM,176,176
2024,Lincoln Station,MF,8:00 to 9:00 AM,136,304
2024,Lincoln Station,MF,8:00 to 9:00 PM,114,120
2024,Lincoln Station,MF,9:00 to 10:00 AM,161,202
2024,Lincoln Station,MF,9:00 to 10:00 PM,93,96
2024,Lincoln Station,Sat,1:00 to 2:00 AM,23,1
2024,Lincoln Station,Sat,1:00 to 2:00 PM,216,231
2024,Lincoln Station,Sat,10:00 to 11:00 AM,182,159
2024,Lincoln Station,Sat,10:00 to 11:00 PM,83,69
2024,Lincoln Station,Sat,11:00 AM to 12:00 PM,213,187
2024,Lincoln Station,Sat,11:00 PM to 12:00 AM,60,34
2024,Lincoln Station,Sat,12:00 to 1:00 AM,43,11
2024,Lincoln Station,Sat,12:00 to 1:00 PM,210,211
2024,Lincoln Station,Sat,2:00 to 3:00 AM,0,0
2024,Lincoln Station,Sat,2:00 to 3:00 PM,224,248
2024,Lincoln Station,Sat,3:00 to 4:00 AM,0,0
2024,Lincoln Station,Sat,3:00 to 4:00 PM,228,267
2024,Lincoln Station,Sat,4:00 to 5:00 PM,238,279
2024,Lincoln Station,Sat,5:00 to 6:00 AM,0,10
2024,Lincoln Station,Sat,5:00 to 6:00 PM,214,278
2024,Lincoln Station,Sat,6:00 to 7:00 AM,1,49
2024,Lincoln Station,Sat,6:00 to 7:00 PM,176,229
2024,Lincoln Station,Sat,7:00 to 8:00 AM,46,89
2024,Lincoln Station,Sat,7:00 to 8:00 PM,135,216
2024,Lincoln Station,Sat,8:00 to 9:00 AM,88,106
2024,Lincoln Station,Sat,8:00 to 9:00 PM,99,122
2024,Lincoln Station,Sat,9:00 to 10:00 AM,169,124
2024,Lincoln Station,Sat,9:00 to 10:00 PM,88,84
2024,Lincoln Station,Sun/Hol,1:00 to 2:00 AM,1,0
2024,Lincoln Station,Sun/Hol,1:00 to 2:00 PM,187,192
2024,Lincoln Station,Sun/Hol,10:00 to 11:00 AM,171,135
2024,Lincoln Station,Sun/Hol,10:00 to 11:00 PM,49,60
2024,Lincoln Station,Sun/Hol,11:00 AM to 12:00 PM,171,153
2024,Lincoln Station,Sun/Hol,11:00 PM to 12:00 AM,30,23
2024,Lincoln Station,Sun/Hol,12:00 to 1:00 AM,19,2
2024,Lincoln Station,Sun/Hol,12:00 to 1:00 PM,174,174
2024,Lincoln Station,Sun/Hol,2:00 to 3:00 AM,0,0
2024,Lincoln Station,Sun/Hol,2:00 to 3:00 PM,192,203
2024,Lincoln Station,Sun/Hol,3:00 to 4:00 PM,193,211
2024,Lincoln Station,Sun/Hol,4:00 to 5:00 AM,0,0
2024,Lincoln Station,Sun/Hol,4:00 to 5:00 PM,193,212
2024,Lincoln Station,Sun/Hol,5:00 to 6:00 AM,0,1
2024,Lincoln Station,Sun/Hol,5:00 to 6:00 PM,174,207
2024,Lincoln Station,Sun/Hol,6:00 to 7:00 AM,1,25
2024,Lincoln Station,Sun/Hol,6:00 to 7:00 PM,139,234
2024,Lincoln Station,Sun/Hol,7:00 to 8:00 AM,3,60
2024,Lincoln Station,Sun/Hol,7:00 to 8:00 PM,109,118
2024,Lincoln Station,Sun/Hol,8:00 to 9:00 AM,69,72
2024,Lincoln Station,Sun/Hol,8:00 to 9:00 PM,82,90
2024,Lincoln Station,Sun/Hol,9:00 to 10:00 AM,94,101
2024,Lincoln Station,Sun/Hol,9:00 to 10:00 PM,66,68
2024,Lougheed Town Centre Station,Sun/Hol,6:00 to 7:00 PM,556,424
2024,Lougheed Town Centre Station,Sun/Hol,8:00 to 9:00 AM,169,269
2024,Lougheed Town Centre Station,Sun/Hol,8:00 to 9:00 PM,351,243
2024,Lougheed Town Centre Station,Sun/Hol,9:00 to 10:00 AM,222,374
2024,Lougheed Town Centre Station,Sun/Hol,9:00 to 10:00 PM,290,214
2024,Lougheed Town Centre Station,Sun/Hol,6:00 to 7:00 AM,4,19
2024,Lougheed Town Centre Station,Sun/Hol,5:00 to 6:00 PM,606,470
2024,Lougheed Town Centre Station,Sun/Hol,5:00 to 6:00 AM,1,3
2024,Lougheed Town Centre Station,Sun/Hol,4:00 to 5:00 PM,590,521
2024,Lougheed Town Centre Station,Sun/Hol,4:00 to 5:00 AM,0,0
2024,Lougheed Town Centre Station,Sun/Hol,3:00 to 4:00 PM,554,555
2024,Lougheed Town Centre Station,Sun/Hol,3:00 to 4:00 AM,0,0
2024,Lougheed Town Centre Station,Sun/Hol,2:00 to 3:00 PM,514,568
2024,Lougheed Town Centre Station,Sun/Hol,2:00 to 3:00 AM,0,0
2024,Lougheed Town Centre Station,Sun/Hol,12:00 to 1:00 PM,402,523
2024,Lougheed Town Centre Station,Sun/Hol,12:00 to 1:00 AM,103,24
2024,Lougheed Town Centre Station,Sun/Hol,11:00 PM to 12:00 AM,159,84
2024,Lougheed Town Centre Station,Sun/Hol,11:00 AM to 12:00 PM,345,503
2024,Lougheed Town Centre Station,Sun/Hol,10:00 to 11:00 PM,236,162
2024,Lougheed Town Centre Station,Sun/Hol,10:00 to 11:00 AM,330,491
2024,Lougheed Town Centre Station,Sun/Hol,1:00 to 2:00 PM,478,556
2024,Lougheed Town Centre Station,Sun/Hol,1:00 to 2:00 AM,3,1
2024,Lougheed Town Centre Station,Sat,9:00 to 10:00 PM,393,259
2024,Lougheed Town Centre Station,Sat,9:00 to 10:00 AM,319,491
2024,Lougheed Town Centre Station,Sat,8:00 to 9:00 PM,431,293
2024,Lougheed Town Centre Station,Sat,8:00 to 9:00 AM,269,462
2024,Lougheed Town Centre Station,Sat,7:00 to 8:00 PM,546,414
2024,Lougheed Town Centre Station,Sat,7:00 to 8:00 AM,162,324
2024,Lougheed Town Centre Station,Sat,6:00 to 7:00 PM,684,548
2024,Lougheed Town Centre Station,Sat,6:00 to 7:00 AM,56,201
2024,Lougheed Town Centre Station,Sat,5:00 to 6:00 PM,768,626
2024,Lougheed Town Centre Station,Sat,5:00 to 6:00 AM,0,3
2024,Lougheed Town Centre Station,Sat,4:00 to 5:00 PM,750,696
2024,Lougheed Town Centre Station,Sat,4:00 to 5:00 AM,0,0
2024,Lougheed Town Centre Station,Sat,3:00 to 4:00 PM,684,717
2024,Lougheed Town Centre Station,Sat,3:00 to 4:00 AM,0,0
2024,Lougheed Town Centre Station,Sat,2:00 to 3:00 PM,611,691
2024,Lougheed Town Centre Station,Sat,2:00 to 3:00 AM,1,1
2024,Lougheed Town Centre Station,Sat,12:00 to 1:00 PM,490,643
2024,Lougheed Town Centre Station,Sat,12:00 to 1:00 AM,181,62
2024,Lougheed Town Centre Station,Sat,11:00 PM to 12:00 AM,248,125
2024,Lougheed Town Centre Station,Sat,11:00 AM to 12:00 PM,428,620
2024,Lougheed Town Centre Station,Sat,10:00 to 11:00 PM,379,221
2024,Lougheed Town Centre Station,Sat,10:00 to 11:00 AM,369,536
2024,Lougheed Town Centre Station,Sat,1:00 to 2:00 PM,554,685
2024,Lougheed Town Centre Station,Sat,1:00 to 2:00 AM,104,18
2024,Lougheed Town Centre Station,MF,9:00 to 10:00 PM,424,220
2024,Lougheed Town Centre Station,MF,9:00 to 10:00 AM,311,805
2024,Lougheed Town Centre Station,MF,8:00 to 9:00 PM,516,258
2024,Lougheed Town Centre Station,MF,8:00 to 9:00 AM,351,1244
2024,Lougheed Town Centre Station,MF,7:00 to 8:00 PM,671,371
2024,Lougheed Town Centre Station,MF,7:00 to 8:00 AM,305,1429
2024,Lougheed Town Centre Station,MF,6:00 to 7:00 PM,1202,547
2024,Lougheed Town Centre Station,MF,6:00 to 7:00 AM,342,940
2024,Lougheed Town Centre Station,MF,5:00 to 6:00 PM,1637,736
2024,Lougheed Town Centre Station,MF,5:00 to 6:00 AM,66,391
2024,Lougheed Town Centre Station,MF,4:00 to 5:00 PM,1435,738
2024,Lougheed Town Centre Station,MF,4:00 to 5:00 AM,0,4
2024,Lougheed Town Centre Station,MF,3:00 to 4:00 PM,1144,743
2024,Lougheed Town Centre Station,MF,3:00 to 4:00 AM,0,0
2024,Lougheed Town Centre Station,MF,2:00 to 3:00 PM,697,574
2024,Lougheed Town Centre Station,MF,2:00 to 3:00 AM,1,1
2024,Lougheed Town Centre Station,MF,12:00 to 1:00 PM,492,572
2024,Lougheed Town Centre Station,MF,12:00 to 1:00 AM,95,39
2024,Lougheed Town Centre Station,MF,11:00 PM to 12:00 AM,180,86
2024,Lougheed Town Centre Station,MF,11:00 AM to 12:00 PM,384,603
2024,Lougheed Town Centre Station,MF,10:00 to 11:00 PM,331,176
2024,Lougheed Town Centre Station,MF,10:00 to 11:00 AM,330,575
2024,Lougheed Town Centre Station,MF,1:00 to 2:00 PM,533,581
2024,Lougheed Town Centre Station,MF,1:00 to 2:00 AM,44,11
2024,Lougheed Town Centre Station,Sun/Hol,7:00 to 8:00 PM,462,280
2024,Lougheed Town Centre Station,Sun/Hol,7:00 to 8:00 AM,93,243
2024,Main Street-Science World Station,MF,1:00 to 2:00 AM,12,25
2024,Main Street-Science World Station,Sun/Hol,9:00 to 10:00 PM,181,274
2024,Main Street-Science World Station,Sun/Hol,9:00 to 10:00 AM,402,212
2024,Main Street-Science World Station,Sun/Hol,8:00 to 9:00 PM,222,326
2024,Main Street-Science World Station,Sun/Hol,8:00 to 9:00 AM,298,197
2024,Main Street-Science World Station,Sun/Hol,7:00 to 8:00 PM,306,376
2024,Main Street-Science World Station,Sun/Hol,7:00 to 8:00 AM,180,97
2024,Main Street-Science World Station,Sun/Hol,6:00 to 7:00 PM,374,492
2024,Main Street-Science World Station,Sun/Hol,6:00 to 7:00 AM,7,4
2024,Main Street-Science World Station,Sun/Hol,5:00 to 6:00 PM,435,699
2024,Main Street-Science World Station,Sun/Hol,5:00 to 6:00 AM,1,1
2024,Main Street-Science World Station,Sun/Hol,4:00 to 5:00 PM,512,719
2024,Main Street-Science World Station,Sun/Hol,4:00 to 5:00 AM,0,0
2024,Main Street-Science World Station,Sun/Hol,3:00 to 4:00 PM,617,707
2024,Main Street-Science World Station,Sun/Hol,3:00 to 4:00 AM,0,0
2024,Main Street-Science World Station,Sun/Hol,2:00 to 3:00 PM,628,645
2024,Main Street-Science World Station,Sun/Hol,2:00 to 3:00 AM,0,0
2024,Main Street-Science World Station,Sun/Hol,12:00 to 1:00 PM,578,478
2024,Main Street-Science World Station,Sun/Hol,12:00 to 1:00 AM,30,60
2024,Main Street-Science World Station,Sun/Hol,11:00 PM to 12:00 AM,117,199
2024,Main Street-Science World Station,Sun/Hol,11:00 AM to 12:00 PM,555,392
2024,Main Street-Science World Station,Sun/Hol,10:00 to 11:00 PM,161,250
2024,Main Street-Science World Station,Sun/Hol,10:00 to 11:00 AM,500,290
2024,Main Street-Science World Station,Sun/Hol,1:00 to 2:00 PM,612,603
2024,Main Street-Science World Station,Sun/Hol,1:00 to 2:00 AM,1,1
2024,Main Street-Science World Station,Sat,9:00 to 10:00 PM,386,383
2024,Main Street-Science World Station,Sat,9:00 to 10:00 AM,589,264
2024,Main Street-Science World Station,Sat,8:00 to 9:00 PM,385,392
2024,Main Street-Science World Station,Sat,8:00 to 9:00 AM,431,205
2024,Main Street-Science World Station,Sat,7:00 to 8:00 PM,442,483
2024,Main Street-Science World Station,Sat,7:00 to 8:00 AM,405,165
2024,Main Street-Science World Station,Sat,6:00 to 7:00 PM,538,679
2024,Main Street-Science World Station,Sat,6:00 to 7:00 AM,150,61
2024,Main Street-Science World Station,Sat,5:00 to 6:00 PM,605,860
2024,Main Street-Science World Station,Sat,5:00 to 6:00 AM,0,0
2024,Main Street-Science World Station,Sat,4:00 to 5:00 PM,658,929
2024,Main Street-Science World Station,Sat,4:00 to 5:00 AM,0,0
2024,Main Street-Science World Station,Sat,3:00 to 4:00 PM,738,907
2024,Main Street-Science World Station,Sat,3:00 to 4:00 AM,0,0
2024,Main Street-Science World Station,Sat,2:00 to 3:00 PM,729,812
2024,Main Street-Science World Station,Sat,2:00 to 3:00 AM,0,0
2024,Main Street-Science World Station,Sat,12:00 to 1:00 PM,658,565
2024,Main Street-Science World Station,Sat,12:00 to 1:00 AM,111,239
2024,Main Street-Science World Station,Sat,11:00 PM to 12:00 AM,199,360
2024,Main Street-Science World Station,Sat,11:00 AM to 12:00 PM,664,458
2024,Main Street-Science World Station,Sat,10:00 to 11:00 PM,268,480
2024,Main Street-Science World Station,Sat,10:00 to 11:00 AM,582,348
2024,Main Street-Science World Station,Sat,1:00 to 2:00 PM,718,703
2024,Main Street-Science World Station,Sat,1:00 to 2:00 AM,25,57
2024,Main Street-Science World Station,MF,9:00 to 10:00 PM,247,381
2024,Main Street-Science World Station,MF,9:00 to 10:00 AM,923,370
2024,Main Street-Science World Station,MF,8:00 to 9:00 PM,291,449
2024,Main Street-Science World Station,MF,8:00 to 9:00 AM,1087,628
2024,Main Street-Science World Station,MF,7:00 to 8:00 PM,395,540
2024,Main Street-Science World Station,MF,7:00 to 8:00 AM,1053,451
2024,Main Street-Science World Station,MF,6:00 to 7:00 PM,635,897
2024,Main Street-Science World Station,MF,6:00 to 7:00 AM,896,257
2024,Main Street-Science World Station,MF,5:00 to 6:00 PM,878,1464
2024,Main Street-Science World Station,MF,5:00 to 6:00 AM,127,108
2024,Main Street-Science World Station,MF,4:00 to 5:00 PM,826,1419
2024,Main Street-Science World Station,MF,4:00 to 5:00 AM,0,0
2024,Main Street-Science World Station,MF,3:00 to 4:00 PM,724,1308
2024,Main Street-Science World Station,MF,3:00 to 4:00 AM,0,0
2024,Main Street-Science World Station,MF,2:00 to 3:00 PM,566,746
2024,Main Street-Science World Station,MF,2:00 to 3:00 AM,0,0
2024,Main Street-Science World Station,MF,12:00 to 1:00 PM,566,547
2024,Main Street-Science World Station,MF,12:00 to 1:00 AM,67,118
2024,Main Street-Science World Station,MF,11:00 PM to 12:00 AM,138,237
2024,Main Street-Science World Station,MF,11:00 AM to 12:00 PM,568,418
2024,Main Street-Science World Station,MF,10:00 to 11:00 PM,199,313
2024,Main Street-Science World Station,MF,10:00 to 11:00 AM,538,339
2024,Main Street-Science World Station,MF,1:00 to 2:00 PM,569,574
2024,Marine Drive Station,MF,11:00 AM to 12:00 PM,317,516
2024,Marine Drive Station,MF,11:00 PM to 12:00 AM,221,83
2024,Marine Drive Station,MF,12:00 to 1:00 AM,134,35
2024,Marine Drive Station,MF,12:00 to 1:00 PM,415,539
2024,Marine Drive Station,MF,2:00 to 3:00 AM,1,1
2024,Marine Drive Station,MF,2:00 to 3:00 PM,580,597
2024,Marine Drive Station,MF,3:00 to 4:00 AM,0,0
2024,Marine Drive Station,MF,3:00 to 4:00 PM,825,830
2024,Marine Drive Station,MF,4:00 to 5:00 AM,1,20
2024,Marine Drive Station,MF,4:00 to 5:00 PM,1055,867
2024,Marine Drive Station,MF,5:00 to 6:00 AM,89,211
2024,Marine Drive Station,MF,5:00 to 6:00 PM,1187,833
2024,Marine Drive Station,MF,6:00 to 7:00 AM,358,489
2024,Marine Drive Station,MF,6:00 to 7:00 PM,961,576
2024,Marine Drive Station,MF,7:00 to 8:00 AM,454,818
2024,Marine Drive Station,MF,7:00 to 8:00 PM,611,341
2024,Marine Drive Station,MF,8:00 to 9:00 AM,443,1021
2024,Marine Drive Station,MF,8:00 to 9:00 PM,505,267
2024,Marine Drive Station,MF,9:00 to 10:00 AM,334,651
2024,Marine Drive Station,MF,9:00 to 10:00 PM,483,254
2024,Marine Drive Station,Sat,1:00 to 2:00 AM,63,9
2024,Marine Drive Station,Sat,1:00 to 2:00 PM,491,669
2024,Marine Drive Station,Sat,10:00 to 11:00 AM,260,530
2024,Marine Drive Station,Sat,10:00 to 11:00 PM,399,164
2024,Marine Drive Station,Sat,11:00 AM to 12:00 PM,330,583
2024,Marine Drive Station,Sat,11:00 PM to 12:00 AM,285,98
2024,Marine Drive Station,Sat,12:00 to 1:00 AM,185,47
2024,Marine Drive Station,Sat,12:00 to 1:00 PM,415,621
2024,Marine Drive Station,Sat,2:00 to 3:00 AM,1,0
2024,Marine Drive Station,Sat,2:00 to 3:00 PM,589,688
2024,Marine Drive Station,Sat,3:00 to 4:00 AM,0,0
2024,Marine Drive Station,Sat,3:00 to 4:00 PM,699,670
2024,Marine Drive Station,Sat,4:00 to 5:00 AM,1,14
2024,Marine Drive Station,Sat,4:00 to 5:00 PM,737,639
2024,Marine Drive Station,Sat,5:00 to 6:00 AM,49,131
2024,Marine Drive Station,Sat,5:00 to 6:00 PM,714,546
2024,Marine Drive Station,Sun/Hol,8:00 to 9:00 AM,128,280
2024,Marine Drive Station,Sun/Hol,7:00 to 8:00 PM,515,289
2024,Marine Drive Station,Sun/Hol,7:00 to 8:00 AM,122,259
2024,Marine Drive Station,Sun/Hol,6:00 to 7:00 PM,631,399
2024,Marine Drive Station,Sun/Hol,6:00 to 7:00 AM,82,204
2024,Marine Drive Station,Sun/Hol,5:00 to 6:00 PM,642,457
2024,Marine Drive Station,Sun/Hol,5:00 to 6:00 AM,46,110
2024,Marine Drive Station,Sun/Hol,4:00 to 5:00 PM,640,535
2024,Marine Drive Station,Sun/Hol,4:00 to 5:00 AM,1,11
2024,Marine Drive Station,Sun/Hol,3:00 to 4:00 PM,633,588
2024,Marine Drive Station,Sun/Hol,3:00 to 4:00 AM,0,0
2024,Marine Drive Station,Sun/Hol,2:00 to 3:00 PM,529,598
2024,Marine Drive Station,Sun/Hol,2:00 to 3:00 AM,1,1
2024,Marine Drive Station,Sun/Hol,12:00 to 1:00 PM,374,563
2024,Marine Drive Station,Sun/Hol,12:00 to 1:00 AM,116,30
2024,Marine Drive Station,Sun/Hol,11:00 PM to 12:00 AM,200,67
2024,Marine Drive Station,Sun/Hol,11:00 AM to 12:00 PM,317,525
2024,Marine Drive Station,Sun/Hol,10:00 to 11:00 PM,320,130
2024,Marine Drive Station,Sun/Hol,10:00 to 11:00 AM,230,502
2024,Marine Drive Station,Sun/Hol,1:00 to 2:00 PM,445,600
2024,Marine Drive Station,Sun/Hol,1:00 to 2:00 AM,27,5
2024,Marine Drive Station,Sat,9:00 to 10:00 PM,452,269
2024,Marine Drive Station,Sat,9:00 to 10:00 AM,230,514
2024,Marine Drive Station,Sat,8:00 to 9:00 PM,477,279
2024,Marine Drive Station,Sat,8:00 to 9:00 AM,191,384
2024,Marine Drive Station,Sat,7:00 to 8:00 PM,534,352
2024,Marine Drive Station,Sat,7:00 to 8:00 AM,152,317
2024,Marine Drive Station,Sun/Hol,9:00 to 10:00 PM,378,215
2024,Marine Drive Station,Sun/Hol,9:00 to 10:00 AM,185,388
2024,Marine Drive Station,Sun/Hol,8:00 to 9:00 PM,418,223
2024,Marine Drive Station,MF,1:00 to 2:00 AM,36,6
2024,Marine Drive Station,MF,1:00 to 2:00 PM,458,537
2024,Marine Drive Station,MF,10:00 to 11:00 AM,281,513
2024,Marine Drive Station,Sat,6:00 to 7:00 PM,689,507
2024,Marine Drive Station,MF,10:00 to 11:00 PM,357,151
2024,Marine Drive Station,Sat,6:00 to 7:00 AM,93,215
2024,Metrotown Station,MF,1:00 to 2:00 AM,44,16
2024,Metrotown Station,MF,1:00 to 2:00 PM,1707,1384
2024,Metrotown Station,MF,10:00 to 11:00 AM,1356,851
2024,Metrotown Station,MF,10:00 to 11:00 PM,458,468
2024,Metrotown Station,MF,11:00 AM to 12:00 PM,1457,1046
2024,Metrotown Station,MF,11:00 PM to 12:00 AM,279,211
2024,Metrotown Station,MF,12:00 to 1:00 AM,134,94
2024,Metrotown Station,MF,12:00 to 1:00 PM,1657,1261
2024,Metrotown Station,MF,2:00 to 3:00 AM,0,0
2024,Metrotown Station,MF,2:00 to 3:00 PM,1797,1657
2024,Metrotown Station,MF,3:00 to 4:00 AM,0,0
2024,Metrotown Station,MF,3:00 to 4:00 PM,2382,2142
2024,Metrotown Station,MF,4:00 to 5:00 AM,0,0
2024,Metrotown Station,MF,4:00 to 5:00 PM,2647,2568
2024,Metrotown Station,MF,5:00 to 6:00 AM,212,247
2024,Metrotown Station,MF,5:00 to 6:00 PM,2809,2565
2024,Metrotown Station,MF,6:00 to 7:00 AM,852,797
2024,Metrotown Station,MF,6:00 to 7:00 PM,2050,2110
2024,Metrotown Station,MF,7:00 to 8:00 AM,1397,1137
2024,Metrotown Station,MF,7:00 to 8:00 PM,1243,1523
2024,Metrotown Station,MF,8:00 to 9:00 AM,1805,1417
2024,Metrotown Station,MF,8:00 to 9:00 PM,791,1378
2024,Metrotown Station,MF,9:00 to 10:00 AM,1541,938
2024,Metrotown Station,MF,9:00 to 10:00 PM,598,1223
2024,Metrotown Station,Sat,1:00 to 2:00 AM,82,23
2024,Metrotown Station,Sat,1:00 to 2:00 PM,2088,1532
2024,Metrotown Station,Sat,10:00 to 11:00 AM,1295,840
2024,Metrotown Station,Sat,10:00 to 11:00 PM,520,538
2024,Metrotown Station,Sat,11:00 AM to 12:00 PM,1580,1071
2024,Metrotown Station,Sat,11:00 PM to 12:00 AM,370,266
2024,Metrotown Station,Sat,12:00 to 1:00 AM,213,130
2024,Metrotown Station,Sat,12:00 to 1:00 PM,1884,1336
2024,Metrotown Station,Sat,2:00 to 3:00 AM,0,0
2024,Metrotown Station,Sat,2:00 to 3:00 PM,2171,1785
2024,Metrotown Station,Sat,3:00 to 4:00 AM,0,0
2024,Metrotown Station,Sat,3:00 to 4:00 PM,2221,2031
2024,Metrotown Station,Sat,4:00 to 5:00 AM,0,0
2024,Metrotown Station,Sat,4:00 to 5:00 PM,2146,2183
2024,Metrotown Station,Sat,5:00 to 6:00 AM,0,0
2024,Metrotown Station,Sat,5:00 to 6:00 PM,1965,2122
2024,Metrotown Station,Sat,6:00 to 7:00 AM,145,155
2024,Metrotown Station,Sat,6:00 to 7:00 PM,1644,1949
2024,Metrotown Station,Sat,7:00 to 8:00 AM,486,414
2024,Metrotown Station,Sat,7:00 to 8:00 PM,1179,1591
2024,Metrotown Station,Sat,8:00 to 9:00 AM,845,526
2024,Metrotown Station,Sat,8:00 to 9:00 PM,758,1371
2024,Metrotown Station,Sat,9:00 to 10:00 AM,1042,646
2024,Metrotown Station,Sat,9:00 to 10:00 PM,568,1261
2024,Metrotown Station,Sun/Hol,1:00 to 2:00 AM,2,1
2024,Metrotown Station,Sun/Hol,1:00 to 2:00 PM,1853,1321
2024,Metrotown Station,Sun/Hol,10:00 to 11:00 AM,1186,726
2024,Metrotown Station,Sun/Hol,10:00 to 11:00 PM,372,360
2024,Metrotown Station,Sun/Hol,11:00 AM to 12:00 PM,1442,871
2024,Metrotown Station,Sun/Hol,11:00 PM to 12:00 AM,239,238
2024,Metrotown Station,Sun/Hol,12:00 to 1:00 AM,80,52
2024,Metrotown Station,Sun/Hol,12:00 to 1:00 PM,1668,1107
2024,Metrotown Station,Sun/Hol,2:00 to 3:00 AM,0,0
2024,Metrotown Station,Sun/Hol,2:00 to 3:00 PM,1997,1551
2024,Metrotown Station,Sun/Hol,3:00 to 4:00 AM,0,0
2024,Metrotown Station,Sun/Hol,3:00 to 4:00 PM,1926,1735
2024,Metrotown Station,Sun/Hol,4:00 to 5:00 AM,0,0
2024,Metrotown Station,Sun/Hol,4:00 to 5:00 PM,1874,1845
2024,Metrotown Station,Sun/Hol,5:00 to 6:00 AM,2,3
2024,Metrotown Station,Sun/Hol,5:00 to 6:00 PM,1628,1793
2024,Metrotown Station,Sun/Hol,6:00 to 7:00 AM,11,10
2024,Metrotown Station,Sun/Hol,6:00 to 7:00 PM,1278,1793
2024,Metrotown Station,Sun/Hol,7:00 to 8:00 AM,225,217
2024,Metrotown Station,Sun/Hol,7:00 to 8:00 PM,841,1759
2024,Metrotown Station,Sun/Hol,8:00 to 9:00 AM,481,393
2024,Metrotown Station,Sun/Hol,8:00 to 9:00 PM,600,820
2024,Metrotown Station,Sun/Hol,9:00 to 10:00 AM,724,546
2024,Metrotown Station,Sun/Hol,9:00 to 10:00 PM,461,542
2024,Moody Centre Station,Sun/Hol,9:00 to 10:00 PM,38,61
2024,Moody Centre Station,Sun/Hol,9:00 to 10:00 AM,64,51
2024,Moody Centre Station,Sun/Hol,8:00 to 9:00 PM,58,72
2024,Moody Centre Station,Sun/Hol,6:00 to 7:00 AM,1,9
2024,Moody Centre Station,Sun/Hol,5:00 to 6:00 PM,109,124
2024,Moody Centre Station,Sun/Hol,5:00 to 6:00 AM,0,0
2024,Moody Centre Station,Sun/Hol,4:00 to 5:00 PM,128,131
2024,Moody Centre Station,Sun/Hol,4:00 to 5:00 AM,0,0
2024,Moody Centre Station,Sun/Hol,3:00 to 4:00 PM,129,122
2024,Moody Centre Station,Sun/Hol,3:00 to 4:00 AM,0,0
2024,Moody Centre Station,Sun/Hol,2:00 to 3:00 PM,122,110
2024,Moody Centre Station,Sun/Hol,2:00 to 3:00 AM,0,0
2024,Moody Centre Station,Sun/Hol,12:00 to 1:00 PM,102,94
2024,Moody Centre Station,Sun/Hol,12:00 to 1:00 AM,14,5
2024,Moody Centre Station,Sun/Hol,11:00 PM to 12:00 AM,25,18
2024,Moody Centre Station,Sun/Hol,11:00 AM to 12:00 PM,87,89
2024,Moody Centre Station,Sun/Hol,10:00 to 11:00 PM,36,39
2024,Moody Centre Station,Sun/Hol,10:00 to 11:00 AM,75,70
2024,Moody Centre Station,Sun/Hol,1:00 to 2:00 PM,120,105
2024,Moody Centre Station,Sun/Hol,1:00 to 2:00 AM,0,0
2024,Moody Centre Station,Sat,9:00 to 10:00 PM,63,75
2024,Moody Centre Station,Sat,9:00 to 10:00 AM,74,73
2024,Moody Centre Station,Sat,8:00 to 9:00 PM,79,87
2024,Moody Centre Station,Sat,8:00 to 9:00 AM,75,56
2024,Moody Centre Station,Sat,7:00 to 8:00 PM,112,108
2024,Moody Centre Station,Sat,7:00 to 8:00 AM,40,36
2024,Moody Centre Station,Sat,6:00 to 7:00 PM,128,140
2024,Moody Centre Station,Sat,6:00 to 7:00 AM,7,17
2024,Moody Centre Station,Sat,5:00 to 6:00 PM,150,178
2024,Moody Centre Station,Sat,5:00 to 6:00 AM,0,0
2024,Moody Centre Station,Sat,4:00 to 5:00 PM,163,175
2024,Moody Centre Station,Sat,4:00 to 5:00 AM,0,0
2024,Moody Centre Station,Sat,3:00 to 4:00 PM,152,162
2024,Moody Centre Station,Sat,3:00 to 4:00 AM,0,0
2024,Moody Centre Station,Sat,2:00 to 3:00 PM,150,140
2024,Moody Centre Station,Sat,2:00 to 3:00 AM,0,0
2024,Moody Centre Station,Sat,12:00 to 1:00 PM,118,112
2024,Moody Centre Station,Sat,12:00 to 1:00 AM,37,25
2024,Moody Centre Station,Sat,11:00 PM to 12:00 AM,52,54
2024,Moody Centre Station,Sat,11:00 AM to 12:00 PM,98,100
2024,Moody Centre Station,Sat,10:00 to 11:00 PM,81,67
2024,Moody Centre Station,Sat,10:00 to 11:00 AM,85,88
2024,Moody Centre Station,Sat,1:00 to 2:00 PM,140,128
2024,Moody Centre Station,Sat,1:00 to 2:00 AM,19,5
2024,Moody Centre Station,MF,9:00 to 10:00 PM,65,54
2024,Moody Centre Station,MF,9:00 to 10:00 AM,81,111
2024,Moody Centre Station,MF,8:00 to 9:00 PM,75,69
2024,Moody Centre Station,MF,8:00 to 9:00 AM,181,195
2024,Moody Centre Station,MF,7:00 to 8:00 PM,110,79
2024,Moody Centre Station,MF,7:00 to 8:00 AM,168,213
2024,Moody Centre Station,MF,6:00 to 7:00 PM,174,142
2024,Moody Centre Station,MF,6:00 to 7:00 AM,97,162
2024,Moody Centre Station,MF,5:00 to 6:00 PM,258,293
2024,Moody Centre Station,MF,5:00 to 6:00 AM,7,38
2024,Moody Centre Station,MF,4:00 to 5:00 PM,251,262
2024,Moody Centre Station,MF,4:00 to 5:00 AM,0,0
2024,Moody Centre Station,MF,3:00 to 4:00 PM,186,237
2024,Moody Centre Station,MF,3:00 to 4:00 AM,0,0
2024,Moody Centre Station,MF,2:00 to 3:00 PM,118,149
2024,Moody Centre Station,MF,2:00 to 3:00 AM,0,0
2024,Moody Centre Station,MF,12:00 to 1:00 PM,87,91
2024,Moody Centre Station,MF,12:00 to 1:00 AM,18,10
2024,Moody Centre Station,MF,11:00 PM to 12:00 AM,34,24
2024,Moody Centre Station,MF,11:00 AM to 12:00 PM,75,94
2024,Moody Centre Station,MF,10:00 to 11:00 PM,55,41
2024,Moody Centre Station,MF,10:00 to 11:00 AM,72,83
2024,Moody Centre Station,MF,1:00 to 2:00 PM,94,100
2024,Moody Centre Station,MF,1:00 to 2:00 AM,8,2
2024,Moody Centre Station,Sun/Hol,6:00 to 7:00 PM,98,102
2024,Moody Centre Station,Sun/Hol,7:00 to 8:00 AM,11,25
2024,Moody Centre Station,Sun/Hol,7:00 to 8:00 PM,76,80
2024,Moody Centre Station,Sun/Hol,8:00 to 9:00 AM,42,36
2024,Nanaimo Station,MF,1:00 to 2:00 AM,22,5
2024,Nanaimo Station,MF,1:00 to 2:00 PM,281,325
2024,Nanaimo Station,MF,10:00 to 11:00 AM,180,336
2024,Nanaimo Station,MF,10:00 to 11:00 PM,269,96
2024,Nanaimo Station,MF,11:00 AM to 12:00 PM,193,322
2024,Nanaimo Station,MF,11:00 PM to 12:00 AM,179,76
2024,Nanaimo Station,MF,12:00 to 1:00 AM,85,35
2024,Nanaimo Station,MF,12:00 to 1:00 PM,233,312
2024,Nanaimo Station,MF,2:00 to 3:00 AM,0,0
2024,Nanaimo Station,MF,2:00 to 3:00 PM,361,363
2024,Nanaimo Station,MF,3:00 to 4:00 AM,0,0
2024,Nanaimo Station,MF,3:00 to 4:00 PM,524,487
2024,Nanaimo Station,MF,4:00 to 5:00 AM,0,0
2024,Nanaimo Station,Sun/Hol,9:00 to 10:00 PM,246,116
2024,Nanaimo Station,Sun/Hol,9:00 to 10:00 AM,136,286
2024,Nanaimo Station,Sun/Hol,8:00 to 9:00 PM,272,134
2024,Nanaimo Station,Sun/Hol,8:00 to 9:00 AM,108,223
2024,Nanaimo Station,Sun/Hol,7:00 to 8:00 PM,354,169
2024,Nanaimo Station,Sun/Hol,7:00 to 8:00 AM,71,128
2024,Nanaimo Station,Sun/Hol,6:00 to 7:00 PM,380,236
2024,Nanaimo Station,Sun/Hol,6:00 to 7:00 AM,2,4
2024,Nanaimo Station,Sun/Hol,5:00 to 6:00 PM,397,283
2024,Nanaimo Station,Sun/Hol,5:00 to 6:00 AM,0,1
2024,Nanaimo Station,Sun/Hol,4:00 to 5:00 PM,391,343
2024,Nanaimo Station,Sun/Hol,4:00 to 5:00 AM,0,0
2024,Nanaimo Station,Sun/Hol,3:00 to 4:00 PM,353,366
2024,Nanaimo Station,Sun/Hol,3:00 to 4:00 AM,0,0
2024,Nanaimo Station,Sun/Hol,2:00 to 3:00 PM,315,378
2024,Nanaimo Station,Sun/Hol,2:00 to 3:00 AM,0,0
2024,Nanaimo Station,Sun/Hol,12:00 to 1:00 PM,221,370
2024,Nanaimo Station,Sun/Hol,12:00 to 1:00 AM,49,18
2024,Nanaimo Station,Sun/Hol,11:00 PM to 12:00 AM,160,69
2024,Nanaimo Station,Sun/Hol,11:00 AM to 12:00 PM,178,347
2024,Nanaimo Station,Sun/Hol,10:00 to 11:00 PM,210,83
2024,Nanaimo Station,MF,4:00 to 5:00 PM,704,527
2024,Nanaimo Station,MF,5:00 to 6:00 AM,36,124
2024,Nanaimo Station,Sun/Hol,10:00 to 11:00 AM,158,366
2024,Nanaimo Station,Sun/Hol,1:00 to 2:00 PM,264,371
2024,Nanaimo Station,Sun/Hol,1:00 to 2:00 AM,1,1
2024,Nanaimo Station,Sat,9:00 to 10:00 PM,326,158
2024,Nanaimo Station,MF,5:00 to 6:00 PM,789,487
2024,Nanaimo Station,MF,6:00 to 7:00 AM,226,381
2024,Nanaimo Station,MF,6:00 to 7:00 PM,593,368
2024,Nanaimo Station,MF,7:00 to 8:00 AM,315,594
2024,Nanaimo Station,MF,7:00 to 8:00 PM,406,234
2024,Nanaimo Station,MF,8:00 to 9:00 AM,338,790
2024,Nanaimo Station,MF,8:00 to 9:00 PM,351,167
2024,Nanaimo Station,MF,9:00 to 10:00 AM,225,491
2024,Nanaimo Station,MF,9:00 to 10:00 PM,336,131
2024,Nanaimo Station,Sat,1:00 to 2:00 AM,47,8
2024,Nanaimo Station,Sat,9:00 to 10:00 AM,179,366
2024,Nanaimo Station,Sat,8:00 to 9:00 PM,316,180
2024,Nanaimo Station,Sat,1:00 to 2:00 PM,297,413
2024,Nanaimo Station,Sat,10:00 to 11:00 AM,178,376
2024,Nanaimo Station,Sat,8:00 to 9:00 AM,155,303
2024,Nanaimo Station,Sat,7:00 to 8:00 PM,370,246
2024,Nanaimo Station,Sat,10:00 to 11:00 PM,300,113
2024,Nanaimo Station,Sat,7:00 to 8:00 AM,120,227
2024,Nanaimo Station,Sat,6:00 to 7:00 PM,419,337
2024,Nanaimo Station,Sat,6:00 to 7:00 AM,56,85
2024,Nanaimo Station,Sat,11:00 AM to 12:00 PM,209,378
2024,Nanaimo Station,Sat,11:00 PM to 12:00 AM,241,106
2024,Nanaimo Station,Sat,5:00 to 6:00 PM,458,384
2024,Nanaimo Station,Sat,4:00 to 5:00 PM,450,455
2024,Nanaimo Station,Sat,4:00 to 5:00 AM,0,0
2024,Nanaimo Station,Sat,3:00 to 4:00 PM,421,444
2024,Nanaimo Station,Sat,3:00 to 4:00 AM,0,0
2024,Nanaimo Station,Sat,12:00 to 1:00 AM,148,48
2024,Nanaimo Station,Sat,12:00 to 1:00 PM,256,392
2024,Nanaimo Station,Sat,2:00 to 3:00 AM,0,0
2024,Nanaimo Station,Sat,2:00 to 3:00 PM,365,422
2024,New Westminster Station,Sun/Hol,9:00 to 10:00 PM,341,322
2024,New Westminster Station,Sun/Hol,9:00 to 10:00 AM,314,350
2024,New Westminster Station,Sun/Hol,8:00 to 9:00 PM,427,372
2024,New Westminster Station,Sun/Hol,8:00 to 9:00 AM,235,269
2024,New Westminster Station,Sun/Hol,7:00 to 8:00 PM,584,408
2024,New Westminster Station,Sun/Hol,7:00 to 8:00 AM,142,292
2024,New Westminster Station,Sun/Hol,6:00 to 7:00 PM,683,540
2024,New Westminster Station,Sun/Hol,6:00 to 7:00 AM,6,10
2024,New Westminster Station,Sun/Hol,5:00 to 6:00 PM,712,607
2024,New Westminster Station,Sun/Hol,5:00 to 6:00 AM,1,3
2024,New Westminster Station,Sun/Hol,4:00 to 5:00 PM,711,625
2024,New Westminster Station,Sun/Hol,4:00 to 5:00 AM,0,0
2024,New Westminster Station,Sun/Hol,3:00 to 4:00 PM,698,644
2024,New Westminster Station,Sun/Hol,3:00 to 4:00 AM,0,0
2024,New Westminster Station,Sun/Hol,2:00 to 3:00 PM,662,621
2024,New Westminster Station,Sun/Hol,2:00 to 3:00 AM,0,0
2024,New Westminster Station,Sun/Hol,12:00 to 1:00 PM,488,563
2024,New Westminster Station,Sun/Hol,12:00 to 1:00 AM,70,55
2024,New Westminster Station,Sun/Hol,11:00 PM to 12:00 AM,179,170
2024,New Westminster Station,Sun/Hol,11:00 AM to 12:00 PM,417,494
2024,New Westminster Station,Sun/Hol,10:00 to 11:00 PM,275,231
2024,New Westminster Station,Sun/Hol,10:00 to 11:00 AM,384,441
2024,New Westminster Station,Sun/Hol,1:00 to 2:00 PM,558,603
2024,New Westminster Station,Sun/Hol,1:00 to 2:00 AM,2,1
2024,New Westminster Station,Sat,9:00 to 10:00 PM,476,444
2024,New Westminster Station,Sat,9:00 to 10:00 AM,442,432
2024,New Westminster Station,Sat,8:00 to 9:00 PM,535,462
2024,New Westminster Station,Sat,8:00 to 9:00 AM,424,386
2024,New Westminster Station,Sat,7:00 to 8:00 PM,663,541
2024,New Westminster Station,Sat,7:00 to 8:00 AM,239,319
2024,New Westminster Station,Sat,6:00 to 7:00 PM,831,751
2024,New Westminster Station,Sat,6:00 to 7:00 AM,98,221
2024,New Westminster Station,Sat,5:00 to 6:00 PM,890,843
2024,New Westminster Station,Sat,5:00 to 6:00 AM,0,0
2024,New Westminster Station,Sat,4:00 to 5:00 PM,882,878
2024,New Westminster Station,Sat,4:00 to 5:00 AM,0,0
2024,New Westminster Station,Sat,3:00 to 4:00 PM,829,890
2024,New Westminster Station,Sat,3:00 to 4:00 AM,0,0
2024,New Westminster Station,MF,3:00 to 4:00 PM,1252,1249
2024,New Westminster Station,MF,2:00 to 3:00 PM,895,958
2024,New Westminster Station,MF,4:00 to 5:00 AM,0,0
2024,New Westminster Station,MF,4:00 to 5:00 PM,1498,1354
2024,New Westminster Station,MF,2:00 to 3:00 AM,0,0
2024,New Westminster Station,MF,12:00 to 1:00 PM,898,759
2024,New Westminster Station,MF,12:00 to 1:00 AM,113,89
2024,New Westminster Station,MF,5:00 to 6:00 AM,97,335
2024,New Westminster Station,MF,5:00 to 6:00 PM,1626,1194
2024,New Westminster Station,MF,6:00 to 7:00 AM,421,736
2024,New Westminster Station,MF,11:00 PM to 12:00 AM,225,181
2024,New Westminster Station,MF,11:00 AM to 12:00 PM,703,579
2024,New Westminster Station,MF,6:00 to 7:00 PM,1259,1062
2024,New Westminster Station,MF,7:00 to 8:00 AM,571,988
2024,New Westminster Station,MF,7:00 to 8:00 PM,712,596
2024,New Westminster Station,MF,8:00 to 9:00 AM,968,918
2024,New Westminster Station,MF,8:00 to 9:00 PM,510,561
2024,New Westminster Station,MF,10:00 to 11:00 PM,361,288
2024,New Westminster Station,MF,10:00 to 11:00 AM,652,522
2024,New Westminster Station,MF,1:00 to 2:00 PM,681,709
2024,New Westminster Station,MF,9:00 to 10:00 AM,766,568
2024,New Westminster Station,MF,9:00 to 10:00 PM,464,549
2024,New Westminster Station,Sat,1:00 to 2:00 AM,79,26
2024,New Westminster Station,Sat,1:00 to 2:00 PM,682,718
2024,New Westminster Station,Sat,10:00 to 11:00 AM,453,503
2024,New Westminster Station,Sat,10:00 to 11:00 PM,421,327
2024,New Westminster Station,Sat,11:00 AM to 12:00 PM,534,590
2024,New Westminster Station,Sat,11:00 PM to 12:00 AM,283,237
2024,New Westminster Station,Sat,12:00 to 1:00 AM,177,128
2024,New Westminster Station,Sat,12:00 to 1:00 PM,631,683
2024,New Westminster Station,MF,1:00 to 2:00 AM,45,19
2024,New Westminster Station,Sat,2:00 to 3:00 AM,0,1
2024,New Westminster Station,Sat,2:00 to 3:00 PM,787,792
2024,Oakridge-41st Avenue Station,Sat,8:00 to 9:00 PM,312,145
2024,Oakridge-41st Avenue Station,Sat,9:00 to 10:00 AM,162,368
2024,Oakridge-41st Avenue Station,Sat,9:00 to 10:00 PM,313,119
2024,Oakridge-41st Avenue Station,Sat,8:00 to 9:00 AM,137,269
2024,Oakridge-41st Avenue Station,Sat,7:00 to 8:00 PM,334,199
2024,Oakridge-41st Avenue Station,Sun/Hol,1:00 to 2:00 AM,26,5
2024,Oakridge-41st Avenue Station,Sun/Hol,9:00 to 10:00 PM,277,94
2024,Oakridge-41st Avenue Station,Sun/Hol,9:00 to 10:00 AM,115,271
2024,Oakridge-41st Avenue Station,Sun/Hol,8:00 to 9:00 PM,287,105
2024,Oakridge-41st Avenue Station,Sun/Hol,8:00 to 9:00 AM,80,197
2024,Oakridge-41st Avenue Station,Sun/Hol,1:00 to 2:00 PM,246,386
2024,Oakridge-41st Avenue Station,Sun/Hol,10:00 to 11:00 AM,147,344
2024,Oakridge-41st Avenue Station,Sun/Hol,10:00 to 11:00 PM,231,64
2024,Oakridge-41st Avenue Station,Sun/Hol,11:00 AM to 12:00 PM,168,358
2024,Oakridge-41st Avenue Station,Sun/Hol,11:00 PM to 12:00 AM,168,37
2024,Oakridge-41st Avenue Station,Sun/Hol,12:00 to 1:00 AM,100,14
2024,Oakridge-41st Avenue Station,Sun/Hol,7:00 to 8:00 PM,324,143
2024,Oakridge-41st Avenue Station,Sun/Hol,7:00 to 8:00 AM,79,176
2024,Oakridge-41st Avenue Station,Sun/Hol,12:00 to 1:00 PM,202,362
2024,Oakridge-41st Avenue Station,Sun/Hol,2:00 to 3:00 AM,1,1
2024,Oakridge-41st Avenue Station,Sun/Hol,2:00 to 3:00 PM,302,366
2024,Oakridge-41st Avenue Station,Sun/Hol,3:00 to 4:00 AM,0,1
2024,Oakridge-41st Avenue Station,Sun/Hol,3:00 to 4:00 PM,353,341
2024,Oakridge-41st Avenue Station,Sun/Hol,4:00 to 5:00 AM,1,13
2024,Oakridge-41st Avenue Station,Sun/Hol,4:00 to 5:00 PM,387,294
2024,Oakridge-41st Avenue Station,Sun/Hol,5:00 to 6:00 AM,23,104
2024,Oakridge-41st Avenue Station,Sun/Hol,5:00 to 6:00 PM,404,252
2024,Oakridge-41st Avenue Station,Sun/Hol,6:00 to 7:00 AM,50,172
2024,Oakridge-41st Avenue Station,Sun/Hol,6:00 to 7:00 PM,363,213
2024,Oakridge-41st Avenue Station,MF,7:00 to 8:00 PM,365,229
2024,Oakridge-41st Avenue Station,MF,7:00 to 8:00 AM,403,516
2024,Oakridge-41st Avenue Station,MF,6:00 to 7:00 PM,555,401
2024,Oakridge-41st Avenue Station,MF,6:00 to 7:00 AM,306,359
2024,Oakridge-41st Avenue Station,MF,5:00 to 6:00 PM,711,587
2024,Oakridge-41st Avenue Station,MF,5:00 to 6:00 AM,41,157
2024,Oakridge-41st Avenue Station,MF,4:00 to 5:00 PM,638,624
2024,Oakridge-41st Avenue Station,MF,4:00 to 5:00 AM,1,16
2024,Oakridge-41st Avenue Station,MF,3:00 to 4:00 PM,497,742
2024,Oakridge-41st Avenue Station,MF,3:00 to 4:00 AM,0,0
2024,Oakridge-41st Avenue Station,MF,2:00 to 3:00 PM,364,474
2024,Oakridge-41st Avenue Station,MF,2:00 to 3:00 AM,0,1
2024,Oakridge-41st Avenue Station,MF,12:00 to 1:00 PM,270,374
2024,Oakridge-41st Avenue Station,MF,12:00 to 1:00 AM,102,18
2024,Oakridge-41st Avenue Station,MF,11:00 PM to 12:00 AM,169,44
2024,Oakridge-41st Avenue Station,MF,11:00 AM to 12:00 PM,240,360
2024,Oakridge-41st Avenue Station,MF,10:00 to 11:00 PM,253,82
2024,Oakridge-41st Avenue Station,MF,10:00 to 11:00 AM,230,362
2024,Oakridge-41st Avenue Station,MF,1:00 to 2:00 PM,299,378
2024,Oakridge-41st Avenue Station,MF,1:00 to 2:00 AM,28,6
2024,Oakridge-41st Avenue Station,MF,8:00 to 9:00 AM,443,649
2024,Oakridge-41st Avenue Station,MF,8:00 to 9:00 PM,315,164
2024,Oakridge-41st Avenue Station,Sat,7:00 to 8:00 AM,109,214
2024,Oakridge-41st Avenue Station,Sat,6:00 to 7:00 PM,406,295
2024,Oakridge-41st Avenue Station,Sat,6:00 to 7:00 AM,64,175
2024,Oakridge-41st Avenue Station,Sat,5:00 to 6:00 PM,436,332
2024,Oakridge-41st Avenue Station,Sat,5:00 to 6:00 AM,24,104
2024,Oakridge-41st Avenue Station,Sat,4:00 to 5:00 PM,441,400
2024,Oakridge-41st Avenue Station,Sat,4:00 to 5:00 AM,1,9
2024,Oakridge-41st Avenue Station,Sat,3:00 to 4:00 PM,405,438
2024,Oakridge-41st Avenue Station,Sat,3:00 to 4:00 AM,0,0
2024,Oakridge-41st Avenue Station,Sat,2:00 to 3:00 PM,355,451
2024,Oakridge-41st Avenue Station,Sat,2:00 to 3:00 AM,0,1
2024,Oakridge-41st Avenue Station,Sat,12:00 to 1:00 PM,256,449
2024,Oakridge-41st Avenue Station,Sat,12:00 to 1:00 AM,154,24
2024,Oakridge-41st Avenue Station,Sat,11:00 PM to 12:00 AM,232,49
2024,Oakridge-41st Avenue Station,Sat,11:00 AM to 12:00 PM,211,426
2024,Oakridge-41st Avenue Station,Sat,10:00 to 11:00 PM,283,92
2024,Oakridge-41st Avenue Station,Sat,10:00 to 11:00 AM,176,386
2024,Oakridge-41st Avenue Station,Sat,1:00 to 2:00 PM,294,459
2024,Oakridge-41st Avenue Station,Sat,1:00 to 2:00 AM,45,7
2024,Oakridge-41st Avenue Station,MF,9:00 to 10:00 PM,331,123
2024,Oakridge-41st Avenue Station,MF,9:00 to 10:00 AM,267,449
2024,Olympic Village Station,Sat,10:00 to 11:00 PM,77,76
2024,Olympic Village Station,Sat,11:00 AM to 12:00 PM,188,179
2024,Olympic Village Station,Sat,11:00 PM to 12:00 AM,51,55
2024,Olympic Village Station,Sat,12:00 to 1:00 AM,30,29
2024,Olympic Village Station,Sat,12:00 to 1:00 PM,209,206
2024,Olympic Village Station,Sat,2:00 to 3:00 AM,0,0
2024,Olympic Village Station,Sat,2:00 to 3:00 PM,230,243
2024,Olympic Village Station,Sat,3:00 to 4:00 AM,0,0
2024,Olympic Village Station,Sat,3:00 to 4:00 PM,232,256
2024,Olympic Village Station,Sat,4:00 to 5:00 AM,1,4
2024,Olympic Village Station,Sat,4:00 to 5:00 PM,231,258
2024,Olympic Village Station,Sat,5:00 to 6:00 AM,10,15
2024,Olympic Village Station,Sat,5:00 to 6:00 PM,200,251
2024,Olympic Village Station,Sat,6:00 to 7:00 AM,22,35
2024,Olympic Village Station,Sat,6:00 to 7:00 PM,165,227
2024,Olympic Village Station,Sat,7:00 to 8:00 AM,59,56
2024,Olympic Village Station,Sat,7:00 to 8:00 PM,125,161
2024,Olympic Village Station,Sat,8:00 to 9:00 AM,95,79
2024,Olympic Village Station,Sat,8:00 to 9:00 PM,100,109
2024,Olympic Village Station,Sat,9:00 to 10:00 AM,140,122
2024,Olympic Village Station,Sat,9:00 to 10:00 PM,90,91
2024,Olympic Village Station,Sun/Hol,1:00 to 2:00 AM,4,2
2024,Olympic Village Station,Sun/Hol,1:00 to 2:00 PM,178,191
2024,Olympic Village Station,Sun/Hol,10:00 to 11:00 AM,132,134
2024,Olympic Village Station,Sun/Hol,10:00 to 11:00 PM,52,39
2024,Olympic Village Station,Sun/Hol,11:00 AM to 12:00 PM,156,161
2024,Olympic Village Station,Sun/Hol,9:00 to 10:00 PM,64,60
2024,Olympic Village Station,Sun/Hol,11:00 PM to 12:00 AM,33,26
2024,Olympic Village Station,Sun/Hol,12:00 to 1:00 AM,17,10
2024,Olympic Village Station,Sun/Hol,12:00 to 1:00 PM,169,178
2024,Olympic Village Station,Sun/Hol,2:00 to 3:00 AM,0,0
2024,Olympic Village Station,Sun/Hol,2:00 to 3:00 PM,180,203
2024,Olympic Village Station,Sun/Hol,3:00 to 4:00 AM,0,0
2024,Olympic Village Station,Sun/Hol,3:00 to 4:00 PM,186,205
2024,Olympic Village Station,Sun/Hol,4:00 to 5:00 AM,1,3
2024,Olympic Village Station,Sun/Hol,4:00 to 5:00 PM,176,197
2024,Olympic Village Station,Sun/Hol,5:00 to 6:00 AM,6,14
2024,Olympic Village Station,Sun/Hol,5:00 to 6:00 PM,153,187
2024,Olympic Village Station,Sun/Hol,6:00 to 7:00 AM,21,31
2024,Olympic Village Station,Sun/Hol,6:00 to 7:00 PM,128,160
2024,Olympic Village Station,Sun/Hol,7:00 to 8:00 AM,41,48
2024,Olympic Village Station,Sun/Hol,7:00 to 8:00 PM,95,108
2024,Olympic Village Station,Sun/Hol,8:00 to 9:00 AM,70,71
2024,Olympic Village Station,Sat,10:00 to 11:00 AM,158,151
2024,Olympic Village Station,Sat,1:00 to 2:00 PM,220,228
2024,Olympic Village Station,Sat,1:00 to 2:00 AM,8,7
2024,Olympic Village Station,MF,9:00 to 10:00 PM,91,108
2024,Olympic Village Station,Sun/Hol,8:00 to 9:00 PM,73,77
2024,Olympic Village Station,Sun/Hol,9:00 to 10:00 AM,107,100
2024,Olympic Village Station,MF,1:00 to 2:00 AM,5,3
2024,Olympic Village Station,MF,1:00 to 2:00 PM,187,195
2024,Olympic Village Station,MF,10:00 to 11:00 AM,159,146
2024,Olympic Village Station,MF,10:00 to 11:00 PM,65,73
2024,Olympic Village Station,MF,11:00 AM to 12:00 PM,172,168
2024,Olympic Village Station,MF,11:00 PM to 12:00 AM,35,37
2024,Olympic Village Station,MF,12:00 to 1:00 AM,18,14
2024,Olympic Village Station,MF,12:00 to 1:00 PM,190,189
2024,Olympic Village Station,MF,2:00 to 3:00 AM,0,0
2024,Olympic Village Station,MF,2:00 to 3:00 PM,198,225
2024,Olympic Village Station,MF,3:00 to 4:00 AM,0,0
2024,Olympic Village Station,MF,3:00 to 4:00 PM,266,327
2024,Olympic Village Station,MF,4:00 to 5:00 AM,1,5
2024,Olympic Village Station,MF,4:00 to 5:00 PM,328,473
2024,Olympic Village Station,MF,5:00 to 6:00 AM,20,28
2024,Olympic Village Station,MF,5:00 to 6:00 PM,355,491
2024,Olympic Village Station,MF,6:00 to 7:00 AM,108,113
2024,Olympic Village Station,MF,6:00 to 7:00 PM,257,347
2024,Olympic Village Station,MF,7:00 to 8:00 AM,239,237
2024,Olympic Village Station,MF,7:00 to 8:00 PM,149,183
2024,Olympic Village Station,MF,8:00 to 9:00 AM,403,331
2024,Olympic Village Station,MF,8:00 to 9:00 PM,106,132
2024,Olympic Village Station,MF,9:00 to 10:00 AM,269,186
2024,Patterson Station,Sun/Hol,1:00 to 2:00 PM,194,218
2024,Patterson Station,Sun/Hol,10:00 to 11:00 AM,121,202
2024,Patterson Station,Sun/Hol,10:00 to 11:00 PM,129,106
2024,Patterson Station,Sun/Hol,11:00 AM to 12:00 PM,143,204
2024,Patterson Station,Sun/Hol,11:00 PM to 12:00 AM,70,67
2024,Patterson Station,Sun/Hol,12:00 to 1:00 AM,27,11
2024,Patterson Station,Sat,6:00 to 7:00 PM,274,226
2024,Patterson Station,Sat,7:00 to 8:00 AM,76,119
2024,Patterson Station,Sat,7:00 to 8:00 PM,214,160
2024,Patterson Station,Sun/Hol,4:00 to 5:00 PM,248,196
2024,Patterson Station,Sun/Hol,4:00 to 5:00 AM,0,0
2024,Patterson Station,Sun/Hol,3:00 to 4:00 PM,234,212
2024,Patterson Station,Sun/Hol,3:00 to 4:00 AM,0,0
2024,Patterson Station,Sun/Hol,2:00 to 3:00 PM,228,213
2024,Patterson Station,Sun/Hol,2:00 to 3:00 AM,0,0
2024,Patterson Station,Sun/Hol,12:00 to 1:00 PM,175,217
2024,Patterson Station,MF,7:00 to 8:00 AM,182,392
2024,Patterson Station,MF,7:00 to 8:00 PM,259,157
2024,Patterson Station,MF,8:00 to 9:00 AM,202,479
2024,Patterson Station,MF,8:00 to 9:00 PM,192,129
2024,Patterson Station,MF,9:00 to 10:00 AM,148,286
2024,Patterson Station,MF,9:00 to 10:00 PM,183,94
2024,Patterson Station,Sat,1:00 to 2:00 AM,31,7
2024,Patterson Station,Sat,1:00 to 2:00 PM,229,247
2024,Patterson Station,MF,10:00 to 11:00 PM,154,82
2024,Patterson Station,MF,11:00 AM to 12:00 PM,129,195
2024,Patterson Station,MF,11:00 PM to 12:00 AM,86,50
2024,Patterson Station,MF,12:00 to 1:00 AM,44,23
2024,Patterson Station,MF,12:00 to 1:00 PM,165,194
2024,Patterson Station,MF,10:00 to 11:00 AM,125,209
2024,Patterson Station,MF,1:00 to 2:00 PM,188,188
2024,Patterson Station,MF,1:00 to 2:00 AM,13,6
2024,Patterson Station,Sun/Hol,9:00 to 10:00 PM,189,94
2024,Patterson Station,MF,2:00 to 3:00 AM,0,0
2024,Patterson Station,MF,2:00 to 3:00 PM,227,230
2024,Patterson Station,MF,3:00 to 4:00 AM,0,0
2024,Patterson Station,MF,3:00 to 4:00 PM,346,349
2024,Patterson Station,MF,4:00 to 5:00 AM,0,0
2024,Patterson Station,MF,4:00 to 5:00 PM,459,325
2024,Patterson Station,MF,5:00 to 6:00 AM,35,68
2024,Patterson Station,MF,5:00 to 6:00 PM,554,329
2024,Patterson Station,MF,6:00 to 7:00 AM,244,239
2024,Patterson Station,MF,6:00 to 7:00 PM,424,229
2024,Patterson Station,Sun/Hol,9:00 to 10:00 AM,91,160
2024,Patterson Station,Sun/Hol,8:00 to 9:00 PM,186,110
2024,Patterson Station,Sun/Hol,8:00 to 9:00 AM,64,115
2024,Patterson Station,Sun/Hol,7:00 to 8:00 PM,223,124
2024,Patterson Station,Sun/Hol,7:00 to 8:00 AM,26,63
2024,Patterson Station,Sun/Hol,6:00 to 7:00 PM,248,158
2024,Patterson Station,Sun/Hol,6:00 to 7:00 AM,2,2
2024,Patterson Station,Sun/Hol,5:00 to 6:00 PM,263,182
2024,Patterson Station,Sun/Hol,5:00 to 6:00 AM,0,1
2024,Patterson Station,Sat,10:00 to 11:00 AM,145,226
2024,Patterson Station,Sat,10:00 to 11:00 PM,177,85
2024,Patterson Station,Sat,11:00 AM to 12:00 PM,180,232
2024,Patterson Station,Sat,11:00 PM to 12:00 AM,127,61
2024,Patterson Station,Sat,12:00 to 1:00 AM,84,31
2024,Patterson Station,Sat,12:00 to 1:00 PM,196,250
2024,Patterson Station,Sat,2:00 to 3:00 AM,0,0
2024,Patterson Station,Sat,8:00 to 9:00 AM,133,174
2024,Patterson Station,Sat,8:00 to 9:00 PM,171,128
2024,Patterson Station,Sat,2:00 to 3:00 PM,251,267
2024,Patterson Station,Sat,3:00 to 4:00 PM,270,273
2024,Patterson Station,Sat,4:00 to 5:00 AM,0,0
2024,Patterson Station,Sat,4:00 to 5:00 PM,290,269
2024,Patterson Station,Sat,5:00 to 6:00 AM,0,0
2024,Patterson Station,Sat,5:00 to 6:00 PM,296,236
2024,Patterson Station,Sat,6:00 to 7:00 AM,19,44
2024,Patterson Station,Sat,9:00 to 10:00 AM,125,225
2024,Patterson Station,Sat,9:00 to 10:00 PM,177,109
2024,Patterson Station,Sun/Hol,1:00 to 2:00 AM,1,1
2024,Production Way-University Station,MF,1:00 to 2:00 PM,306,260
2024,Production Way-University Station,MF,10:00 to 11:00 AM,318,138
2024,Production Way-University Station,MF,10:00 to 11:00 PM,78,86
2024,Production Way-University Station,MF,11:00 AM to 12:00 PM,283,190
2024,Production Way-University Station,MF,11:00 PM to 12:00 AM,38,63
2024,Production Way-University Station,MF,12:00 to 1:00 AM,19,12
2024,Production Way-University Station,MF,12:00 to 1:00 PM,266,255
2024,Production Way-University Station,MF,2:00 to 3:00 AM,0,0
2024,Production Way-University Station,MF,2:00 to 3:00 PM,244,358
2024,Production Way-University Station,MF,3:00 to 4:00 AM,0,0
2024,Production Way-University Station,MF,3:00 to 4:00 PM,220,556
2024,Production Way-University Station,MF,4:00 to 5:00 AM,0,3
2024,Production Way-University Station,MF,4:00 to 5:00 PM,264,731
2024,Production Way-University Station,MF,5:00 to 6:00 AM,50,50
2024,Production Way-University Station,MF,5:00 to 6:00 PM,289,708
2024,Production Way-University Station,MF,6:00 to 7:00 AM,233,141
2024,Production Way-University Station,MF,6:00 to 7:00 PM,205,321
2024,Production Way-University Station,MF,7:00 to 8:00 AM,515,205
2024,Production Way-University Station,MF,7:00 to 8:00 PM,125,207
2024,Production Way-University Station,MF,8:00 to 9:00 AM,720,193
2024,Production Way-University Station,MF,8:00 to 9:00 PM,99,169
2024,Production Way-University Station,MF,9:00 to 10:00 AM,485,139
2024,Production Way-University Station,MF,9:00 to 10:00 PM,99,116
2024,Production Way-University Station,Sat,1:00 to 2:00 AM,13,4
2024,Production Way-University Station,Sat,1:00 to 2:00 PM,144,170
2024,Production Way-University Station,Sat,10:00 to 11:00 AM,103,111
2024,Production Way-University Station,Sat,10:00 to 11:00 PM,85,49
2024,Production Way-University Station,Sat,11:00 AM to 12:00 PM,115,135
2024,Production Way-University Station,Sat,11:00 PM to 12:00 AM,56,34
2024,Production Way-University Station,Sat,12:00 to 1:00 AM,32,12
2024,Production Way-University Station,Sat,12:00 to 1:00 PM,128,158
2024,Production Way-University Station,Sat,2:00 to 3:00 AM,0,0
2024,Production Way-University Station,Sat,2:00 to 3:00 PM,169,182
2024,Production Way-University Station,Sat,3:00 to 4:00 PM,157,199
2024,Production Way-University Station,Sat,4:00 to 5:00 AM,0,0
2024,Production Way-University Station,Sat,4:00 to 5:00 PM,164,201
2024,Production Way-University Station,Sat,5:00 to 6:00 AM,0,0
2024,Production Way-University Station,Sat,5:00 to 6:00 PM,153,202
2024,Production Way-University Station,Sat,6:00 to 7:00 AM,30,51
2024,Production Way-University Station,Sat,6:00 to 7:00 PM,122,145
2024,Production Way-University Station,Sat,7:00 to 8:00 AM,80,60
2024,Production Way-University Station,Sat,7:00 to 8:00 PM,104,85
2024,Production Way-University Station,Sat,8:00 to 9:00 AM,87,66
2024,Production Way-University Station,Sat,8:00 to 9:00 PM,82,73
2024,Production Way-University Station,Sat,9:00 to 10:00 AM,93,90
2024,Production Way-University Station,Sat,9:00 to 10:00 PM,81,63
2024,Production Way-University Station,Sun/Hol,1:00 to 2:00 AM,0,0
2024,Production Way-University Station,Sun/Hol,1:00 to 2:00 PM,127,128
2024,Production Way-University Station,Sun/Hol,10:00 to 11:00 AM,77,95
2024,Production Way-University Station,Sun/Hol,10:00 to 11:00 PM,49,39
2024,Production Way-University Station,Sun/Hol,9:00 to 10:00 PM,68,45
2024,Production Way-University Station,Sun/Hol,9:00 to 10:00 AM,66,68
2024,Production Way-University Station,Sun/Hol,8:00 to 9:00 PM,74,59
2024,Production Way-University Station,Sun/Hol,8:00 to 9:00 AM,59,48
2024,Production Way-University Station,Sun/Hol,7:00 to 8:00 PM,88,65
2024,Production Way-University Station,Sun/Hol,7:00 to 8:00 AM,48,70
2024,Production Way-University Station,Sun/Hol,6:00 to 7:00 PM,107,103
2024,Production Way-University Station,Sun/Hol,6:00 to 7:00 AM,3,4
2024,Production Way-University Station,Sun/Hol,5:00 to 6:00 PM,126,143
2024,Production Way-University Station,Sun/Hol,5:00 to 6:00 AM,1,0
2024,Production Way-University Station,Sun/Hol,4:00 to 5:00 PM,133,160
2024,Production Way-University Station,Sun/Hol,4:00 to 5:00 AM,0,0
2024,Production Way-University Station,Sun/Hol,3:00 to 4:00 PM,132,139
2024,Production Way-University Station,Sun/Hol,2:00 to 3:00 PM,146,136
2024,Production Way-University Station,Sun/Hol,12:00 to 1:00 PM,101,116
2024,Production Way-University Station,Sun/Hol,12:00 to 1:00 AM,17,7
2024,Production Way-University Station,Sun/Hol,11:00 PM to 12:00 AM,36,31
2024,Production Way-University Station,Sun/Hol,11:00 AM to 12:00 PM,91,102
2024,Production Way-University Station,MF,1:00 to 2:00 AM,7,3
2024,Renfrew Station,Sun/Hol,7:00 to 8:00 PM,89,72
2024,Renfrew Station,Sun/Hol,7:00 to 8:00 AM,54,41
2024,Renfrew Station,Sun/Hol,6:00 to 7:00 PM,113,98
2024,Renfrew Station,Sun/Hol,6:00 to 7:00 AM,1,2
2024,Renfrew Station,Sun/Hol,5:00 to 6:00 PM,128,199
2024,Renfrew Station,Sun/Hol,5:00 to 6:00 AM,0,0
2024,Renfrew Station,Sun/Hol,4:00 to 5:00 PM,136,193
2024,Renfrew Station,Sun/Hol,4:00 to 5:00 AM,0,0
2024,Renfrew Station,Sun/Hol,3:00 to 4:00 PM,118,174
2024,Renfrew Station,Sun/Hol,3:00 to 4:00 AM,0,0
2024,Renfrew Station,Sun/Hol,2:00 to 3:00 PM,111,170
2024,Renfrew Station,Sun/Hol,2:00 to 3:00 AM,0,0
2024,Renfrew Station,Sun/Hol,12:00 to 1:00 PM,125,204
2024,Renfrew Station,Sun/Hol,12:00 to 1:00 AM,16,7
2024,Renfrew Station,Sun/Hol,11:00 PM to 12:00 AM,45,25
2024,Renfrew Station,Sun/Hol,11:00 AM to 12:00 PM,109,143
2024,Renfrew Station,Sun/Hol,10:00 to 11:00 PM,59,34
2024,Renfrew Station,Sun/Hol,10:00 to 11:00 AM,101,135
2024,Renfrew Station,Sun/Hol,1:00 to 2:00 PM,163,173
2024,Renfrew Station,Sun/Hol,1:00 to 2:00 AM,0,0
2024,Renfrew Station,Sat,9:00 to 10:00 PM,92,64
2024,Renfrew Station,Sat,9:00 to 10:00 AM,99,127
2024,Renfrew Station,Sat,8:00 to 9:00 PM,86,82
2024,Renfrew Station,Sat,8:00 to 9:00 AM,288,93
2024,Renfrew Station,Sat,7:00 to 8:00 PM,107,97
2024,Renfrew Station,Sat,7:00 to 8:00 AM,90,65
2024,Renfrew Station,Sat,6:00 to 7:00 PM,127,142
2024,Renfrew Station,Sat,6:00 to 7:00 AM,20,31
2024,Renfrew Station,Sat,5:00 to 6:00 PM,145,274
2024,Renfrew Station,Sat,5:00 to 6:00 AM,0,0
2024,Renfrew Station,Sat,4:00 to 5:00 PM,165,252
2024,Renfrew Station,Sat,4:00 to 5:00 AM,0,0
2024,Renfrew Station,Sat,3:00 to 4:00 PM,142,208
2024,Renfrew Station,Sat,2:00 to 3:00 PM,143,188
2024,Renfrew Station,Sat,2:00 to 3:00 AM,0,0
2024,Renfrew Station,Sat,12:00 to 1:00 PM,159,235
2024,Renfrew Station,Sat,12:00 to 1:00 AM,37,19
2024,Renfrew Station,Sat,11:00 PM to 12:00 AM,67,36
2024,Renfrew Station,Sat,11:00 AM to 12:00 PM,117,191
2024,Renfrew Station,Sat,10:00 to 11:00 PM,85,50
2024,Renfrew Station,Sat,10:00 to 11:00 AM,101,161
2024,Renfrew Station,Sat,1:00 to 2:00 PM,219,188
2024,Renfrew Station,Sat,1:00 to 2:00 AM,14,6
2024,Renfrew Station,MF,9:00 to 10:00 PM,96,177
2024,Renfrew Station,MF,9:00 to 10:00 AM,269,179
2024,Renfrew Station,Sun/Hol,9:00 to 10:00 PM,68,45
2024,Renfrew Station,Sun/Hol,9:00 to 10:00 AM,83,90
2024,Renfrew Station,Sun/Hol,8:00 to 9:00 PM,79,56
2024,Renfrew Station,Sun/Hol,8:00 to 9:00 AM,174,63
2024,Renfrew Station,MF,8:00 to 9:00 PM,104,183
2024,Renfrew Station,MF,8:00 to 9:00 AM,667,205
2024,Renfrew Station,MF,7:00 to 8:00 PM,130,211
2024,Renfrew Station,MF,7:00 to 8:00 AM,411,159
2024,Renfrew Station,MF,6:00 to 7:00 PM,213,283
2024,Renfrew Station,MF,6:00 to 7:00 AM,111,141
2024,Renfrew Station,MF,5:00 to 6:00 PM,370,447
2024,Renfrew Station,MF,5:00 to 6:00 AM,30,43
2024,Renfrew Station,MF,4:00 to 5:00 PM,310,588
2024,Renfrew Station,MF,4:00 to 5:00 AM,0,0
2024,Renfrew Station,MF,3:00 to 4:00 PM,248,448
2024,Renfrew Station,MF,3:00 to 4:00 AM,0,0
2024,Renfrew Station,MF,2:00 to 3:00 PM,223,320
2024,Renfrew Station,MF,2:00 to 3:00 AM,0,0
2024,Renfrew Station,MF,12:00 to 1:00 PM,365,315
2024,Renfrew Station,MF,12:00 to 1:00 AM,28,12
2024,Renfrew Station,MF,11:00 PM to 12:00 AM,53,28
2024,Renfrew Station,MF,11:00 AM to 12:00 PM,160,259
2024,Renfrew Station,MF,10:00 to 11:00 PM,77,83
2024,Renfrew Station,MF,10:00 to 11:00 AM,224,202
2024,Renfrew Station,MF,1:00 to 2:00 PM,235,221
2024,Renfrew Station,MF,1:00 to 2:00 AM,7,4
2024,Richmond-Brighouse Station,MF,1:00 to 2:00 AM,33,2
2024,Richmond-Brighouse Station,MF,1:00 to 2:00 PM,554,607
2024,Richmond-Brighouse Station,MF,10:00 to 11:00 AM,342,654
2024,Richmond-Brighouse Station,MF,10:00 to 11:00 PM,222,82
2024,Richmond-Brighouse Station,MF,11:00 AM to 12:00 PM,374,625
2024,Richmond-Brighouse Station,MF,11:00 PM to 12:00 AM,127,34
2024,Richmond-Brighouse Station,MF,12:00 to 1:00 AM,80,14
2024,Richmond-Brighouse Station,MF,12:00 to 1:00 PM,498,611
2024,Richmond-Brighouse Station,MF,2:00 to 3:00 AM,1,1
2024,Richmond-Brighouse Station,MF,2:00 to 3:00 PM,676,630
2024,Richmond-Brighouse Station,MF,3:00 to 4:00 AM,0,0
2024,Richmond-Brighouse Station,MF,3:00 to 4:00 PM,889,771
2024,Richmond-Brighouse Station,MF,6:00 to 7:00 AM,300,586
2024,Richmond-Brighouse Station,MF,6:00 to 7:00 PM,1069,482
2024,Richmond-Brighouse Station,MF,7:00 to 8:00 AM,337,1191
2024,Richmond-Brighouse Station,MF,7:00 to 8:00 PM,657,298
2024,Richmond-Brighouse Station,MF,8:00 to 9:00 AM,388,1229
2024,Richmond-Brighouse Station,MF,8:00 to 9:00 PM,463,244
2024,Richmond-Brighouse Station,MF,9:00 to 10:00 AM,357,825
2024,Richmond-Brighouse Station,MF,9:00 to 10:00 PM,380,216
2024,Richmond-Brighouse Station,Sat,1:00 to 2:00 AM,74,2
2024,Richmond-Brighouse Station,Sat,1:00 to 2:00 PM,580,715
2024,Richmond-Brighouse Station,Sat,10:00 to 11:00 AM,365,590
2024,Richmond-Brighouse Station,Sat,10:00 to 11:00 PM,308,134
2024,Richmond-Brighouse Station,Sat,11:00 AM to 12:00 PM,425,636
2024,Richmond-Brighouse Station,Sat,11:00 PM to 12:00 AM,213,61
2024,Richmond-Brighouse Station,Sat,12:00 to 1:00 AM,164,25
2024,Richmond-Brighouse Station,Sat,12:00 to 1:00 PM,523,675
2024,Richmond-Brighouse Station,Sat,2:00 to 3:00 AM,1,1
2024,Richmond-Brighouse Station,Sat,2:00 to 3:00 PM,652,751
2024,Richmond-Brighouse Station,Sat,3:00 to 4:00 AM,0,0
2024,Richmond-Brighouse Station,Sat,3:00 to 4:00 PM,744,733
2024,Richmond-Brighouse Station,Sat,4:00 to 5:00 AM,1,18
2024,Richmond-Brighouse Station,Sat,4:00 to 5:00 PM,786,721
2024,Richmond-Brighouse Station,Sat,5:00 to 6:00 AM,24,141
2024,Richmond-Brighouse Station,Sat,5:00 to 6:00 PM,743,648
2024,Richmond-Brighouse Station,Sun/Hol,3:00 to 4:00 AM,0,0
2024,Richmond-Brighouse Station,Sun/Hol,2:00 to 3:00 PM,581,623
2024,Richmond-Brighouse Station,Sun/Hol,2:00 to 3:00 AM,1,1
2024,Richmond-Brighouse Station,Sun/Hol,12:00 to 1:00 PM,442,574
2024,Richmond-Brighouse Station,Sun/Hol,12:00 to 1:00 AM,83,19
2024,Richmond-Brighouse Station,Sun/Hol,11:00 PM to 12:00 AM,136,46
2024,Richmond-Brighouse Station,Sun/Hol,11:00 AM to 12:00 PM,372,551
2024,Richmond-Brighouse Station,Sun/Hol,10:00 to 11:00 PM,228,90
2024,Richmond-Brighouse Station,Sun/Hol,3:00 to 4:00 PM,649,598
2024,Richmond-Brighouse Station,Sun/Hol,10:00 to 11:00 AM,328,538
2024,Richmond-Brighouse Station,Sun/Hol,4:00 to 5:00 AM,1,14
2024,Richmond-Brighouse Station,Sun/Hol,4:00 to 5:00 PM,672,555
2024,Richmond-Brighouse Station,Sun/Hol,1:00 to 2:00 PM,521,635
2024,Richmond-Brighouse Station,Sun/Hol,1:00 to 2:00 AM,31,2
2024,Richmond-Brighouse Station,Sat,9:00 to 10:00 PM,349,264
2024,Richmond-Brighouse Station,Sat,9:00 to 10:00 AM,342,502
2024,Richmond-Brighouse Station,Sun/Hol,5:00 to 6:00 AM,22,119
2024,Richmond-Brighouse Station,Sun/Hol,5:00 to 6:00 PM,648,498
2024,Richmond-Brighouse Station,Sun/Hol,6:00 to 7:00 AM,84,231
2024,Richmond-Brighouse Station,Sun/Hol,6:00 to 7:00 PM,575,418
2024,Richmond-Brighouse Station,Sat,8:00 to 9:00 PM,433,298
2024,Richmond-Brighouse Station,Sat,8:00 to 9:00 AM,196,399
2024,Richmond-Brighouse Station,Sun/Hol,7:00 to 8:00 AM,137,250
2024,Richmond-Brighouse Station,Sun/Hol,7:00 to 8:00 PM,447,330
2024,Richmond-Brighouse Station,Sun/Hol,8:00 to 9:00 AM,156,287
2024,Richmond-Brighouse Station,Sun/Hol,8:00 to 9:00 PM,339,198
2024,Richmond-Brighouse Station,Sun/Hol,9:00 to 10:00 AM,181,431
2024,Richmond-Brighouse Station,Sun/Hol,9:00 to 10:00 PM,285,156
2024,Richmond-Brighouse Station,Sat,7:00 to 8:00 PM,526,379
2024,Richmond-Brighouse Station,Sat,7:00 to 8:00 AM,162,290
2024,Richmond-Brighouse Station,Sat,6:00 to 7:00 PM,696,543
2024,Richmond-Brighouse Station,Sat,6:00 to 7:00 AM,79,224
2024,Richmond-Brighouse Station,MF,5:00 to 6:00 PM,1306,708
2024,Richmond-Brighouse Station,MF,5:00 to 6:00 AM,38,231
2024,Richmond-Brighouse Station,MF,4:00 to 5:00 PM,1139,752
2024,Richmond-Brighouse Station,MF,4:00 to 5:00 AM,1,47
2024,Royal Oak Station,Sat,5:00 to 6:00 AM,0,0
2024,Royal Oak Station,Sat,4:00 to 5:00 PM,330,306
2024,Royal Oak Station,Sat,4:00 to 5:00 AM,0,0
2024,Royal Oak Station,Sat,3:00 to 4:00 PM,293,297
2024,Royal Oak Station,Sat,3:00 to 4:00 AM,0,0
2024,Royal Oak Station,Sat,2:00 to 3:00 PM,273,304
2024,Royal Oak Station,Sat,2:00 to 3:00 AM,0,0
2024,Royal Oak Station,Sat,12:00 to 1:00 PM,208,285
2024,Royal Oak Station,Sat,12:00 to 1:00 AM,120,33
2024,Royal Oak Station,Sat,11:00 PM to 12:00 AM,167,62
2024,Royal Oak Station,Sat,11:00 AM to 12:00 PM,180,280
2024,Royal Oak Station,Sat,10:00 to 11:00 PM,212,102
2024,Royal Oak Station,Sat,10:00 to 11:00 AM,158,270
2024,Royal Oak Station,Sat,1:00 to 2:00 PM,242,295
2024,Royal Oak Station,Sat,1:00 to 2:00 AM,47,6
2024,Royal Oak Station,MF,9:00 to 10:00 PM,220,130
2024,Royal Oak Station,MF,9:00 to 10:00 AM,290,386
2024,Royal Oak Station,MF,8:00 to 9:00 PM,241,146
2024,Royal Oak Station,MF,8:00 to 9:00 AM,422,612
2024,Royal Oak Station,MF,7:00 to 8:00 PM,329,189
2024,Royal Oak Station,MF,7:00 to 8:00 AM,224,523
2024,Royal Oak Station,MF,6:00 to 7:00 PM,549,301
2024,Royal Oak Station,MF,6:00 to 7:00 AM,146,351
2024,Royal Oak Station,MF,5:00 to 6:00 PM,711,422
2024,Royal Oak Station,MF,5:00 to 6:00 AM,25,122
2024,Royal Oak Station,MF,4:00 to 5:00 PM,579,422
2024,Royal Oak Station,MF,4:00 to 5:00 AM,0,0
2024,Royal Oak Station,MF,3:00 to 4:00 PM,405,545
2024,Royal Oak Station,MF,3:00 to 4:00 AM,0,0
2024,Royal Oak Station,MF,2:00 to 3:00 PM,257,273
2024,Royal Oak Station,MF,2:00 to 3:00 AM,0,0
2024,Royal Oak Station,MF,12:00 to 1:00 PM,208,266
2024,Royal Oak Station,MF,12:00 to 1:00 AM,65,18
2024,Royal Oak Station,MF,11:00 PM to 12:00 AM,121,44
2024,Royal Oak Station,MF,11:00 AM to 12:00 PM,151,241
2024,Royal Oak Station,MF,10:00 to 11:00 PM,185,85
2024,Royal Oak Station,MF,10:00 to 11:00 AM,150,259
2024,Royal Oak Station,MF,1:00 to 2:00 PM,206,241
2024,Royal Oak Station,MF,1:00 to 2:00 AM,22,5
2024,Royal Oak Station,Sun/Hol,8:00 to 9:00 AM,92,150
2024,Royal Oak Station,Sun/Hol,8:00 to 9:00 PM,182,114
2024,Royal Oak Station,Sun/Hol,9:00 to 10:00 AM,118,208
2024,Royal Oak Station,Sun/Hol,9:00 to 10:00 PM,157,97
2024,Royal Oak Station,Sun/Hol,7:00 to 8:00 PM,238,132
2024,Royal Oak Station,Sun/Hol,7:00 to 8:00 AM,32,102
2024,Royal Oak Station,Sun/Hol,6:00 to 7:00 PM,287,175
2024,Royal Oak Station,Sun/Hol,6:00 to 7:00 AM,3,4
2024,Royal Oak Station,Sun/Hol,5:00 to 6:00 PM,284,213
2024,Royal Oak Station,Sun/Hol,5:00 to 6:00 AM,0,1
2024,Royal Oak Station,Sun/Hol,4:00 to 5:00 PM,273,231
2024,Royal Oak Station,Sun/Hol,4:00 to 5:00 AM,0,0
2024,Royal Oak Station,Sun/Hol,3:00 to 4:00 PM,254,254
2024,Royal Oak Station,Sun/Hol,2:00 to 3:00 PM,225,263
2024,Royal Oak Station,Sun/Hol,2:00 to 3:00 AM,0,0
2024,Royal Oak Station,Sun/Hol,12:00 to 1:00 PM,199,270
2024,Royal Oak Station,Sun/Hol,12:00 to 1:00 AM,41,10
2024,Royal Oak Station,Sun/Hol,11:00 PM to 12:00 AM,106,43
2024,Royal Oak Station,Sun/Hol,11:00 AM to 12:00 PM,156,254
2024,Royal Oak Station,Sun/Hol,10:00 to 11:00 PM,137,75
2024,Royal Oak Station,Sun/Hol,10:00 to 11:00 AM,149,253
2024,Royal Oak Station,Sun/Hol,1:00 to 2:00 PM,208,260
2024,Royal Oak Station,Sun/Hol,1:00 to 2:00 AM,1,0
2024,Royal Oak Station,Sat,9:00 to 10:00 PM,210,122
2024,Royal Oak Station,Sat,9:00 to 10:00 AM,153,256
2024,Royal Oak Station,Sat,8:00 to 9:00 PM,209,146
2024,Royal Oak Station,Sat,8:00 to 9:00 AM,132,221
2024,Royal Oak Station,Sat,7:00 to 8:00 PM,253,183
2024,Royal Oak Station,Sat,7:00 to 8:00 AM,76,162
2024,Royal Oak Station,Sat,6:00 to 7:00 PM,331,261
2024,Royal Oak Station,Sat,6:00 to 7:00 AM,18,76
2024,Royal Oak Station,Sat,5:00 to 6:00 PM,341,295
2024,Rupert Station,MF,7:00 to 8:00 AM,93,174
2024,Rupert Station,MF,7:00 to 8:00 PM,132,101
2024,Rupert Station,MF,8:00 to 9:00 AM,125,217
2024,Rupert Station,MF,8:00 to 9:00 PM,111,80
2024,Rupert Station,MF,9:00 to 10:00 AM,94,159
2024,Rupert Station,MF,9:00 to 10:00 PM,105,57
2024,Rupert Station,Sat,1:00 to 2:00 AM,15,3
2024,Rupert Station,Sat,1:00 to 2:00 PM,143,172
2024,Rupert Station,Sat,10:00 to 11:00 AM,98,139
2024,Rupert Station,Sat,10:00 to 11:00 PM,85,53
2024,Rupert Station,Sat,11:00 AM to 12:00 PM,119,158
2024,Rupert Station,Sat,11:00 PM to 12:00 AM,57,35
2024,Rupert Station,Sat,12:00 to 1:00 AM,39,12
2024,Rupert Station,Sat,12:00 to 1:00 PM,138,156
2024,Rupert Station,Sat,2:00 to 3:00 AM,0,0
2024,Rupert Station,Sat,2:00 to 3:00 PM,161,176
2024,Rupert Station,Sat,3:00 to 4:00 PM,161,178
2024,Rupert Station,Sun/Hol,9:00 to 10:00 PM,79,51
2024,Rupert Station,Sun/Hol,9:00 to 10:00 AM,69,96
2024,Rupert Station,Sun/Hol,8:00 to 9:00 PM,87,69
2024,Rupert Station,Sun/Hol,8:00 to 9:00 AM,51,79
2024,Rupert Station,Sun/Hol,7:00 to 8:00 PM,117,81
2024,Rupert Station,Sun/Hol,7:00 to 8:00 AM,30,51
2024,Rupert Station,Sun/Hol,6:00 to 7:00 PM,131,108
2024,Rupert Station,Sun/Hol,6:00 to 7:00 AM,1,1
2024,Rupert Station,Sun/Hol,5:00 to 6:00 PM,145,134
2024,Rupert Station,Sun/Hol,5:00 to 6:00 AM,0,0
2024,Rupert Station,Sun/Hol,4:00 to 5:00 PM,149,143
2024,Rupert Station,Sun/Hol,4:00 to 5:00 AM,0,0
2024,Rupert Station,Sat,4:00 to 5:00 AM,0,0
2024,Rupert Station,Sat,4:00 to 5:00 PM,172,167
2024,Rupert Station,Sat,5:00 to 6:00 AM,0,0
2024,Rupert Station,Sat,5:00 to 6:00 PM,162,152
2024,Rupert Station,Sat,6:00 to 7:00 AM,22,30
2024,Rupert Station,Sat,6:00 to 7:00 PM,139,131
2024,Rupert Station,Sat,7:00 to 8:00 AM,46,83
2024,Rupert Station,Sat,7:00 to 8:00 PM,124,96
2024,Rupert Station,Sat,8:00 to 9:00 AM,66,103
2024,Rupert Station,Sat,8:00 to 9:00 PM,90,86
2024,Rupert Station,Sun/Hol,3:00 to 4:00 PM,142,156
2024,Rupert Station,Sun/Hol,2:00 to 3:00 PM,136,151
2024,Rupert Station,Sun/Hol,12:00 to 1:00 PM,107,141
2024,Rupert Station,Sun/Hol,12:00 to 1:00 AM,19,4
2024,Rupert Station,Sun/Hol,11:00 PM to 12:00 AM,43,29
2024,Rupert Station,Sun/Hol,11:00 AM to 12:00 PM,103,128
2024,Rupert Station,Sun/Hol,10:00 to 11:00 PM,68,41
2024,Rupert Station,Sun/Hol,10:00 to 11:00 AM,88,124
2024,Rupert Station,Sun/Hol,1:00 to 2:00 PM,124,149
2024,Rupert Station,Sun/Hol,1:00 to 2:00 AM,0,0
2024,Rupert Station,Sat,9:00 to 10:00 PM,91,63
2024,Rupert Station,Sat,9:00 to 10:00 AM,75,122
2024,Rupert Station,MF,6:00 to 7:00 PM,184,146
2024,Rupert Station,MF,6:00 to 7:00 AM,70,117
2024,Rupert Station,MF,5:00 to 6:00 PM,252,199
2024,Rupert Station,MF,5:00 to 6:00 AM,15,38
2024,Rupert Station,MF,4:00 to 5:00 PM,254,216
2024,Rupert Station,MF,4:00 to 5:00 AM,0,0
2024,Rupert Station,MF,3:00 to 4:00 PM,223,193
2024,Rupert Station,MF,3:00 to 4:00 AM,0,0
2024,Rupert Station,MF,2:00 to 3:00 PM,168,160
2024,Rupert Station,MF,2:00 to 3:00 AM,0,0
2024,Rupert Station,MF,12:00 to 1:00 PM,127,156
2024,Rupert Station,MF,12:00 to 1:00 AM,27,7
2024,Rupert Station,MF,11:00 PM to 12:00 AM,46,32
2024,Rupert Station,MF,11:00 AM to 12:00 PM,100,148
2024,Rupert Station,MF,10:00 to 11:00 PM,85,45
2024,Rupert Station,MF,10:00 to 11:00 AM,89,148
2024,Rupert Station,MF,1:00 to 2:00 PM,138,153
2024,Rupert Station,MF,1:00 to 2:00 AM,9,3
2024,Sapperton Station,MF,5:00 to 6:00 AM,45,75
2024,Sapperton Station,MF,5:00 to 6:00 PM,254,251
2024,Sapperton Station,Sun/Hol,11:00 PM to 12:00 AM,37,28
2024,Sapperton Station,Sun/Hol,11:00 AM to 12:00 PM,54,93
2024,Sapperton Station,Sun/Hol,10:00 to 11:00 PM,50,37
2024,Sapperton Station,Sun/Hol,10:00 to 11:00 AM,50,90
2024,Sapperton Station,Sun/Hol,1:00 to 2:00 PM,78,107
2024,Sapperton Station,Sun/Hol,1:00 to 2:00 AM,1,0
2024,Sapperton Station,Sat,9:00 to 10:00 PM,70,46
2024,Sapperton Station,Sat,9:00 to 10:00 AM,57,90
2024,Sapperton Station,Sat,8:00 to 9:00 PM,71,59
2024,Sapperton Station,MF,6:00 to 7:00 AM,383,148
2024,Sapperton Station,MF,6:00 to 7:00 PM,204,139
2024,Sapperton Station,Sat,8:00 to 9:00 AM,58,81
2024,Sapperton Station,Sat,7:00 to 8:00 PM,102,100
2024,Sapperton Station,Sat,7:00 to 8:00 AM,84,106
2024,Sapperton Station,Sat,6:00 to 7:00 PM,128,99
2024,Sapperton Station,Sat,6:00 to 7:00 AM,57,39
2024,Sapperton Station,Sat,5:00 to 6:00 PM,123,121
2024,Sapperton Station,Sat,5:00 to 6:00 AM,0,0
2024,Sapperton Station,Sat,4:00 to 5:00 PM,116,138
2024,Sapperton Station,Sat,4:00 to 5:00 AM,0,0
2024,Sapperton Station,Sat,3:00 to 4:00 PM,123,177
2024,Sapperton Station,Sat,3:00 to 4:00 AM,0,0
2024,Sapperton Station,Sat,2:00 to 3:00 PM,111,146
2024,Sapperton Station,MF,7:00 to 8:00 AM,314,283
2024,Sapperton Station,MF,7:00 to 8:00 PM,114,122
2024,Sapperton Station,MF,8:00 to 9:00 AM,254,217
2024,Sapperton Station,MF,8:00 to 9:00 PM,78,62
2024,Sapperton Station,MF,9:00 to 10:00 AM,141,140
2024,Sapperton Station,MF,9:00 to 10:00 PM,78,39
2024,Sapperton Station,Sat,1:00 to 2:00 AM,25,5
2024,Sapperton Station,Sat,1:00 to 2:00 PM,93,149
2024,Sapperton Station,Sat,10:00 to 11:00 AM,68,105
2024,Sapperton Station,Sat,10:00 to 11:00 PM,75,47
2024,Sapperton Station,Sat,11:00 AM to 12:00 PM,76,117
2024,Sapperton Station,Sat,11:00 PM to 12:00 AM,59,38
2024,Sapperton Station,Sat,12:00 to 1:00 AM,41,19
2024,Sapperton Station,Sat,12:00 to 1:00 PM,88,123
2024,Sapperton Station,Sat,2:00 to 3:00 AM,0,0
2024,Sapperton Station,Sun/Hol,9:00 to 10:00 PM,52,34
2024,Sapperton Station,Sun/Hol,9:00 to 10:00 AM,45,69
2024,Sapperton Station,Sun/Hol,8:00 to 9:00 PM,61,46
2024,Sapperton Station,Sun/Hol,8:00 to 9:00 AM,42,54
2024,Sapperton Station,Sun/Hol,7:00 to 8:00 PM,83,79
2024,Sapperton Station,Sun/Hol,7:00 to 8:00 AM,37,95
2024,Sapperton Station,MF,1:00 to 2:00 AM,12,4
2024,Sapperton Station,MF,1:00 to 2:00 PM,130,138
2024,Sapperton Station,MF,10:00 to 11:00 AM,98,120
2024,Sapperton Station,MF,10:00 to 11:00 PM,67,64
2024,Sapperton Station,MF,11:00 AM to 12:00 PM,92,129
2024,Sapperton Station,MF,11:00 PM to 12:00 AM,46,38
2024,Sapperton Station,Sun/Hol,6:00 to 7:00 PM,109,68
2024,Sapperton Station,Sun/Hol,6:00 to 7:00 AM,3,3
2024,Sapperton Station,MF,12:00 to 1:00 AM,26,17
2024,Sapperton Station,MF,12:00 to 1:00 PM,100,131
2024,Sapperton Station,MF,2:00 to 3:00 AM,0,0
2024,Sapperton Station,Sun/Hol,5:00 to 6:00 PM,100,82
2024,Sapperton Station,Sun/Hol,5:00 to 6:00 AM,0,1
2024,Sapperton Station,MF,2:00 to 3:00 PM,148,237
2024,Sapperton Station,MF,3:00 to 4:00 AM,0,0
2024,Sapperton Station,MF,3:00 to 4:00 PM,175,438
2024,Sapperton Station,MF,4:00 to 5:00 AM,0,0
2024,Sapperton Station,Sun/Hol,4:00 to 5:00 PM,92,101
2024,Sapperton Station,Sun/Hol,4:00 to 5:00 AM,0,0
2024,Sapperton Station,Sun/Hol,3:00 to 4:00 PM,103,123
2024,Sapperton Station,Sun/Hol,2:00 to 3:00 PM,96,106
2024,Sapperton Station,Sun/Hol,2:00 to 3:00 AM,0,0
2024,Sapperton Station,Sun/Hol,12:00 to 1:00 PM,64,106
2024,Sapperton Station,Sun/Hol,12:00 to 1:00 AM,22,13
2024,Sapperton Station,MF,4:00 to 5:00 PM,205,382
2024,Scott Road Station,Sat,12:00 to 1:00 AM,511,72
2024,Scott Road Station,Sat,12:00 to 1:00 PM,366,615
2024,Scott Road Station,Sat,2:00 to 3:00 AM,2,1
2024,Scott Road Station,Sat,2:00 to 3:00 PM,432,708
2024,Scott Road Station,Sat,3:00 to 4:00 AM,0,0
2024,Scott Road Station,Sat,3:00 to 4:00 PM,585,669
2024,Scott Road Station,Sat,4:00 to 5:00 PM,716,621
2024,Scott Road Station,Sat,5:00 to 6:00 AM,0,31
2024,Scott Road Station,Sat,5:00 to 6:00 PM,771,579
2024,Scott Road Station,Sat,6:00 to 7:00 AM,130,468
2024,Scott Road Station,Sat,6:00 to 7:00 PM,757,498
2024,Scott Road Station,Sat,7:00 to 8:00 AM,274,666
2024,Scott Road Station,Sat,7:00 to 8:00 PM,726,357
2024,Scott Road Station,Sat,8:00 to 9:00 AM,268,609
2024,Scott Road Station,Sat,8:00 to 9:00 PM,655,321
2024,Scott Road Station,Sat,9:00 to 10:00 AM,216,550
2024,Scott Road Station,Sat,9:00 to 10:00 PM,604,343
2024,Scott Road Station,Sun/Hol,1:00 to 2:00 AM,9,2
2024,Scott Road Station,Sun/Hol,1:00 to 2:00 PM,306,626
2024,Scott Road Station,Sun/Hol,10:00 to 11:00 AM,213,488
2024,Scott Road Station,Sun/Hol,10:00 to 11:00 PM,406,196
2024,Scott Road Station,Sun/Hol,11:00 AM to 12:00 PM,240,516
2024,Scott Road Station,Sun/Hol,11:00 PM to 12:00 AM,418,123
2024,Scott Road Station,Sun/Hol,12:00 to 1:00 AM,351,43
2024,Scott Road Station,Sun/Hol,12:00 to 1:00 PM,282,509
2024,Scott Road Station,Sun/Hol,2:00 to 3:00 AM,0,0
2024,Scott Road Station,Sun/Hol,2:00 to 3:00 PM,343,602
2024,Scott Road Station,Sun/Hol,3:00 to 4:00 AM,0,0
2024,Scott Road Station,Sun/Hol,3:00 to 4:00 PM,462,532
2024,Scott Road Station,Sun/Hol,4:00 to 5:00 AM,0,0
2024,Scott Road Station,Sun/Hol,4:00 to 5:00 PM,579,470
2024,Scott Road Station,Sun/Hol,5:00 to 6:00 AM,3,6
2024,Scott Road Station,Sun/Hol,5:00 to 6:00 PM,657,389
2024,Scott Road Station,Sun/Hol,6:00 to 7:00 AM,8,75
2024,Scott Road Station,Sun/Hol,6:00 to 7:00 PM,669,328
2024,Scott Road Station,Sun/Hol,7:00 to 8:00 AM,139,514
2024,Scott Road Station,Sun/Hol,7:00 to 8:00 PM,710,302
2024,Scott Road Station,Sun/Hol,8:00 to 9:00 AM,241,416
2024,Scott Road Station,Sun/Hol,8:00 to 9:00 PM,567,299
2024,Scott Road Station,Sun/Hol,9:00 to 10:00 AM,226,430
2024,Scott Road Station,Sun/Hol,9:00 to 10:00 PM,432,280
2024,Scott Road Station,MF,1:00 to 2:00 AM,147,13
2024,Scott Road Station,MF,1:00 to 2:00 PM,471,637
2024,Scott Road Station,MF,10:00 to 11:00 AM,235,577
2024,Scott Road Station,MF,10:00 to 11:00 PM,561,244
2024,Scott Road Station,MF,11:00 AM to 12:00 PM,301,633
2024,Scott Road Station,MF,11:00 PM to 12:00 AM,467,140
2024,Scott Road Station,MF,12:00 to 1:00 AM,333,55
2024,Scott Road Station,MF,12:00 to 1:00 PM,466,621
2024,Scott Road Station,MF,2:00 to 3:00 AM,0,1
2024,Scott Road Station,MF,2:00 to 3:00 PM,594,649
2024,Scott Road Station,MF,3:00 to 4:00 AM,0,0
2024,Scott Road Station,MF,3:00 to 4:00 PM,1003,758
2024,Scott Road Station,MF,4:00 to 5:00 AM,0,8
2024,Scott Road Station,MF,4:00 to 5:00 PM,1323,817
2024,Scott Road Station,MF,5:00 to 6:00 AM,234,584
2024,Scott Road Station,MF,5:00 to 6:00 PM,1483,682
2024,Scott Road Station,MF,6:00 to 7:00 AM,461,1106
2024,Scott Road Station,MF,6:00 to 7:00 PM,1202,470
2024,Scott Road Station,MF,7:00 to 8:00 AM,487,1512
2024,Scott Road Station,MF,7:00 to 8:00 PM,829,313
2024,Scott Road Station,MF,8:00 to 9:00 AM,354,1175
2024,Scott Road Station,MF,8:00 to 9:00 PM,746,257
2024,Scott Road Station,MF,9:00 to 10:00 AM,250,793
2024,Scott Road Station,MF,9:00 to 10:00 PM,695,285
2024,Scott Road Station,Sat,1:00 to 2:00 AM,234,17
2024,Scott Road Station,Sat,1:00 to 2:00 PM,379,684
2024,Scott Road Station,Sat,10:00 to 11:00 AM,213,531
2024,Scott Road Station,Sat,10:00 to 11:00 PM,661,291
2024,Scott Road Station,Sat,11:00 AM to 12:00 PM,281,578
2024,Scott Road Station,Sat,11:00 PM to 12:00 AM,606,148
2024,Sea Island Station,Sat,4:00 to 5:00 AM,0,1
2024,Sea Island Station,Sat,3:00 to 4:00 PM,56,50
2024,Sea Island Station,Sat,2:00 to 3:00 PM,80,74
2024,Sea Island Station,Sat,12:00 to 1:00 PM,37,35
2024,Sea Island Station,Sat,12:00 to 1:00 AM,16,6
2024,Sea Island Station,Sat,11:00 PM to 12:00 AM,27,13
2024,Sea Island Station,Sat,11:00 AM to 12:00 PM,29,41
2024,Sea Island Station,Sat,10:00 to 11:00 PM,43,34
2024,Sea Island Station,Sat,10:00 to 11:00 AM,24,32
2024,Sea Island Station,Sat,1:00 to 2:00 PM,54,37
2024,Sea Island Station,Sat,1:00 to 2:00 AM,2,1
2024,Sea Island Station,MF,9:00 to 10:00 PM,34,29
2024,Sea Island Station,MF,9:00 to 10:00 AM,41,48
2024,Sea Island Station,MF,8:00 to 9:00 PM,25,24
2024,Sea Island Station,MF,8:00 to 9:00 AM,85,42
2024,Sea Island Station,MF,7:00 to 8:00 PM,23,37
2024,Sea Island Station,MF,7:00 to 8:00 AM,84,51
2024,Sea Island Station,MF,6:00 to 7:00 PM,26,54
2024,Sea Island Station,MF,6:00 to 7:00 AM,90,66
2024,Sea Island Station,MF,5:00 to 6:00 PM,49,77
2024,Sea Island Station,MF,5:00 to 6:00 AM,45,59
2024,Sea Island Station,MF,4:00 to 5:00 PM,60,99
2024,Sea Island Station,MF,4:00 to 5:00 AM,0,1
2024,Sea Island Station,MF,3:00 to 4:00 PM,93,89
2024,Sea Island Station,MF,3:00 to 4:00 AM,0,0
2024,Sea Island Station,MF,2:00 to 3:00 PM,114,95
2024,Sea Island Station,MF,2:00 to 3:00 AM,0,0
2024,Sea Island Station,MF,12:00 to 1:00 PM,51,38
2024,Sea Island Station,MF,12:00 to 1:00 AM,16,7
2024,Sea Island Station,MF,11:00 PM to 12:00 AM,22,15
2024,Sea Island Station,MF,11:00 AM to 12:00 PM,41,36
2024,Sea Island Station,MF,10:00 to 11:00 PM,46,45
2024,Sea Island Station,MF,10:00 to 11:00 AM,34,40
2024,Sea Island Station,MF,1:00 to 2:00 PM,87,47
2024,Sea Island Station,MF,1:00 to 2:00 AM,4,1
2024,Sea Island Station,Sat,4:00 to 5:00 PM,43,36
2024,Sea Island Station,Sat,5:00 to 6:00 AM,22,52
2024,Sea Island Station,Sat,5:00 to 6:00 PM,36,28
2024,Sea Island Station,Sat,6:00 to 7:00 AM,43,59
2024,Sea Island Station,Sat,6:00 to 7:00 PM,21,27
2024,Sea Island Station,Sat,7:00 to 8:00 AM,47,34
2024,Sea Island Station,Sat,7:00 to 8:00 PM,22,16
2024,Sea Island Station,Sat,8:00 to 9:00 AM,20,28
2024,Sea Island Station,Sat,8:00 to 9:00 PM,24,16
2024,Sea Island Station,Sat,9:00 to 10:00 AM,21,20
2024,Sea Island Station,Sat,9:00 to 10:00 PM,31,22
2024,Sea Island Station,Sun/Hol,1:00 to 2:00 AM,4,1
2024,Sea Island Station,Sun/Hol,1:00 to 2:00 PM,56,32
2024,Sea Island Station,Sun/Hol,10:00 to 11:00 AM,25,22
2024,Sea Island Station,Sun/Hol,10:00 to 11:00 PM,45,29
2024,Sea Island Station,Sun/Hol,11:00 AM to 12:00 PM,30,24
2024,Sea Island Station,Sun/Hol,11:00 PM to 12:00 AM,25,12
2024,Sea Island Station,Sun/Hol,12:00 to 1:00 AM,17,5
2024,Sea Island Station,Sun/Hol,12:00 to 1:00 PM,41,26
2024,Sea Island Station,Sun/Hol,2:00 to 3:00 AM,0,0
2024,Sea Island Station,Sun/Hol,2:00 to 3:00 PM,73,63
2024,Sea Island Station,Sun/Hol,3:00 to 4:00 AM,0,0
2024,Sea Island Station,Sun/Hol,3:00 to 4:00 PM,54,49
2024,Sea Island Station,Sun/Hol,4:00 to 5:00 AM,0,0
2024,Sea Island Station,Sun/Hol,4:00 to 5:00 PM,41,32
2024,Sea Island Station,Sun/Hol,5:00 to 6:00 AM,22,53
2024,Sea Island Station,Sun/Hol,5:00 to 6:00 PM,40,32
2024,Sea Island Station,Sun/Hol,6:00 to 7:00 AM,29,57
2024,Sea Island Station,Sun/Hol,6:00 to 7:00 PM,23,27
2024,Sea Island Station,Sun/Hol,7:00 to 8:00 AM,24,36
2024,Sea Island Station,Sun/Hol,7:00 to 8:00 PM,25,19
2024,Sea Island Station,Sun/Hol,8:00 to 9:00 AM,18,23
2024,Sea Island Station,Sun/Hol,8:00 to 9:00 PM,26,16
2024,Sea Island Station,Sun/Hol,9:00 to 10:00 AM,20,19
2024,Sea Island Station,Sun/Hol,9:00 to 10:00 PM,35,23
2024,Sperling-Burnaby Lake Station,Sat,11:00 PM to 12:00 AM,47,18
2024,Sperling-Burnaby Lake Station,Sat,12:00 to 1:00 AM,31,8
2024,Sperling-Burnaby Lake Station,Sat,12:00 to 1:00 PM,57,106
2024,Sperling-Burnaby Lake Station,Sat,2:00 to 3:00 AM,0,0
2024,Sperling-Burnaby Lake Station,Sat,2:00 to 3:00 PM,77,102
2024,Sperling-Burnaby Lake Station,Sat,3:00 to 4:00 PM,87,105
2024,Sperling-Burnaby Lake Station,Sat,4:00 to 5:00 AM,0,0
2024,Sperling-Burnaby Lake Station,Sat,4:00 to 5:00 PM,92,104
2024,Sperling-Burnaby Lake Station,Sat,5:00 to 6:00 AM,0,0
2024,Sperling-Burnaby Lake Station,Sat,5:00 to 6:00 PM,102,85
2024,Sperling-Burnaby Lake Station,Sat,6:00 to 7:00 AM,7,25
2024,Sperling-Burnaby Lake Station,Sat,6:00 to 7:00 PM,101,77
2024,Sperling-Burnaby Lake Station,Sat,7:00 to 8:00 AM,22,50
2024,Sperling-Burnaby Lake Station,Sat,7:00 to 8:00 PM,77,54
2024,Sperling-Burnaby Lake Station,Sat,8:00 to 9:00 AM,29,74
2024,Sperling-Burnaby Lake Station,Sat,8:00 to 9:00 PM,71,42
2024,Sperling-Burnaby Lake Station,Sat,9:00 to 10:00 AM,35,90
2024,Sperling-Burnaby Lake Station,Sat,9:00 to 10:00 PM,61,33
2024,Sperling-Burnaby Lake Station,Sun/Hol,1:00 to 2:00 AM,0,0
2024,Sperling-Burnaby Lake Station,Sun/Hol,9:00 to 10:00 PM,57,28
2024,Sperling-Burnaby Lake Station,Sun/Hol,9:00 to 10:00 AM,28,75
2024,Sperling-Burnaby Lake Station,Sun/Hol,8:00 to 9:00 PM,60,30
2024,Sperling-Burnaby Lake Station,Sun/Hol,8:00 to 9:00 AM,23,52
2024,Sperling-Burnaby Lake Station,Sun/Hol,7:00 to 8:00 PM,70,37
2024,Sperling-Burnaby Lake Station,Sun/Hol,7:00 to 8:00 AM,12,32
2024,Sperling-Burnaby Lake Station,Sun/Hol,6:00 to 7:00 PM,82,49
2024,Sperling-Burnaby Lake Station,Sun/Hol,6:00 to 7:00 AM,1,2
2024,Sperling-Burnaby Lake Station,Sun/Hol,5:00 to 6:00 PM,82,64
2024,Sperling-Burnaby Lake Station,Sun/Hol,5:00 to 6:00 AM,0,0
2024,Sperling-Burnaby Lake Station,Sun/Hol,4:00 to 5:00 PM,76,77
2024,Sperling-Burnaby Lake Station,Sun/Hol,3:00 to 4:00 PM,72,78
2024,Sperling-Burnaby Lake Station,Sun/Hol,3:00 to 4:00 AM,0,0
2024,Sperling-Burnaby Lake Station,Sun/Hol,2:00 to 3:00 PM,60,79
2024,Sperling-Burnaby Lake Station,Sun/Hol,2:00 to 3:00 AM,0,0
2024,Sperling-Burnaby Lake Station,Sun/Hol,12:00 to 1:00 PM,43,81
2024,Sperling-Burnaby Lake Station,Sun/Hol,12:00 to 1:00 AM,15,3
2024,Sperling-Burnaby Lake Station,Sun/Hol,11:00 PM to 12:00 AM,34,12
2024,Sperling-Burnaby Lake Station,Sun/Hol,11:00 AM to 12:00 PM,37,81
2024,Sperling-Burnaby Lake Station,Sun/Hol,10:00 to 11:00 PM,40,21
2024,Sperling-Burnaby Lake Station,Sun/Hol,10:00 to 11:00 AM,36,80
2024,Sperling-Burnaby Lake Station,Sun/Hol,1:00 to 2:00 PM,55,89
2024,Sperling-Burnaby Lake Station,MF,1:00 to 2:00 AM,6,2
2024,Sperling-Burnaby Lake Station,MF,1:00 to 2:00 PM,75,90
2024,Sperling-Burnaby Lake Station,MF,10:00 to 11:00 AM,46,90
2024,Sperling-Burnaby Lake Station,MF,10:00 to 11:00 PM,56,24
2024,Sperling-Burnaby Lake Station,MF,11:00 AM to 12:00 PM,51,91
2024,Sperling-Burnaby Lake Station,MF,11:00 PM to 12:00 AM,37,16
2024,Sperling-Burnaby Lake Station,MF,12:00 to 1:00 AM,20,5
2024,Sperling-Burnaby Lake Station,MF,12:00 to 1:00 PM,67,95
2024,Sperling-Burnaby Lake Station,MF,2:00 to 3:00 AM,0,0
2024,Sperling-Burnaby Lake Station,MF,2:00 to 3:00 PM,88,109
2024,Sperling-Burnaby Lake Station,MF,3:00 to 4:00 AM,0,0
2024,Sperling-Burnaby Lake Station,MF,3:00 to 4:00 PM,146,143
2024,Sperling-Burnaby Lake Station,MF,4:00 to 5:00 AM,0,0
2024,Sperling-Burnaby Lake Station,MF,4:00 to 5:00 PM,171,151
2024,Sperling-Burnaby Lake Station,MF,5:00 to 6:00 AM,10,46
2024,Sperling-Burnaby Lake Station,MF,5:00 to 6:00 PM,200,153
2024,Sperling-Burnaby Lake Station,MF,6:00 to 7:00 AM,48,126
2024,Sperling-Burnaby Lake Station,MF,6:00 to 7:00 PM,159,90
2024,Sperling-Burnaby Lake Station,MF,7:00 to 8:00 AM,101,176
2024,Sperling-Burnaby Lake Station,MF,7:00 to 8:00 PM,99,48
2024,Sperling-Burnaby Lake Station,MF,8:00 to 9:00 AM,92,203
2024,Sperling-Burnaby Lake Station,MF,8:00 to 9:00 PM,86,41
2024,Sperling-Burnaby Lake Station,MF,9:00 to 10:00 AM,57,128
2024,Sperling-Burnaby Lake Station,MF,9:00 to 10:00 PM,70,32
2024,Sperling-Burnaby Lake Station,Sat,1:00 to 2:00 AM,12,2
2024,Sperling-Burnaby Lake Station,Sat,1:00 to 2:00 PM,74,108
2024,Sperling-Burnaby Lake Station,Sat,10:00 to 11:00 AM,42,96
2024,Sperling-Burnaby Lake Station,Sat,10:00 to 11:00 PM,64,34
2024,Sperling-Burnaby Lake Station,Sat,11:00 AM to 12:00 PM,49,106
2024,Stadium-Chinatown Station,Sun/Hol,9:00 to 10:00 PM,200,615
2024,Stadium-Chinatown Station,Sun/Hol,9:00 to 10:00 AM,479,210
2024,Stadium-Chinatown Station,Sun/Hol,8:00 to 9:00 PM,257,525
2024,Stadium-Chinatown Station,Sun/Hol,8:00 to 9:00 AM,354,149
2024,Stadium-Chinatown Station,Sun/Hol,7:00 to 8:00 PM,402,673
2024,Stadium-Chinatown Station,Sun/Hol,7:00 to 8:00 AM,251,90
2024,Stadium-Chinatown Station,Sun/Hol,6:00 to 7:00 PM,611,837
2024,Stadium-Chinatown Station,Sun/Hol,6:00 to 7:00 AM,5,3
2024,Stadium-Chinatown Station,Sun/Hol,5:00 to 6:00 PM,807,901
2024,Stadium-Chinatown Station,Sun/Hol,5:00 to 6:00 AM,1,1
2024,Stadium-Chinatown Station,Sun/Hol,4:00 to 5:00 PM,888,937
2024,Stadium-Chinatown Station,Sun/Hol,4:00 to 5:00 AM,0,0
2024,Stadium-Chinatown Station,MF,1:00 to 2:00 AM,12,41
2024,Stadium-Chinatown Station,MF,1:00 to 2:00 PM,774,704
2024,Stadium-Chinatown Station,MF,10:00 to 11:00 AM,713,318
2024,Stadium-Chinatown Station,MF,10:00 to 11:00 PM,217,826
2024,Stadium-Chinatown Station,MF,11:00 AM to 12:00 PM,740,418
2024,Stadium-Chinatown Station,MF,11:00 PM to 12:00 AM,110,562
2024,Stadium-Chinatown Station,MF,12:00 to 1:00 AM,44,225
2024,Stadium-Chinatown Station,MF,12:00 to 1:00 PM,937,616
2024,Stadium-Chinatown Station,MF,2:00 to 3:00 AM,0,0
2024,Stadium-Chinatown Station,MF,2:00 to 3:00 PM,803,863
2024,Stadium-Chinatown Station,MF,3:00 to 4:00 AM,0,0
2024,Stadium-Chinatown Station,MF,3:00 to 4:00 PM,935,1182
2024,Stadium-Chinatown Station,MF,4:00 to 5:00 AM,0,0
2024,Stadium-Chinatown Station,MF,4:00 to 5:00 PM,1263,1614
2024,Stadium-Chinatown Station,MF,5:00 to 6:00 AM,97,91
2024,Stadium-Chinatown Station,MF,5:00 to 6:00 PM,1327,1623
2024,Stadium-Chinatown Station,MF,6:00 to 7:00 AM,484,272
2024,Stadium-Chinatown Station,MF,6:00 to 7:00 PM,1249,1189
2024,Stadium-Chinatown Station,MF,7:00 to 8:00 AM,880,356
2024,Stadium-Chinatown Station,MF,7:00 to 8:00 PM,683,924
2024,Stadium-Chinatown Station,MF,8:00 to 9:00 AM,1617,366
2024,Stadium-Chinatown Station,MF,8:00 to 9:00 PM,336,759
2024,Stadium-Chinatown Station,MF,9:00 to 10:00 AM,1151,300
2024,Stadium-Chinatown Station,MF,9:00 to 10:00 PM,241,1018
2024,Stadium-Chinatown Station,Sat,1:00 to 2:00 AM,21,94
2024,Stadium-Chinatown Station,Sat,1:00 to 2:00 PM,1127,682
2024,Stadium-Chinatown Station,Sat,10:00 to 11:00 AM,710,346
2024,Stadium-Chinatown Station,Sat,10:00 to 11:00 PM,335,1143
2024,Stadium-Chinatown Station,Sat,11:00 AM to 12:00 PM,866,479
2024,Stadium-Chinatown Station,Sat,11:00 PM to 12:00 AM,180,1092
2024,Stadium-Chinatown Station,Sun/Hol,3:00 to 4:00 PM,933,944
2024,Stadium-Chinatown Station,Sun/Hol,3:00 to 4:00 AM,0,0
2024,Stadium-Chinatown Station,Sun/Hol,2:00 to 3:00 PM,935,752
2024,Stadium-Chinatown Station,Sun/Hol,2:00 to 3:00 AM,0,0
2024,Stadium-Chinatown Station,Sun/Hol,12:00 to 1:00 PM,918,577
2024,Stadium-Chinatown Station,Sun/Hol,12:00 to 1:00 AM,22,106
2024,Stadium-Chinatown Station,Sun/Hol,11:00 PM to 12:00 AM,101,415
2024,Stadium-Chinatown Station,Sun/Hol,11:00 AM to 12:00 PM,824,443
2024,Stadium-Chinatown Station,Sun/Hol,10:00 to 11:00 PM,186,447
2024,Stadium-Chinatown Station,Sun/Hol,10:00 to 11:00 AM,669,327
2024,Stadium-Chinatown Station,Sun/Hol,1:00 to 2:00 PM,904,650
2024,Stadium-Chinatown Station,Sun/Hol,1:00 to 2:00 AM,1,3
2024,Stadium-Chinatown Station,Sat,9:00 to 10:00 PM,396,1813
2024,Stadium-Chinatown Station,Sat,9:00 to 10:00 AM,670,246
2024,Stadium-Chinatown Station,Sat,8:00 to 9:00 PM,473,719
2024,Stadium-Chinatown Station,Sat,8:00 to 9:00 AM,571,182
2024,Stadium-Chinatown Station,Sat,7:00 to 8:00 PM,1116,1050
2024,Stadium-Chinatown Station,Sat,7:00 to 8:00 AM,331,177
2024,Stadium-Chinatown Station,Sat,6:00 to 7:00 PM,1729,1238
2024,Stadium-Chinatown Station,Sat,6:00 to 7:00 AM,137,60
2024,Stadium-Chinatown Station,Sat,5:00 to 6:00 PM,1510,1092
2024,Stadium-Chinatown Station,Sat,5:00 to 6:00 AM,0,0
2024,Stadium-Chinatown Station,Sat,4:00 to 5:00 PM,1536,1105
2024,Stadium-Chinatown Station,Sat,4:00 to 5:00 AM,0,0
2024,Stadium-Chinatown Station,Sat,3:00 to 4:00 PM,1492,1035
2024,Stadium-Chinatown Station,Sat,3:00 to 4:00 AM,0,0
2024,Stadium-Chinatown Station,Sat,2:00 to 3:00 PM,1336,830
2024,Stadium-Chinatown Station,Sat,2:00 to 3:00 AM,0,0
2024,Stadium-Chinatown Station,Sat,12:00 to 1:00 PM,1019,599
2024,Stadium-Chinatown Station,Sat,12:00 to 1:00 AM,84,509
2024,Surrey Central Station,MF,7:00 to 8:00 PM,1582,529
2024,Surrey Central Station,MF,8:00 to 9:00 AM,864,1551
2024,Surrey Central Station,MF,8:00 to 9:00 PM,1294,456
2024,Surrey Central Station,MF,9:00 to 10:00 AM,599,1104
2024,Surrey Central Station,MF,9:00 to 10:00 PM,1268,449
2024,Surrey Central Station,Sat,1:00 to 2:00 AM,353,18
2024,Surrey Central Station,Sat,1:00 to 2:00 PM,863,1021
2024,Surrey Central Station,Sat,10:00 to 11:00 AM,499,807
2024,Surrey Central Station,Sat,10:00 to 11:00 PM,1004,336
2024,Surrey Central Station,Sat,11:00 AM to 12:00 PM,603,901
2024,Surrey Central Station,Sat,11:00 PM to 12:00 AM,909,179
2024,Surrey Central Station,Sat,12:00 to 1:00 AM,659,74
2024,Surrey Central Station,Sat,12:00 to 1:00 PM,780,982
2024,Surrey Central Station,Sat,2:00 to 3:00 AM,10,2
2024,Surrey Central Station,Sat,2:00 to 3:00 PM,978,1029
2024,Surrey Central Station,Sat,3:00 to 4:00 AM,0,0
2024,Surrey Central Station,Sat,3:00 to 4:00 PM,1308,983
2024,Surrey Central Station,Sat,4:00 to 5:00 AM,0,0
2024,Surrey Central Station,Sat,4:00 to 5:00 PM,1518,910
2024,Surrey Central Station,Sat,5:00 to 6:00 AM,0,64
2024,Surrey Central Station,Sat,5:00 to 6:00 PM,1605,812
2024,Surrey Central Station,Sat,6:00 to 7:00 AM,184,853
2024,Surrey Central Station,Sat,6:00 to 7:00 PM,1522,720
2024,Surrey Central Station,Sat,7:00 to 8:00 AM,551,989
2024,Surrey Central Station,Sun/Hol,5:00 to 6:00 AM,2,9
2024,Surrey Central Station,Sun/Hol,4:00 to 5:00 PM,1167,731
2024,Surrey Central Station,Sun/Hol,4:00 to 5:00 AM,0,1
2024,Surrey Central Station,Sun/Hol,3:00 to 4:00 PM,987,819
2024,Surrey Central Station,Sun/Hol,3:00 to 4:00 AM,0,0
2024,Surrey Central Station,Sun/Hol,2:00 to 3:00 PM,747,887
2024,Surrey Central Station,Sun/Hol,2:00 to 3:00 AM,0,0
2024,Surrey Central Station,Sun/Hol,12:00 to 1:00 PM,571,800
2024,Surrey Central Station,Sun/Hol,12:00 to 1:00 AM,496,32
2024,Surrey Central Station,Sun/Hol,11:00 PM to 12:00 AM,700,117
2024,Surrey Central Station,Sun/Hol,11:00 AM to 12:00 PM,487,734
2024,Surrey Central Station,Sun/Hol,10:00 to 11:00 PM,712,253
2024,Surrey Central Station,Sun/Hol,10:00 to 11:00 AM,459,705
2024,Surrey Central Station,MF,1:00 to 2:00 AM,245,15
2024,Surrey Central Station,Sat,7:00 to 8:00 PM,1274,588
2024,Surrey Central Station,Sat,8:00 to 9:00 AM,588,953
2024,Surrey Central Station,Sat,8:00 to 9:00 PM,1148,502
2024,Surrey Central Station,Sat,9:00 to 10:00 AM,503,786
2024,Surrey Central Station,Sat,9:00 to 10:00 PM,1061,501
2024,Surrey Central Station,Sun/Hol,1:00 to 2:00 AM,16,2
2024,Surrey Central Station,Sun/Hol,1:00 to 2:00 PM,693,902
2024,Surrey Central Station,MF,1:00 to 2:00 PM,985,1029
2024,Surrey Central Station,MF,10:00 to 11:00 AM,590,859
2024,Surrey Central Station,MF,10:00 to 11:00 PM,953,269
2024,Surrey Central Station,MF,11:00 AM to 12:00 PM,644,1001
2024,Surrey Central Station,MF,11:00 PM to 12:00 AM,829,119
2024,Surrey Central Station,MF,12:00 to 1:00 AM,570,57
2024,Surrey Central Station,Sun/Hol,9:00 to 10:00 PM,787,373
2024,Surrey Central Station,Sun/Hol,9:00 to 10:00 AM,422,670
2024,Surrey Central Station,Sun/Hol,8:00 to 9:00 PM,1073,410
2024,Surrey Central Station,Sun/Hol,8:00 to 9:00 AM,522,605
2024,Surrey Central Station,Sun/Hol,7:00 to 8:00 PM,1324,472
2024,Surrey Central Station,Sun/Hol,7:00 to 8:00 AM,245,784
2024,Surrey Central Station,Sun/Hol,6:00 to 7:00 PM,1294,576
2024,Surrey Central Station,Sun/Hol,6:00 to 7:00 AM,11,181
2024,Surrey Central Station,Sun/Hol,5:00 to 6:00 PM,1318,635
2024,Surrey Central Station,MF,12:00 to 1:00 PM,908,1041
2024,Surrey Central Station,MF,2:00 to 3:00 AM,4,1
2024,Surrey Central Station,MF,2:00 to 3:00 PM,1178,1022
2024,Surrey Central Station,MF,3:00 to 4:00 AM,0,0
2024,Surrey Central Station,MF,3:00 to 4:00 PM,1996,1181
2024,Surrey Central Station,MF,4:00 to 5:00 AM,0,90
2024,Surrey Central Station,MF,4:00 to 5:00 PM,2576,1270
2024,Surrey Central Station,MF,5:00 to 6:00 AM,158,855
2024,Surrey Central Station,MF,5:00 to 6:00 PM,2786,1070
2024,Surrey Central Station,MF,6:00 to 7:00 AM,765,1639
2024,Surrey Central Station,MF,6:00 to 7:00 PM,2373,728
2024,Surrey Central Station,MF,7:00 to 8:00 AM,867,2084
2024,Templeton Station,Sat,7:00 to 8:00 AM,52,108
2024,Templeton Station,Sat,6:00 to 7:00 PM,180,318
2024,Templeton Station,Sat,6:00 to 7:00 AM,29,170
2024,Templeton Station,Sat,5:00 to 6:00 PM,243,347
2024,Templeton Station,Sat,5:00 to 6:00 AM,15,103
2024,Templeton Station,Sat,4:00 to 5:00 PM,336,343
2024,Templeton Station,Sat,4:00 to 5:00 AM,0,3
2024,Templeton Station,Sat,3:00 to 4:00 PM,435,334
2024,Templeton Station,Sat,2:00 to 3:00 PM,443,290
2024,Templeton Station,Sat,2:00 to 3:00 AM,0,0
2024,Templeton Station,Sat,12:00 to 1:00 PM,379,170
2024,Templeton Station,Sat,12:00 to 1:00 AM,95,8
2024,Templeton Station,Sat,11:00 PM to 12:00 AM,114,12
2024,Templeton Station,MF,3:00 to 4:00 AM,0,0
2024,Templeton Station,MF,3:00 to 4:00 PM,418,267
2024,Templeton Station,MF,4:00 to 5:00 AM,0,3
2024,Templeton Station,Sat,11:00 AM to 12:00 PM,295,143
2024,Templeton Station,Sat,10:00 to 11:00 PM,89,62
2024,Templeton Station,Sat,10:00 to 11:00 AM,224,111
2024,Templeton Station,Sat,1:00 to 2:00 PM,418,231
2024,Templeton Station,Sat,1:00 to 2:00 AM,12,1
2024,Templeton Station,MF,9:00 to 10:00 PM,90,147
2024,Templeton Station,MF,9:00 to 10:00 AM,136,142
2024,Templeton Station,MF,8:00 to 9:00 PM,90,211
2024,Templeton Station,MF,8:00 to 9:00 AM,78,169
2024,Templeton Station,MF,7:00 to 8:00 PM,109,188
2024,Templeton Station,MF,7:00 to 8:00 AM,92,192
2024,Templeton Station,MF,6:00 to 7:00 PM,193,222
2024,Templeton Station,MF,6:00 to 7:00 AM,49,220
2024,Templeton Station,MF,5:00 to 6:00 PM,268,251
2024,Templeton Station,MF,5:00 to 6:00 AM,20,124
2024,Templeton Station,MF,4:00 to 5:00 PM,348,282
2024,Templeton Station,Sat,7:00 to 8:00 PM,106,274
2024,Templeton Station,Sat,8:00 to 9:00 AM,69,91
2024,Templeton Station,Sat,8:00 to 9:00 PM,81,290
2024,Templeton Station,Sat,9:00 to 10:00 AM,133,99
2024,Templeton Station,Sat,9:00 to 10:00 PM,83,182
2024,Templeton Station,Sun/Hol,1:00 to 2:00 AM,15,1
2024,Templeton Station,Sun/Hol,1:00 to 2:00 PM,446,242
2024,Templeton Station,Sun/Hol,10:00 to 11:00 AM,232,104
2024,Templeton Station,Sun/Hol,10:00 to 11:00 PM,91,61
2024,Templeton Station,Sun/Hol,11:00 AM to 12:00 PM,304,151
2024,Templeton Station,Sun/Hol,11:00 PM to 12:00 AM,121,13
2024,Templeton Station,Sun/Hol,12:00 to 1:00 AM,92,16
2024,Templeton Station,Sun/Hol,12:00 to 1:00 PM,385,181
2024,Templeton Station,Sun/Hol,2:00 to 3:00 AM,0,0
2024,Templeton Station,Sun/Hol,2:00 to 3:00 PM,470,294
2024,Templeton Station,Sun/Hol,3:00 to 4:00 AM,0,0
2024,Templeton Station,Sun/Hol,3:00 to 4:00 PM,454,349
2024,Templeton Station,Sun/Hol,4:00 to 5:00 AM,0,2
2024,Templeton Station,Sun/Hol,4:00 to 5:00 PM,348,377
2024,Templeton Station,Sun/Hol,5:00 to 6:00 AM,13,96
2024,Templeton Station,Sun/Hol,5:00 to 6:00 PM,249,368
2024,Templeton Station,Sun/Hol,6:00 to 7:00 AM,30,169
2024,Templeton Station,Sun/Hol,6:00 to 7:00 PM,165,324
2024,Templeton Station,Sun/Hol,7:00 to 8:00 AM,66,112
2024,Templeton Station,Sun/Hol,7:00 to 8:00 PM,107,277
2024,Templeton Station,Sun/Hol,8:00 to 9:00 AM,69,74
2024,Templeton Station,Sun/Hol,8:00 to 9:00 PM,82,261
2024,Templeton Station,Sun/Hol,9:00 to 10:00 AM,136,96
2024,Templeton Station,Sun/Hol,9:00 to 10:00 PM,88,176
2024,Templeton Station,MF,2:00 to 3:00 PM,353,227
2024,Templeton Station,MF,2:00 to 3:00 AM,0,0
2024,Templeton Station,MF,12:00 to 1:00 PM,269,165
2024,Templeton Station,MF,12:00 to 1:00 AM,87,27
2024,Templeton Station,MF,11:00 PM to 12:00 AM,127,13
2024,Templeton Station,MF,11:00 AM to 12:00 PM,222,152
2024,Templeton Station,MF,10:00 to 11:00 PM,99,47
2024,Templeton Station,MF,10:00 to 11:00 AM,184,127
2024,Templeton Station,MF,1:00 to 2:00 PM,298,209
2024,Templeton Station,MF,1:00 to 2:00 AM,12,1
2024,VCC-Clark Station,Sun/Hol,3:00 to 4:00 PM,71,86
2024,VCC-Clark Station,Sun/Hol,3:00 to 4:00 AM,0,0
2024,VCC-Clark Station,Sun/Hol,2:00 to 3:00 PM,72,75
2024,VCC-Clark Station,Sun/Hol,2:00 to 3:00 AM,0,0
2024,VCC-Clark Station,Sun/Hol,12:00 to 1:00 PM,69,61
2024,VCC-Clark Station,Sun/Hol,12:00 to 1:00 AM,6,8
2024,VCC-Clark Station,Sun/Hol,11:00 PM to 12:00 AM,18,23
2024,VCC-Clark Station,Sun/Hol,11:00 AM to 12:00 PM,60,59
2024,VCC-Clark Station,Sun/Hol,10:00 to 11:00 PM,21,24
2024,VCC-Clark Station,Sun/Hol,10:00 to 11:00 AM,62,50
2024,VCC-Clark Station,Sun/Hol,1:00 to 2:00 PM,71,70
2024,VCC-Clark Station,Sun/Hol,1:00 to 2:00 AM,0,0
2024,VCC-Clark Station,Sat,9:00 to 10:00 PM,33,54
2024,VCC-Clark Station,Sat,9:00 to 10:00 AM,76,53
2024,VCC-Clark Station,Sat,8:00 to 9:00 PM,36,53
2024,VCC-Clark Station,Sun/Hol,4:00 to 5:00 AM,0,0
2024,VCC-Clark Station,Sun/Hol,4:00 to 5:00 PM,63,97
2024,VCC-Clark Station,Sun/Hol,5:00 to 6:00 AM,0,0
2024,VCC-Clark Station,Sun/Hol,5:00 to 6:00 PM,57,95
2024,VCC-Clark Station,Sun/Hol,6:00 to 7:00 AM,1,2
2024,VCC-Clark Station,Sun/Hol,6:00 to 7:00 PM,46,79
2024,VCC-Clark Station,Sun/Hol,7:00 to 8:00 AM,22,22
2024,VCC-Clark Station,Sun/Hol,7:00 to 8:00 PM,39,56
2024,VCC-Clark Station,Sun/Hol,8:00 to 9:00 AM,44,32
2024,VCC-Clark Station,Sun/Hol,8:00 to 9:00 PM,27,34
2024,VCC-Clark Station,Sun/Hol,9:00 to 10:00 AM,63,40
2024,VCC-Clark Station,Sat,8:00 to 9:00 AM,61,51
2024,VCC-Clark Station,Sat,7:00 to 8:00 PM,51,82
2024,VCC-Clark Station,Sat,7:00 to 8:00 AM,40,38
2024,VCC-Clark Station,Sat,6:00 to 7:00 PM,64,117
2024,VCC-Clark Station,Sat,6:00 to 7:00 AM,15,14
2024,VCC-Clark Station,Sat,5:00 to 6:00 PM,85,137
2024,VCC-Clark Station,Sat,5:00 to 6:00 AM,0,0
2024,VCC-Clark Station,Sat,4:00 to 5:00 PM,93,142
2024,VCC-Clark Station,Sat,4:00 to 5:00 AM,0,0
2024,VCC-Clark Station,Sat,3:00 to 4:00 PM,97,139
2024,VCC-Clark Station,Sat,3:00 to 4:00 AM,0,0
2024,VCC-Clark Station,Sat,2:00 to 3:00 PM,98,117
2024,VCC-Clark Station,MF,1:00 to 2:00 AM,3,4
2024,VCC-Clark Station,MF,1:00 to 2:00 PM,103,127
2024,VCC-Clark Station,MF,10:00 to 11:00 AM,141,65
2024,VCC-Clark Station,Sun/Hol,9:00 to 10:00 PM,26,31
2024,VCC-Clark Station,MF,10:00 to 11:00 PM,28,47
2024,VCC-Clark Station,MF,11:00 AM to 12:00 PM,131,104
2024,VCC-Clark Station,MF,11:00 PM to 12:00 AM,20,33
2024,VCC-Clark Station,MF,12:00 to 1:00 AM,9,12
2024,VCC-Clark Station,MF,12:00 to 1:00 PM,156,126
2024,VCC-Clark Station,MF,2:00 to 3:00 AM,0,0
2024,VCC-Clark Station,MF,2:00 to 3:00 PM,113,200
2024,VCC-Clark Station,MF,3:00 to 4:00 AM,0,0
2024,VCC-Clark Station,MF,3:00 to 4:00 PM,132,381
2024,VCC-Clark Station,MF,4:00 to 5:00 AM,0,0
2024,VCC-Clark Station,MF,4:00 to 5:00 PM,141,415
2024,VCC-Clark Station,MF,5:00 to 6:00 AM,23,28
2024,VCC-Clark Station,MF,5:00 to 6:00 PM,150,423
2024,VCC-Clark Station,MF,6:00 to 7:00 AM,180,96
2024,VCC-Clark Station,MF,6:00 to 7:00 PM,89,264
2024,VCC-Clark Station,MF,7:00 to 8:00 AM,372,130
2024,VCC-Clark Station,MF,7:00 to 8:00 PM,53,138
2024,VCC-Clark Station,MF,8:00 to 9:00 AM,486,140
2024,VCC-Clark Station,MF,8:00 to 9:00 PM,38,92
2024,VCC-Clark Station,MF,9:00 to 10:00 AM,237,83
2024,VCC-Clark Station,MF,9:00 to 10:00 PM,30,78
2024,VCC-Clark Station,Sat,1:00 to 2:00 AM,7,5
2024,VCC-Clark Station,Sat,1:00 to 2:00 PM,100,98
2024,VCC-Clark Station,Sat,10:00 to 11:00 AM,86,65
2024,VCC-Clark Station,Sat,10:00 to 11:00 PM,30,32
2024,VCC-Clark Station,Sat,11:00 AM to 12:00 PM,86,66
2024,VCC-Clark Station,Sat,11:00 PM to 12:00 AM,24,29
2024,VCC-Clark Station,Sat,12:00 to 1:00 AM,14,14
2024,VCC-Clark Station,Sat,12:00 to 1:00 PM,98,89
2024,VCC-Clark Station,Sat,2:00 to 3:00 AM,0,0
2024,Vancouver City Centre Station,Sat,5:00 to 6:00 PM,987,1125
2024,Vancouver City Centre Station,Sat,6:00 to 7:00 AM,166,127
2024,Vancouver City Centre Station,Sat,6:00 to 7:00 PM,885,1041
2024,Vancouver City Centre Station,Sat,7:00 to 8:00 AM,303,195
2024,Vancouver City Centre Station,Sat,7:00 to 8:00 PM,608,810
2024,Vancouver City Centre Station,Sat,8:00 to 9:00 AM,473,263
2024,Vancouver City Centre Station,Sat,8:00 to 9:00 PM,415,671
2024,Vancouver City Centre Station,Sat,5:00 to 6:00 AM,66,57
2024,Vancouver City Centre Station,Sat,4:00 to 5:00 PM,1129,1136
2024,Vancouver City Centre Station,Sat,4:00 to 5:00 AM,1,18
2024,Vancouver City Centre Station,Sat,3:00 to 4:00 PM,1143,1027
2024,Vancouver City Centre Station,Sat,3:00 to 4:00 AM,0,1
2024,Vancouver City Centre Station,Sat,9:00 to 10:00 AM,617,364
2024,Vancouver City Centre Station,Sat,9:00 to 10:00 PM,361,606
2024,Vancouver City Centre Station,Sun/Hol,1:00 to 2:00 AM,22,19
2024,Vancouver City Centre Station,Sun/Hol,1:00 to 2:00 PM,961,717
2024,Vancouver City Centre Station,Sun/Hol,10:00 to 11:00 AM,715,406
2024,Vancouver City Centre Station,Sun/Hol,10:00 to 11:00 PM,210,315
2024,Vancouver City Centre Station,Sun/Hol,11:00 AM to 12:00 PM,800,496
2024,Vancouver City Centre Station,Sun/Hol,11:00 PM to 12:00 AM,120,201
2024,Vancouver City Centre Station,Sun/Hol,12:00 to 1:00 AM,62,93
2024,Vancouver City Centre Station,Sun/Hol,12:00 to 1:00 PM,891,627
2024,Vancouver City Centre Station,Sun/Hol,2:00 to 3:00 AM,1,1
2024,Vancouver City Centre Station,Sun/Hol,2:00 to 3:00 PM,943,831
2024,Vancouver City Centre Station,Sun/Hol,3:00 to 4:00 AM,1,1
2024,Vancouver City Centre Station,Sun/Hol,3:00 to 4:00 PM,904,948
2024,Vancouver City Centre Station,Sun/Hol,4:00 to 5:00 AM,1,20
2024,Vancouver City Centre Station,Sun/Hol,4:00 to 5:00 PM,847,985
2024,Vancouver City Centre Station,Sun/Hol,5:00 to 6:00 AM,60,56
2024,Vancouver City Centre Station,Sun/Hol,5:00 to 6:00 PM,738,983
2024,Vancouver City Centre Station,Sun/Hol,6:00 to 7:00 AM,172,136
2024,Vancouver City Centre Station,Sun/Hol,6:00 to 7:00 PM,598,894
2024,Vancouver City Centre Station,Sun/Hol,7:00 to 8:00 AM,290,179
2024,Vancouver City Centre Station,Sun/Hol,7:00 to 8:00 PM,409,721
2024,Vancouver City Centre Station,Sun/Hol,8:00 to 9:00 AM,407,191
2024,Vancouver City Centre Station,Sun/Hol,8:00 to 9:00 PM,316,476
2024,Vancouver City Centre Station,MF,1:00 to 2:00 AM,25,21
2024,Vancouver City Centre Station,MF,1:00 to 2:00 PM,877,780
2024,Vancouver City Centre Station,MF,10:00 to 11:00 AM,821,450
2024,Vancouver City Centre Station,MF,10:00 to 11:00 PM,208,429
2024,Vancouver City Centre Station,MF,11:00 AM to 12:00 PM,836,545
2024,Vancouver City Centre Station,MF,11:00 PM to 12:00 AM,110,249
2024,Vancouver City Centre Station,MF,12:00 to 1:00 AM,63,112
2024,Vancouver City Centre Station,MF,12:00 to 1:00 PM,900,671
2024,Vancouver City Centre Station,MF,2:00 to 3:00 AM,1,1
2024,Vancouver City Centre Station,MF,2:00 to 3:00 PM,920,932
2024,Vancouver City Centre Station,MF,3:00 to 4:00 AM,0,1
2024,Vancouver City Centre Station,MF,3:00 to 4:00 PM,1054,1293
2024,Vancouver City Centre Station,MF,4:00 to 5:00 AM,1,16
2024,Vancouver City Centre Station,MF,4:00 to 5:00 PM,1265,1915
2024,Vancouver City Centre Station,MF,5:00 to 6:00 AM,136,103
2024,Vancouver City Centre Station,MF,5:00 to 6:00 PM,1222,2094
2024,Vancouver City Centre Station,MF,6:00 to 7:00 AM,534,322
2024,Vancouver City Centre Station,MF,6:00 to 7:00 PM,879,1344
2024,Vancouver City Centre Station,MF,7:00 to 8:00 AM,1270,480
2024,Vancouver City Centre Station,MF,7:00 to 8:00 PM,513,827
2024,Vancouver City Centre Station,MF,8:00 to 9:00 AM,2205,578
2024,Vancouver City Centre Station,MF,8:00 to 9:00 PM,350,645
2024,Vancouver City Centre Station,MF,9:00 to 10:00 AM,1297,463
2024,Vancouver City Centre Station,MF,9:00 to 10:00 PM,294,560
2024,Vancouver City Centre Station,Sat,1:00 to 2:00 AM,36,45
2024,Vancouver City Centre Station,Sat,1:00 to 2:00 PM,1104,762
2024,Vancouver City Centre Station,Sat,10:00 to 11:00 AM,710,450
2024,Vancouver City Centre Station,Sat,10:00 to 11:00 PM,289,564
2024,Vancouver City Centre Station,Sat,11:00 AM to 12:00 PM,920,570
2024,Vancouver City Centre Station,Sat,11:00 PM to 12:00 AM,174,422
2024,Vancouver City Centre Station,Sat,12:00 to 1:00 AM,101,229
2024,Vancouver City Centre Station,Sat,12:00 to 1:00 PM,1022,670
2024,Vancouver City Centre Station,Sun/Hol,9:00 to 10:00 PM,273,409
2024,Vancouver City Centre Station,Sun/Hol,9:00 to 10:00 AM,482,294
2024,Vancouver City Centre Station,Sat,2:00 to 3:00 AM,0,1
2024,Vancouver City Centre Station,Sat,2:00 to 3:00 PM,1157,919
2024,Waterfront Station,Sat,9:00 to 10:00 AM,1254,712
2024,Waterfront Station,Sat,9:00 to 10:00 PM,864,1325
2024,Waterfront Station,Sun/Hol,1:00 to 2:00 AM,19,9
2024,Waterfront Station,Sun/Hol,1:00 to 2:00 PM,1641,1290
2024,Waterfront Station,Sun/Hol,10:00 to 11:00 AM,1327,748
2024,Waterfront Station,Sun/Hol,10:00 to 11:00 PM,450,727
2024,Waterfront Station,Sun/Hol,11:00 AM to 12:00 PM,1534,875
2024,Waterfront Station,Sun/Hol,11:00 PM to 12:00 AM,273,508
2024,Waterfront Station,Sun/Hol,12:00 to 1:00 AM,94,119
2024,Waterfront Station,Sun/Hol,12:00 to 1:00 PM,1594,1070
2024,Waterfront Station,Sun/Hol,2:00 to 3:00 AM,1,1
2024,Waterfront Station,Sun/Hol,2:00 to 3:00 PM,1627,1540
2024,Waterfront Station,Sun/Hol,3:00 to 4:00 AM,1,1
2024,Waterfront Station,Sun/Hol,3:00 to 4:00 PM,1567,1850
2024,Waterfront Station,Sun/Hol,4:00 to 5:00 AM,1,11
2024,Waterfront Station,Sun/Hol,4:00 to 5:00 PM,1472,2038
2024,Waterfront Station,Sun/Hol,5:00 to 6:00 AM,32,33
2024,Waterfront Station,Sun/Hol,5:00 to 6:00 PM,1241,2071
2024,Waterfront Station,Sun/Hol,6:00 to 7:00 AM,110,57
2024,Waterfront Station,Sun/Hol,6:00 to 7:00 PM,989,1766
2024,Waterfront Station,Sun/Hol,7:00 to 8:00 AM,500,271
2024,Waterfront Station,Sun/Hol,7:00 to 8:00 PM,789,1435
2024,Waterfront Station,Sun/Hol,8:00 to 9:00 AM,801,459
2024,Waterfront Station,Sun/Hol,8:00 to 9:00 PM,633,1137
2024,Waterfront Station,Sun/Hol,9:00 to 10:00 AM,972,610
2024,Waterfront Station,Sun/Hol,9:00 to 10:00 PM,559,978
2024,Waterfront Station,Sat,6:00 to 7:00 AM,298,158
2024,Waterfront Station,Sat,5:00 to 6:00 PM,1606,2403
2024,Waterfront Station,Sat,5:00 to 6:00 AM,36,34
2024,Waterfront Station,Sat,4:00 to 5:00 PM,1781,2374
2024,Waterfront Station,Sat,4:00 to 5:00 AM,1,11
2024,Waterfront Station,Sat,3:00 to 4:00 PM,1858,2138
2024,Waterfront Station,Sat,3:00 to 4:00 AM,0,1
2024,Waterfront Station,Sat,2:00 to 3:00 PM,1875,1753
2024,Waterfront Station,Sat,2:00 to 3:00 AM,1,1
2024,Waterfront Station,Sat,12:00 to 1:00 PM,1761,1195
2024,Waterfront Station,Sat,12:00 to 1:00 AM,256,661
2024,Waterfront Station,Sat,11:00 PM to 12:00 AM,499,1045
2024,Waterfront Station,Sat,11:00 AM to 12:00 PM,1688,973
2024,Waterfront Station,Sat,10:00 to 11:00 PM,723,1126
2024,Waterfront Station,Sat,10:00 to 11:00 AM,1448,778
2024,Waterfront Station,Sat,1:00 to 2:00 PM,1805,1421
2024,Waterfront Station,Sat,1:00 to 2:00 AM,53,119
2024,Waterfront Station,MF,9:00 to 10:00 PM,627,1383
2024,Waterfront Station,MF,9:00 to 10:00 AM,2375,823
2024,Waterfront Station,MF,8:00 to 9:00 PM,690,1446
2024,Waterfront Station,MF,8:00 to 9:00 AM,3834,1582
2024,Waterfront Station,MF,7:00 to 8:00 PM,861,1732
2024,Waterfront Station,MF,7:00 to 8:00 AM,2185,1206
2024,Waterfront Station,MF,6:00 to 7:00 PM,1466,2694
2024,Waterfront Station,MF,6:00 to 7:00 AM,1195,706
2024,Waterfront Station,MF,5:00 to 6:00 PM,2323,4517
2024,Waterfront Station,MF,5:00 to 6:00 AM,261,162
2024,Waterfront Station,MF,4:00 to 5:00 PM,2679,4224
2024,Waterfront Station,MF,4:00 to 5:00 AM,2,11
2024,Waterfront Station,MF,3:00 to 4:00 PM,2073,2871
2024,Waterfront Station,MF,3:00 to 4:00 AM,1,1
2024,Waterfront Station,MF,2:00 to 3:00 PM,1559,1883
2024,Waterfront Station,MF,2:00 to 3:00 AM,1,1
2024,Waterfront Station,MF,12:00 to 1:00 PM,1536,1260
2024,Waterfront Station,MF,12:00 to 1:00 AM,142,351
2024,Waterfront Station,MF,11:00 PM to 12:00 AM,299,630
2024,Waterfront Station,MF,11:00 AM to 12:00 PM,1453,956
2024,Waterfront Station,MF,10:00 to 11:00 PM,525,927
2024,Waterfront Station,MF,10:00 to 11:00 AM,1518,803
2024,Waterfront Station,MF,1:00 to 2:00 PM,1495,1524
2024,Waterfront Station,MF,1:00 to 2:00 AM,33,55
2024,Waterfront Station,Sat,6:00 to 7:00 PM,1369,2144
2024,Waterfront Station,Sat,7:00 to 8:00 AM,716,347
2024,Waterfront Station,Sat,7:00 to 8:00 PM,1034,1707
2024,Waterfront Station,Sat,8:00 to 9:00 AM,994,520
2024,Waterfront Station,Sat,8:00 to 9:00 PM,841,1380
2024,YVR-Airport Station,Sat,9:00 to 10:00 AM,514,228
2024,YVR-Airport Station,Sat,8:00 to 9:00 PM,245,330
2024,YVR-Airport Station,Sat,8:00 to 9:00 AM,369,209
2024,YVR-Airport Station,Sat,7:00 to 8:00 PM,245,322
2024,YVR-Airport Station,Sat,7:00 to 8:00 AM,425,213
2024,YVR-Airport Station,Sat,6:00 to 7:00 PM,261,366
2024,YVR-Airport Station,Sat,6:00 to 7:00 AM,483,93
2024,YVR-Airport Station,Sat,5:00 to 6:00 PM,293,428
2024,YVR-Airport Station,Sat,5:00 to 6:00 AM,287,56
2024,YVR-Airport Station,Sat,4:00 to 5:00 PM,318,554
2024,YVR-Airport Station,Sat,4:00 to 5:00 AM,0,6
2024,YVR-Airport Station,Sat,3:00 to 4:00 PM,430,659
2024,YVR-Airport Station,Sat,2:00 to 3:00 PM,495,616
2024,YVR-Airport Station,Sat,2:00 to 3:00 AM,0,0
2024,YVR-Airport Station,Sat,12:00 to 1:00 PM,445,553
2024,YVR-Airport Station,Sat,12:00 to 1:00 AM,31,242
2024,YVR-Airport Station,Sat,11:00 PM to 12:00 AM,44,388
2024,YVR-Airport Station,Sat,11:00 AM to 12:00 PM,512,455
2024,YVR-Airport Station,Sat,10:00 to 11:00 PM,114,430
2024,YVR-Airport Station,Sat,10:00 to 11:00 AM,532,356
2024,YVR-Airport Station,Sun/Hol,12:00 to 1:00 AM,22,250
2024,YVR-Airport Station,Sun/Hol,12:00 to 1:00 PM,459,584
2024,YVR-Airport Station,Sun/Hol,2:00 to 3:00 AM,0,0
2024,YVR-Airport Station,Sun/Hol,2:00 to 3:00 PM,490,641
2024,YVR-Airport Station,Sun/Hol,3:00 to 4:00 AM,0,0
2024,YVR-Airport Station,Sun/Hol,3:00 to 4:00 PM,426,684
2024,YVR-Airport Station,Sun/Hol,4:00 to 5:00 AM,0,5
2024,YVR-Airport Station,Sun/Hol,4:00 to 5:00 PM,317,576
2024,YVR-Airport Station,Sun/Hol,5:00 to 6:00 AM,267,56
2024,YVR-Airport Station,Sun/Hol,5:00 to 6:00 PM,295,462
2024,YVR-Airport Station,Sun/Hol,6:00 to 7:00 AM,457,98
2024,YVR-Airport Station,Sun/Hol,6:00 to 7:00 PM,259,371
2024,YVR-Airport Station,Sun/Hol,7:00 to 8:00 AM,399,201
2024,YVR-Airport Station,Sun/Hol,7:00 to 8:00 PM,252,365
2024,YVR-Airport Station,Sun/Hol,8:00 to 9:00 AM,350,160
2024,YVR-Airport Station,Sun/Hol,8:00 to 9:00 PM,238,369
2024,YVR-Airport Station,Sun/Hol,9:00 to 10:00 AM,454,216
2024,YVR-Airport Station,Sun/Hol,9:00 to 10:00 PM,181,462
2024,YVR-Airport Station,Sat,9:00 to 10:00 PM,196,374
2024,YVR-Airport Station,Sun/Hol,1:00 to 2:00 AM,9,2
2024,YVR-Airport Station,Sun/Hol,1:00 to 2:00 PM,492,549
2024,YVR-Airport Station,Sun/Hol,10:00 to 11:00 AM,531,360
2024,YVR-Airport Station,Sun/Hol,10:00 to 11:00 PM,98,487
2024,YVR-Airport Station,Sun/Hol,11:00 AM to 12:00 PM,511,443
2024,YVR-Airport Station,Sun/Hol,11:00 PM to 12:00 AM,31,410
2024,YVR-Airport Station,MF,1:00 to 2:00 AM,12,2
2024,YVR-Airport Station,MF,1:00 to 2:00 PM,521,565
2024,YVR-Airport Station,MF,10:00 to 11:00 AM,534,359
2024,YVR-Airport Station,MF,10:00 to 11:00 PM,109,427
2024,YVR-Airport Station,MF,11:00 AM to 12:00 PM,543,438
2024,YVR-Airport Station,MF,11:00 PM to 12:00 AM,38,363
2024,YVR-Airport Station,MF,12:00 to 1:00 AM,23,228
2024,YVR-Airport Station,MF,12:00 to 1:00 PM,470,578
2024,YVR-Airport Station,MF,2:00 to 3:00 AM,0,0
2024,YVR-Airport Station,MF,2:00 to 3:00 PM,506,711
2024,YVR-Airport Station,MF,3:00 to 4:00 AM,0,0
2024,YVR-Airport Station,MF,3:00 to 4:00 PM,446,809
2024,YVR-Airport Station,MF,4:00 to 5:00 AM,0,7
2024,YVR-Airport Station,MF,4:00 to 5:00 PM,347,749
2024,YVR-Airport Station,MF,5:00 to 6:00 AM,329,59
2024,YVR-Airport Station,MF,5:00 to 6:00 PM,328,564
2024,YVR-Airport Station,MF,6:00 to 7:00 AM,678,96
2024,YVR-Airport Station,MF,6:00 to 7:00 PM,283,421
2024,YVR-Airport Station,MF,7:00 to 8:00 AM,595,238
2024,YVR-Airport Station,MF,7:00 to 8:00 PM,265,350
2024,YVR-Airport Station,MF,8:00 to 9:00 AM,501,205
2024,YVR-Airport Station,MF,8:00 to 9:00 PM,258,354
2024,YVR-Airport Station,MF,9:00 to 10:00 AM,534,234
2024,YVR-Airport Station,MF,9:00 to 10:00 PM,202,405
2024,YVR-Airport Station,Sat,1:00 to 2:00 AM,12,1
2024,YVR-Airport Station,Sat,1:00 to 2:00 PM,482,543
2024,Yaletown-Roundhouse Station,Sun/Hol,12:00 to 1:00 PM,464,427
2024,Yaletown-Roundhouse Station,Sun/Hol,12:00 to 1:00 AM,46,91
2024,Yaletown-Roundhouse Station,Sun/Hol,11:00 PM to 12:00 AM,102,174
2024,Yaletown-Roundhouse Station,Sun/Hol,11:00 AM to 12:00 PM,401,388
2024,Yaletown-Roundhouse Station,Sun/Hol,10:00 to 11:00 PM,183,239
2024,Yaletown-Roundhouse Station,Sun/Hol,10:00 to 11:00 AM,332,337
2024,Yaletown-Roundhouse Station,Sun/Hol,1:00 to 2:00 PM,491,444
2024,Yaletown-Roundhouse Station,Sun/Hol,1:00 to 2:00 AM,15,17
2024,Yaletown-Roundhouse Station,Sat,9:00 to 10:00 PM,341,451
2024,Yaletown-Roundhouse Station,Sat,9:00 to 10:00 AM,375,310
2024,Yaletown-Roundhouse Station,Sat,8:00 to 9:00 PM,398,392
2024,Yaletown-Roundhouse Station,Sat,8:00 to 9:00 AM,274,217
2024,Yaletown-Roundhouse Station,Sat,7:00 to 8:00 PM,510,476
2024,Yaletown-Roundhouse Station,Sat,7:00 to 8:00 AM,198,167
2024,Yaletown-Roundhouse Station,Sat,6:00 to 7:00 PM,694,534
2024,Yaletown-Roundhouse Station,Sat,6:00 to 7:00 AM,101,113
2024,Yaletown-Roundhouse Station,Sat,5:00 to 6:00 PM,717,554
2024,Yaletown-Roundhouse Station,Sat,5:00 to 6:00 AM,27,63
2024,Yaletown-Roundhouse Station,Sat,4:00 to 5:00 PM,740,604
2024,Yaletown-Roundhouse Station,Sat,4:00 to 5:00 AM,1,12
2024,Yaletown-Roundhouse Station,Sat,3:00 to 4:00 PM,688,590
2024,Yaletown-Roundhouse Station,Sat,3:00 to 4:00 AM,0,0
2024,Yaletown-Roundhouse Station,Sat,2:00 to 3:00 PM,626,547
2024,Yaletown-Roundhouse Station,Sun/Hol,7:00 to 8:00 AM,195,149
2024,Yaletown-Roundhouse Station,Sun/Hol,7:00 to 8:00 PM,332,404
2024,Yaletown-Roundhouse Station,Sun/Hol,8:00 to 9:00 AM,186,163
2024,Yaletown-Roundhouse Station,Sun/Hol,8:00 to 9:00 PM,258,337
2024,Yaletown-Roundhouse Station,Sun/Hol,9:00 to 10:00 AM,282,235
2024,Yaletown-Roundhouse Station,Sun/Hol,9:00 to 10:00 PM,219,306
2024,Yaletown-Roundhouse Station,Sat,2:00 to 3:00 AM,1,0
2024,Yaletown-Roundhouse Station,Sat,12:00 to 1:00 PM,532,482
2024,Yaletown-Roundhouse Station,Sat,12:00 to 1:00 AM,85,261
2024,Yaletown-Roundhouse Station,Sat,11:00 PM to 12:00 AM,154,399
2024,Yaletown-Roundhouse Station,Sat,11:00 AM to 12:00 PM,456,444
2024,Yaletown-Roundhouse Station,Sat,10:00 to 11:00 PM,256,421
2024,Yaletown-Roundhouse Station,Sat,10:00 to 11:00 AM,390,381
2024,Yaletown-Roundhouse Station,Sun/Hol,2:00 to 3:00 AM,1,0
2024,Yaletown-Roundhouse Station,Sun/Hol,2:00 to 3:00 PM,525,497
2024,Yaletown-Roundhouse Station,Sun/Hol,3:00 to 4:00 AM,0,0
2024,Yaletown-Roundhouse Station,Sun/Hol,3:00 to 4:00 PM,532,507
2024,Yaletown-Roundhouse Station,Sun/Hol,4:00 to 5:00 AM,0,14
2024,Yaletown-Roundhouse Station,Sun/Hol,4:00 to 5:00 PM,556,523
2024,Yaletown-Roundhouse Station,Sun/Hol,5:00 to 6:00 AM,27,59
2024,Yaletown-Roundhouse Station,Sun/Hol,5:00 to 6:00 PM,520,482
2024,Yaletown-Roundhouse Station,Sun/Hol,6:00 to 7:00 AM,101,104
2024,Yaletown-Roundhouse Station,Sun/Hol,6:00 to 7:00 PM,439,426
2024,Yaletown-Roundhouse Station,Sat,1:00 to 2:00 PM,558,493
2024,Yaletown-Roundhouse Station,Sat,1:00 to 2:00 AM,20,54
2024,Yaletown-Roundhouse Station,MF,9:00 to 10:00 PM,265,386
2024,Yaletown-Roundhouse Station,MF,9:00 to 10:00 AM,624,432
2024,Yaletown-Roundhouse Station,MF,8:00 to 9:00 PM,302,403
2024,Yaletown-Roundhouse Station,MF,8:00 to 9:00 AM,667,630
2024,Yaletown-Roundhouse Station,MF,7:00 to 8:00 PM,408,479
2024,Yaletown-Roundhouse Station,MF,7:00 to 8:00 AM,474,502
2024,Yaletown-Roundhouse Station,MF,6:00 to 7:00 PM,701,645
2024,Yaletown-Roundhouse Station,MF,6:00 to 7:00 AM,214,315
2024,Yaletown-Roundhouse Station,MF,5:00 to 6:00 PM,916,846
2024,Yaletown-Roundhouse Station,MF,5:00 to 6:00 AM,34,103
2024,Yaletown-Roundhouse Station,MF,4:00 to 5:00 PM,874,803
2024,Yaletown-Roundhouse Station,MF,4:00 to 5:00 AM,0,16
2024,Yaletown-Roundhouse Station,MF,3:00 to 4:00 PM,673,616
2024,Yaletown-Roundhouse Station,MF,3:00 to 4:00 AM,0,0
2024,Yaletown-Roundhouse Station,MF,2:00 to 3:00 PM,520,513
2024,Yaletown-Roundhouse Station,MF,2:00 to 3:00 AM,1,0
2024,Yaletown-Roundhouse Station,MF,12:00 to 1:00 PM,464,429
2024,Yaletown-Roundhouse Station,MF,12:00 to 1:00 AM,51,104
2024,Yaletown-Roundhouse Station,MF,11:00 PM to 12:00 AM,104,212
2024,Yaletown-Roundhouse Station,MF,11:00 AM to 12:00 PM,401,386
2024,Yaletown-Roundhouse Station,MF,10:00 to 11:00 PM,197,311
2024,Yaletown-Roundhouse Station,MF,10:00 to 11:00 AM,393,373
2024,Yaletown-Roundhouse Station,MF,1:00 to 2:00 PM,464,430
2024,Yaletown-Roundhouse Station,MF,1:00 to 2:00 AM,16,20
2025,22nd Street Station,MF,1:00 to 2:00 AM,19,25
2025,22nd Street Station,MF,1:00 to 2:00 PM,439,421
2025,22nd Street Station,MF,10:00 to 11:00 AM,233,402
2025,22nd Street Station,MF,10:00 to 11:00 PM,308,231
2025,22nd Street Station,MF,11:00 AM to 12:00 PM,263,394
2025,22nd Street Station,MF,11:00 PM to 12:00 AM,195,189
2025,22nd Street Station,MF,12:00 to 1:00 AM,102,90
2025,22nd Street Station,MF,12:00 to 1:00 PM,357,412
2025,22nd Street Station,MF,2:00 to 3:00 AM,0,0
2025,22nd Street Station,MF,2:00 to 3:00 PM,508,483
2025,22nd Street Station,MF,3:00 to 4:00 AM,0,0
2025,22nd Street Station,MF,3:00 to 4:00 PM,729,733
2025,22nd Street Station,MF,4:00 to 5:00 AM,0,0
2025,22nd Street Station,MF,4:00 to 5:00 PM,876,975
2025,22nd Street Station,MF,5:00 to 6:00 AM,420,296
2025,22nd Street Station,MF,5:00 to 6:00 PM,928,927
2025,22nd Street Station,MF,6:00 to 7:00 AM,803,701
2025,22nd Street Station,MF,6:00 to 7:00 PM,726,643
2025,22nd Street Station,MF,7:00 to 8:00 AM,826,930
2025,22nd Street Station,MF,7:00 to 8:00 PM,476,354
2025,22nd Street Station,MF,8:00 to 9:00 AM,577,817
2025,22nd Street Station,MF,8:00 to 9:00 PM,396,267
2025,22nd Street Station,MF,9:00 to 10:00 AM,295,558
2025,22nd Street Station,MF,9:00 to 10:00 PM,404,222
2025,22nd Street Station,Sat,1:00 to 2:00 AM,39,24
2025,22nd Street Station,Sat,1:00 to 2:00 PM,370,450
2025,22nd Street Station,Sat,10:00 to 11:00 AM,252,373
2025,22nd Street Station,Sat,10:00 to 11:00 PM,298,239
2025,22nd Street Station,Sat,11:00 AM to 12:00 PM,273,404
2025,22nd Street Station,Sat,11:00 PM to 12:00 AM,227,188
2025,22nd Street Station,Sat,12:00 to 1:00 AM,135,103
2025,22nd Street Station,Sat,12:00 to 1:00 PM,317,398
2025,22nd Street Station,Sat,2:00 to 3:00 AM,0,0
2025,22nd Street Station,Sat,2:00 to 3:00 PM,391,457
2025,22nd Street Station,Sun/Hol,9:00 to 10:00 PM,280,204
2025,22nd Street Station,Sun/Hol,9:00 to 10:00 AM,243,313
2025,22nd Street Station,Sun/Hol,8:00 to 9:00 PM,311,245
2025,22nd Street Station,Sun/Hol,8:00 to 9:00 AM,238,278
2025,22nd Street Station,Sun/Hol,7:00 to 8:00 PM,387,263
2025,22nd Street Station,Sun/Hol,7:00 to 8:00 AM,193,323
2025,22nd Street Station,Sun/Hol,6:00 to 7:00 PM,432,351
2025,22nd Street Station,Sun/Hol,6:00 to 7:00 AM,10,11
2025,22nd Street Station,Sun/Hol,5:00 to 6:00 PM,427,371
2025,22nd Street Station,Sun/Hol,5:00 to 6:00 AM,4,3
2025,22nd Street Station,Sun/Hol,4:00 to 5:00 PM,413,398
2025,22nd Street Station,Sun/Hol,3:00 to 4:00 PM,381,413
2025,22nd Street Station,Sun/Hol,3:00 to 4:00 AM,0,0
2025,22nd Street Station,Sun/Hol,2:00 to 3:00 PM,341,420
2025,22nd Street Station,Sun/Hol,12:00 to 1:00 PM,283,383
2025,22nd Street Station,Sun/Hol,12:00 to 1:00 AM,52,45
2025,22nd Street Station,Sun/Hol,11:00 PM to 12:00 AM,156,146
2025,22nd Street Station,Sun/Hol,11:00 AM to 12:00 PM,241,336
2025,22nd Street Station,Sun/Hol,10:00 to 11:00 PM,206,190
2025,22nd Street Station,Sun/Hol,10:00 to 11:00 AM,243,345
2025,22nd Street Station,Sun/Hol,1:00 to 2:00 PM,339,406
2025,22nd Street Station,Sun/Hol,1:00 to 2:00 AM,1,1
2025,22nd Street Station,Sat,9:00 to 10:00 PM,372,231
2025,22nd Street Station,Sat,9:00 to 10:00 AM,269,368
2025,22nd Street Station,Sat,8:00 to 9:00 PM,342,268
2025,22nd Street Station,Sat,8:00 to 9:00 AM,283,373
2025,22nd Street Station,Sat,7:00 to 8:00 PM,390,324
2025,22nd Street Station,Sat,7:00 to 8:00 AM,289,394
2025,22nd Street Station,Sat,6:00 to 7:00 PM,470,423
2025,22nd Street Station,Sat,6:00 to 7:00 AM,210,283
2025,22nd Street Station,Sat,5:00 to 6:00 PM,481,499
2025,22nd Street Station,Sat,5:00 to 6:00 AM,0,1
2025,22nd Street Station,Sat,4:00 to 5:00 PM,482,501
2025,22nd Street Station,Sat,4:00 to 5:00 AM,0,0
2025,22nd Street Station,Sat,3:00 to 4:00 PM,443,500
2025,29th Avenue Station,Sun/Hol,5:00 to 6:00 AM,0,1
2025,29th Avenue Station,Sun/Hol,4:00 to 5:00 PM,417,330
2025,29th Avenue Station,Sun/Hol,5:00 to 6:00 PM,433,278
2025,29th Avenue Station,MF,8:00 to 9:00 AM,257,832
2025,29th Avenue Station,MF,12:00 to 1:00 PM,253,356
2025,29th Avenue Station,MF,3:00 to 4:00 PM,602,498
2025,29th Avenue Station,MF,5:00 to 6:00 PM,883,409
2025,29th Avenue Station,Sat,3:00 to 4:00 PM,419,419
2025,29th Avenue Station,Sun/Hol,9:00 to 10:00 PM,262,101
2025,29th Avenue Station,Sat,7:00 to 8:00 PM,373,210
2025,29th Avenue Station,Sun/Hol,7:00 to 8:00 PM,374,148
2025,29th Avenue Station,Sat,4:00 to 5:00 AM,0,0
2025,29th Avenue Station,Sat,5:00 to 6:00 PM,485,381
2025,29th Avenue Station,Sun/Hol,10:00 to 11:00 AM,152,396
2025,29th Avenue Station,Sun/Hol,2:00 to 3:00 AM,0,0
2025,29th Avenue Station,Sun/Hol,12:00 to 1:00 PM,242,378
2025,29th Avenue Station,Sat,4:00 to 5:00 PM,470,417
2025,29th Avenue Station,MF,4:00 to 5:00 PM,797,434
2025,29th Avenue Station,MF,8:00 to 9:00 PM,378,142
2025,29th Avenue Station,Sun/Hol,3:00 to 4:00 PM,364,358
2025,29th Avenue Station,MF,1:00 to 2:00 AM,25,4
2025,29th Avenue Station,Sat,8:00 to 9:00 PM,339,162
2025,29th Avenue Station,Sun/Hol,7:00 to 8:00 AM,55,126
2025,29th Avenue Station,Sun/Hol,11:00 AM to 12:00 PM,173,370
2025,29th Avenue Station,Sun/Hol,8:00 to 9:00 PM,300,114
2025,29th Avenue Station,MF,2:00 to 3:00 AM,0,0
2025,29th Avenue Station,Sat,1:00 to 2:00 AM,49,7
2025,29th Avenue Station,Sat,2:00 to 3:00 AM,0,0
2025,29th Avenue Station,Sun/Hol,8:00 to 9:00 AM,88,242
2025,29th Avenue Station,Sun/Hol,9:00 to 10:00 AM,128,311
2025,29th Avenue Station,Sat,11:00 PM to 12:00 AM,224,86
2025,29th Avenue Station,Sun/Hol,1:00 to 2:00 PM,271,395
2025,29th Avenue Station,Sun/Hol,1:00 to 2:00 AM,1,0
2025,29th Avenue Station,Sun/Hol,2:00 to 3:00 PM,316,385
2025,29th Avenue Station,MF,6:00 to 7:00 PM,634,336
2025,29th Avenue Station,Sat,6:00 to 7:00 PM,457,308
2025,29th Avenue Station,Sun/Hol,6:00 to 7:00 PM,408,219
2025,29th Avenue Station,Sun/Hol,10:00 to 11:00 PM,220,84
2025,29th Avenue Station,Sun/Hol,12:00 to 1:00 AM,53,13
2025,29th Avenue Station,MF,1:00 to 2:00 PM,293,345
2025,29th Avenue Station,MF,3:00 to 4:00 AM,0,0
2025,29th Avenue Station,Sat,7:00 to 8:00 AM,92,233
2025,29th Avenue Station,MF,5:00 to 6:00 AM,32,116
2025,29th Avenue Station,Sat,1:00 to 2:00 PM,305,426
2025,29th Avenue Station,MF,9:00 to 10:00 AM,189,565
2025,29th Avenue Station,Sat,8:00 to 9:00 AM,132,321
2025,29th Avenue Station,Sun/Hol,6:00 to 7:00 AM,1,5
2025,29th Avenue Station,MF,2:00 to 3:00 PM,395,346
2025,29th Avenue Station,MF,12:00 to 1:00 AM,99,23
2025,29th Avenue Station,Sat,9:00 to 10:00 AM,172,404
2025,29th Avenue Station,Sat,2:00 to 3:00 PM,368,411
2025,29th Avenue Station,Sun/Hol,11:00 PM to 12:00 AM,158,58
2025,29th Avenue Station,Sat,11:00 AM to 12:00 PM,202,408
2025,29th Avenue Station,MF,11:00 AM to 12:00 PM,190,368
2025,29th Avenue Station,MF,9:00 to 10:00 PM,374,110
2025,29th Avenue Station,MF,11:00 PM to 12:00 AM,184,61
2025,29th Avenue Station,Sat,9:00 to 10:00 PM,342,134
2025,29th Avenue Station,Sun/Hol,4:00 to 5:00 AM,0,0
2025,29th Avenue Station,MF,10:00 to 11:00 AM,167,390
2025,29th Avenue Station,Sat,10:00 to 11:00 AM,187,416
2025,29th Avenue Station,Sat,12:00 to 1:00 AM,149,36
2025,29th Avenue Station,MF,6:00 to 7:00 AM,152,469
2025,29th Avenue Station,MF,7:00 to 8:00 PM,426,210
2025,29th Avenue Station,MF,10:00 to 11:00 PM,273,93
2025,29th Avenue Station,Sat,6:00 to 7:00 AM,42,92
2025,29th Avenue Station,Sat,12:00 to 1:00 PM,246,419
2025,29th Avenue Station,Sat,10:00 to 11:00 PM,290,119
2025,29th Avenue Station,MF,7:00 to 8:00 AM,209,652
2025,Aberdeen Station,Sat,12:00 to 1:00 AM,19,21
2025,Aberdeen Station,Sat,11:00 PM to 12:00 AM,35,43
2025,Aberdeen Station,Sat,11:00 AM to 12:00 PM,381,181
2025,Aberdeen Station,Sat,10:00 to 11:00 PM,51,84
2025,Aberdeen Station,Sat,10:00 to 11:00 AM,302,115
2025,Aberdeen Station,Sat,1:00 to 2:00 PM,383,314
2025,Aberdeen Station,Sat,1:00 to 2:00 AM,6,1
2025,Aberdeen Station,MF,9:00 to 10:00 PM,61,103
2025,Aberdeen Station,MF,9:00 to 10:00 AM,226,98
2025,Aberdeen Station,MF,8:00 to 9:00 PM,75,135
2025,Aberdeen Station,MF,8:00 to 9:00 AM,199,133
2025,Aberdeen Station,MF,7:00 to 8:00 PM,126,228
2025,Aberdeen Station,MF,7:00 to 8:00 AM,134,114
2025,Aberdeen Station,MF,6:00 to 7:00 PM,252,330
2025,Aberdeen Station,MF,6:00 to 7:00 AM,63,62
2025,Aberdeen Station,MF,5:00 to 6:00 PM,362,358
2025,Aberdeen Station,MF,5:00 to 6:00 AM,15,26
2025,Aberdeen Station,MF,4:00 to 5:00 PM,354,330
2025,Aberdeen Station,MF,4:00 to 5:00 AM,0,1
2025,Aberdeen Station,MF,3:00 to 4:00 PM,318,309
2025,Aberdeen Station,MF,3:00 to 4:00 AM,0,0
2025,Aberdeen Station,MF,2:00 to 3:00 PM,264,278
2025,Aberdeen Station,MF,2:00 to 3:00 AM,1,1
2025,Aberdeen Station,MF,12:00 to 1:00 PM,241,208
2025,Aberdeen Station,MF,12:00 to 1:00 AM,14,14
2025,Aberdeen Station,MF,11:00 PM to 12:00 AM,23,29
2025,Aberdeen Station,MF,11:00 AM to 12:00 PM,278,152
2025,Aberdeen Station,MF,10:00 to 11:00 PM,41,64
2025,Aberdeen Station,MF,10:00 to 11:00 AM,252,110
2025,Aberdeen Station,MF,1:00 to 2:00 PM,264,248
2025,Aberdeen Station,MF,1:00 to 2:00 AM,4,2
2025,Aberdeen Station,Sun/Hol,9:00 to 10:00 PM,53,109
2025,Aberdeen Station,Sun/Hol,9:00 to 10:00 AM,168,59
2025,Aberdeen Station,Sun/Hol,8:00 to 9:00 PM,67,138
2025,Aberdeen Station,Sun/Hol,8:00 to 9:00 AM,82,40
2025,Aberdeen Station,Sun/Hol,7:00 to 8:00 PM,107,235
2025,Aberdeen Station,Sun/Hol,7:00 to 8:00 AM,50,39
2025,Aberdeen Station,Sun/Hol,6:00 to 7:00 PM,186,285
2025,Aberdeen Station,Sun/Hol,6:00 to 7:00 AM,28,42
2025,Aberdeen Station,Sun/Hol,5:00 to 6:00 PM,255,307
2025,Aberdeen Station,Sun/Hol,5:00 to 6:00 AM,10,13
2025,Aberdeen Station,Sun/Hol,4:00 to 5:00 PM,291,332
2025,Aberdeen Station,Sun/Hol,4:00 to 5:00 AM,0,1
2025,Aberdeen Station,Sun/Hol,3:00 to 4:00 PM,286,336
2025,Aberdeen Station,Sun/Hol,3:00 to 4:00 AM,0,0
2025,Aberdeen Station,Sun/Hol,2:00 to 3:00 PM,316,319
2025,Aberdeen Station,Sun/Hol,2:00 to 3:00 AM,1,1
2025,Aberdeen Station,Sun/Hol,12:00 to 1:00 PM,343,214
2025,Aberdeen Station,Sun/Hol,12:00 to 1:00 AM,11,14
2025,Aberdeen Station,Sun/Hol,11:00 PM to 12:00 AM,22,29
2025,Aberdeen Station,Sun/Hol,11:00 AM to 12:00 PM,294,143
2025,Aberdeen Station,Sun/Hol,10:00 to 11:00 PM,35,60
2025,Aberdeen Station,Sun/Hol,10:00 to 11:00 AM,274,96
2025,Aberdeen Station,Sun/Hol,1:00 to 2:00 PM,304,278
2025,Aberdeen Station,Sun/Hol,1:00 to 2:00 AM,3,2
2025,Aberdeen Station,Sat,9:00 to 10:00 PM,64,139
2025,Aberdeen Station,Sat,9:00 to 10:00 AM,223,79
2025,Aberdeen Station,Sat,8:00 to 9:00 PM,86,192
2025,Aberdeen Station,Sat,8:00 to 9:00 AM,114,52
2025,Aberdeen Station,Sat,7:00 to 8:00 PM,150,272
2025,Aberdeen Station,Sat,7:00 to 8:00 AM,57,39
2025,Aberdeen Station,Sat,6:00 to 7:00 PM,234,349
2025,Aberdeen Station,Sat,6:00 to 7:00 AM,33,40
2025,Aberdeen Station,Sat,5:00 to 6:00 PM,331,380
2025,Aberdeen Station,Sat,5:00 to 6:00 AM,9,14
2025,Aberdeen Station,Sat,4:00 to 5:00 PM,332,401
2025,Aberdeen Station,Sat,4:00 to 5:00 AM,0,1
2025,Aberdeen Station,Sat,3:00 to 4:00 PM,365,405
2025,Aberdeen Station,Sat,3:00 to 4:00 AM,0,0
2025,Aberdeen Station,Sat,2:00 to 3:00 PM,352,372
2025,Aberdeen Station,Sat,2:00 to 3:00 AM,1,1
2025,Aberdeen Station,Sat,12:00 to 1:00 PM,366,259
2025,Braid Station,Sat,12:00 to 1:00 PM,173,166
2025,Braid Station,Sat,2:00 to 3:00 AM,0,1
2025,Braid Station,Sat,2:00 to 3:00 PM,199,203
2025,Braid Station,Sat,3:00 to 4:00 AM,0,0
2025,Braid Station,Sat,3:00 to 4:00 PM,207,229
2025,Braid Station,Sat,4:00 to 5:00 AM,0,0
2025,Braid Station,Sat,4:00 to 5:00 PM,223,231
2025,Braid Station,Sat,5:00 to 6:00 AM,0,0
2025,Braid Station,Sat,5:00 to 6:00 PM,232,270
2025,Braid Station,Sat,6:00 to 7:00 AM,90,120
2025,Braid Station,Sat,6:00 to 7:00 PM,204,214
2025,Braid Station,Sat,7:00 to 8:00 AM,113,93
2025,Braid Station,Sat,7:00 to 8:00 PM,202,155
2025,Braid Station,Sat,8:00 to 9:00 AM,124,108
2025,Braid Station,Sat,8:00 to 9:00 PM,153,131
2025,Braid Station,Sat,9:00 to 10:00 AM,124,103
2025,Braid Station,Sat,9:00 to 10:00 PM,128,122
2025,Braid Station,Sun/Hol,1:00 to 2:00 AM,1,1
2025,Braid Station,Sun/Hol,1:00 to 2:00 PM,161,152
2025,Braid Station,Sun/Hol,10:00 to 11:00 AM,117,111
2025,Braid Station,Sun/Hol,10:00 to 11:00 PM,60,67
2025,Braid Station,Sun/Hol,11:00 AM to 12:00 PM,116,117
2025,Braid Station,Sun/Hol,11:00 PM to 12:00 AM,38,36
2025,Braid Station,Sun/Hol,12:00 to 1:00 AM,18,8
2025,Braid Station,Sun/Hol,12:00 to 1:00 PM,144,150
2025,Braid Station,Sun/Hol,2:00 to 3:00 AM,0,0
2025,Braid Station,Sun/Hol,2:00 to 3:00 PM,156,166
2025,Braid Station,Sun/Hol,3:00 to 4:00 AM,0,0
2025,Braid Station,Sun/Hol,3:00 to 4:00 PM,170,171
2025,Braid Station,Sun/Hol,4:00 to 5:00 AM,0,0
2025,Braid Station,Sun/Hol,4:00 to 5:00 PM,171,174
2025,Braid Station,Sat,12:00 to 1:00 AM,39,25
2025,Braid Station,Sat,11:00 PM to 12:00 AM,60,59
2025,Braid Station,Sat,11:00 AM to 12:00 PM,148,153
2025,Braid Station,Sat,10:00 to 11:00 PM,88,95
2025,Braid Station,Sat,10:00 to 11:00 AM,128,137
2025,Braid Station,Sat,1:00 to 2:00 PM,191,192
2025,Braid Station,Sat,1:00 to 2:00 AM,20,10
2025,Braid Station,MF,9:00 to 10:00 PM,104,104
2025,Braid Station,MF,9:00 to 10:00 AM,180,189
2025,Braid Station,MF,8:00 to 9:00 PM,132,103
2025,Braid Station,MF,8:00 to 9:00 AM,302,282
2025,Braid Station,MF,7:00 to 8:00 PM,222,142
2025,Braid Station,MF,7:00 to 8:00 AM,430,343
2025,Braid Station,MF,6:00 to 7:00 PM,313,275
2025,Braid Station,MF,6:00 to 7:00 AM,457,319
2025,Braid Station,MF,5:00 to 6:00 PM,423,508
2025,Braid Station,MF,5:00 to 6:00 AM,152,143
2025,Braid Station,MF,4:00 to 5:00 PM,434,497
2025,Braid Station,MF,4:00 to 5:00 AM,0,0
2025,Braid Station,MF,3:00 to 4:00 PM,338,395
2025,Braid Station,MF,3:00 to 4:00 AM,0,0
2025,Braid Station,MF,2:00 to 3:00 PM,231,244
2025,Braid Station,MF,2:00 to 3:00 AM,0,1
2025,Braid Station,MF,12:00 to 1:00 PM,181,175
2025,Braid Station,MF,12:00 to 1:00 AM,24,14
2025,Braid Station,MF,11:00 PM to 12:00 AM,44,51
2025,Braid Station,MF,11:00 AM to 12:00 PM,139,171
2025,Braid Station,MF,10:00 to 11:00 PM,69,81
2025,Braid Station,MF,10:00 to 11:00 AM,131,151
2025,Braid Station,MF,1:00 to 2:00 PM,230,178
2025,Braid Station,MF,1:00 to 2:00 AM,11,7
2025,Braid Station,Sun/Hol,8:00 to 9:00 PM,116,96
2025,Braid Station,Sun/Hol,8:00 to 9:00 AM,92,62
2025,Braid Station,Sun/Hol,7:00 to 8:00 PM,165,129
2025,Braid Station,Sun/Hol,7:00 to 8:00 AM,82,114
2025,Braid Station,Sun/Hol,6:00 to 7:00 PM,143,165
2025,Braid Station,Sun/Hol,6:00 to 7:00 AM,6,6
2025,Braid Station,Sun/Hol,5:00 to 6:00 PM,161,174
2025,Braid Station,Sun/Hol,5:00 to 6:00 AM,2,1
2025,Braid Station,Sun/Hol,9:00 to 10:00 AM,105,90
2025,Braid Station,Sun/Hol,9:00 to 10:00 PM,77,65
2025,Brentwood Town Centre Station,Sat,12:00 to 1:00 PM,342,350
2025,Brentwood Town Centre Station,Sat,2:00 to 3:00 AM,0,0
2025,Brentwood Town Centre Station,Sat,2:00 to 3:00 PM,404,441
2025,Brentwood Town Centre Station,Sat,3:00 to 4:00 AM,0,0
2025,Brentwood Town Centre Station,Sat,3:00 to 4:00 PM,435,464
2025,Brentwood Town Centre Station,Sat,4:00 to 5:00 AM,0,0
2025,Brentwood Town Centre Station,Sat,4:00 to 5:00 PM,477,456
2025,Brentwood Town Centre Station,Sat,5:00 to 6:00 AM,0,0
2025,Brentwood Town Centre Station,Sat,5:00 to 6:00 PM,498,432
2025,Brentwood Town Centre Station,Sat,6:00 to 7:00 AM,41,55
2025,Brentwood Town Centre Station,Sat,6:00 to 7:00 PM,430,372
2025,Brentwood Town Centre Station,Sat,7:00 to 8:00 AM,141,117
2025,Brentwood Town Centre Station,Sat,7:00 to 8:00 PM,344,284
2025,Brentwood Town Centre Station,Sat,8:00 to 9:00 AM,239,192
2025,Brentwood Town Centre Station,Sat,8:00 to 9:00 PM,259,257
2025,Brentwood Town Centre Station,Sat,9:00 to 10:00 AM,230,239
2025,Brentwood Town Centre Station,Sat,9:00 to 10:00 PM,220,230
2025,Brentwood Town Centre Station,Sun/Hol,1:00 to 2:00 AM,1,1
2025,Brentwood Town Centre Station,Sun/Hol,1:00 to 2:00 PM,332,321
2025,Brentwood Town Centre Station,Sun/Hol,10:00 to 11:00 AM,229,242
2025,Brentwood Town Centre Station,Sun/Hol,10:00 to 11:00 PM,127,104
2025,Brentwood Town Centre Station,Sun/Hol,11:00 AM to 12:00 PM,276,250
2025,Brentwood Town Centre Station,Sun/Hol,11:00 PM to 12:00 AM,85,73
2025,Brentwood Town Centre Station,Sun/Hol,12:00 to 1:00 AM,31,22
2025,Brentwood Town Centre Station,Sun/Hol,12:00 to 1:00 PM,297,291
2025,Brentwood Town Centre Station,Sun/Hol,2:00 to 3:00 AM,0,0
2025,Brentwood Town Centre Station,Sun/Hol,2:00 to 3:00 PM,347,349
2025,Brentwood Town Centre Station,Sun/Hol,3:00 to 4:00 PM,364,362
2025,Brentwood Town Centre Station,Sun/Hol,4:00 to 5:00 AM,0,0
2025,Brentwood Town Centre Station,Sun/Hol,4:00 to 5:00 PM,392,363
2025,Brentwood Town Centre Station,Sun/Hol,5:00 to 6:00 AM,0,1
2025,Brentwood Town Centre Station,MF,10:00 to 11:00 AM,273,263
2025,Brentwood Town Centre Station,MF,1:00 to 2:00 PM,326,363
2025,Brentwood Town Centre Station,MF,1:00 to 2:00 AM,17,11
2025,Brentwood Town Centre Station,MF,10:00 to 11:00 PM,177,131
2025,Brentwood Town Centre Station,MF,11:00 AM to 12:00 PM,280,288
2025,Brentwood Town Centre Station,MF,11:00 PM to 12:00 AM,99,82
2025,Brentwood Town Centre Station,MF,12:00 to 1:00 AM,47,42
2025,Brentwood Town Centre Station,MF,12:00 to 1:00 PM,313,337
2025,Brentwood Town Centre Station,MF,2:00 to 3:00 AM,0,0
2025,Brentwood Town Centre Station,MF,2:00 to 3:00 PM,389,454
2025,Brentwood Town Centre Station,MF,3:00 to 4:00 AM,0,0
2025,Brentwood Town Centre Station,MF,3:00 to 4:00 PM,564,655
2025,Brentwood Town Centre Station,MF,4:00 to 5:00 AM,0,0
2025,Brentwood Town Centre Station,MF,4:00 to 5:00 PM,738,765
2025,Brentwood Town Centre Station,MF,5:00 to 6:00 AM,61,78
2025,Brentwood Town Centre Station,Sun/Hol,9:00 to 10:00 PM,156,144
2025,Brentwood Town Centre Station,Sun/Hol,9:00 to 10:00 AM,158,186
2025,Brentwood Town Centre Station,Sun/Hol,8:00 to 9:00 PM,206,186
2025,Brentwood Town Centre Station,Sun/Hol,8:00 to 9:00 AM,122,128
2025,Brentwood Town Centre Station,Sun/Hol,7:00 to 8:00 PM,264,230
2025,Brentwood Town Centre Station,Sun/Hol,7:00 to 8:00 AM,63,84
2025,Brentwood Town Centre Station,Sun/Hol,6:00 to 7:00 PM,329,280
2025,Brentwood Town Centre Station,Sun/Hol,6:00 to 7:00 AM,4,3
2025,Brentwood Town Centre Station,Sun/Hol,5:00 to 6:00 PM,379,324
2025,Brentwood Town Centre Station,MF,5:00 to 6:00 PM,931,747
2025,Brentwood Town Centre Station,MF,6:00 to 7:00 AM,470,270
2025,Brentwood Town Centre Station,MF,6:00 to 7:00 PM,653,484
2025,Brentwood Town Centre Station,MF,7:00 to 8:00 AM,513,536
2025,Brentwood Town Centre Station,MF,7:00 to 8:00 PM,383,319
2025,Brentwood Town Centre Station,MF,8:00 to 9:00 AM,579,659
2025,Brentwood Town Centre Station,MF,8:00 to 9:00 PM,262,246
2025,Brentwood Town Centre Station,MF,9:00 to 10:00 AM,354,385
2025,Brentwood Town Centre Station,MF,9:00 to 10:00 PM,206,208
2025,Brentwood Town Centre Station,Sat,1:00 to 2:00 AM,33,24
2025,Brentwood Town Centre Station,Sat,1:00 to 2:00 PM,380,410
2025,Brentwood Town Centre Station,Sat,10:00 to 11:00 AM,249,263
2025,Brentwood Town Centre Station,Sat,10:00 to 11:00 PM,198,167
2025,Brentwood Town Centre Station,Sat,11:00 AM to 12:00 PM,306,310
2025,Brentwood Town Centre Station,Sat,11:00 PM to 12:00 AM,136,120
2025,Brentwood Town Centre Station,Sat,12:00 to 1:00 AM,90,80
2025,Bridgeport Station,Sun/Hol,11:00 AM to 12:00 PM,392,515
2025,Bridgeport Station,Sun/Hol,11:00 PM to 12:00 AM,156,162
2025,Bridgeport Station,Sun/Hol,12:00 to 1:00 AM,63,55
2025,Bridgeport Station,Sun/Hol,10:00 to 11:00 PM,202,231
2025,Bridgeport Station,MF,5:00 to 6:00 PM,1328,617
2025,Bridgeport Station,MF,5:00 to 6:00 AM,106,267
2025,Bridgeport Station,MF,4:00 to 5:00 PM,1247,631
2025,Bridgeport Station,MF,4:00 to 5:00 AM,1,17
2025,Bridgeport Station,MF,3:00 to 4:00 PM,938,499
2025,Bridgeport Station,MF,3:00 to 4:00 AM,0,0
2025,Bridgeport Station,MF,2:00 to 3:00 PM,627,429
2025,Bridgeport Station,MF,2:00 to 3:00 AM,1,1
2025,Bridgeport Station,MF,12:00 to 1:00 PM,394,415
2025,Bridgeport Station,MF,12:00 to 1:00 AM,81,53
2025,Bridgeport Station,MF,11:00 PM to 12:00 AM,203,126
2025,Bridgeport Station,MF,11:00 AM to 12:00 PM,323,488
2025,Bridgeport Station,MF,10:00 to 11:00 PM,265,168
2025,Bridgeport Station,MF,10:00 to 11:00 AM,270,476
2025,Bridgeport Station,MF,1:00 to 2:00 PM,446,437
2025,Bridgeport Station,MF,1:00 to 2:00 AM,24,6
2025,Bridgeport Station,MF,6:00 to 7:00 AM,228,661
2025,Bridgeport Station,MF,6:00 to 7:00 PM,834,425
2025,Bridgeport Station,MF,7:00 to 8:00 AM,415,1150
2025,Bridgeport Station,MF,7:00 to 8:00 PM,482,296
2025,Bridgeport Station,MF,8:00 to 9:00 AM,389,1150
2025,Bridgeport Station,MF,8:00 to 9:00 PM,356,220
2025,Bridgeport Station,MF,9:00 to 10:00 AM,302,687
2025,Bridgeport Station,MF,9:00 to 10:00 PM,312,238
2025,Bridgeport Station,Sat,1:00 to 2:00 AM,45,7
2025,Bridgeport Station,Sat,1:00 to 2:00 PM,475,600
2025,Bridgeport Station,Sat,10:00 to 11:00 AM,343,487
2025,Bridgeport Station,Sat,10:00 to 11:00 PM,359,285
2025,Bridgeport Station,Sat,11:00 AM to 12:00 PM,409,612
2025,Bridgeport Station,Sat,11:00 PM to 12:00 AM,271,228
2025,Bridgeport Station,Sat,12:00 to 1:00 AM,127,87
2025,Bridgeport Station,Sat,12:00 to 1:00 PM,418,551
2025,Bridgeport Station,Sat,2:00 to 3:00 AM,1,0
2025,Bridgeport Station,Sat,2:00 to 3:00 PM,535,546
2025,Bridgeport Station,Sat,3:00 to 4:00 AM,0,0
2025,Bridgeport Station,Sat,3:00 to 4:00 PM,628,580
2025,Bridgeport Station,Sat,4:00 to 5:00 AM,1,6
2025,Bridgeport Station,Sat,4:00 to 5:00 PM,641,575
2025,Bridgeport Station,Sat,5:00 to 6:00 AM,72,65
2025,Bridgeport Station,Sat,5:00 to 6:00 PM,652,591
2025,Bridgeport Station,Sat,6:00 to 7:00 AM,113,150
2025,Bridgeport Station,Sat,6:00 to 7:00 PM,580,458
2025,Bridgeport Station,Sat,7:00 to 8:00 AM,239,205
2025,Bridgeport Station,Sat,7:00 to 8:00 PM,545,340
2025,Bridgeport Station,Sat,8:00 to 9:00 AM,262,276
2025,Bridgeport Station,Sat,8:00 to 9:00 PM,431,275
2025,Bridgeport Station,Sat,9:00 to 10:00 AM,324,436
2025,Bridgeport Station,Sat,9:00 to 10:00 PM,378,374
2025,Bridgeport Station,Sun/Hol,1:00 to 2:00 AM,18,7
2025,Bridgeport Station,Sun/Hol,1:00 to 2:00 PM,483,494
2025,Bridgeport Station,Sun/Hol,10:00 to 11:00 AM,318,437
2025,Bridgeport Station,Sun/Hol,9:00 to 10:00 PM,263,328
2025,Bridgeport Station,Sun/Hol,9:00 to 10:00 AM,270,351
2025,Bridgeport Station,Sun/Hol,8:00 to 9:00 PM,327,269
2025,Bridgeport Station,Sun/Hol,8:00 to 9:00 AM,208,213
2025,Bridgeport Station,Sun/Hol,7:00 to 8:00 PM,449,325
2025,Bridgeport Station,Sun/Hol,7:00 to 8:00 AM,196,177
2025,Bridgeport Station,Sun/Hol,6:00 to 7:00 PM,486,382
2025,Bridgeport Station,Sun/Hol,6:00 to 7:00 AM,90,147
2025,Bridgeport Station,Sun/Hol,5:00 to 6:00 PM,555,490
2025,Bridgeport Station,Sun/Hol,5:00 to 6:00 AM,68,67
2025,Bridgeport Station,Sun/Hol,4:00 to 5:00 PM,580,474
2025,Bridgeport Station,Sun/Hol,4:00 to 5:00 AM,1,4
2025,Bridgeport Station,Sun/Hol,3:00 to 4:00 PM,598,508
2025,Bridgeport Station,Sun/Hol,3:00 to 4:00 AM,0,0
2025,Bridgeport Station,Sun/Hol,2:00 to 3:00 PM,517,466
2025,Bridgeport Station,Sun/Hol,2:00 to 3:00 AM,1,1
2025,Bridgeport Station,Sun/Hol,12:00 to 1:00 PM,414,444
2025,Broadway-City Hall Station,Sun/Hol,9:00 to 10:00 PM,212,217
2025,Broadway-City Hall Station,Sun/Hol,9:00 to 10:00 AM,288,220
2025,Broadway-City Hall Station,Sun/Hol,8:00 to 9:00 PM,243,250
2025,Broadway-City Hall Station,Sun/Hol,6:00 to 7:00 AM,131,96
2025,Broadway-City Hall Station,Sun/Hol,5:00 to 6:00 PM,509,484
2025,Broadway-City Hall Station,Sun/Hol,5:00 to 6:00 AM,41,44
2025,Broadway-City Hall Station,Sun/Hol,6:00 to 7:00 PM,424,394
2025,Broadway-City Hall Station,Sun/Hol,7:00 to 8:00 AM,133,155
2025,Broadway-City Hall Station,Sun/Hol,7:00 to 8:00 PM,319,319
2025,Broadway-City Hall Station,Sun/Hol,8:00 to 9:00 AM,189,161
2025,Broadway-City Hall Station,MF,10:00 to 11:00 AM,571,438
2025,Broadway-City Hall Station,MF,1:00 to 2:00 PM,631,583
2025,Broadway-City Hall Station,MF,1:00 to 2:00 AM,15,8
2025,Broadway-City Hall Station,Sun/Hol,4:00 to 5:00 PM,536,518
2025,Broadway-City Hall Station,Sun/Hol,4:00 to 5:00 AM,2,11
2025,Broadway-City Hall Station,Sun/Hol,3:00 to 4:00 PM,534,578
2025,Broadway-City Hall Station,Sun/Hol,3:00 to 4:00 AM,0,1
2025,Broadway-City Hall Station,Sun/Hol,2:00 to 3:00 PM,518,546
2025,Broadway-City Hall Station,Sun/Hol,2:00 to 3:00 AM,0,1
2025,Broadway-City Hall Station,MF,10:00 to 11:00 PM,187,206
2025,Broadway-City Hall Station,MF,11:00 AM to 12:00 PM,531,491
2025,Broadway-City Hall Station,MF,11:00 PM to 12:00 AM,106,109
2025,Broadway-City Hall Station,MF,12:00 to 1:00 AM,62,40
2025,Broadway-City Hall Station,MF,12:00 to 1:00 PM,588,554
2025,Broadway-City Hall Station,MF,2:00 to 3:00 AM,1,1
2025,Broadway-City Hall Station,MF,2:00 to 3:00 PM,659,755
2025,Broadway-City Hall Station,MF,3:00 to 4:00 AM,0,1
2025,Broadway-City Hall Station,MF,3:00 to 4:00 PM,795,1094
2025,Broadway-City Hall Station,MF,4:00 to 5:00 AM,1,13
2025,Broadway-City Hall Station,MF,4:00 to 5:00 PM,946,1499
2025,Broadway-City Hall Station,MF,5:00 to 6:00 AM,104,79
2025,Broadway-City Hall Station,MF,5:00 to 6:00 PM,1014,1353
2025,Broadway-City Hall Station,MF,6:00 to 7:00 AM,392,278
2025,Broadway-City Hall Station,MF,6:00 to 7:00 PM,685,782
2025,Broadway-City Hall Station,MF,7:00 to 8:00 AM,854,559
2025,Broadway-City Hall Station,MF,7:00 to 8:00 PM,391,496
2025,Broadway-City Hall Station,MF,8:00 to 9:00 AM,1274,714
2025,Broadway-City Hall Station,MF,8:00 to 9:00 PM,301,363
2025,Broadway-City Hall Station,MF,9:00 to 10:00 AM,800,489
2025,Broadway-City Hall Station,MF,9:00 to 10:00 PM,256,321
2025,Broadway-City Hall Station,Sat,1:00 to 2:00 AM,25,11
2025,Broadway-City Hall Station,Sat,1:00 to 2:00 PM,587,595
2025,Broadway-City Hall Station,Sat,10:00 to 11:00 AM,443,382
2025,Broadway-City Hall Station,Sat,10:00 to 11:00 PM,236,214
2025,Broadway-City Hall Station,Sat,11:00 AM to 12:00 PM,493,458
2025,Broadway-City Hall Station,Sat,11:00 PM to 12:00 AM,154,129
2025,Broadway-City Hall Station,Sat,12:00 to 1:00 AM,99,64
2025,Broadway-City Hall Station,Sat,12:00 to 1:00 PM,547,543
2025,Broadway-City Hall Station,Sat,2:00 to 3:00 AM,0,1
2025,Broadway-City Hall Station,Sat,2:00 to 3:00 PM,601,652
2025,Broadway-City Hall Station,Sat,3:00 to 4:00 AM,0,0
2025,Broadway-City Hall Station,Sat,3:00 to 4:00 PM,612,708
2025,Broadway-City Hall Station,Sat,4:00 to 5:00 AM,1,11
2025,Broadway-City Hall Station,Sat,4:00 to 5:00 PM,617,681
2025,Broadway-City Hall Station,Sat,5:00 to 6:00 AM,43,57
2025,Broadway-City Hall Station,Sat,5:00 to 6:00 PM,579,618
2025,Broadway-City Hall Station,Sat,6:00 to 7:00 AM,147,105
2025,Broadway-City Hall Station,Sat,6:00 to 7:00 PM,504,534
2025,Broadway-City Hall Station,Sat,7:00 to 8:00 AM,176,181
2025,Broadway-City Hall Station,Sat,7:00 to 8:00 PM,348,402
2025,Broadway-City Hall Station,Sat,8:00 to 9:00 AM,273,206
2025,Broadway-City Hall Station,Sat,8:00 to 9:00 PM,286,310
2025,Broadway-City Hall Station,Sat,9:00 to 10:00 AM,419,316
2025,Broadway-City Hall Station,Sat,9:00 to 10:00 PM,254,272
2025,Broadway-City Hall Station,Sun/Hol,1:00 to 2:00 AM,14,7
2025,Broadway-City Hall Station,Sun/Hol,1:00 to 2:00 PM,510,522
2025,Broadway-City Hall Station,Sun/Hol,10:00 to 11:00 AM,378,322
2025,Broadway-City Hall Station,Sun/Hol,10:00 to 11:00 PM,169,158
2025,Broadway-City Hall Station,Sun/Hol,11:00 AM to 12:00 PM,415,383
2025,Broadway-City Hall Station,Sun/Hol,11:00 PM to 12:00 AM,106,80
2025,Broadway-City Hall Station,Sun/Hol,12:00 to 1:00 AM,56,31
2025,Broadway-City Hall Station,Sun/Hol,12:00 to 1:00 PM,448,459
2025,Burquitlam Station,MF,1:00 to 2:00 AM,23,3
2025,Burquitlam Station,MF,1:00 to 2:00 PM,223,250
2025,Burquitlam Station,Sun/Hol,9:00 to 10:00 AM,67,184
2025,Burquitlam Station,Sun/Hol,8:00 to 9:00 PM,180,79
2025,Burquitlam Station,Sun/Hol,8:00 to 9:00 AM,50,123
2025,Burquitlam Station,Sun/Hol,7:00 to 8:00 PM,215,90
2025,Burquitlam Station,Sun/Hol,7:00 to 8:00 AM,24,91
2025,Burquitlam Station,Sun/Hol,6:00 to 7:00 PM,257,123
2025,Burquitlam Station,Sun/Hol,6:00 to 7:00 AM,1,12
2025,Burquitlam Station,Sun/Hol,5:00 to 6:00 PM,263,157
2025,Burquitlam Station,Sun/Hol,5:00 to 6:00 AM,0,1
2025,Burquitlam Station,Sun/Hol,4:00 to 5:00 PM,244,192
2025,Burquitlam Station,Sun/Hol,3:00 to 4:00 PM,225,214
2025,Burquitlam Station,Sun/Hol,3:00 to 4:00 AM,0,0
2025,Burquitlam Station,Sun/Hol,2:00 to 3:00 PM,194,228
2025,Burquitlam Station,Sun/Hol,12:00 to 1:00 PM,139,225
2025,Burquitlam Station,Sun/Hol,12:00 to 1:00 AM,41,6
2025,Burquitlam Station,Sun/Hol,11:00 PM to 12:00 AM,82,25
2025,Burquitlam Station,Sun/Hol,11:00 AM to 12:00 PM,112,223
2025,Burquitlam Station,Sun/Hol,10:00 to 11:00 PM,121,39
2025,Burquitlam Station,Sun/Hol,10:00 to 11:00 AM,92,221
2025,Burquitlam Station,Sun/Hol,1:00 to 2:00 PM,175,234
2025,Burquitlam Station,Sun/Hol,1:00 to 2:00 AM,1,0
2025,Burquitlam Station,Sat,9:00 to 10:00 PM,197,83
2025,Burquitlam Station,Sat,9:00 to 10:00 AM,94,237
2025,Burquitlam Station,Sat,8:00 to 9:00 PM,209,99
2025,Burquitlam Station,Sat,8:00 to 9:00 AM,163,196
2025,Burquitlam Station,Sat,7:00 to 8:00 PM,250,119
2025,Burquitlam Station,Sat,7:00 to 8:00 AM,65,129
2025,Burquitlam Station,Sat,6:00 to 7:00 PM,295,182
2025,Burquitlam Station,Sat,6:00 to 7:00 AM,15,70
2025,Burquitlam Station,Sat,5:00 to 6:00 PM,305,225
2025,Burquitlam Station,Sat,5:00 to 6:00 AM,0,1
2025,Burquitlam Station,Sat,4:00 to 5:00 PM,292,263
2025,Burquitlam Station,Sat,3:00 to 4:00 PM,262,279
2025,Burquitlam Station,Sat,3:00 to 4:00 AM,0,0
2025,Burquitlam Station,Sat,2:00 to 3:00 PM,226,292
2025,Burquitlam Station,Sat,2:00 to 3:00 AM,0,0
2025,Burquitlam Station,Sat,12:00 to 1:00 PM,159,268
2025,Burquitlam Station,Sat,12:00 to 1:00 AM,91,16
2025,Burquitlam Station,Sat,11:00 PM to 12:00 AM,126,40
2025,Burquitlam Station,Sat,11:00 AM to 12:00 PM,130,254
2025,Burquitlam Station,Sat,10:00 to 11:00 PM,192,59
2025,Burquitlam Station,Sat,10:00 to 11:00 AM,98,244
2025,Burquitlam Station,Sat,1:00 to 2:00 PM,195,317
2025,Burquitlam Station,Sat,1:00 to 2:00 AM,37,4
2025,Burquitlam Station,MF,9:00 to 10:00 PM,216,71
2025,Burquitlam Station,MF,9:00 to 10:00 AM,177,320
2025,Burquitlam Station,MF,8:00 to 9:00 PM,237,84
2025,Burquitlam Station,MF,8:00 to 9:00 AM,210,540
2025,Burquitlam Station,MF,7:00 to 8:00 PM,318,141
2025,Burquitlam Station,MF,7:00 to 8:00 AM,226,568
2025,Burquitlam Station,MF,6:00 to 7:00 PM,501,248
2025,Burquitlam Station,MF,6:00 to 7:00 AM,429,331
2025,Burquitlam Station,MF,5:00 to 6:00 PM,643,411
2025,Burquitlam Station,MF,5:00 to 6:00 AM,21,130
2025,Burquitlam Station,MF,4:00 to 5:00 PM,529,433
2025,Burquitlam Station,MF,4:00 to 5:00 AM,0,0
2025,Burquitlam Station,MF,3:00 to 4:00 PM,403,533
2025,Burquitlam Station,MF,3:00 to 4:00 AM,0,0
2025,Burquitlam Station,MF,2:00 to 3:00 PM,264,308
2025,Burquitlam Station,MF,2:00 to 3:00 AM,0,0
2025,Burquitlam Station,MF,12:00 to 1:00 PM,195,253
2025,Burquitlam Station,Sun/Hol,9:00 to 10:00 PM,145,65
2025,Burquitlam Station,MF,12:00 to 1:00 AM,53,10
2025,Burquitlam Station,MF,11:00 PM to 12:00 AM,105,27
2025,Burquitlam Station,MF,11:00 AM to 12:00 PM,171,231
2025,Burquitlam Station,MF,10:00 to 11:00 PM,164,46
2025,Burquitlam Station,MF,10:00 to 11:00 AM,151,231
2025,Burrard Station,Sun/Hol,7:00 to 8:00 PM,354,733
2025,Burrard Station,Sun/Hol,7:00 to 8:00 AM,468,172
2025,Burrard Station,Sun/Hol,6:00 to 7:00 PM,490,872
2025,Burrard Station,Sun/Hol,6:00 to 7:00 AM,13,4
2025,Burrard Station,Sun/Hol,5:00 to 6:00 PM,569,1018
2025,Burrard Station,Sun/Hol,5:00 to 6:00 AM,3,2
2025,Burrard Station,Sun/Hol,4:00 to 5:00 PM,686,928
2025,Burrard Station,Sun/Hol,4:00 to 5:00 AM,0,0
2025,Burrard Station,Sun/Hol,3:00 to 4:00 PM,745,762
2025,Burrard Station,Sun/Hol,3:00 to 4:00 AM,0,0
2025,Burrard Station,Sun/Hol,2:00 to 3:00 PM,801,584
2025,Burrard Station,Sun/Hol,2:00 to 3:00 AM,1,0
2025,Burrard Station,Sun/Hol,12:00 to 1:00 PM,667,424
2025,Burrard Station,Sun/Hol,12:00 to 1:00 AM,27,108
2025,Burrard Station,Sun/Hol,11:00 PM to 12:00 AM,123,451
2025,Burrard Station,Sun/Hol,11:00 AM to 12:00 PM,691,328
2025,Burrard Station,Sun/Hol,10:00 to 11:00 PM,218,526
2025,Burrard Station,Sun/Hol,10:00 to 11:00 AM,718,285
2025,Burrard Station,Sun/Hol,1:00 to 2:00 PM,743,481
2025,Burrard Station,Sun/Hol,1:00 to 2:00 AM,2,3
2025,Burrard Station,Sat,9:00 to 10:00 PM,429,751
2025,Burrard Station,Sat,9:00 to 10:00 AM,793,253
2025,Burrard Station,Sat,8:00 to 9:00 PM,472,746
2025,Burrard Station,Sat,8:00 to 9:00 AM,766,224
2025,Burrard Station,Sat,7:00 to 8:00 PM,600,817
2025,Burrard Station,Sat,7:00 to 8:00 AM,693,241
2025,Burrard Station,Sat,6:00 to 7:00 PM,776,969
2025,Burrard Station,Sat,6:00 to 7:00 AM,274,78
2025,Burrard Station,Sat,5:00 to 6:00 PM,836,1113
2025,Burrard Station,Sat,5:00 to 6:00 AM,0,0
2025,Burrard Station,Sat,4:00 to 5:00 PM,929,1085
2025,Burrard Station,Sat,4:00 to 5:00 AM,0,0
2025,Burrard Station,Sat,3:00 to 4:00 PM,923,910
2025,Burrard Station,Sat,3:00 to 4:00 AM,0,0
2025,Burrard Station,Sat,2:00 to 3:00 PM,931,693
2025,Burrard Station,Sat,2:00 to 3:00 AM,0,0
2025,Burrard Station,Sat,12:00 to 1:00 PM,757,468
2025,Burrard Station,Sat,12:00 to 1:00 AM,98,476
2025,Burrard Station,Sat,11:00 PM to 12:00 AM,194,746
2025,Burrard Station,Sat,11:00 AM to 12:00 PM,755,387
2025,Burrard Station,Sat,10:00 to 11:00 PM,338,726
2025,Burrard Station,Sat,10:00 to 11:00 AM,733,311
2025,Burrard Station,Sat,1:00 to 2:00 PM,848,568
2025,Burrard Station,Sat,1:00 to 2:00 AM,21,75
2025,Burrard Station,MF,9:00 to 10:00 PM,279,796
2025,Burrard Station,MF,9:00 to 10:00 AM,2140,354
2025,Burrard Station,MF,8:00 to 9:00 PM,284,887
2025,Burrard Station,MF,8:00 to 9:00 AM,4306,503
2025,Burrard Station,MF,7:00 to 8:00 PM,403,1049
2025,Burrard Station,MF,7:00 to 8:00 AM,2709,561
2025,Burrard Station,MF,6:00 to 7:00 PM,702,1690
2025,Burrard Station,MF,6:00 to 7:00 AM,1276,316
2025,Burrard Station,MF,5:00 to 6:00 PM,1010,3268
2025,Burrard Station,MF,5:00 to 6:00 AM,303,127
2025,Burrard Station,MF,4:00 to 5:00 PM,1118,3386
2025,Burrard Station,MF,4:00 to 5:00 AM,0,0
2025,Burrard Station,MF,3:00 to 4:00 PM,904,2001
2025,Burrard Station,MF,3:00 to 4:00 AM,0,0
2025,Burrard Station,MF,2:00 to 3:00 PM,858,1117
2025,Burrard Station,MF,2:00 to 3:00 AM,1,1
2025,Burrard Station,MF,12:00 to 1:00 PM,736,564
2025,Burrard Station,MF,12:00 to 1:00 AM,54,292
2025,Burrard Station,MF,11:00 PM to 12:00 AM,130,547
2025,Burrard Station,MF,11:00 AM to 12:00 PM,833,442
2025,Burrard Station,MF,10:00 to 11:00 PM,244,637
2025,Burrard Station,MF,10:00 to 11:00 AM,966,330
2025,Burrard Station,MF,1:00 to 2:00 PM,765,691
2025,Burrard Station,MF,1:00 to 2:00 AM,12,38
2025,Burrard Station,Sun/Hol,9:00 to 10:00 PM,215,625
2025,Burrard Station,Sun/Hol,9:00 to 10:00 AM,619,201
2025,Burrard Station,Sun/Hol,8:00 to 9:00 PM,250,641
2025,Burrard Station,Sun/Hol,8:00 to 9:00 AM,711,194
2025,Capstan Station,Sun/Hol,8:00 to 9:00 PM,63,63
2025,Capstan Station,Sun/Hol,8:00 to 9:00 AM,25,35
2025,Capstan Station,Sun/Hol,7:00 to 8:00 PM,96,72
2025,Capstan Station,Sun/Hol,9:00 to 10:00 AM,37,64
2025,Capstan Station,Sun/Hol,9:00 to 10:00 PM,51,53
2025,Capstan Station,MF,1:00 to 2:00 AM,5,2
2025,Capstan Station,MF,1:00 to 2:00 PM,78,93
2025,Capstan Station,MF,10:00 to 11:00 AM,64,95
2025,Capstan Station,MF,10:00 to 11:00 PM,42,38
2025,Capstan Station,MF,11:00 AM to 12:00 PM,64,90
2025,Capstan Station,MF,11:00 PM to 12:00 AM,22,19
2025,Capstan Station,MF,12:00 to 1:00 AM,14,7
2025,Capstan Station,MF,12:00 to 1:00 PM,80,92
2025,Capstan Station,MF,2:00 to 3:00 AM,0,1
2025,Capstan Station,MF,2:00 to 3:00 PM,93,105
2025,Capstan Station,MF,3:00 to 4:00 AM,0,0
2025,Capstan Station,MF,3:00 to 4:00 PM,131,131
2025,Capstan Station,MF,4:00 to 5:00 AM,1,1
2025,Capstan Station,MF,4:00 to 5:00 PM,180,116
2025,Capstan Station,MF,5:00 to 6:00 AM,4,14
2025,Capstan Station,MF,5:00 to 6:00 PM,240,118
2025,Capstan Station,MF,6:00 to 7:00 AM,51,51
2025,Capstan Station,MF,6:00 to 7:00 PM,185,93
2025,Capstan Station,MF,7:00 to 8:00 AM,44,130
2025,Capstan Station,MF,7:00 to 8:00 PM,112,68
2025,Capstan Station,MF,8:00 to 9:00 AM,47,197
2025,Capstan Station,MF,8:00 to 9:00 PM,74,54
2025,Capstan Station,MF,9:00 to 10:00 AM,56,134
2025,Capstan Station,MF,9:00 to 10:00 PM,64,49
2025,Capstan Station,Sat,1:00 to 2:00 AM,9,2
2025,Capstan Station,Sat,1:00 to 2:00 PM,109,124
2025,Capstan Station,Sat,10:00 to 11:00 AM,75,98
2025,Capstan Station,Sat,10:00 to 11:00 PM,50,55
2025,Capstan Station,Sat,11:00 AM to 12:00 PM,94,105
2025,Capstan Station,Sat,11:00 PM to 12:00 AM,33,32
2025,Capstan Station,Sat,12:00 to 1:00 AM,24,11
2025,Capstan Station,Sat,12:00 to 1:00 PM,97,115
2025,Capstan Station,Sat,2:00 to 3:00 AM,0,0
2025,Capstan Station,Sat,2:00 to 3:00 PM,113,132
2025,Capstan Station,Sat,3:00 to 4:00 AM,0,0
2025,Capstan Station,Sat,3:00 to 4:00 PM,128,133
2025,Capstan Station,Sat,4:00 to 5:00 AM,1,1
2025,Capstan Station,Sat,4:00 to 5:00 PM,138,128
2025,Capstan Station,Sat,5:00 to 6:00 AM,2,9
2025,Capstan Station,Sat,5:00 to 6:00 PM,153,127
2025,Capstan Station,Sat,6:00 to 7:00 AM,10,15
2025,Capstan Station,Sat,6:00 to 7:00 PM,138,109
2025,Capstan Station,Sat,7:00 to 8:00 AM,27,28
2025,Capstan Station,Sat,7:00 to 8:00 PM,106,89
2025,Capstan Station,Sat,8:00 to 9:00 AM,35,54
2025,Capstan Station,Sat,8:00 to 9:00 PM,85,81
2025,Capstan Station,Sat,9:00 to 10:00 AM,54,82
2025,Capstan Station,Sat,9:00 to 10:00 PM,70,72
2025,Capstan Station,Sun/Hol,1:00 to 2:00 AM,4,2
2025,Capstan Station,Sun/Hol,1:00 to 2:00 PM,96,106
2025,Capstan Station,Sun/Hol,10:00 to 11:00 AM,69,87
2025,Capstan Station,Sun/Hol,10:00 to 11:00 PM,35,42
2025,Capstan Station,Sun/Hol,11:00 AM to 12:00 PM,72,87
2025,Capstan Station,Sun/Hol,11:00 PM to 12:00 AM,21,21
2025,Capstan Station,Sun/Hol,12:00 to 1:00 AM,12,7
2025,Capstan Station,Sun/Hol,12:00 to 1:00 PM,91,99
2025,Capstan Station,Sun/Hol,2:00 to 3:00 AM,0,1
2025,Capstan Station,Sun/Hol,2:00 to 3:00 PM,105,114
2025,Capstan Station,Sun/Hol,3:00 to 4:00 AM,0,0
2025,Capstan Station,Sun/Hol,3:00 to 4:00 PM,106,112
2025,Capstan Station,Sun/Hol,4:00 to 5:00 AM,1,1
2025,Capstan Station,Sun/Hol,4:00 to 5:00 PM,126,105
2025,Capstan Station,Sun/Hol,5:00 to 6:00 AM,2,6
2025,Capstan Station,Sun/Hol,5:00 to 6:00 PM,123,101
2025,Capstan Station,Sun/Hol,7:00 to 8:00 AM,18,25
2025,Capstan Station,Sun/Hol,6:00 to 7:00 PM,120,83
2025,Capstan Station,Sun/Hol,6:00 to 7:00 AM,8,14
2025,Columbia Station,Sun/Hol,9:00 to 10:00 PM,92,81
2025,Columbia Station,Sun/Hol,9:00 to 10:00 AM,70,132
2025,Columbia Station,Sun/Hol,8:00 to 9:00 PM,110,103
2025,Columbia Station,Sun/Hol,8:00 to 9:00 AM,58,99
2025,Columbia Station,Sun/Hol,7:00 to 8:00 PM,138,102
2025,Columbia Station,Sun/Hol,7:00 to 8:00 AM,31,94
2025,Columbia Station,Sun/Hol,6:00 to 7:00 PM,165,132
2025,Columbia Station,Sun/Hol,6:00 to 7:00 AM,1,4
2025,Columbia Station,Sun/Hol,5:00 to 6:00 PM,171,151
2025,Columbia Station,Sun/Hol,5:00 to 6:00 AM,0,1
2025,Columbia Station,Sun/Hol,4:00 to 5:00 PM,172,166
2025,Columbia Station,Sun/Hol,4:00 to 5:00 AM,0,0
2025,Columbia Station,Sun/Hol,3:00 to 4:00 PM,155,183
2025,Columbia Station,Sun/Hol,2:00 to 3:00 PM,146,172
2025,Columbia Station,Sun/Hol,2:00 to 3:00 AM,0,0
2025,Columbia Station,Sun/Hol,12:00 to 1:00 PM,115,206
2025,Columbia Station,Sun/Hol,12:00 to 1:00 AM,33,15
2025,Columbia Station,Sun/Hol,11:00 PM to 12:00 AM,62,44
2025,Columbia Station,Sun/Hol,11:00 AM to 12:00 PM,115,165
2025,Columbia Station,Sun/Hol,10:00 to 11:00 PM,81,72
2025,Columbia Station,Sun/Hol,10:00 to 11:00 AM,111,167
2025,Columbia Station,Sun/Hol,1:00 to 2:00 PM,131,190
2025,Columbia Station,Sun/Hol,1:00 to 2:00 AM,1,1
2025,Columbia Station,Sat,9:00 to 10:00 PM,130,128
2025,Columbia Station,Sat,9:00 to 10:00 AM,108,162
2025,Columbia Station,Sat,8:00 to 9:00 PM,140,126
2025,Columbia Station,Sat,8:00 to 9:00 AM,196,132
2025,Columbia Station,Sat,7:00 to 8:00 PM,176,139
2025,Columbia Station,Sat,7:00 to 8:00 AM,52,104
2025,Columbia Station,Sat,6:00 to 7:00 PM,218,194
2025,Columbia Station,Sat,6:00 to 7:00 AM,22,66
2025,Columbia Station,Sat,5:00 to 6:00 PM,216,250
2025,Columbia Station,Sat,5:00 to 6:00 AM,0,0
2025,Columbia Station,Sat,4:00 to 5:00 PM,211,236
2025,Columbia Station,Sat,4:00 to 5:00 AM,0,0
2025,Columbia Station,MF,1:00 to 2:00 AM,18,7
2025,Columbia Station,MF,1:00 to 2:00 PM,147,202
2025,Columbia Station,Sat,1:00 to 2:00 AM,34,12
2025,Columbia Station,MF,9:00 to 10:00 PM,120,106
2025,Columbia Station,MF,9:00 to 10:00 AM,171,229
2025,Columbia Station,MF,8:00 to 9:00 PM,136,121
2025,Columbia Station,MF,8:00 to 9:00 AM,370,402
2025,Columbia Station,MF,7:00 to 8:00 PM,195,143
2025,Columbia Station,MF,7:00 to 8:00 AM,161,454
2025,Columbia Station,MF,6:00 to 7:00 PM,308,232
2025,Columbia Station,MF,6:00 to 7:00 AM,85,307
2025,Columbia Station,MF,5:00 to 6:00 PM,390,353
2025,Columbia Station,MF,5:00 to 6:00 AM,31,132
2025,Columbia Station,MF,4:00 to 5:00 PM,363,341
2025,Columbia Station,MF,4:00 to 5:00 AM,0,0
2025,Columbia Station,MF,3:00 to 4:00 PM,276,319
2025,Columbia Station,MF,3:00 to 4:00 AM,0,0
2025,Columbia Station,MF,2:00 to 3:00 PM,209,254
2025,Columbia Station,MF,2:00 to 3:00 AM,0,0
2025,Columbia Station,MF,12:00 to 1:00 PM,163,219
2025,Columbia Station,MF,12:00 to 1:00 AM,39,21
2025,Columbia Station,MF,11:00 PM to 12:00 AM,67,53
2025,Columbia Station,MF,11:00 AM to 12:00 PM,217,201
2025,Columbia Station,MF,10:00 to 11:00 PM,101,81
2025,Columbia Station,MF,10:00 to 11:00 AM,117,169
2025,Columbia Station,Sat,1:00 to 2:00 PM,160,233
2025,Columbia Station,Sat,10:00 to 11:00 AM,106,179
2025,Columbia Station,Sat,10:00 to 11:00 PM,121,106
2025,Columbia Station,Sat,11:00 AM to 12:00 PM,195,231
2025,Columbia Station,Sat,11:00 PM to 12:00 AM,93,83
2025,Columbia Station,Sat,12:00 to 1:00 AM,66,41
2025,Columbia Station,Sat,12:00 to 1:00 PM,161,219
2025,Columbia Station,Sat,2:00 to 3:00 AM,0,0
2025,Columbia Station,Sat,2:00 to 3:00 PM,189,291
2025,Columbia Station,Sat,3:00 to 4:00 PM,200,258
2025,Commercial-Broadway Station,Sun/Hol,9:00 to 10:00 PM,496,495
2025,Commercial-Broadway Station,Sun/Hol,9:00 to 10:00 AM,606,477
2025,Commercial-Broadway Station,Sun/Hol,8:00 to 9:00 PM,586,556
2025,Commercial-Broadway Station,Sun/Hol,8:00 to 9:00 AM,427,377
2025,Commercial-Broadway Station,Sun/Hol,7:00 to 8:00 PM,701,671
2025,Commercial-Broadway Station,Sun/Hol,7:00 to 8:00 AM,284,232
2025,Commercial-Broadway Station,Sun/Hol,6:00 to 7:00 PM,879,864
2025,Commercial-Broadway Station,Sun/Hol,6:00 to 7:00 AM,16,11
2025,Commercial-Broadway Station,Sun/Hol,5:00 to 6:00 PM,1013,950
2025,Commercial-Broadway Station,Sun/Hol,5:00 to 6:00 AM,2,10
2025,Commercial-Broadway Station,Sun/Hol,4:00 to 5:00 PM,1056,1040
2025,Commercial-Broadway Station,Sun/Hol,4:00 to 5:00 AM,0,0
2025,Commercial-Broadway Station,MF,1:00 to 2:00 AM,54,46
2025,Commercial-Broadway Station,MF,1:00 to 2:00 PM,978,910
2025,Commercial-Broadway Station,MF,10:00 to 11:00 AM,892,704
2025,Commercial-Broadway Station,MF,10:00 to 11:00 PM,545,534
2025,Commercial-Broadway Station,MF,11:00 AM to 12:00 PM,825,789
2025,Commercial-Broadway Station,MF,11:00 PM to 12:00 AM,340,385
2025,Commercial-Broadway Station,MF,12:00 to 1:00 AM,177,176
2025,Commercial-Broadway Station,MF,12:00 to 1:00 PM,940,887
2025,Commercial-Broadway Station,MF,2:00 to 3:00 AM,1,0
2025,Commercial-Broadway Station,MF,2:00 to 3:00 PM,1137,1098
2025,Commercial-Broadway Station,MF,3:00 to 4:00 AM,0,0
2025,Commercial-Broadway Station,MF,3:00 to 4:00 PM,1436,1742
2025,Commercial-Broadway Station,MF,4:00 to 5:00 AM,0,6
2025,Commercial-Broadway Station,MF,4:00 to 5:00 PM,1831,2111
2025,Commercial-Broadway Station,MF,5:00 to 6:00 AM,261,237
2025,Commercial-Broadway Station,MF,5:00 to 6:00 PM,1985,2138
2025,Commercial-Broadway Station,MF,6:00 to 7:00 AM,973,707
2025,Commercial-Broadway Station,MF,6:00 to 7:00 PM,1400,1491
2025,Commercial-Broadway Station,MF,7:00 to 8:00 AM,1644,1139
2025,Commercial-Broadway Station,MF,7:00 to 8:00 PM,854,972
2025,Commercial-Broadway Station,MF,8:00 to 9:00 AM,1940,1434
2025,Commercial-Broadway Station,MF,8:00 to 9:00 PM,681,748
2025,Commercial-Broadway Station,MF,9:00 to 10:00 AM,1307,887
2025,Commercial-Broadway Station,MF,9:00 to 10:00 PM,663,660
2025,Commercial-Broadway Station,Sat,1:00 to 2:00 AM,106,75
2025,Commercial-Broadway Station,Sat,1:00 to 2:00 PM,1036,1040
2025,Commercial-Broadway Station,Sat,10:00 to 11:00 AM,831,720
2025,Commercial-Broadway Station,Sat,10:00 to 11:00 PM,658,614
2025,Commercial-Broadway Station,Sat,11:00 AM to 12:00 PM,852,818
2025,Commercial-Broadway Station,Sat,11:00 PM to 12:00 AM,461,493
2025,Commercial-Broadway Station,Sat,12:00 to 1:00 AM,279,284
2025,Commercial-Broadway Station,Sat,12:00 to 1:00 PM,945,949
2025,Commercial-Broadway Station,Sun/Hol,3:00 to 4:00 PM,1032,1055
2025,Commercial-Broadway Station,Sun/Hol,3:00 to 4:00 AM,0,0
2025,Commercial-Broadway Station,Sun/Hol,2:00 to 3:00 PM,1022,973
2025,Commercial-Broadway Station,Sun/Hol,2:00 to 3:00 AM,0,0
2025,Commercial-Broadway Station,Sun/Hol,12:00 to 1:00 PM,851,832
2025,Commercial-Broadway Station,Sun/Hol,12:00 to 1:00 AM,106,95
2025,Commercial-Broadway Station,Sun/Hol,11:00 PM to 12:00 AM,292,315
2025,Commercial-Broadway Station,Sun/Hol,11:00 AM to 12:00 PM,762,713
2025,Commercial-Broadway Station,Sun/Hol,10:00 to 11:00 PM,430,421
2025,Commercial-Broadway Station,Sun/Hol,10:00 to 11:00 AM,747,631
2025,Commercial-Broadway Station,Sun/Hol,1:00 to 2:00 PM,951,935
2025,Commercial-Broadway Station,Sun/Hol,1:00 to 2:00 AM,4,3
2025,Commercial-Broadway Station,Sat,9:00 to 10:00 PM,709,637
2025,Commercial-Broadway Station,Sat,9:00 to 10:00 AM,825,612
2025,Commercial-Broadway Station,Sat,8:00 to 9:00 PM,700,666
2025,Commercial-Broadway Station,Sat,8:00 to 9:00 AM,665,501
2025,Commercial-Broadway Station,Sat,7:00 to 8:00 PM,842,854
2025,Commercial-Broadway Station,Sat,7:00 to 8:00 AM,466,400
2025,Commercial-Broadway Station,Sat,6:00 to 7:00 PM,1095,1135
2025,Commercial-Broadway Station,Sat,6:00 to 7:00 AM,261,151
2025,Commercial-Broadway Station,Sat,5:00 to 6:00 PM,1189,1260
2025,Commercial-Broadway Station,Sat,5:00 to 6:00 AM,1,9
2025,Commercial-Broadway Station,Sat,4:00 to 5:00 PM,1227,1306
2025,Commercial-Broadway Station,Sat,4:00 to 5:00 AM,1,1
2025,Commercial-Broadway Station,Sat,3:00 to 4:00 PM,1198,1269
2025,Commercial-Broadway Station,Sat,3:00 to 4:00 AM,0,0
2025,Commercial-Broadway Station,Sat,2:00 to 3:00 PM,1135,1129
2025,Commercial-Broadway Station,Sat,2:00 to 3:00 AM,1,1
2025,Coquitlam Central Station,Sat,1:00 to 2:00 AM,49,3
2025,Coquitlam Central Station,MF,9:00 to 10:00 PM,201,120
2025,Coquitlam Central Station,MF,9:00 to 10:00 AM,176,291
2025,Coquitlam Central Station,MF,8:00 to 9:00 PM,215,138
2025,Coquitlam Central Station,MF,8:00 to 9:00 AM,270,455
2025,Coquitlam Central Station,MF,7:00 to 8:00 PM,263,160
2025,Coquitlam Central Station,MF,7:00 to 8:00 AM,307,488
2025,Coquitlam Central Station,MF,6:00 to 7:00 PM,398,257
2025,Coquitlam Central Station,MF,6:00 to 7:00 AM,243,363
2025,Coquitlam Central Station,MF,5:00 to 6:00 PM,543,377
2025,Coquitlam Central Station,MF,5:00 to 6:00 AM,5,198
2025,Coquitlam Central Station,MF,4:00 to 5:00 PM,536,384
2025,Coquitlam Central Station,MF,4:00 to 5:00 AM,0,9
2025,Coquitlam Central Station,MF,3:00 to 4:00 PM,512,331
2025,Coquitlam Central Station,MF,3:00 to 4:00 AM,0,0
2025,Coquitlam Central Station,MF,2:00 to 3:00 PM,346,225
2025,Coquitlam Central Station,MF,2:00 to 3:00 AM,0,0
2025,Coquitlam Central Station,MF,12:00 to 1:00 PM,225,216
2025,Coquitlam Central Station,MF,12:00 to 1:00 AM,52,23
2025,Coquitlam Central Station,MF,11:00 PM to 12:00 AM,95,62
2025,Coquitlam Central Station,MF,11:00 AM to 12:00 PM,170,250
2025,Coquitlam Central Station,MF,10:00 to 11:00 PM,162,99
2025,Coquitlam Central Station,MF,10:00 to 11:00 AM,154,227
2025,Coquitlam Central Station,MF,1:00 to 2:00 PM,268,219
2025,Coquitlam Central Station,MF,1:00 to 2:00 AM,22,3
2025,Coquitlam Central Station,Sun/Hol,9:00 to 10:00 PM,141,110
2025,Coquitlam Central Station,Sun/Hol,9:00 to 10:00 AM,148,147
2025,Coquitlam Central Station,Sun/Hol,8:00 to 9:00 PM,163,142
2025,Coquitlam Central Station,Sun/Hol,8:00 to 9:00 AM,159,116
2025,Coquitlam Central Station,Sun/Hol,7:00 to 8:00 PM,194,147
2025,Coquitlam Central Station,Sun/Hol,7:00 to 8:00 AM,9,115
2025,Coquitlam Central Station,Sun/Hol,6:00 to 7:00 PM,220,181
2025,Coquitlam Central Station,Sun/Hol,6:00 to 7:00 AM,4,43
2025,Coquitlam Central Station,Sun/Hol,5:00 to 6:00 PM,244,207
2025,Coquitlam Central Station,Sun/Hol,5:00 to 6:00 AM,0,2
2025,Coquitlam Central Station,Sun/Hol,4:00 to 5:00 PM,246,218
2025,Coquitlam Central Station,Sun/Hol,4:00 to 5:00 AM,0,0
2025,Coquitlam Central Station,Sun/Hol,3:00 to 4:00 PM,238,223
2025,Coquitlam Central Station,Sun/Hol,3:00 to 4:00 AM,0,0
2025,Coquitlam Central Station,Sun/Hol,2:00 to 3:00 PM,227,218
2025,Coquitlam Central Station,Sun/Hol,2:00 to 3:00 AM,0,0
2025,Coquitlam Central Station,Sun/Hol,12:00 to 1:00 PM,175,204
2025,Coquitlam Central Station,Sun/Hol,12:00 to 1:00 AM,36,4
2025,Coquitlam Central Station,Sun/Hol,11:00 PM to 12:00 AM,71,62
2025,Coquitlam Central Station,Sun/Hol,11:00 AM to 12:00 PM,165,192
2025,Coquitlam Central Station,Sun/Hol,10:00 to 11:00 PM,114,91
2025,Coquitlam Central Station,Sun/Hol,10:00 to 11:00 AM,165,164
2025,Coquitlam Central Station,Sun/Hol,1:00 to 2:00 PM,214,212
2025,Coquitlam Central Station,Sat,1:00 to 2:00 PM,245,261
2025,Coquitlam Central Station,Sat,10:00 to 11:00 AM,188,218
2025,Coquitlam Central Station,Sat,10:00 to 11:00 PM,188,131
2025,Coquitlam Central Station,Sat,11:00 AM to 12:00 PM,194,239
2025,Coquitlam Central Station,Sat,11:00 PM to 12:00 AM,134,81
2025,Coquitlam Central Station,Sat,12:00 to 1:00 AM,87,33
2025,Coquitlam Central Station,Sat,12:00 to 1:00 PM,213,253
2025,Coquitlam Central Station,Sat,2:00 to 3:00 AM,1,1
2025,Coquitlam Central Station,Sat,2:00 to 3:00 PM,276,273
2025,Coquitlam Central Station,Sat,3:00 to 4:00 AM,0,0
2025,Coquitlam Central Station,Sat,3:00 to 4:00 PM,298,309
2025,Coquitlam Central Station,Sat,4:00 to 5:00 AM,0,0
2025,Coquitlam Central Station,Sat,4:00 to 5:00 PM,317,326
2025,Coquitlam Central Station,Sat,5:00 to 6:00 AM,0,16
2025,Coquitlam Central Station,Sat,5:00 to 6:00 PM,302,294
2025,Coquitlam Central Station,Sat,6:00 to 7:00 AM,3,95
2025,Coquitlam Central Station,Sat,6:00 to 7:00 PM,272,241
2025,Coquitlam Central Station,Sat,7:00 to 8:00 AM,149,156
2025,Coquitlam Central Station,Sat,7:00 to 8:00 PM,237,196
2025,Coquitlam Central Station,Sat,8:00 to 9:00 AM,174,179
2025,Coquitlam Central Station,Sat,8:00 to 9:00 PM,202,171
2025,Coquitlam Central Station,Sat,9:00 to 10:00 AM,212,200
2025,Coquitlam Central Station,Sat,9:00 to 10:00 PM,204,146
2025,Coquitlam Central Station,Sun/Hol,1:00 to 2:00 AM,1,1
2025,Edmonds Station,MF,11:00 PM to 12:00 AM,230,83
2025,Edmonds Station,Sun/Hol,11:00 AM to 12:00 PM,240,461
2025,Edmonds Station,MF,6:00 to 7:00 PM,1008,485
2025,Edmonds Station,MF,12:00 to 1:00 AM,134,34
2025,Edmonds Station,Sat,12:00 to 1:00 AM,176,41
2025,Edmonds Station,Sat,1:00 to 2:00 AM,62,9
2025,Edmonds Station,MF,6:00 to 7:00 AM,421,759
2025,Edmonds Station,MF,3:00 to 4:00 AM,0,0
2025,Edmonds Station,Sun/Hol,3:00 to 4:00 AM,0,0
2025,Edmonds Station,Sat,3:00 to 4:00 PM,521,563
2025,Edmonds Station,Sun/Hol,10:00 to 11:00 PM,251,111
2025,Edmonds Station,Sun/Hol,7:00 to 8:00 PM,442,206
2025,Edmonds Station,Sun/Hol,7:00 to 8:00 AM,67,336
2025,Edmonds Station,Sun/Hol,6:00 to 7:00 AM,5,13
2025,Edmonds Station,Sat,8:00 to 9:00 PM,391,220
2025,Edmonds Station,Sun/Hol,10:00 to 11:00 AM,212,467
2025,Edmonds Station,MF,1:00 to 2:00 AM,45,5
2025,Edmonds Station,MF,8:00 to 9:00 PM,444,206
2025,Edmonds Station,MF,4:00 to 5:00 AM,0,0
2025,Edmonds Station,Sun/Hol,1:00 to 2:00 AM,1,0
2025,Edmonds Station,Sat,10:00 to 11:00 PM,353,150
2025,Edmonds Station,MF,10:00 to 11:00 PM,325,144
2025,Edmonds Station,Sun/Hol,12:00 to 1:00 AM,77,17
2025,Edmonds Station,Sun/Hol,2:00 to 3:00 PM,407,472
2025,Edmonds Station,MF,4:00 to 5:00 PM,1088,903
2025,Edmonds Station,MF,2:00 to 3:00 PM,546,524
2025,Edmonds Station,Sat,3:00 to 4:00 AM,0,0
2025,Edmonds Station,Sat,4:00 to 5:00 PM,605,523
2025,Edmonds Station,Sat,5:00 to 6:00 AM,0,1
2025,Edmonds Station,Sun/Hol,4:00 to 5:00 PM,504,403
2025,Edmonds Station,Sun/Hol,5:00 to 6:00 AM,1,3
2025,Edmonds Station,MF,1:00 to 2:00 PM,421,461
2025,Edmonds Station,Sun/Hol,11:00 PM to 12:00 AM,178,69
2025,Edmonds Station,Sat,9:00 to 10:00 PM,400,197
2025,Edmonds Station,MF,9:00 to 10:00 PM,428,186
2025,Edmonds Station,MF,3:00 to 4:00 PM,840,809
2025,Edmonds Station,Sat,10:00 to 11:00 AM,264,523
2025,Edmonds Station,Sat,2:00 to 3:00 AM,0,0
2025,Edmonds Station,Sun/Hol,12:00 to 1:00 PM,310,494
2025,Edmonds Station,MF,10:00 to 11:00 AM,247,508
2025,Edmonds Station,MF,2:00 to 3:00 AM,0,0
2025,Edmonds Station,Sat,6:00 to 7:00 AM,59,257
2025,Edmonds Station,Sun/Hol,9:00 to 10:00 AM,170,418
2025,Edmonds Station,Sun/Hol,3:00 to 4:00 PM,441,456
2025,Edmonds Station,Sun/Hol,5:00 to 6:00 PM,526,354
2025,Edmonds Station,MF,8:00 to 9:00 AM,646,1298
2025,Edmonds Station,MF,12:00 to 1:00 PM,362,496
2025,Edmonds Station,MF,7:00 to 8:00 PM,612,265
2025,Edmonds Station,Sat,8:00 to 9:00 AM,210,440
2025,Edmonds Station,Sat,12:00 to 1:00 PM,351,562
2025,Edmonds Station,MF,9:00 to 10:00 AM,327,772
2025,Edmonds Station,Sat,9:00 to 10:00 AM,236,519
2025,Edmonds Station,Sun/Hol,6:00 to 7:00 PM,483,286
2025,Edmonds Station,Sat,5:00 to 6:00 PM,601,499
2025,Edmonds Station,Sun/Hol,9:00 to 10:00 PM,287,165
2025,Edmonds Station,Sun/Hol,2:00 to 3:00 AM,0,0
2025,Edmonds Station,Sat,11:00 AM to 12:00 PM,303,524
2025,Edmonds Station,Sat,6:00 to 7:00 PM,574,373
2025,Edmonds Station,Sun/Hol,8:00 to 9:00 AM,175,307
2025,Edmonds Station,Sun/Hol,1:00 to 2:00 PM,363,488
2025,Edmonds Station,MF,7:00 to 8:00 AM,635,1175
2025,Edmonds Station,MF,11:00 AM to 12:00 PM,278,484
2025,Edmonds Station,Sat,7:00 to 8:00 AM,159,338
2025,Edmonds Station,Sat,7:00 to 8:00 PM,476,273
2025,Edmonds Station,Sun/Hol,8:00 to 9:00 PM,343,179
2025,Edmonds Station,MF,5:00 to 6:00 AM,109,348
2025,Edmonds Station,MF,5:00 to 6:00 PM,1323,786
2025,Edmonds Station,Sat,1:00 to 2:00 PM,401,569
2025,Edmonds Station,Sat,2:00 to 3:00 PM,472,560
2025,Edmonds Station,Sat,11:00 PM to 12:00 AM,271,92
2025,Gateway Station,Sat,2:00 to 3:00 PM,244,379
2025,Gateway Station,Sat,2:00 to 3:00 AM,0,0
2025,Gateway Station,Sat,12:00 to 1:00 PM,178,359
2025,Gateway Station,Sat,12:00 to 1:00 AM,201,25
2025,Gateway Station,Sat,11:00 PM to 12:00 AM,260,61
2025,Gateway Station,Sat,11:00 AM to 12:00 PM,149,344
2025,Gateway Station,Sat,10:00 to 11:00 PM,282,120
2025,Gateway Station,Sat,10:00 to 11:00 AM,126,328
2025,Gateway Station,Sat,1:00 to 2:00 PM,204,368
2025,Gateway Station,Sat,1:00 to 2:00 AM,102,7
2025,Gateway Station,MF,9:00 to 10:00 PM,328,138
2025,Gateway Station,MF,9:00 to 10:00 AM,120,453
2025,Gateway Station,MF,8:00 to 9:00 PM,341,138
2025,Gateway Station,MF,8:00 to 9:00 AM,211,693
2025,Gateway Station,MF,7:00 to 8:00 PM,436,157
2025,Gateway Station,MF,7:00 to 8:00 AM,194,844
2025,Gateway Station,MF,6:00 to 7:00 PM,632,222
2025,Gateway Station,MF,6:00 to 7:00 AM,163,748
2025,Gateway Station,MF,5:00 to 6:00 PM,779,308
2025,Gateway Station,MF,5:00 to 6:00 AM,27,493
2025,Gateway Station,MF,4:00 to 5:00 PM,695,376
2025,Gateway Station,MF,4:00 to 5:00 AM,0,21
2025,Gateway Station,MF,3:00 to 4:00 PM,469,370
2025,Gateway Station,MF,3:00 to 4:00 AM,0,0
2025,Gateway Station,MF,2:00 to 3:00 PM,267,338
2025,Gateway Station,MF,2:00 to 3:00 AM,0,0
2025,Gateway Station,MF,12:00 to 1:00 PM,189,332
2025,Gateway Station,MF,12:00 to 1:00 AM,175,19
2025,Gateway Station,MF,11:00 PM to 12:00 AM,244,50
2025,Gateway Station,MF,11:00 AM to 12:00 PM,139,328
2025,Gateway Station,MF,10:00 to 11:00 PM,269,100
2025,Gateway Station,MF,10:00 to 11:00 AM,111,322
2025,Gateway Station,MF,1:00 to 2:00 PM,208,340
2025,Gateway Station,MF,1:00 to 2:00 AM,70,5
2025,Gateway Station,Sun/Hol,9:00 to 10:00 PM,224,129
2025,Gateway Station,Sun/Hol,9:00 to 10:00 AM,114,320
2025,Gateway Station,Sun/Hol,8:00 to 9:00 PM,300,133
2025,Gateway Station,Sun/Hol,8:00 to 9:00 AM,136,266
2025,Gateway Station,Sun/Hol,7:00 to 8:00 PM,351,150
2025,Gateway Station,Sun/Hol,7:00 to 8:00 AM,54,258
2025,Gateway Station,Sun/Hol,6:00 to 7:00 PM,357,175
2025,Gateway Station,Sun/Hol,6:00 to 7:00 AM,2,24
2025,Gateway Station,Sun/Hol,5:00 to 6:00 PM,334,212
2025,Gateway Station,Sun/Hol,5:00 to 6:00 AM,0,5
2025,Gateway Station,Sun/Hol,4:00 to 5:00 PM,294,245
2025,Gateway Station,Sun/Hol,4:00 to 5:00 AM,0,0
2025,Gateway Station,Sun/Hol,3:00 to 4:00 PM,240,289
2025,Gateway Station,Sun/Hol,2:00 to 3:00 PM,201,343
2025,Gateway Station,Sun/Hol,2:00 to 3:00 AM,0,0
2025,Gateway Station,Sun/Hol,12:00 to 1:00 PM,152,330
2025,Gateway Station,Sun/Hol,12:00 to 1:00 AM,144,11
2025,Gateway Station,Sun/Hol,11:00 PM to 12:00 AM,211,45
2025,Gateway Station,Sun/Hol,11:00 AM to 12:00 PM,128,301
2025,Gateway Station,Sun/Hol,10:00 to 11:00 PM,204,99
2025,Gateway Station,Sun/Hol,10:00 to 11:00 AM,118,307
2025,Gateway Station,Sun/Hol,1:00 to 2:00 PM,165,347
2025,Gateway Station,Sun/Hol,1:00 to 2:00 AM,3,0
2025,Gateway Station,Sat,9:00 to 10:00 PM,290,162
2025,Gateway Station,Sat,9:00 to 10:00 AM,121,366
2025,Gateway Station,Sat,8:00 to 9:00 PM,310,156
2025,Gateway Station,Sat,8:00 to 9:00 AM,139,384
2025,Gateway Station,Sat,7:00 to 8:00 PM,354,179
2025,Gateway Station,Sat,7:00 to 8:00 AM,133,343
2025,Gateway Station,Sat,6:00 to 7:00 PM,397,225
2025,Gateway Station,Sat,6:00 to 7:00 AM,41,256
2025,Gateway Station,Sat,5:00 to 6:00 PM,396,267
2025,Gateway Station,Sat,5:00 to 6:00 AM,0,9
2025,Gateway Station,Sat,4:00 to 5:00 PM,364,311
2025,Gateway Station,Sat,3:00 to 4:00 PM,309,332
2025,Gilmore Station,Sat,10:00 to 11:00 PM,95,61
2025,Gilmore Station,Sat,11:00 AM to 12:00 PM,115,159
2025,Gilmore Station,Sat,11:00 PM to 12:00 AM,60,47
2025,Gilmore Station,Sat,12:00 to 1:00 AM,39,22
2025,Gilmore Station,Sat,12:00 to 1:00 PM,121,172
2025,Gilmore Station,Sat,2:00 to 3:00 AM,0,0
2025,Gilmore Station,Sat,2:00 to 3:00 PM,153,180
2025,Gilmore Station,Sat,3:00 to 4:00 PM,155,203
2025,Gilmore Station,Sat,4:00 to 5:00 PM,162,201
2025,Gilmore Station,Sat,5:00 to 6:00 PM,160,182
2025,Gilmore Station,Sat,6:00 to 7:00 AM,27,28
2025,Gilmore Station,Sat,6:00 to 7:00 PM,138,146
2025,Gilmore Station,Sat,7:00 to 8:00 AM,59,65
2025,Gilmore Station,Sat,7:00 to 8:00 PM,116,104
2025,Gilmore Station,Sat,8:00 to 9:00 AM,97,102
2025,Gilmore Station,Sat,8:00 to 9:00 PM,99,76
2025,Gilmore Station,Sat,9:00 to 10:00 AM,102,139
2025,Gilmore Station,Sat,9:00 to 10:00 PM,97,62
2025,Gilmore Station,Sun/Hol,1:00 to 2:00 AM,0,0
2025,Gilmore Station,Sun/Hol,1:00 to 2:00 PM,108,137
2025,Gilmore Station,Sun/Hol,10:00 to 11:00 AM,73,125
2025,Gilmore Station,Sun/Hol,10:00 to 11:00 PM,60,42
2025,Gilmore Station,Sun/Hol,11:00 AM to 12:00 PM,81,123
2025,Gilmore Station,Sun/Hol,11:00 PM to 12:00 AM,39,31
2025,Gilmore Station,Sun/Hol,12:00 to 1:00 AM,14,10
2025,Gilmore Station,MF,3:00 to 4:00 AM,0,0
2025,Gilmore Station,MF,2:00 to 3:00 PM,154,192
2025,Gilmore Station,MF,2:00 to 3:00 AM,0,0
2025,Gilmore Station,MF,12:00 to 1:00 PM,133,163
2025,Gilmore Station,MF,12:00 to 1:00 AM,19,13
2025,Gilmore Station,MF,11:00 PM to 12:00 AM,46,34
2025,Gilmore Station,MF,11:00 AM to 12:00 PM,109,156
2025,Gilmore Station,MF,10:00 to 11:00 PM,81,50
2025,Gilmore Station,MF,10:00 to 11:00 AM,128,146
2025,Gilmore Station,MF,1:00 to 2:00 PM,148,154
2025,Gilmore Station,MF,1:00 to 2:00 AM,8,5
2025,Gilmore Station,Sun/Hol,12:00 to 1:00 PM,92,137
2025,Gilmore Station,Sun/Hol,2:00 to 3:00 PM,122,137
2025,Gilmore Station,Sun/Hol,3:00 to 4:00 PM,125,147
2025,Gilmore Station,Sun/Hol,4:00 to 5:00 PM,126,141
2025,Gilmore Station,Sun/Hol,5:00 to 6:00 AM,1,0
2025,Gilmore Station,Sun/Hol,5:00 to 6:00 PM,130,126
2025,Gilmore Station,Sun/Hol,6:00 to 7:00 AM,2,2
2025,Gilmore Station,Sun/Hol,6:00 to 7:00 PM,114,99
2025,Gilmore Station,Sun/Hol,7:00 to 8:00 AM,33,45
2025,Gilmore Station,Sun/Hol,7:00 to 8:00 PM,96,74
2025,Gilmore Station,Sun/Hol,8:00 to 9:00 AM,51,72
2025,Gilmore Station,Sun/Hol,8:00 to 9:00 PM,83,61
2025,Gilmore Station,Sun/Hol,9:00 to 10:00 AM,57,96
2025,Gilmore Station,Sun/Hol,9:00 to 10:00 PM,71,47
2025,Gilmore Station,MF,3:00 to 4:00 PM,218,287
2025,Gilmore Station,MF,4:00 to 5:00 AM,0,0
2025,Gilmore Station,MF,4:00 to 5:00 PM,297,429
2025,Gilmore Station,MF,5:00 to 6:00 AM,52,44
2025,Gilmore Station,MF,5:00 to 6:00 PM,371,448
2025,Gilmore Station,MF,6:00 to 7:00 AM,151,156
2025,Gilmore Station,MF,6:00 to 7:00 PM,253,259
2025,Gilmore Station,MF,7:00 to 8:00 AM,278,272
2025,Gilmore Station,MF,7:00 to 8:00 PM,152,147
2025,Gilmore Station,MF,8:00 to 9:00 AM,363,355
2025,Gilmore Station,MF,8:00 to 9:00 PM,113,100
2025,Gilmore Station,MF,9:00 to 10:00 AM,249,213
2025,Gilmore Station,MF,9:00 to 10:00 PM,98,70
2025,Gilmore Station,Sat,1:00 to 2:00 AM,12,7
2025,Gilmore Station,Sat,1:00 to 2:00 PM,136,172
2025,Gilmore Station,Sat,10:00 to 11:00 AM,104,151
2025,Granville Station,MF,2:00 to 3:00 AM,0,0
2025,Granville Station,MF,12:00 to 1:00 PM,1186,693
2025,Granville Station,MF,12:00 to 1:00 AM,55,326
2025,Granville Station,MF,11:00 PM to 12:00 AM,147,465
2025,Granville Station,MF,11:00 AM to 12:00 PM,1152,472
2025,Granville Station,MF,10:00 to 11:00 PM,245,657
2025,Granville Station,MF,10:00 to 11:00 AM,1276,335
2025,Granville Station,MF,1:00 to 2:00 PM,1089,813
2025,Granville Station,MF,1:00 to 2:00 AM,11,60
2025,Granville Station,MF,2:00 to 3:00 PM,1118,1085
2025,Granville Station,MF,3:00 to 4:00 AM,0,0
2025,Granville Station,MF,3:00 to 4:00 PM,1178,1559
2025,Granville Station,MF,4:00 to 5:00 AM,0,0
2025,Granville Station,MF,4:00 to 5:00 PM,1391,2396
2025,Granville Station,MF,5:00 to 6:00 AM,206,84
2025,Granville Station,MF,5:00 to 6:00 PM,1348,2619
2025,Granville Station,MF,6:00 to 7:00 AM,879,253
2025,Granville Station,MF,6:00 to 7:00 PM,955,1798
2025,Granville Station,Sun/Hol,9:00 to 10:00 PM,242,610
2025,Granville Station,Sun/Hol,9:00 to 10:00 AM,891,193
2025,Granville Station,Sun/Hol,8:00 to 9:00 PM,320,717
2025,Granville Station,Sun/Hol,8:00 to 9:00 AM,712,163
2025,Granville Station,Sun/Hol,7:00 to 8:00 PM,473,1112
2025,Granville Station,MF,7:00 to 8:00 AM,1853,305
2025,Granville Station,MF,7:00 to 8:00 PM,552,1276
2025,Granville Station,MF,8:00 to 9:00 AM,3353,324
2025,Granville Station,MF,8:00 to 9:00 PM,370,1064
2025,Granville Station,MF,9:00 to 10:00 AM,2349,256
2025,Granville Station,MF,9:00 to 10:00 PM,305,919
2025,Granville Station,Sat,1:00 to 2:00 AM,23,139
2025,Granville Station,Sat,1:00 to 2:00 PM,1372,722
2025,Granville Station,Sat,10:00 to 11:00 AM,1012,302
2025,Granville Station,Sat,10:00 to 11:00 PM,432,810
2025,Granville Station,Sat,11:00 AM to 12:00 PM,1242,456
2025,Granville Station,Sat,11:00 PM to 12:00 AM,276,718
2025,Granville Station,Sat,12:00 to 1:00 AM,123,492
2025,Granville Station,Sat,12:00 to 1:00 PM,1297,624
2025,Granville Station,Sat,2:00 to 3:00 AM,0,0
2025,Granville Station,Sat,2:00 to 3:00 PM,1421,908
2025,Granville Station,Sat,3:00 to 4:00 AM,0,0
2025,Granville Station,Sat,3:00 to 4:00 PM,1332,1136
2025,Granville Station,Sat,4:00 to 5:00 AM,0,0
2025,Granville Station,Sat,4:00 to 5:00 PM,1342,1368
2025,Granville Station,Sat,5:00 to 6:00 AM,0,0
2025,Granville Station,Sat,5:00 to 6:00 PM,1148,1364
2025,Granville Station,Sat,6:00 to 7:00 AM,225,57
2025,Granville Station,Sat,6:00 to 7:00 PM,1004,1310
2025,Granville Station,Sun/Hol,7:00 to 8:00 AM,532,84
2025,Granville Station,Sun/Hol,6:00 to 7:00 PM,702,1190
2025,Granville Station,Sun/Hol,6:00 to 7:00 AM,11,3
2025,Granville Station,Sun/Hol,5:00 to 6:00 PM,854,1242
2025,Granville Station,Sun/Hol,5:00 to 6:00 AM,2,1
2025,Granville Station,Sun/Hol,4:00 to 5:00 PM,1036,1245
2025,Granville Station,Sun/Hol,4:00 to 5:00 AM,0,0
2025,Granville Station,Sun/Hol,3:00 to 4:00 PM,1136,981
2025,Granville Station,Sun/Hol,3:00 to 4:00 AM,0,0
2025,Granville Station,Sun/Hol,2:00 to 3:00 PM,1258,840
2025,Granville Station,Sun/Hol,2:00 to 3:00 AM,0,0
2025,Granville Station,Sun/Hol,12:00 to 1:00 PM,1167,558
2025,Granville Station,Sun/Hol,12:00 to 1:00 AM,29,120
2025,Granville Station,Sun/Hol,11:00 PM to 12:00 AM,132,393
2025,Granville Station,Sun/Hol,11:00 AM to 12:00 PM,1081,373
2025,Granville Station,Sun/Hol,10:00 to 11:00 PM,219,531
2025,Granville Station,Sun/Hol,10:00 to 11:00 AM,1088,283
2025,Granville Station,Sun/Hol,1:00 to 2:00 PM,1234,648
2025,Granville Station,Sun/Hol,1:00 to 2:00 AM,1,3
2025,Granville Station,Sat,9:00 to 10:00 PM,513,829
2025,Granville Station,Sat,9:00 to 10:00 AM,1137,220
2025,Granville Station,Sat,8:00 to 9:00 PM,560,1005
2025,Granville Station,Sat,8:00 to 9:00 AM,893,190
2025,Granville Station,Sat,7:00 to 8:00 PM,778,1066
2025,Granville Station,Sat,7:00 to 8:00 AM,751,168
2025,Holdom Station,Sat,12:00 to 1:00 PM,65,143
2025,Holdom Station,Sat,12:00 to 1:00 AM,39,13
2025,Holdom Station,Sat,11:00 PM to 12:00 AM,72,20
2025,Holdom Station,Sat,11:00 AM to 12:00 PM,58,133
2025,Holdom Station,Sat,10:00 to 11:00 PM,88,37
2025,Holdom Station,Sat,10:00 to 11:00 AM,50,133
2025,Holdom Station,Sat,1:00 to 2:00 PM,83,147
2025,Holdom Station,Sat,1:00 to 2:00 AM,20,3
2025,Holdom Station,MF,9:00 to 10:00 PM,105,37
2025,Holdom Station,MF,9:00 to 10:00 AM,62,208
2025,Holdom Station,MF,8:00 to 9:00 PM,112,46
2025,Holdom Station,MF,8:00 to 9:00 AM,105,349
2025,Holdom Station,MF,7:00 to 8:00 PM,142,65
2025,Holdom Station,MF,7:00 to 8:00 AM,130,328
2025,Holdom Station,MF,6:00 to 7:00 PM,238,109
2025,Holdom Station,MF,6:00 to 7:00 AM,125,198
2025,Holdom Station,MF,5:00 to 6:00 PM,324,198
2025,Holdom Station,MF,5:00 to 6:00 AM,13,48
2025,Holdom Station,MF,4:00 to 5:00 PM,262,219
2025,Holdom Station,MF,4:00 to 5:00 AM,0,0
2025,Holdom Station,MF,3:00 to 4:00 PM,202,208
2025,Holdom Station,MF,3:00 to 4:00 AM,0,0
2025,Holdom Station,MF,2:00 to 3:00 PM,113,129
2025,Holdom Station,MF,2:00 to 3:00 AM,0,0
2025,Holdom Station,MF,12:00 to 1:00 PM,77,119
2025,Holdom Station,MF,12:00 to 1:00 AM,26,17
2025,Holdom Station,MF,11:00 PM to 12:00 AM,50,16
2025,Holdom Station,MF,11:00 AM to 12:00 PM,57,120
2025,Holdom Station,MF,10:00 to 11:00 PM,84,25
2025,Holdom Station,MF,10:00 to 11:00 AM,53,133
2025,Holdom Station,MF,1:00 to 2:00 PM,91,115
2025,Holdom Station,MF,1:00 to 2:00 AM,13,2
2025,Holdom Station,Sun/Hol,9:00 to 10:00 PM,77,31
2025,Holdom Station,Sun/Hol,9:00 to 10:00 AM,29,99
2025,Holdom Station,Sun/Hol,8:00 to 9:00 PM,77,35
2025,Holdom Station,Sun/Hol,8:00 to 9:00 AM,32,75
2025,Holdom Station,Sun/Hol,7:00 to 8:00 PM,101,44
2025,Holdom Station,Sun/Hol,7:00 to 8:00 AM,16,55
2025,Holdom Station,Sun/Hol,6:00 to 7:00 PM,118,65
2025,Holdom Station,Sun/Hol,6:00 to 7:00 AM,1,2
2025,Holdom Station,Sun/Hol,5:00 to 6:00 PM,121,87
2025,Holdom Station,Sun/Hol,5:00 to 6:00 AM,0,0
2025,Holdom Station,Sun/Hol,4:00 to 5:00 PM,117,101
2025,Holdom Station,Sun/Hol,4:00 to 5:00 AM,0,0
2025,Holdom Station,Sun/Hol,3:00 to 4:00 PM,99,107
2025,Holdom Station,Sun/Hol,3:00 to 4:00 AM,0,0
2025,Holdom Station,Sun/Hol,2:00 to 3:00 PM,80,120
2025,Holdom Station,Sun/Hol,2:00 to 3:00 AM,0,0
2025,Holdom Station,Sun/Hol,12:00 to 1:00 PM,59,119
2025,Holdom Station,Sun/Hol,12:00 to 1:00 AM,18,5
2025,Holdom Station,Sun/Hol,11:00 PM to 12:00 AM,42,12
2025,Holdom Station,Sun/Hol,11:00 AM to 12:00 PM,45,111
2025,Holdom Station,Sun/Hol,10:00 to 11:00 PM,62,22
2025,Holdom Station,Sun/Hol,10:00 to 11:00 AM,38,122
2025,Holdom Station,Sun/Hol,1:00 to 2:00 PM,75,120
2025,Holdom Station,Sun/Hol,1:00 to 2:00 AM,1,0
2025,Holdom Station,Sat,9:00 to 10:00 PM,98,46
2025,Holdom Station,Sat,9:00 to 10:00 AM,46,130
2025,Holdom Station,Sat,8:00 to 9:00 PM,94,55
2025,Holdom Station,Sat,8:00 to 9:00 AM,46,113
2025,Holdom Station,Sat,7:00 to 8:00 PM,117,66
2025,Holdom Station,Sat,7:00 to 8:00 AM,37,77
2025,Holdom Station,Sat,6:00 to 7:00 PM,142,97
2025,Holdom Station,Sat,6:00 to 7:00 AM,8,39
2025,Holdom Station,Sat,5:00 to 6:00 PM,150,123
2025,Holdom Station,Sat,5:00 to 6:00 AM,0,0
2025,Holdom Station,Sat,4:00 to 5:00 PM,136,136
2025,Holdom Station,Sat,4:00 to 5:00 AM,0,0
2025,Holdom Station,Sat,3:00 to 4:00 PM,117,144
2025,Holdom Station,Sat,2:00 to 3:00 PM,99,144
2025,Holdom Station,Sat,2:00 to 3:00 AM,0,0
2025,Inlet Centre Station,Sat,7:00 to 8:00 AM,43,45
2025,Inlet Centre Station,Sat,6:00 to 7:00 PM,100,101
2025,Inlet Centre Station,Sat,6:00 to 7:00 AM,4,26
2025,Inlet Centre Station,Sat,5:00 to 6:00 PM,109,123
2025,Inlet Centre Station,Sat,5:00 to 6:00 AM,0,1
2025,Inlet Centre Station,Sat,4:00 to 5:00 PM,124,128
2025,Inlet Centre Station,Sat,4:00 to 5:00 AM,0,0
2025,Inlet Centre Station,Sat,3:00 to 4:00 PM,103,122
2025,Inlet Centre Station,Sat,2:00 to 3:00 PM,97,113
2025,Inlet Centre Station,Sat,2:00 to 3:00 AM,0,0
2025,Inlet Centre Station,Sat,12:00 to 1:00 PM,75,107
2025,Inlet Centre Station,Sat,12:00 to 1:00 AM,34,13
2025,Inlet Centre Station,Sat,11:00 PM to 12:00 AM,48,17
2025,Inlet Centre Station,Sat,11:00 AM to 12:00 PM,70,101
2025,Inlet Centre Station,Sat,10:00 to 11:00 PM,63,39
2025,Inlet Centre Station,Sat,10:00 to 11:00 AM,66,94
2025,Inlet Centre Station,Sat,1:00 to 2:00 PM,86,103
2025,Inlet Centre Station,Sat,1:00 to 2:00 AM,18,2
2025,Inlet Centre Station,MF,9:00 to 10:00 PM,64,38
2025,Inlet Centre Station,MF,9:00 to 10:00 AM,79,118
2025,Inlet Centre Station,MF,8:00 to 9:00 PM,77,45
2025,Inlet Centre Station,MF,8:00 to 9:00 AM,106,237
2025,Inlet Centre Station,MF,7:00 to 8:00 PM,104,62
2025,Inlet Centre Station,MF,7:00 to 8:00 AM,76,282
2025,Inlet Centre Station,MF,6:00 to 7:00 PM,190,91
2025,Inlet Centre Station,MF,6:00 to 7:00 AM,39,131
2025,Inlet Centre Station,MF,5:00 to 6:00 PM,311,144
2025,Inlet Centre Station,MF,5:00 to 6:00 AM,2,58
2025,Inlet Centre Station,MF,4:00 to 5:00 PM,255,151
2025,Inlet Centre Station,MF,4:00 to 5:00 AM,0,1
2025,Inlet Centre Station,MF,3:00 to 4:00 PM,178,123
2025,Inlet Centre Station,MF,12:00 to 1:00 PM,78,88
2025,Inlet Centre Station,MF,2:00 to 3:00 AM,0,0
2025,Inlet Centre Station,MF,2:00 to 3:00 PM,118,94
2025,Inlet Centre Station,MF,3:00 to 4:00 AM,0,0
2025,Inlet Centre Station,MF,12:00 to 1:00 AM,16,6
2025,Inlet Centre Station,MF,11:00 PM to 12:00 AM,33,14
2025,Inlet Centre Station,MF,11:00 AM to 12:00 PM,61,97
2025,Inlet Centre Station,MF,10:00 to 11:00 PM,51,35
2025,Inlet Centre Station,MF,10:00 to 11:00 AM,60,93
2025,Inlet Centre Station,MF,1:00 to 2:00 PM,90,86
2025,Inlet Centre Station,MF,1:00 to 2:00 AM,8,2
2025,Inlet Centre Station,Sun/Hol,9:00 to 10:00 PM,45,35
2025,Inlet Centre Station,Sun/Hol,9:00 to 10:00 AM,49,60
2025,Inlet Centre Station,Sun/Hol,8:00 to 9:00 PM,55,41
2025,Inlet Centre Station,Sun/Hol,8:00 to 9:00 AM,47,42
2025,Inlet Centre Station,Sun/Hol,7:00 to 8:00 PM,60,48
2025,Inlet Centre Station,Sun/Hol,7:00 to 8:00 AM,6,36
2025,Inlet Centre Station,Sun/Hol,6:00 to 7:00 PM,81,58
2025,Inlet Centre Station,Sun/Hol,6:00 to 7:00 AM,1,8
2025,Inlet Centre Station,Sun/Hol,5:00 to 6:00 PM,86,77
2025,Inlet Centre Station,Sun/Hol,5:00 to 6:00 AM,0,0
2025,Inlet Centre Station,Sun/Hol,4:00 to 5:00 PM,90,87
2025,Inlet Centre Station,Sun/Hol,4:00 to 5:00 AM,0,0
2025,Inlet Centre Station,Sun/Hol,3:00 to 4:00 PM,86,87
2025,Inlet Centre Station,Sun/Hol,2:00 to 3:00 PM,82,87
2025,Inlet Centre Station,Sun/Hol,2:00 to 3:00 AM,0,0
2025,Inlet Centre Station,Sun/Hol,12:00 to 1:00 PM,63,84
2025,Inlet Centre Station,Sun/Hol,12:00 to 1:00 AM,11,3
2025,Inlet Centre Station,Sun/Hol,11:00 PM to 12:00 AM,25,13
2025,Inlet Centre Station,Sun/Hol,11:00 AM to 12:00 PM,61,81
2025,Inlet Centre Station,Sun/Hol,10:00 to 11:00 PM,35,27
2025,Inlet Centre Station,Sun/Hol,10:00 to 11:00 AM,58,74
2025,Inlet Centre Station,Sun/Hol,1:00 to 2:00 PM,75,86
2025,Inlet Centre Station,Sun/Hol,1:00 to 2:00 AM,0,0
2025,Inlet Centre Station,Sat,9:00 to 10:00 PM,61,41
2025,Inlet Centre Station,Sat,9:00 to 10:00 AM,71,81
2025,Inlet Centre Station,Sat,8:00 to 9:00 PM,60,49
2025,Inlet Centre Station,Sat,8:00 to 9:00 AM,59,61
2025,Inlet Centre Station,Sat,7:00 to 8:00 PM,79,62
2025,Joyce-Collingwood Station,Sat,4:00 to 5:00 PM,1055,947
2025,Joyce-Collingwood Station,Sat,5:00 to 6:00 AM,0,0
2025,Joyce-Collingwood Station,Sat,5:00 to 6:00 PM,1025,855
2025,Joyce-Collingwood Station,Sat,6:00 to 7:00 AM,139,227
2025,Joyce-Collingwood Station,Sat,6:00 to 7:00 PM,960,804
2025,Joyce-Collingwood Station,Sat,7:00 to 8:00 AM,298,539
2025,Joyce-Collingwood Station,Sat,7:00 to 8:00 PM,809,526
2025,Joyce-Collingwood Station,Sat,8:00 to 9:00 AM,364,660
2025,Joyce-Collingwood Station,Sat,8:00 to 9:00 PM,692,402
2025,Joyce-Collingwood Station,Sat,9:00 to 10:00 AM,405,846
2025,Joyce-Collingwood Station,Sat,9:00 to 10:00 PM,709,326
2025,Joyce-Collingwood Station,Sun/Hol,1:00 to 2:00 AM,3,1
2025,Joyce-Collingwood Station,Sun/Hol,1:00 to 2:00 PM,657,852
2025,Joyce-Collingwood Station,Sun/Hol,10:00 to 11:00 AM,431,841
2025,Joyce-Collingwood Station,Sun/Hol,10:00 to 11:00 PM,473,228
2025,Joyce-Collingwood Station,Sun/Hol,11:00 AM to 12:00 PM,481,757
2025,Joyce-Collingwood Station,Sun/Hol,11:00 PM to 12:00 AM,325,179
2025,Joyce-Collingwood Station,Sun/Hol,12:00 to 1:00 AM,118,45
2025,Joyce-Collingwood Station,Sun/Hol,12:00 to 1:00 PM,595,914
2025,Joyce-Collingwood Station,Sun/Hol,2:00 to 3:00 AM,0,0
2025,Joyce-Collingwood Station,Sun/Hol,2:00 to 3:00 PM,827,930
2025,Joyce-Collingwood Station,Sun/Hol,3:00 to 4:00 AM,0,0
2025,Joyce-Collingwood Station,Sun/Hol,3:00 to 4:00 PM,847,783
2025,Joyce-Collingwood Station,Sun/Hol,4:00 to 5:00 AM,0,0
2025,Joyce-Collingwood Station,Sun/Hol,4:00 to 5:00 PM,937,914
2025,Joyce-Collingwood Station,Sun/Hol,5:00 to 6:00 AM,1,3
2025,Joyce-Collingwood Station,Sun/Hol,5:00 to 6:00 PM,940,650
2025,Joyce-Collingwood Station,Sun/Hol,6:00 to 7:00 AM,4,12
2025,Joyce-Collingwood Station,Sun/Hol,6:00 to 7:00 PM,929,605
2025,Joyce-Collingwood Station,Sun/Hol,7:00 to 8:00 AM,179,316
2025,Joyce-Collingwood Station,Sun/Hol,7:00 to 8:00 PM,804,382
2025,Joyce-Collingwood Station,Sun/Hol,8:00 to 9:00 AM,266,504
2025,Joyce-Collingwood Station,Sun/Hol,8:00 to 9:00 PM,597,379
2025,Joyce-Collingwood Station,Sun/Hol,9:00 to 10:00 AM,348,683
2025,Joyce-Collingwood Station,Sun/Hol,9:00 to 10:00 PM,536,264
2025,Joyce-Collingwood Station,MF,1:00 to 2:00 AM,53,16
2025,Joyce-Collingwood Station,MF,1:00 to 2:00 PM,643,729
2025,Joyce-Collingwood Station,MF,10:00 to 11:00 AM,459,732
2025,Joyce-Collingwood Station,MF,10:00 to 11:00 PM,582,257
2025,Joyce-Collingwood Station,MF,11:00 AM to 12:00 PM,482,710
2025,Joyce-Collingwood Station,MF,11:00 PM to 12:00 AM,396,199
2025,Joyce-Collingwood Station,MF,12:00 to 1:00 AM,220,77
2025,Joyce-Collingwood Station,MF,12:00 to 1:00 PM,575,712
2025,Joyce-Collingwood Station,MF,2:00 to 3:00 AM,0,0
2025,Joyce-Collingwood Station,MF,2:00 to 3:00 PM,833,796
2025,Joyce-Collingwood Station,MF,3:00 to 4:00 AM,0,0
2025,Joyce-Collingwood Station,MF,3:00 to 4:00 PM,1240,992
2025,Joyce-Collingwood Station,MF,4:00 to 5:00 AM,0,0
2025,Joyce-Collingwood Station,MF,4:00 to 5:00 PM,1525,1175
2025,Joyce-Collingwood Station,MF,5:00 to 6:00 AM,141,347
2025,Joyce-Collingwood Station,MF,5:00 to 6:00 PM,1761,1093
2025,Joyce-Collingwood Station,MF,6:00 to 7:00 AM,650,881
2025,Joyce-Collingwood Station,MF,6:00 to 7:00 PM,1364,911
2025,Joyce-Collingwood Station,MF,7:00 to 8:00 AM,671,1333
2025,Joyce-Collingwood Station,MF,7:00 to 8:00 PM,912,547
2025,Joyce-Collingwood Station,MF,8:00 to 9:00 AM,665,1668
2025,Joyce-Collingwood Station,MF,8:00 to 9:00 PM,748,393
2025,Joyce-Collingwood Station,MF,9:00 to 10:00 AM,506,1016
2025,Joyce-Collingwood Station,MF,9:00 to 10:00 PM,730,316
2025,Joyce-Collingwood Station,Sat,1:00 to 2:00 AM,101,22
2025,Joyce-Collingwood Station,Sat,1:00 to 2:00 PM,705,931
2025,Joyce-Collingwood Station,Sat,10:00 to 11:00 AM,437,827
2025,Joyce-Collingwood Station,Sat,10:00 to 11:00 PM,604,307
2025,Joyce-Collingwood Station,Sat,11:00 AM to 12:00 PM,519,832
2025,Joyce-Collingwood Station,Sat,11:00 PM to 12:00 AM,463,223
2025,Joyce-Collingwood Station,Sat,12:00 to 1:00 AM,322,105
2025,Joyce-Collingwood Station,Sat,12:00 to 1:00 PM,606,884
2025,Joyce-Collingwood Station,Sat,2:00 to 3:00 AM,0,0
2025,Joyce-Collingwood Station,Sat,2:00 to 3:00 PM,805,944
2025,Joyce-Collingwood Station,Sat,3:00 to 4:00 AM,0,0
2025,Joyce-Collingwood Station,Sat,3:00 to 4:00 PM,919,969
2025,Joyce-Collingwood Station,Sat,4:00 to 5:00 AM,0,0
2025,King Edward Station,Sat,10:00 to 11:00 AM,182,355
2025,King Edward Station,Sat,10:00 to 11:00 PM,265,92
2025,King Edward Station,Sat,11:00 AM to 12:00 PM,235,382
2025,King Edward Station,Sat,11:00 PM to 12:00 AM,175,55
2025,King Edward Station,Sat,12:00 to 1:00 AM,106,27
2025,King Edward Station,Sat,12:00 to 1:00 PM,284,390
2025,King Edward Station,Sat,2:00 to 3:00 AM,1,0
2025,King Edward Station,Sat,2:00 to 3:00 PM,372,398
2025,King Edward Station,Sat,3:00 to 4:00 AM,0,1
2025,King Edward Station,Sat,3:00 to 4:00 PM,416,423
2025,King Edward Station,Sat,4:00 to 5:00 AM,1,4
2025,King Edward Station,Sat,4:00 to 5:00 PM,450,398
2025,King Edward Station,Sat,5:00 to 6:00 AM,13,28
2025,King Edward Station,Sat,5:00 to 6:00 PM,450,352
2025,King Edward Station,Sat,6:00 to 7:00 AM,54,106
2025,King Edward Station,Sat,6:00 to 7:00 PM,405,307
2025,King Edward Station,Sat,7:00 to 8:00 AM,86,189
2025,King Edward Station,Sat,7:00 to 8:00 PM,327,217
2025,King Edward Station,Sat,8:00 to 9:00 AM,101,243
2025,King Edward Station,Sat,8:00 to 9:00 PM,289,154
2025,King Edward Station,Sat,9:00 to 10:00 AM,161,336
2025,King Edward Station,Sat,9:00 to 10:00 PM,299,125
2025,King Edward Station,Sun/Hol,1:00 to 2:00 AM,10,2
2025,King Edward Station,Sun/Hol,1:00 to 2:00 PM,290,371
2025,King Edward Station,Sun/Hol,10:00 to 11:00 AM,165,338
2025,King Edward Station,Sun/Hol,10:00 to 11:00 PM,189,59
2025,King Edward Station,Sun/Hol,11:00 AM to 12:00 PM,204,336
2025,King Edward Station,Sun/Hol,11:00 PM to 12:00 AM,117,33
2025,King Edward Station,Sun/Hol,12:00 to 1:00 AM,57,13
2025,King Edward Station,Sun/Hol,12:00 to 1:00 PM,260,352
2025,King Edward Station,Sun/Hol,2:00 to 3:00 AM,0,1
2025,King Edward Station,Sun/Hol,2:00 to 3:00 PM,332,356
2025,King Edward Station,Sun/Hol,3:00 to 4:00 AM,0,0
2025,King Edward Station,Sun/Hol,3:00 to 4:00 PM,367,364
2025,King Edward Station,Sun/Hol,9:00 to 10:00 AM,115,274
2025,King Edward Station,Sat,1:00 to 2:00 PM,329,409
2025,King Edward Station,Sat,1:00 to 2:00 AM,27,3
2025,King Edward Station,MF,9:00 to 10:00 PM,303,118
2025,King Edward Station,MF,9:00 to 10:00 AM,233,512
2025,King Edward Station,MF,8:00 to 9:00 PM,304,137
2025,King Edward Station,MF,8:00 to 9:00 AM,332,782
2025,King Edward Station,MF,7:00 to 8:00 PM,378,206
2025,King Edward Station,MF,7:00 to 8:00 AM,357,578
2025,King Edward Station,MF,6:00 to 7:00 PM,599,345
2025,King Edward Station,MF,6:00 to 7:00 AM,174,305
2025,King Edward Station,MF,5:00 to 6:00 PM,819,472
2025,King Edward Station,MF,5:00 to 6:00 AM,37,80
2025,King Edward Station,MF,4:00 to 5:00 PM,708,613
2025,King Edward Station,MF,4:00 to 5:00 AM,1,5
2025,King Edward Station,MF,3:00 to 4:00 PM,520,578
2025,King Edward Station,MF,3:00 to 4:00 AM,0,0
2025,King Edward Station,MF,2:00 to 3:00 PM,395,365
2025,King Edward Station,MF,2:00 to 3:00 AM,0,0
2025,King Edward Station,MF,12:00 to 1:00 PM,278,337
2025,King Edward Station,MF,12:00 to 1:00 AM,65,16
2025,King Edward Station,MF,11:00 PM to 12:00 AM,124,40
2025,King Edward Station,MF,11:00 AM to 12:00 PM,217,327
2025,King Edward Station,MF,10:00 to 11:00 PM,222,77
2025,King Edward Station,MF,10:00 to 11:00 AM,191,341
2025,King Edward Station,MF,1:00 to 2:00 PM,309,331
2025,King Edward Station,MF,1:00 to 2:00 AM,14,2
2025,King Edward Station,Sun/Hol,4:00 to 5:00 AM,1,4
2025,King Edward Station,Sun/Hol,4:00 to 5:00 PM,409,316
2025,King Edward Station,Sun/Hol,5:00 to 6:00 AM,14,24
2025,King Edward Station,Sun/Hol,5:00 to 6:00 PM,418,260
2025,King Edward Station,Sun/Hol,6:00 to 7:00 AM,88,76
2025,King Edward Station,Sun/Hol,6:00 to 7:00 PM,375,209
2025,King Edward Station,Sun/Hol,7:00 to 8:00 AM,82,152
2025,King Edward Station,Sun/Hol,7:00 to 8:00 PM,319,149
2025,King Edward Station,Sun/Hol,8:00 to 9:00 AM,82,203
2025,King Edward Station,Sun/Hol,8:00 to 9:00 PM,266,111
2025,King Edward Station,Sun/Hol,9:00 to 10:00 PM,245,88
2025,King George Station,Sun/Hol,9:00 to 10:00 PM,255,284
2025,King George Station,Sun/Hol,9:00 to 10:00 AM,126,583
2025,King George Station,Sun/Hol,8:00 to 9:00 PM,315,251
2025,King George Station,Sun/Hol,8:00 to 9:00 AM,137,530
2025,King George Station,Sun/Hol,7:00 to 8:00 PM,369,270
2025,King George Station,Sun/Hol,7:00 to 8:00 AM,49,679
2025,King George Station,Sun/Hol,6:00 to 7:00 PM,374,305
2025,King George Station,Sun/Hol,6:00 to 7:00 AM,5,185
2025,King George Station,Sun/Hol,5:00 to 6:00 PM,361,363
2025,King George Station,Sun/Hol,5:00 to 6:00 AM,0,10
2025,King George Station,Sun/Hol,4:00 to 5:00 PM,311,442
2025,King George Station,Sun/Hol,4:00 to 5:00 AM,0,0
2025,King George Station,Sun/Hol,3:00 to 4:00 PM,264,524
2025,King George Station,Sun/Hol,2:00 to 3:00 PM,219,600
2025,King George Station,Sun/Hol,2:00 to 3:00 AM,0,0
2025,King George Station,Sun/Hol,12:00 to 1:00 PM,163,585
2025,King George Station,Sun/Hol,12:00 to 1:00 AM,94,19
2025,King George Station,Sun/Hol,11:00 PM to 12:00 AM,230,82
2025,King George Station,Sun/Hol,11:00 AM to 12:00 PM,149,566
2025,King George Station,Sun/Hol,10:00 to 11:00 PM,225,188
2025,King George Station,Sun/Hol,10:00 to 11:00 AM,115,565
2025,King George Station,Sun/Hol,1:00 to 2:00 PM,195,634
2025,King George Station,Sun/Hol,1:00 to 2:00 AM,3,1
2025,King George Station,Sat,9:00 to 10:00 PM,341,326
2025,King George Station,Sat,9:00 to 10:00 AM,116,674
2025,King George Station,Sat,8:00 to 9:00 PM,344,288
2025,King George Station,Sat,8:00 to 9:00 AM,162,802
2025,King George Station,Sat,7:00 to 8:00 PM,394,329
2025,King George Station,Sat,7:00 to 8:00 AM,135,754
2025,King George Station,Sat,6:00 to 7:00 PM,448,410
2025,King George Station,Sat,6:00 to 7:00 AM,44,631
2025,King George Station,Sat,5:00 to 6:00 PM,460,494
2025,King George Station,Sat,5:00 to 6:00 AM,0,83
2025,King George Station,Sat,4:00 to 5:00 PM,432,575
2025,King George Station,Sat,4:00 to 5:00 AM,0,0
2025,King George Station,Sat,3:00 to 4:00 PM,339,673
2025,King George Station,Sat,2:00 to 3:00 PM,260,715
2025,King George Station,Sat,2:00 to 3:00 AM,0,0
2025,King George Station,Sat,12:00 to 1:00 PM,196,716
2025,King George Station,Sat,12:00 to 1:00 AM,223,58
2025,King George Station,Sat,11:00 PM to 12:00 AM,298,192
2025,King George Station,Sat,11:00 AM to 12:00 PM,160,674
2025,King George Station,Sat,10:00 to 11:00 PM,333,263
2025,King George Station,Sat,10:00 to 11:00 AM,131,620
2025,King George Station,Sat,1:00 to 2:00 PM,216,727
2025,King George Station,Sat,1:00 to 2:00 AM,64,10
2025,King George Station,MF,9:00 to 10:00 PM,373,273
2025,King George Station,MF,9:00 to 10:00 AM,203,1033
2025,King George Station,MF,8:00 to 9:00 PM,432,249
2025,King George Station,MF,8:00 to 9:00 AM,373,1624
2025,King George Station,MF,7:00 to 8:00 PM,558,298
2025,King George Station,MF,7:00 to 8:00 AM,373,2183
2025,King George Station,MF,6:00 to 7:00 PM,900,462
2025,King George Station,MF,6:00 to 7:00 AM,336,1617
2025,King George Station,MF,5:00 to 6:00 PM,1088,750
2025,King George Station,MF,5:00 to 6:00 AM,41,948
2025,King George Station,MF,4:00 to 5:00 PM,906,876
2025,King George Station,MF,4:00 to 5:00 AM,0,65
2025,King George Station,MF,3:00 to 4:00 PM,613,791
2025,King George Station,MF,3:00 to 4:00 AM,0,0
2025,King George Station,MF,2:00 to 3:00 PM,336,708
2025,King George Station,MF,2:00 to 3:00 AM,0,0
2025,King George Station,MF,12:00 to 1:00 PM,227,738
2025,King George Station,MF,12:00 to 1:00 AM,182,30
2025,King George Station,MF,11:00 PM to 12:00 AM,262,98
2025,King George Station,MF,11:00 AM to 12:00 PM,171,798
2025,King George Station,MF,10:00 to 11:00 PM,309,188
2025,King George Station,MF,10:00 to 11:00 AM,151,726
2025,King George Station,MF,1:00 to 2:00 PM,253,738
2025,King George Station,MF,1:00 to 2:00 AM,58,8
2025,Lafarge Lake-Douglas Station,Sun/Hol,9:00 to 10:00 PM,88,40
2025,Lafarge Lake-Douglas Station,Sun/Hol,9:00 to 10:00 AM,33,75
2025,Lafarge Lake-Douglas Station,Sun/Hol,8:00 to 9:00 PM,92,54
2025,Lafarge Lake-Douglas Station,Sun/Hol,8:00 to 9:00 AM,28,48
2025,Lafarge Lake-Douglas Station,Sun/Hol,7:00 to 8:00 PM,112,66
2025,Lafarge Lake-Douglas Station,Sun/Hol,7:00 to 8:00 AM,2,33
2025,Lafarge Lake-Douglas Station,Sun/Hol,6:00 to 7:00 PM,122,72
2025,Lafarge Lake-Douglas Station,Sun/Hol,6:00 to 7:00 AM,1,13
2025,Lafarge Lake-Douglas Station,Sun/Hol,5:00 to 6:00 PM,128,87
2025,Lafarge Lake-Douglas Station,Sun/Hol,5:00 to 6:00 AM,0,1
2025,Lafarge Lake-Douglas Station,Sun/Hol,4:00 to 5:00 PM,126,89
2025,Lafarge Lake-Douglas Station,Sun/Hol,4:00 to 5:00 AM,0,0
2025,Lafarge Lake-Douglas Station,Sun/Hol,3:00 to 4:00 PM,107,90
2025,Lafarge Lake-Douglas Station,Sun/Hol,2:00 to 3:00 PM,95,85
2025,Lafarge Lake-Douglas Station,Sun/Hol,2:00 to 3:00 AM,0,0
2025,Lafarge Lake-Douglas Station,Sun/Hol,12:00 to 1:00 PM,67,94
2025,Lafarge Lake-Douglas Station,Sun/Hol,12:00 to 1:00 AM,21,1
2025,Lafarge Lake-Douglas Station,Sun/Hol,11:00 PM to 12:00 AM,33,15
2025,Lafarge Lake-Douglas Station,Sun/Hol,11:00 AM to 12:00 PM,54,95
2025,Lafarge Lake-Douglas Station,Sun/Hol,10:00 to 11:00 PM,46,58
2025,Lafarge Lake-Douglas Station,Sun/Hol,10:00 to 11:00 AM,45,94
2025,Lafarge Lake-Douglas Station,Sun/Hol,1:00 to 2:00 PM,80,96
2025,Lafarge Lake-Douglas Station,Sun/Hol,1:00 to 2:00 AM,4,1
2025,Lafarge Lake-Douglas Station,Sat,9:00 to 10:00 PM,83,57
2025,Lafarge Lake-Douglas Station,Sat,9:00 to 10:00 AM,47,92
2025,Lafarge Lake-Douglas Station,Sat,8:00 to 9:00 PM,98,70
2025,Lafarge Lake-Douglas Station,Sat,8:00 to 9:00 AM,45,84
2025,Lafarge Lake-Douglas Station,Sat,7:00 to 8:00 PM,123,81
2025,Lafarge Lake-Douglas Station,Sat,7:00 to 8:00 AM,24,56
2025,Lafarge Lake-Douglas Station,Sat,6:00 to 7:00 PM,149,102
2025,Lafarge Lake-Douglas Station,Sat,6:00 to 7:00 AM,1,35
2025,Lafarge Lake-Douglas Station,Sat,5:00 to 6:00 PM,152,126
2025,Lafarge Lake-Douglas Station,Sat,5:00 to 6:00 AM,0,6
2025,Lafarge Lake-Douglas Station,Sat,4:00 to 5:00 PM,142,121
2025,Lafarge Lake-Douglas Station,Sat,4:00 to 5:00 AM,0,0
2025,Lafarge Lake-Douglas Station,Sat,3:00 to 4:00 PM,115,114
2025,Lafarge Lake-Douglas Station,Sat,2:00 to 3:00 PM,99,112
2025,Lafarge Lake-Douglas Station,Sat,2:00 to 3:00 AM,2,1
2025,Lafarge Lake-Douglas Station,Sat,12:00 to 1:00 PM,76,110
2025,Lafarge Lake-Douglas Station,Sat,12:00 to 1:00 AM,41,5
2025,Lafarge Lake-Douglas Station,Sat,11:00 PM to 12:00 AM,63,15
2025,Lafarge Lake-Douglas Station,Sat,11:00 AM to 12:00 PM,66,104
2025,Lafarge Lake-Douglas Station,Sat,10:00 to 11:00 PM,77,36
2025,Lafarge Lake-Douglas Station,Sat,10:00 to 11:00 AM,53,108
2025,Lafarge Lake-Douglas Station,Sat,1:00 to 2:00 PM,89,110
2025,Lafarge Lake-Douglas Station,Sat,1:00 to 2:00 AM,23,1
2025,Lafarge Lake-Douglas Station,MF,9:00 to 10:00 PM,81,48
2025,Lafarge Lake-Douglas Station,MF,9:00 to 10:00 AM,99,149
2025,Lafarge Lake-Douglas Station,MF,8:00 to 9:00 PM,97,50
2025,Lafarge Lake-Douglas Station,MF,8:00 to 9:00 AM,150,258
2025,Lafarge Lake-Douglas Station,MF,7:00 to 8:00 PM,150,56
2025,Lafarge Lake-Douglas Station,MF,7:00 to 8:00 AM,77,334
2025,Lafarge Lake-Douglas Station,MF,6:00 to 7:00 PM,273,87
2025,Lafarge Lake-Douglas Station,MF,6:00 to 7:00 AM,56,185
2025,Lafarge Lake-Douglas Station,MF,5:00 to 6:00 PM,311,122
2025,Lafarge Lake-Douglas Station,MF,5:00 to 6:00 AM,1,84
2025,Lafarge Lake-Douglas Station,MF,4:00 to 5:00 PM,270,172
2025,Lafarge Lake-Douglas Station,MF,4:00 to 5:00 AM,0,14
2025,Lafarge Lake-Douglas Station,MF,3:00 to 4:00 PM,176,188
2025,Lafarge Lake-Douglas Station,MF,2:00 to 3:00 PM,128,142
2025,Lafarge Lake-Douglas Station,MF,2:00 to 3:00 AM,1,1
2025,Lafarge Lake-Douglas Station,MF,12:00 to 1:00 PM,115,141
2025,Lafarge Lake-Douglas Station,MF,12:00 to 1:00 AM,27,3
2025,Lafarge Lake-Douglas Station,MF,11:00 PM to 12:00 AM,42,9
2025,Lafarge Lake-Douglas Station,MF,11:00 AM to 12:00 PM,89,119
2025,Lafarge Lake-Douglas Station,MF,10:00 to 11:00 PM,65,19
2025,Lafarge Lake-Douglas Station,MF,10:00 to 11:00 AM,80,116
2025,Lafarge Lake-Douglas Station,MF,1:00 to 2:00 PM,95,105
2025,Lafarge Lake-Douglas Station,MF,1:00 to 2:00 AM,11,1
2025,Lake City Way Station,MF,10:00 to 11:00 AM,23,24
2025,Lake City Way Station,MF,1:00 to 2:00 PM,30,32
2025,Lake City Way Station,MF,1:00 to 2:00 AM,4,2
2025,Lake City Way Station,MF,10:00 to 11:00 PM,18,13
2025,Lake City Way Station,MF,11:00 AM to 12:00 PM,23,27
2025,Lake City Way Station,MF,11:00 PM to 12:00 AM,14,11
2025,Lake City Way Station,MF,12:00 to 1:00 AM,6,4
2025,Lake City Way Station,MF,12:00 to 1:00 PM,22,26
2025,Lake City Way Station,MF,2:00 to 3:00 AM,0,0
2025,Lake City Way Station,MF,2:00 to 3:00 PM,37,58
2025,Lake City Way Station,MF,3:00 to 4:00 AM,0,0
2025,Lake City Way Station,MF,3:00 to 4:00 PM,52,132
2025,Lake City Way Station,MF,4:00 to 5:00 AM,0,0
2025,Lake City Way Station,MF,4:00 to 5:00 PM,53,153
2025,Lake City Way Station,MF,5:00 to 6:00 AM,20,10
2025,Lake City Way Station,MF,5:00 to 6:00 PM,63,112
2025,Lake City Way Station,MF,6:00 to 7:00 AM,135,32
2025,Lake City Way Station,MF,6:00 to 7:00 PM,41,46
2025,Lake City Way Station,MF,7:00 to 8:00 AM,144,49
2025,Lake City Way Station,MF,7:00 to 8:00 PM,26,28
2025,Lake City Way Station,MF,8:00 to 9:00 AM,110,53
2025,Lake City Way Station,MF,8:00 to 9:00 PM,22,19
2025,Lake City Way Station,MF,9:00 to 10:00 AM,49,33
2025,Lake City Way Station,MF,9:00 to 10:00 PM,20,15
2025,Lake City Way Station,Sat,1:00 to 2:00 AM,5,2
2025,Lake City Way Station,Sat,1:00 to 2:00 PM,17,29
2025,Lake City Way Station,Sat,10:00 to 11:00 AM,15,21
2025,Lake City Way Station,Sat,10:00 to 11:00 PM,20,7
2025,Lake City Way Station,Sat,11:00 AM to 12:00 PM,16,26
2025,Lake City Way Station,Sat,11:00 PM to 12:00 AM,14,8
2025,Lake City Way Station,Sat,12:00 to 1:00 AM,11,3
2025,Lake City Way Station,Sat,12:00 to 1:00 PM,15,27
2025,Lake City Way Station,Sat,2:00 to 3:00 AM,0,0
2025,Lake City Way Station,Sat,2:00 to 3:00 PM,21,33
2025,Lake City Way Station,Sat,3:00 to 4:00 AM,0,0
2025,Lake City Way Station,Sat,3:00 to 4:00 PM,26,37
2025,Lake City Way Station,Sat,4:00 to 5:00 AM,0,0
2025,Lake City Way Station,Sat,4:00 to 5:00 PM,27,40
2025,Lake City Way Station,Sat,5:00 to 6:00 AM,0,0
2025,Lake City Way Station,Sat,5:00 to 6:00 PM,28,53
2025,Lake City Way Station,Sat,6:00 to 7:00 AM,29,8
2025,Lake City Way Station,Sat,6:00 to 7:00 PM,23,29
2025,Lake City Way Station,Sat,7:00 to 8:00 AM,22,13
2025,Lake City Way Station,Sat,7:00 to 8:00 PM,19,21
2025,Lake City Way Station,Sat,8:00 to 9:00 AM,34,18
2025,Lake City Way Station,Sat,8:00 to 9:00 PM,16,17
2025,Lake City Way Station,Sat,9:00 to 10:00 AM,17,21
2025,Lake City Way Station,Sat,9:00 to 10:00 PM,17,11
2025,Lake City Way Station,Sun/Hol,1:00 to 2:00 AM,0,0
2025,Lake City Way Station,Sun/Hol,1:00 to 2:00 PM,18,23
2025,Lake City Way Station,Sun/Hol,10:00 to 11:00 AM,12,20
2025,Lake City Way Station,Sun/Hol,10:00 to 11:00 PM,11,5
2025,Lake City Way Station,Sun/Hol,11:00 AM to 12:00 PM,14,22
2025,Lake City Way Station,Sun/Hol,11:00 PM to 12:00 AM,12,5
2025,Lake City Way Station,Sun/Hol,12:00 to 1:00 AM,6,2
2025,Lake City Way Station,Sun/Hol,12:00 to 1:00 PM,16,22
2025,Lake City Way Station,Sun/Hol,2:00 to 3:00 AM,0,0
2025,Lake City Way Station,Sun/Hol,2:00 to 3:00 PM,17,25
2025,Lake City Way Station,Sun/Hol,3:00 to 4:00 PM,23,26
2025,Lake City Way Station,Sun/Hol,4:00 to 5:00 AM,0,0
2025,Lake City Way Station,Sun/Hol,4:00 to 5:00 PM,23,33
2025,Lake City Way Station,Sun/Hol,5:00 to 6:00 AM,0,0
2025,Lake City Way Station,Sun/Hol,5:00 to 6:00 PM,24,38
2025,Lake City Way Station,Sun/Hol,6:00 to 7:00 AM,2,1
2025,Lake City Way Station,Sun/Hol,6:00 to 7:00 PM,22,24
2025,Lake City Way Station,Sun/Hol,7:00 to 8:00 AM,22,11
2025,Lake City Way Station,Sun/Hol,7:00 to 8:00 PM,18,18
2025,Lake City Way Station,Sun/Hol,8:00 to 9:00 AM,25,12
2025,Lake City Way Station,Sun/Hol,8:00 to 9:00 PM,19,14
2025,Lake City Way Station,Sun/Hol,9:00 to 10:00 AM,14,17
2025,Lake City Way Station,Sun/Hol,9:00 to 10:00 PM,14,9
2025,Langara-49th Avenue Station,MF,1:00 to 2:00 AM,20,2
2025,Langara-49th Avenue Station,MF,1:00 to 2:00 PM,370,459
2025,Langara-49th Avenue Station,Sun/Hol,9:00 to 10:00 PM,253,77
2025,Langara-49th Avenue Station,Sun/Hol,9:00 to 10:00 AM,97,300
2025,Langara-49th Avenue Station,Sun/Hol,8:00 to 9:00 PM,279,87
2025,Langara-49th Avenue Station,Sun/Hol,8:00 to 9:00 AM,70,231
2025,Langara-49th Avenue Station,Sun/Hol,7:00 to 8:00 PM,350,132
2025,Langara-49th Avenue Station,Sun/Hol,7:00 to 8:00 AM,68,233
2025,Langara-49th Avenue Station,Sun/Hol,6:00 to 7:00 PM,372,186
2025,Langara-49th Avenue Station,Sun/Hol,6:00 to 7:00 AM,35,105
2025,Langara-49th Avenue Station,Sun/Hol,5:00 to 6:00 PM,411,266
2025,Langara-49th Avenue Station,Sun/Hol,5:00 to 6:00 AM,10,30
2025,Langara-49th Avenue Station,Sun/Hol,4:00 to 5:00 PM,397,316
2025,Langara-49th Avenue Station,Sun/Hol,4:00 to 5:00 AM,1,4
2025,Langara-49th Avenue Station,Sun/Hol,3:00 to 4:00 PM,369,344
2025,Langara-49th Avenue Station,Sun/Hol,3:00 to 4:00 AM,0,1
2025,Langara-49th Avenue Station,Sun/Hol,2:00 to 3:00 PM,303,368
2025,Langara-49th Avenue Station,Sun/Hol,2:00 to 3:00 AM,1,1
2025,Langara-49th Avenue Station,Sun/Hol,12:00 to 1:00 PM,199,407
2025,Langara-49th Avenue Station,Sun/Hol,12:00 to 1:00 AM,73,10
2025,Langara-49th Avenue Station,Sun/Hol,11:00 PM to 12:00 AM,157,31
2025,Langara-49th Avenue Station,Sun/Hol,11:00 AM to 12:00 PM,157,371
2025,Langara-49th Avenue Station,Sun/Hol,10:00 to 11:00 PM,217,51
2025,Langara-49th Avenue Station,Sun/Hol,10:00 to 11:00 AM,128,375
2025,Langara-49th Avenue Station,Sun/Hol,1:00 to 2:00 PM,256,399
2025,Langara-49th Avenue Station,Sun/Hol,1:00 to 2:00 AM,15,2
2025,Langara-49th Avenue Station,Sat,9:00 to 10:00 PM,324,105
2025,Langara-49th Avenue Station,Sat,9:00 to 10:00 AM,130,379
2025,Langara-49th Avenue Station,Sat,8:00 to 9:00 PM,324,128
2025,Langara-49th Avenue Station,Sat,8:00 to 9:00 AM,135,295
2025,Langara-49th Avenue Station,Sat,7:00 to 8:00 PM,346,185
2025,Langara-49th Avenue Station,Sat,7:00 to 8:00 AM,77,248
2025,Langara-49th Avenue Station,Sat,6:00 to 7:00 PM,417,283
2025,Langara-49th Avenue Station,Sat,6:00 to 7:00 AM,36,113
2025,Langara-49th Avenue Station,Sat,5:00 to 6:00 PM,441,352
2025,Langara-49th Avenue Station,Sat,5:00 to 6:00 AM,9,31
2025,Langara-49th Avenue Station,Sat,4:00 to 5:00 PM,455,414
2025,Langara-49th Avenue Station,Sat,4:00 to 5:00 AM,1,3
2025,Langara-49th Avenue Station,Sat,3:00 to 4:00 PM,401,422
2025,Langara-49th Avenue Station,Sat,3:00 to 4:00 AM,0,0
2025,Langara-49th Avenue Station,Sat,2:00 to 3:00 PM,337,430
2025,Langara-49th Avenue Station,Sat,2:00 to 3:00 AM,1,1
2025,Langara-49th Avenue Station,Sat,12:00 to 1:00 PM,250,444
2025,Langara-49th Avenue Station,Sat,12:00 to 1:00 AM,124,17
2025,Langara-49th Avenue Station,Sat,11:00 PM to 12:00 AM,206,47
2025,Langara-49th Avenue Station,Sat,11:00 AM to 12:00 PM,186,430
2025,Langara-49th Avenue Station,Sat,10:00 to 11:00 PM,297,79
2025,Langara-49th Avenue Station,Sat,10:00 to 11:00 AM,152,401
2025,Langara-49th Avenue Station,Sat,1:00 to 2:00 PM,273,444
2025,Langara-49th Avenue Station,Sat,1:00 to 2:00 AM,31,2
2025,Langara-49th Avenue Station,MF,9:00 to 10:00 PM,336,137
2025,Langara-49th Avenue Station,MF,9:00 to 10:00 AM,366,545
2025,Langara-49th Avenue Station,MF,8:00 to 9:00 PM,333,185
2025,Langara-49th Avenue Station,MF,8:00 to 9:00 AM,542,773
2025,Langara-49th Avenue Station,MF,7:00 to 8:00 PM,396,218
2025,Langara-49th Avenue Station,MF,7:00 to 8:00 AM,290,610
2025,Langara-49th Avenue Station,MF,6:00 to 7:00 PM,602,414
2025,Langara-49th Avenue Station,MF,6:00 to 7:00 AM,100,348
2025,Langara-49th Avenue Station,MF,5:00 to 6:00 PM,802,537
2025,Langara-49th Avenue Station,MF,5:00 to 6:00 AM,17,85
2025,Langara-49th Avenue Station,MF,4:00 to 5:00 PM,719,744
2025,Langara-49th Avenue Station,MF,4:00 to 5:00 AM,1,6
2025,Langara-49th Avenue Station,MF,3:00 to 4:00 PM,559,614
2025,Langara-49th Avenue Station,MF,3:00 to 4:00 AM,0,0
2025,Langara-49th Avenue Station,MF,2:00 to 3:00 PM,447,604
2025,Langara-49th Avenue Station,MF,2:00 to 3:00 AM,1,1
2025,Langara-49th Avenue Station,MF,12:00 to 1:00 PM,396,554
2025,Langara-49th Avenue Station,MF,12:00 to 1:00 AM,84,11
2025,Langara-49th Avenue Station,MF,11:00 PM to 12:00 AM,164,35
2025,Langara-49th Avenue Station,MF,11:00 AM to 12:00 PM,292,431
2025,Langara-49th Avenue Station,MF,10:00 to 11:00 PM,264,74
2025,Langara-49th Avenue Station,MF,10:00 to 11:00 AM,405,447
2025,Lansdowne Station,MF,11:00 AM to 12:00 PM,232,249
2025,Lansdowne Station,MF,11:00 PM to 12:00 AM,70,39
2025,Lansdowne Station,MF,12:00 to 1:00 AM,29,19
2025,Lansdowne Station,MF,12:00 to 1:00 PM,255,281
2025,Lansdowne Station,MF,2:00 to 3:00 AM,1,1
2025,Lansdowne Station,MF,2:00 to 3:00 PM,294,294
2025,Lansdowne Station,MF,3:00 to 4:00 AM,0,0
2025,Lansdowne Station,MF,3:00 to 4:00 PM,399,347
2025,Lansdowne Station,MF,4:00 to 5:00 AM,0,5
2025,Lansdowne Station,MF,4:00 to 5:00 PM,527,378
2025,Lansdowne Station,MF,5:00 to 6:00 AM,10,48
2025,Lansdowne Station,MF,5:00 to 6:00 PM,652,354
2025,Lansdowne Station,MF,6:00 to 7:00 AM,72,158
2025,Lansdowne Station,MF,6:00 to 7:00 PM,486,280
2025,Lansdowne Station,MF,7:00 to 8:00 AM,113,364
2025,Lansdowne Station,MF,7:00 to 8:00 PM,227,185
2025,Lansdowne Station,MF,8:00 to 9:00 AM,220,428
2025,Lansdowne Station,MF,8:00 to 9:00 PM,171,138
2025,Lansdowne Station,MF,9:00 to 10:00 AM,237,301
2025,Lansdowne Station,MF,9:00 to 10:00 PM,148,125
2025,Lansdowne Station,Sat,1:00 to 2:00 AM,19,1
2025,Lansdowne Station,Sat,1:00 to 2:00 PM,285,342
2025,Lansdowne Station,Sat,10:00 to 11:00 AM,257,241
2025,Lansdowne Station,Sat,10:00 to 11:00 PM,136,108
2025,Lansdowne Station,Sat,11:00 AM to 12:00 PM,257,267
2025,Lansdowne Station,Sat,11:00 PM to 12:00 AM,103,58
2025,Lansdowne Station,Sat,12:00 to 1:00 AM,54,34
2025,Lansdowne Station,Sat,12:00 to 1:00 PM,299,305
2025,Lansdowne Station,Sat,2:00 to 3:00 AM,1,1
2025,Lansdowne Station,Sat,2:00 to 3:00 PM,333,366
2025,Lansdowne Station,Sat,3:00 to 4:00 AM,0,0
2025,Lansdowne Station,Sat,3:00 to 4:00 PM,332,368
2025,Lansdowne Station,Sat,4:00 to 5:00 AM,0,2
2025,Lansdowne Station,Sat,4:00 to 5:00 PM,395,377
2025,Lansdowne Station,Sat,5:00 to 6:00 AM,6,24
2025,Lansdowne Station,Sat,5:00 to 6:00 PM,358,344
2025,Lansdowne Station,Sat,6:00 to 7:00 AM,29,49
2025,Lansdowne Station,Sat,6:00 to 7:00 PM,354,294
2025,Lansdowne Station,Sat,7:00 to 8:00 AM,74,71
2025,Lansdowne Station,Sat,7:00 to 8:00 PM,227,214
2025,Lansdowne Station,Sat,8:00 to 9:00 AM,115,129
2025,Lansdowne Station,Sat,8:00 to 9:00 PM,163,187
2025,Lansdowne Station,Sat,9:00 to 10:00 AM,181,179
2025,Lansdowne Station,Sat,9:00 to 10:00 PM,149,160
2025,Lansdowne Station,Sun/Hol,1:00 to 2:00 AM,7,1
2025,Lansdowne Station,Sun/Hol,1:00 to 2:00 PM,273,289
2025,Lansdowne Station,Sun/Hol,10:00 to 11:00 AM,181,196
2025,Lansdowne Station,Sun/Hol,10:00 to 11:00 PM,87,77
2025,Lansdowne Station,Sun/Hol,11:00 AM to 12:00 PM,230,224
2025,Lansdowne Station,Sun/Hol,11:00 PM to 12:00 AM,61,44
2025,Lansdowne Station,Sun/Hol,12:00 to 1:00 AM,25,20
2025,Lansdowne Station,Sun/Hol,12:00 to 1:00 PM,223,255
2025,Lansdowne Station,Sun/Hol,2:00 to 3:00 AM,1,1
2025,Lansdowne Station,Sun/Hol,2:00 to 3:00 PM,269,303
2025,Lansdowne Station,Sun/Hol,3:00 to 4:00 AM,0,0
2025,Lansdowne Station,Sun/Hol,3:00 to 4:00 PM,332,308
2025,Lansdowne Station,Sun/Hol,4:00 to 5:00 AM,0,3
2025,Lansdowne Station,Sun/Hol,4:00 to 5:00 PM,308,278
2025,Lansdowne Station,Sun/Hol,5:00 to 6:00 AM,6,22
2025,Lansdowne Station,Sun/Hol,5:00 to 6:00 PM,331,261
2025,Lansdowne Station,Sun/Hol,6:00 to 7:00 AM,19,45
2025,Lansdowne Station,Sun/Hol,6:00 to 7:00 PM,257,224
2025,Lansdowne Station,Sun/Hol,7:00 to 8:00 AM,44,59
2025,Lansdowne Station,Sun/Hol,7:00 to 8:00 PM,194,175
2025,Lansdowne Station,Sun/Hol,8:00 to 9:00 AM,67,84
2025,Lansdowne Station,Sun/Hol,8:00 to 9:00 PM,135,134
2025,Lansdowne Station,Sun/Hol,9:00 to 10:00 AM,128,146
2025,Lansdowne Station,Sun/Hol,9:00 to 10:00 PM,112,125
2025,Lansdowne Station,MF,10:00 to 11:00 PM,110,82
2025,Lansdowne Station,MF,10:00 to 11:00 AM,209,239
2025,Lansdowne Station,MF,1:00 to 2:00 PM,272,282
2025,Lansdowne Station,MF,1:00 to 2:00 AM,9,1
2025,Lincoln Station,MF,1:00 to 2:00 AM,13,1
2025,Lincoln Station,MF,1:00 to 2:00 PM,205,191
2025,Lincoln Station,MF,10:00 to 11:00 AM,156,173
2025,Lincoln Station,MF,10:00 to 11:00 PM,77,56
2025,Lincoln Station,MF,11:00 AM to 12:00 PM,171,184
2025,Lincoln Station,MF,11:00 PM to 12:00 AM,41,22
2025,Lincoln Station,MF,12:00 to 1:00 AM,23,9
2025,Lincoln Station,MF,12:00 to 1:00 PM,197,183
2025,Lincoln Station,MF,2:00 to 3:00 AM,0,0
2025,Lincoln Station,MF,2:00 to 3:00 PM,249,201
2025,Lincoln Station,MF,3:00 to 4:00 PM,324,257
2025,Lincoln Station,MF,4:00 to 5:00 AM,0,6
2025,Lincoln Station,MF,4:00 to 5:00 PM,409,280
2025,Lincoln Station,MF,5:00 to 6:00 AM,1,92
2025,Lincoln Station,MF,5:00 to 6:00 PM,435,338
2025,Lincoln Station,MF,6:00 to 7:00 AM,127,234
2025,Lincoln Station,MF,6:00 to 7:00 PM,350,229
2025,Lincoln Station,MF,7:00 to 8:00 AM,86,387
2025,Lincoln Station,MF,7:00 to 8:00 PM,171,187
2025,Lincoln Station,MF,8:00 to 9:00 AM,147,319
2025,Lincoln Station,MF,8:00 to 9:00 PM,112,121
2025,Lincoln Station,MF,9:00 to 10:00 AM,170,203
2025,Lincoln Station,MF,9:00 to 10:00 PM,93,98
2025,Lincoln Station,Sat,1:00 to 2:00 AM,26,1
2025,Lincoln Station,Sat,1:00 to 2:00 PM,219,237
2025,Lincoln Station,Sat,10:00 to 11:00 AM,189,159
2025,Lincoln Station,Sat,10:00 to 11:00 PM,82,66
2025,Lincoln Station,Sat,11:00 AM to 12:00 PM,209,187
2025,Lincoln Station,Sat,11:00 PM to 12:00 AM,61,29
2025,Lincoln Station,Sat,12:00 to 1:00 AM,40,13
2025,Lincoln Station,Sat,12:00 to 1:00 PM,209,210
2025,Lincoln Station,Sat,2:00 to 3:00 AM,0,0
2025,Lincoln Station,Sat,2:00 to 3:00 PM,223,271
2025,Lincoln Station,Sat,3:00 to 4:00 PM,231,267
2025,Lincoln Station,Sun/Hol,9:00 to 10:00 PM,70,68
2025,Lincoln Station,Sun/Hol,9:00 to 10:00 AM,103,103
2025,Lincoln Station,Sun/Hol,8:00 to 9:00 PM,81,88
2025,Lincoln Station,Sun/Hol,8:00 to 9:00 AM,70,80
2025,Lincoln Station,Sun/Hol,7:00 to 8:00 PM,101,119
2025,Lincoln Station,Sun/Hol,7:00 to 8:00 AM,3,69
2025,Lincoln Station,Sun/Hol,6:00 to 7:00 PM,134,230
2025,Lincoln Station,Sun/Hol,6:00 to 7:00 AM,1,21
2025,Lincoln Station,Sun/Hol,5:00 to 6:00 PM,183,205
2025,Lincoln Station,Sun/Hol,5:00 to 6:00 AM,0,1
2025,Lincoln Station,Sun/Hol,4:00 to 5:00 PM,196,214
2025,Lincoln Station,Sun/Hol,4:00 to 5:00 AM,0,0
2025,Lincoln Station,Sun/Hol,3:00 to 4:00 PM,196,207
2025,Lincoln Station,Sun/Hol,2:00 to 3:00 PM,185,197
2025,Lincoln Station,Sun/Hol,2:00 to 3:00 AM,0,0
2025,Lincoln Station,Sun/Hol,12:00 to 1:00 PM,169,170
2025,Lincoln Station,Sun/Hol,12:00 to 1:00 AM,18,2
2025,Lincoln Station,Sun/Hol,11:00 PM to 12:00 AM,34,23
2025,Lincoln Station,Sun/Hol,11:00 AM to 12:00 PM,175,150
2025,Lincoln Station,Sun/Hol,10:00 to 11:00 PM,53,56
2025,Lincoln Station,Sun/Hol,10:00 to 11:00 AM,169,133
2025,Lincoln Station,Sun/Hol,1:00 to 2:00 PM,189,190
2025,Lincoln Station,Sun/Hol,1:00 to 2:00 AM,1,0
2025,Lincoln Station,Sat,9:00 to 10:00 PM,88,87
2025,Lincoln Station,Sat,9:00 to 10:00 AM,163,129
2025,Lincoln Station,Sat,8:00 to 9:00 PM,97,123
2025,Lincoln Station,Sat,8:00 to 9:00 AM,134,115
2025,Lincoln Station,Sat,7:00 to 8:00 PM,127,228
2025,Lincoln Station,Sat,7:00 to 8:00 AM,54,91
2025,Lincoln Station,Sat,6:00 to 7:00 PM,184,225
2025,Lincoln Station,Sat,6:00 to 7:00 AM,1,49
2025,Lincoln Station,Sat,5:00 to 6:00 PM,225,269
2025,Lincoln Station,Sat,5:00 to 6:00 AM,0,9
2025,Lincoln Station,Sat,4:00 to 5:00 PM,244,275
2025,Lougheed Town Centre Station,Sat,3:00 to 4:00 AM,0,0
2025,Lougheed Town Centre Station,Sat,3:00 to 4:00 PM,673,705
2025,Lougheed Town Centre Station,Sat,4:00 to 5:00 PM,736,683
2025,Lougheed Town Centre Station,Sat,5:00 to 6:00 AM,0,2
2025,Lougheed Town Centre Station,Sat,5:00 to 6:00 PM,750,631
2025,Lougheed Town Centre Station,Sat,6:00 to 7:00 AM,51,206
2025,Lougheed Town Centre Station,Sat,6:00 to 7:00 PM,643,518
2025,Lougheed Town Centre Station,Sat,7:00 to 8:00 AM,157,301
2025,Lougheed Town Centre Station,Sat,7:00 to 8:00 PM,538,397
2025,Lougheed Town Centre Station,Sat,8:00 to 9:00 AM,289,459
2025,Lougheed Town Centre Station,Sat,8:00 to 9:00 PM,421,273
2025,Lougheed Town Centre Station,Sat,9:00 to 10:00 AM,318,484
2025,Lougheed Town Centre Station,Sat,9:00 to 10:00 PM,381,251
2025,Lougheed Town Centre Station,Sun/Hol,1:00 to 2:00 AM,3,1
2025,Lougheed Town Centre Station,Sun/Hol,1:00 to 2:00 PM,469,553
2025,Lougheed Town Centre Station,Sun/Hol,10:00 to 11:00 AM,331,470
2025,Lougheed Town Centre Station,Sun/Hol,10:00 to 11:00 PM,231,153
2025,Lougheed Town Centre Station,Sun/Hol,11:00 AM to 12:00 PM,346,499
2025,Lougheed Town Centre Station,Sun/Hol,11:00 PM to 12:00 AM,159,77
2025,Lougheed Town Centre Station,Sun/Hol,12:00 to 1:00 AM,92,23
2025,Lougheed Town Centre Station,Sun/Hol,12:00 to 1:00 PM,393,511
2025,Lougheed Town Centre Station,Sun/Hol,2:00 to 3:00 AM,0,0
2025,Lougheed Town Centre Station,Sun/Hol,2:00 to 3:00 PM,500,556
2025,Lougheed Town Centre Station,Sun/Hol,3:00 to 4:00 PM,548,550
2025,Lougheed Town Centre Station,Sun/Hol,4:00 to 5:00 PM,584,517
2025,Lougheed Town Centre Station,Sun/Hol,5:00 to 6:00 AM,1,4
2025,Lougheed Town Centre Station,Sun/Hol,5:00 to 6:00 PM,593,459
2025,Lougheed Town Centre Station,Sun/Hol,6:00 to 7:00 AM,4,19
2025,Lougheed Town Centre Station,Sun/Hol,6:00 to 7:00 PM,536,411
2025,Lougheed Town Centre Station,Sun/Hol,7:00 to 8:00 AM,91,238
2025,Lougheed Town Centre Station,Sun/Hol,7:00 to 8:00 PM,452,281
2025,Lougheed Town Centre Station,Sun/Hol,8:00 to 9:00 AM,163,271
2025,Lougheed Town Centre Station,Sun/Hol,8:00 to 9:00 PM,344,233
2025,Lougheed Town Centre Station,Sun/Hol,9:00 to 10:00 AM,230,371
2025,Lougheed Town Centre Station,Sat,2:00 to 3:00 PM,605,696
2025,Lougheed Town Centre Station,Sat,2:00 to 3:00 AM,2,1
2025,Lougheed Town Centre Station,Sat,12:00 to 1:00 PM,478,627
2025,Lougheed Town Centre Station,Sat,12:00 to 1:00 AM,159,60
2025,Lougheed Town Centre Station,Sat,11:00 PM to 12:00 AM,242,111
2025,Lougheed Town Centre Station,Sat,11:00 AM to 12:00 PM,424,600
2025,Lougheed Town Centre Station,Sat,10:00 to 11:00 PM,360,213
2025,Lougheed Town Centre Station,Sat,10:00 to 11:00 AM,364,531
2025,Lougheed Town Centre Station,Sat,1:00 to 2:00 PM,539,669
2025,Lougheed Town Centre Station,Sat,1:00 to 2:00 AM,88,17
2025,Lougheed Town Centre Station,MF,9:00 to 10:00 PM,405,213
2025,Lougheed Town Centre Station,MF,9:00 to 10:00 AM,315,786
2025,Lougheed Town Centre Station,MF,8:00 to 9:00 PM,492,253
2025,Lougheed Town Centre Station,MF,8:00 to 9:00 AM,328,1275
2025,Lougheed Town Centre Station,MF,7:00 to 8:00 PM,655,368
2025,Lougheed Town Centre Station,MF,7:00 to 8:00 AM,298,1425
2025,Lougheed Town Centre Station,MF,6:00 to 7:00 PM,1170,536
2025,Lougheed Town Centre Station,MF,6:00 to 7:00 AM,361,933
2025,Lougheed Town Centre Station,MF,5:00 to 6:00 PM,1658,735
2025,Lougheed Town Centre Station,MF,5:00 to 6:00 AM,68,405
2025,Lougheed Town Centre Station,MF,4:00 to 5:00 PM,1438,727
2025,Lougheed Town Centre Station,MF,4:00 to 5:00 AM,0,2
2025,Lougheed Town Centre Station,MF,3:00 to 4:00 PM,1142,717
2025,Lougheed Town Centre Station,MF,3:00 to 4:00 AM,0,0
2025,Lougheed Town Centre Station,MF,2:00 to 3:00 PM,689,568
2025,Lougheed Town Centre Station,MF,2:00 to 3:00 AM,0,0
2025,Lougheed Town Centre Station,MF,12:00 to 1:00 PM,476,556
2025,Lougheed Town Centre Station,MF,12:00 to 1:00 AM,85,36
2025,Lougheed Town Centre Station,MF,11:00 PM to 12:00 AM,172,80
2025,Lougheed Town Centre Station,MF,11:00 AM to 12:00 PM,376,596
2025,Lougheed Town Centre Station,MF,10:00 to 11:00 PM,318,169
2025,Lougheed Town Centre Station,Sun/Hol,9:00 to 10:00 PM,279,202
2025,Lougheed Town Centre Station,MF,10:00 to 11:00 AM,328,583
2025,Lougheed Town Centre Station,MF,1:00 to 2:00 PM,526,568
2025,Lougheed Town Centre Station,MF,1:00 to 2:00 AM,39,10
2025,Main Street-Science World Station,Sun/Hol,9:00 to 10:00 AM,393,201
2025,Main Street-Science World Station,Sun/Hol,8:00 to 9:00 PM,209,308
2025,Main Street-Science World Station,Sun/Hol,8:00 to 9:00 AM,293,195
2025,Main Street-Science World Station,Sun/Hol,7:00 to 8:00 PM,282,346
2025,Main Street-Science World Station,Sun/Hol,7:00 to 8:00 AM,179,93
2025,Main Street-Science World Station,Sun/Hol,6:00 to 7:00 PM,345,446
2025,Main Street-Science World Station,Sun/Hol,6:00 to 7:00 AM,8,4
2025,Main Street-Science World Station,Sun/Hol,5:00 to 6:00 PM,415,651
2025,Main Street-Science World Station,Sun/Hol,5:00 to 6:00 AM,1,1
2025,Main Street-Science World Station,Sun/Hol,4:00 to 5:00 PM,488,687
2025,Main Street-Science World Station,Sun/Hol,4:00 to 5:00 AM,0,0
2025,Main Street-Science World Station,Sun/Hol,3:00 to 4:00 PM,571,646
2025,Main Street-Science World Station,Sun/Hol,3:00 to 4:00 AM,0,0
2025,Main Street-Science World Station,Sun/Hol,2:00 to 3:00 PM,581,603
2025,Main Street-Science World Station,Sun/Hol,2:00 to 3:00 AM,0,0
2025,Main Street-Science World Station,Sun/Hol,12:00 to 1:00 PM,543,466
2025,Main Street-Science World Station,Sun/Hol,12:00 to 1:00 AM,25,53
2025,Main Street-Science World Station,Sun/Hol,11:00 PM to 12:00 AM,114,173
2025,Main Street-Science World Station,Sun/Hol,11:00 AM to 12:00 PM,527,365
2025,Main Street-Science World Station,Sun/Hol,10:00 to 11:00 PM,151,236
2025,Main Street-Science World Station,Sun/Hol,10:00 to 11:00 AM,497,280
2025,Main Street-Science World Station,Sun/Hol,1:00 to 2:00 PM,600,569
2025,Main Street-Science World Station,Sun/Hol,1:00 to 2:00 AM,1,2
2025,Main Street-Science World Station,Sat,9:00 to 10:00 PM,277,332
2025,Main Street-Science World Station,Sat,9:00 to 10:00 AM,568,241
2025,Main Street-Science World Station,Sat,8:00 to 9:00 PM,302,364
2025,Main Street-Science World Station,Sat,8:00 to 9:00 AM,391,188
2025,Main Street-Science World Station,Sat,7:00 to 8:00 PM,393,422
2025,Main Street-Science World Station,Sat,7:00 to 8:00 AM,372,153
2025,Main Street-Science World Station,Sat,6:00 to 7:00 PM,476,601
2025,Main Street-Science World Station,Sat,6:00 to 7:00 AM,147,57
2025,Main Street-Science World Station,Sat,5:00 to 6:00 PM,552,802
2025,Main Street-Science World Station,Sat,5:00 to 6:00 AM,0,0
2025,Main Street-Science World Station,Sat,4:00 to 5:00 PM,601,916
2025,Main Street-Science World Station,Sat,4:00 to 5:00 AM,0,0
2025,Main Street-Science World Station,Sat,3:00 to 4:00 PM,678,861
2025,Main Street-Science World Station,MF,1:00 to 2:00 AM,12,23
2025,Main Street-Science World Station,MF,1:00 to 2:00 PM,542,548
2025,Main Street-Science World Station,MF,10:00 to 11:00 AM,536,310
2025,Main Street-Science World Station,MF,10:00 to 11:00 PM,182,282
2025,Main Street-Science World Station,MF,11:00 AM to 12:00 PM,534,388
2025,Main Street-Science World Station,Sun/Hol,9:00 to 10:00 PM,172,247
2025,Main Street-Science World Station,MF,11:00 PM to 12:00 AM,131,206
2025,Main Street-Science World Station,MF,12:00 to 1:00 AM,61,108
2025,Main Street-Science World Station,MF,12:00 to 1:00 PM,527,513
2025,Main Street-Science World Station,MF,2:00 to 3:00 AM,0,0
2025,Main Street-Science World Station,MF,2:00 to 3:00 PM,521,743
2025,Main Street-Science World Station,MF,3:00 to 4:00 AM,0,0
2025,Main Street-Science World Station,MF,3:00 to 4:00 PM,688,1431
2025,Main Street-Science World Station,MF,4:00 to 5:00 AM,0,0
2025,Main Street-Science World Station,MF,4:00 to 5:00 PM,786,1344
2025,Main Street-Science World Station,MF,5:00 to 6:00 AM,147,108
2025,Main Street-Science World Station,MF,5:00 to 6:00 PM,850,1325
2025,Main Street-Science World Station,MF,6:00 to 7:00 AM,1003,242
2025,Main Street-Science World Station,MF,6:00 to 7:00 PM,606,823
2025,Main Street-Science World Station,MF,7:00 to 8:00 AM,966,432
2025,Main Street-Science World Station,MF,7:00 to 8:00 PM,365,489
2025,Main Street-Science World Station,MF,8:00 to 9:00 AM,1055,614
2025,Main Street-Science World Station,MF,8:00 to 9:00 PM,266,417
2025,Main Street-Science World Station,MF,9:00 to 10:00 AM,856,378
2025,Main Street-Science World Station,MF,9:00 to 10:00 PM,231,366
2025,Main Street-Science World Station,Sat,1:00 to 2:00 AM,22,48
2025,Main Street-Science World Station,Sat,1:00 to 2:00 PM,669,643
2025,Main Street-Science World Station,Sat,10:00 to 11:00 AM,614,326
2025,Main Street-Science World Station,Sat,10:00 to 11:00 PM,247,348
2025,Main Street-Science World Station,Sat,11:00 AM to 12:00 PM,629,444
2025,Main Street-Science World Station,Sat,11:00 PM to 12:00 AM,179,294
2025,Main Street-Science World Station,Sat,12:00 to 1:00 AM,96,193
2025,Main Street-Science World Station,Sat,12:00 to 1:00 PM,629,540
2025,Main Street-Science World Station,Sat,2:00 to 3:00 AM,0,0
2025,Main Street-Science World Station,Sat,2:00 to 3:00 PM,663,730
2025,Main Street-Science World Station,Sat,3:00 to 4:00 AM,0,0
2025,Marine Drive Station,Sat,2:00 to 3:00 PM,582,669
2025,Marine Drive Station,Sat,2:00 to 3:00 AM,1,0
2025,Marine Drive Station,Sat,12:00 to 1:00 PM,414,610
2025,Marine Drive Station,Sat,12:00 to 1:00 AM,181,48
2025,Marine Drive Station,Sat,11:00 PM to 12:00 AM,279,95
2025,Marine Drive Station,Sat,11:00 AM to 12:00 PM,347,583
2025,Marine Drive Station,Sat,10:00 to 11:00 PM,376,171
2025,Marine Drive Station,Sat,10:00 to 11:00 AM,266,527
2025,Marine Drive Station,Sat,1:00 to 2:00 PM,497,634
2025,Marine Drive Station,Sat,1:00 to 2:00 AM,54,8
2025,Marine Drive Station,MF,9:00 to 10:00 PM,466,260
2025,Marine Drive Station,MF,9:00 to 10:00 AM,323,652
2025,Marine Drive Station,MF,8:00 to 9:00 PM,480,252
2025,Marine Drive Station,MF,8:00 to 9:00 AM,432,997
2025,Marine Drive Station,MF,7:00 to 8:00 PM,602,325
2025,Marine Drive Station,MF,7:00 to 8:00 AM,433,797
2025,Marine Drive Station,MF,6:00 to 7:00 PM,948,566
2025,Marine Drive Station,MF,6:00 to 7:00 AM,315,471
2025,Marine Drive Station,MF,5:00 to 6:00 PM,1193,812
2025,Marine Drive Station,MF,5:00 to 6:00 AM,87,204
2025,Marine Drive Station,MF,4:00 to 5:00 PM,1065,839
2025,Marine Drive Station,MF,4:00 to 5:00 AM,1,21
2025,Marine Drive Station,MF,3:00 to 4:00 PM,830,798
2025,Marine Drive Station,MF,3:00 to 4:00 AM,0,0
2025,Marine Drive Station,MF,2:00 to 3:00 PM,583,592
2025,Marine Drive Station,MF,2:00 to 3:00 AM,1,1
2025,Marine Drive Station,MF,12:00 to 1:00 PM,398,521
2025,Marine Drive Station,MF,12:00 to 1:00 AM,136,36
2025,Marine Drive Station,MF,11:00 PM to 12:00 AM,222,82
2025,Marine Drive Station,MF,11:00 AM to 12:00 PM,318,496
2025,Marine Drive Station,MF,10:00 to 11:00 PM,350,155
2025,Marine Drive Station,MF,10:00 to 11:00 AM,274,510
2025,Marine Drive Station,MF,1:00 to 2:00 PM,459,517
2025,Marine Drive Station,MF,1:00 to 2:00 AM,34,6
2025,Marine Drive Station,Sun/Hol,9:00 to 10:00 PM,379,217
2025,Marine Drive Station,Sun/Hol,9:00 to 10:00 AM,172,391
2025,Marine Drive Station,Sun/Hol,8:00 to 9:00 PM,397,216
2025,Marine Drive Station,Sun/Hol,8:00 to 9:00 AM,133,278
2025,Marine Drive Station,Sun/Hol,7:00 to 8:00 PM,530,282
2025,Marine Drive Station,Sun/Hol,7:00 to 8:00 AM,123,249
2025,Marine Drive Station,Sun/Hol,6:00 to 7:00 PM,628,390
2025,Marine Drive Station,Sun/Hol,6:00 to 7:00 AM,79,199
2025,Marine Drive Station,Sun/Hol,5:00 to 6:00 PM,641,461
2025,Marine Drive Station,Sun/Hol,5:00 to 6:00 AM,44,118
2025,Marine Drive Station,Sun/Hol,4:00 to 5:00 PM,647,532
2025,Marine Drive Station,Sun/Hol,4:00 to 5:00 AM,0,14
2025,Marine Drive Station,Sun/Hol,3:00 to 4:00 PM,616,582
2025,Marine Drive Station,Sun/Hol,3:00 to 4:00 AM,0,0
2025,Marine Drive Station,Sun/Hol,2:00 to 3:00 PM,534,599
2025,Marine Drive Station,Sun/Hol,2:00 to 3:00 AM,1,1
2025,Marine Drive Station,Sun/Hol,12:00 to 1:00 PM,375,558
2025,Marine Drive Station,Sun/Hol,12:00 to 1:00 AM,116,28
2025,Marine Drive Station,Sun/Hol,11:00 PM to 12:00 AM,204,65
2025,Marine Drive Station,Sun/Hol,11:00 AM to 12:00 PM,300,505
2025,Marine Drive Station,Sun/Hol,10:00 to 11:00 PM,306,128
2025,Marine Drive Station,Sun/Hol,10:00 to 11:00 AM,236,507
2025,Marine Drive Station,Sun/Hol,1:00 to 2:00 PM,436,594
2025,Marine Drive Station,Sun/Hol,1:00 to 2:00 AM,24,5
2025,Marine Drive Station,Sat,9:00 to 10:00 PM,456,283
2025,Marine Drive Station,Sat,9:00 to 10:00 AM,215,505
2025,Marine Drive Station,Sat,8:00 to 9:00 PM,465,272
2025,Marine Drive Station,Sat,8:00 to 9:00 AM,177,372
2025,Marine Drive Station,Sat,7:00 to 8:00 PM,548,342
2025,Marine Drive Station,Sat,7:00 to 8:00 AM,150,321
2025,Marine Drive Station,Sat,6:00 to 7:00 PM,693,497
2025,Marine Drive Station,Sat,6:00 to 7:00 AM,87,225
2025,Marine Drive Station,Sat,5:00 to 6:00 PM,718,555
2025,Marine Drive Station,Sat,5:00 to 6:00 AM,48,133
2025,Marine Drive Station,Sat,4:00 to 5:00 PM,711,624
2025,Marine Drive Station,Sat,4:00 to 5:00 AM,0,17
2025,Marine Drive Station,Sat,3:00 to 4:00 PM,713,648
2025,Marine Drive Station,Sat,3:00 to 4:00 AM,0,0
2025,Metrotown Station,Sat,3:00 to 4:00 PM,2094,1926
2025,Metrotown Station,Sat,3:00 to 4:00 AM,0,0
2025,Metrotown Station,Sat,2:00 to 3:00 PM,2097,1696
2025,Metrotown Station,Sat,2:00 to 3:00 AM,0,0
2025,Metrotown Station,Sat,12:00 to 1:00 PM,1796,1271
2025,Metrotown Station,Sat,12:00 to 1:00 AM,206,133
2025,Metrotown Station,Sat,11:00 PM to 12:00 AM,343,260
2025,Metrotown Station,Sat,11:00 AM to 12:00 PM,1496,1068
2025,Metrotown Station,Sat,10:00 to 11:00 PM,485,545
2025,Metrotown Station,Sat,10:00 to 11:00 AM,1248,815
2025,Metrotown Station,Sat,1:00 to 2:00 PM,1986,1459
2025,Metrotown Station,Sat,1:00 to 2:00 AM,67,22
2025,Metrotown Station,MF,9:00 to 10:00 PM,587,1163
2025,Metrotown Station,MF,9:00 to 10:00 AM,1487,966
2025,Metrotown Station,MF,8:00 to 9:00 PM,762,1266
2025,Metrotown Station,MF,8:00 to 9:00 AM,1733,1490
2025,Metrotown Station,MF,7:00 to 8:00 PM,1207,1426
2025,Metrotown Station,MF,7:00 to 8:00 AM,1303,1150
2025,Metrotown Station,MF,6:00 to 7:00 PM,2015,1998
2025,Metrotown Station,MF,6:00 to 7:00 AM,882,784
2025,Metrotown Station,MF,5:00 to 6:00 PM,2799,2470
2025,Metrotown Station,MF,5:00 to 6:00 AM,223,251
2025,Metrotown Station,MF,4:00 to 5:00 PM,2593,2451
2025,Metrotown Station,MF,4:00 to 5:00 AM,0,0
2025,Metrotown Station,MF,3:00 to 4:00 PM,2297,2074
2025,Metrotown Station,MF,3:00 to 4:00 AM,0,0
2025,Metrotown Station,MF,2:00 to 3:00 PM,1713,1587
2025,Metrotown Station,MF,2:00 to 3:00 AM,0,0
2025,Metrotown Station,MF,12:00 to 1:00 PM,1555,1233
2025,Metrotown Station,MF,12:00 to 1:00 AM,127,98
2025,Metrotown Station,MF,11:00 PM to 12:00 AM,266,215
2025,Metrotown Station,MF,11:00 AM to 12:00 PM,1386,1034
2025,Metrotown Station,MF,10:00 to 11:00 PM,435,464
2025,Metrotown Station,MF,10:00 to 11:00 AM,1324,861
2025,Metrotown Station,MF,1:00 to 2:00 PM,1621,1331
2025,Metrotown Station,MF,1:00 to 2:00 AM,45,16
2025,Metrotown Station,Sun/Hol,6:00 to 7:00 PM,1210,1679
2025,Metrotown Station,Sun/Hol,7:00 to 8:00 AM,228,218
2025,Metrotown Station,Sun/Hol,7:00 to 8:00 PM,779,1614
2025,Metrotown Station,Sun/Hol,8:00 to 9:00 AM,505,398
2025,Metrotown Station,Sun/Hol,8:00 to 9:00 PM,577,782
2025,Metrotown Station,Sun/Hol,9:00 to 10:00 AM,751,545
2025,Metrotown Station,Sun/Hol,9:00 to 10:00 PM,450,532
2025,Metrotown Station,Sun/Hol,6:00 to 7:00 AM,12,10
2025,Metrotown Station,Sun/Hol,5:00 to 6:00 PM,1558,1721
2025,Metrotown Station,Sun/Hol,5:00 to 6:00 AM,3,3
2025,Metrotown Station,Sun/Hol,4:00 to 5:00 PM,1792,1772
2025,Metrotown Station,Sun/Hol,4:00 to 5:00 AM,0,0
2025,Metrotown Station,Sun/Hol,3:00 to 4:00 PM,1833,1687
2025,Metrotown Station,Sun/Hol,3:00 to 4:00 AM,0,0
2025,Metrotown Station,Sun/Hol,2:00 to 3:00 PM,1911,1533
2025,Metrotown Station,Sun/Hol,2:00 to 3:00 AM,0,0
2025,Metrotown Station,Sun/Hol,12:00 to 1:00 PM,1613,1113
2025,Metrotown Station,Sun/Hol,12:00 to 1:00 AM,70,50
2025,Metrotown Station,Sun/Hol,11:00 PM to 12:00 AM,233,213
2025,Metrotown Station,Sun/Hol,11:00 AM to 12:00 PM,1411,876
2025,Metrotown Station,Sun/Hol,10:00 to 11:00 PM,363,339
2025,Metrotown Station,Sun/Hol,10:00 to 11:00 AM,1169,732
2025,Metrotown Station,Sun/Hol,1:00 to 2:00 PM,1808,1297
2025,Metrotown Station,Sun/Hol,1:00 to 2:00 AM,2,2
2025,Metrotown Station,Sat,9:00 to 10:00 PM,561,1196
2025,Metrotown Station,Sat,9:00 to 10:00 AM,1015,656
2025,Metrotown Station,Sat,8:00 to 9:00 PM,734,1282
2025,Metrotown Station,Sat,8:00 to 9:00 AM,786,520
2025,Metrotown Station,Sat,7:00 to 8:00 PM,1123,1482
2025,Metrotown Station,Sat,7:00 to 8:00 AM,464,414
2025,Metrotown Station,Sat,6:00 to 7:00 PM,1599,1826
2025,Metrotown Station,Sat,6:00 to 7:00 AM,143,149
2025,Metrotown Station,Sat,5:00 to 6:00 PM,1869,2017
2025,Metrotown Station,Sat,5:00 to 6:00 AM,0,0
2025,Metrotown Station,Sat,4:00 to 5:00 PM,2056,2068
2025,Metrotown Station,Sat,4:00 to 5:00 AM,0,0
2025,Moody Centre Station,Sat,4:00 to 5:00 AM,0,0
2025,Moody Centre Station,Sat,4:00 to 5:00 PM,158,174
2025,Moody Centre Station,Sat,5:00 to 6:00 AM,0,1
2025,Moody Centre Station,Sat,5:00 to 6:00 PM,144,165
2025,Moody Centre Station,Sat,6:00 to 7:00 AM,7,22
2025,Moody Centre Station,Sat,6:00 to 7:00 PM,131,131
2025,Moody Centre Station,Sat,7:00 to 8:00 AM,34,34
2025,Moody Centre Station,Sat,7:00 to 8:00 PM,110,95
2025,Moody Centre Station,Sat,8:00 to 9:00 AM,69,56
2025,Moody Centre Station,Sat,8:00 to 9:00 PM,81,93
2025,Moody Centre Station,Sat,9:00 to 10:00 AM,68,75
2025,Moody Centre Station,Sat,9:00 to 10:00 PM,66,77
2025,Moody Centre Station,Sun/Hol,1:00 to 2:00 AM,0,0
2025,Moody Centre Station,Sun/Hol,1:00 to 2:00 PM,120,105
2025,Moody Centre Station,Sun/Hol,10:00 to 11:00 AM,71,68
2025,Moody Centre Station,Sun/Hol,10:00 to 11:00 PM,35,36
2025,Moody Centre Station,Sun/Hol,11:00 AM to 12:00 PM,89,89
2025,Moody Centre Station,Sun/Hol,11:00 PM to 12:00 AM,26,17
2025,Moody Centre Station,Sun/Hol,12:00 to 1:00 AM,11,4
2025,Moody Centre Station,Sun/Hol,12:00 to 1:00 PM,108,97
2025,Moody Centre Station,Sun/Hol,2:00 to 3:00 AM,0,0
2025,Moody Centre Station,Sun/Hol,2:00 to 3:00 PM,122,115
2025,Moody Centre Station,Sun/Hol,3:00 to 4:00 PM,123,126
2025,Moody Centre Station,Sun/Hol,4:00 to 5:00 AM,0,0
2025,Moody Centre Station,Sun/Hol,4:00 to 5:00 PM,118,132
2025,Moody Centre Station,Sun/Hol,5:00 to 6:00 AM,0,0
2025,Moody Centre Station,Sun/Hol,5:00 to 6:00 PM,110,118
2025,Moody Centre Station,Sun/Hol,6:00 to 7:00 AM,1,8
2025,Moody Centre Station,Sun/Hol,6:00 to 7:00 PM,95,98
2025,Moody Centre Station,Sun/Hol,7:00 to 8:00 AM,11,25
2025,Moody Centre Station,Sun/Hol,7:00 to 8:00 PM,72,77
2025,Moody Centre Station,Sun/Hol,9:00 to 10:00 PM,42,54
2025,Moody Centre Station,Sun/Hol,9:00 to 10:00 AM,66,54
2025,Moody Centre Station,Sun/Hol,8:00 to 9:00 PM,55,69
2025,Moody Centre Station,Sun/Hol,8:00 to 9:00 AM,40,35
2025,Moody Centre Station,MF,1:00 to 2:00 AM,7,2
2025,Moody Centre Station,MF,1:00 to 2:00 PM,93,107
2025,Moody Centre Station,MF,10:00 to 11:00 AM,72,82
2025,Moody Centre Station,MF,10:00 to 11:00 PM,53,38
2025,Moody Centre Station,MF,11:00 AM to 12:00 PM,72,95
2025,Moody Centre Station,MF,11:00 PM to 12:00 AM,32,21
2025,Moody Centre Station,MF,12:00 to 1:00 AM,17,9
2025,Moody Centre Station,MF,12:00 to 1:00 PM,85,95
2025,Moody Centre Station,MF,2:00 to 3:00 AM,0,0
2025,Moody Centre Station,MF,2:00 to 3:00 PM,123,167
2025,Moody Centre Station,MF,3:00 to 4:00 AM,0,0
2025,Moody Centre Station,MF,3:00 to 4:00 PM,182,234
2025,Moody Centre Station,MF,4:00 to 5:00 AM,0,1
2025,Moody Centre Station,MF,4:00 to 5:00 PM,242,268
2025,Moody Centre Station,MF,5:00 to 6:00 AM,5,39
2025,Moody Centre Station,MF,5:00 to 6:00 PM,247,308
2025,Moody Centre Station,MF,6:00 to 7:00 AM,104,148
2025,Moody Centre Station,MF,6:00 to 7:00 PM,165,142
2025,Moody Centre Station,MF,7:00 to 8:00 AM,174,212
2025,Moody Centre Station,MF,7:00 to 8:00 PM,104,78
2025,Moody Centre Station,MF,8:00 to 9:00 AM,180,198
2025,Moody Centre Station,MF,8:00 to 9:00 PM,73,67
2025,Moody Centre Station,MF,9:00 to 10:00 AM,90,110
2025,Moody Centre Station,MF,9:00 to 10:00 PM,63,52
2025,Moody Centre Station,Sat,1:00 to 2:00 AM,17,4
2025,Moody Centre Station,Sat,1:00 to 2:00 PM,135,119
2025,Moody Centre Station,Sat,10:00 to 11:00 AM,83,93
2025,Moody Centre Station,Sat,10:00 to 11:00 PM,73,67
2025,Moody Centre Station,Sat,11:00 AM to 12:00 PM,96,96
2025,Moody Centre Station,Sat,11:00 PM to 12:00 AM,50,54
2025,Moody Centre Station,Sat,12:00 to 1:00 AM,29,20
2025,Moody Centre Station,Sat,12:00 to 1:00 PM,113,111
2025,Moody Centre Station,Sat,2:00 to 3:00 AM,0,0
2025,Moody Centre Station,Sat,2:00 to 3:00 PM,145,135
2025,Moody Centre Station,Sat,3:00 to 4:00 PM,156,153
2025,Nanaimo Station,Sat,2:00 to 3:00 AM,0,0
2025,Nanaimo Station,Sat,2:00 to 3:00 PM,373,417
2025,Nanaimo Station,Sat,3:00 to 4:00 AM,0,0
2025,Nanaimo Station,Sat,3:00 to 4:00 PM,408,432
2025,Nanaimo Station,Sat,4:00 to 5:00 PM,445,446
2025,Nanaimo Station,Sat,5:00 to 6:00 PM,442,386
2025,Nanaimo Station,Sat,6:00 to 7:00 AM,58,83
2025,Nanaimo Station,Sat,6:00 to 7:00 PM,420,317
2025,Nanaimo Station,Sat,7:00 to 8:00 AM,118,219
2025,Nanaimo Station,Sat,7:00 to 8:00 PM,352,227
2025,Nanaimo Station,Sat,8:00 to 9:00 AM,152,293
2025,Nanaimo Station,Sat,8:00 to 9:00 PM,314,163
2025,Nanaimo Station,Sat,9:00 to 10:00 AM,184,361
2025,Nanaimo Station,Sat,9:00 to 10:00 PM,322,142
2025,Nanaimo Station,Sun/Hol,1:00 to 2:00 AM,1,0
2025,Nanaimo Station,Sun/Hol,1:00 to 2:00 PM,264,371
2025,Nanaimo Station,Sun/Hol,10:00 to 11:00 AM,160,364
2025,Nanaimo Station,Sun/Hol,10:00 to 11:00 PM,214,82
2025,Nanaimo Station,Sun/Hol,11:00 AM to 12:00 PM,178,336
2025,Nanaimo Station,Sun/Hol,11:00 PM to 12:00 AM,156,75
2025,Nanaimo Station,Sun/Hol,12:00 to 1:00 AM,45,19
2025,Nanaimo Station,Sun/Hol,12:00 to 1:00 PM,219,360
2025,Nanaimo Station,Sun/Hol,2:00 to 3:00 AM,0,0
2025,Nanaimo Station,Sun/Hol,2:00 to 3:00 PM,315,377
2025,Nanaimo Station,Sun/Hol,3:00 to 4:00 PM,351,354
2025,Nanaimo Station,Sun/Hol,4:00 to 5:00 PM,401,335
2025,Nanaimo Station,Sun/Hol,5:00 to 6:00 AM,0,1
2025,Nanaimo Station,Sun/Hol,5:00 to 6:00 PM,398,290
2025,Nanaimo Station,Sun/Hol,6:00 to 7:00 AM,2,4
2025,Nanaimo Station,Sun/Hol,6:00 to 7:00 PM,381,254
2025,Nanaimo Station,Sun/Hol,7:00 to 8:00 AM,70,124
2025,Nanaimo Station,Sun/Hol,7:00 to 8:00 PM,346,168
2025,Nanaimo Station,Sun/Hol,8:00 to 9:00 AM,103,225
2025,Nanaimo Station,Sun/Hol,8:00 to 9:00 PM,280,132
2025,Nanaimo Station,Sun/Hol,9:00 to 10:00 AM,136,288
2025,Nanaimo Station,Sun/Hol,9:00 to 10:00 PM,241,106
2025,Nanaimo Station,MF,1:00 to 2:00 AM,21,5
2025,Nanaimo Station,MF,1:00 to 2:00 PM,281,311
2025,Nanaimo Station,MF,10:00 to 11:00 AM,176,328
2025,Nanaimo Station,MF,10:00 to 11:00 PM,265,99
2025,Nanaimo Station,MF,11:00 AM to 12:00 PM,188,317
2025,Nanaimo Station,MF,11:00 PM to 12:00 AM,179,79
2025,Nanaimo Station,MF,12:00 to 1:00 AM,82,36
2025,Nanaimo Station,MF,12:00 to 1:00 PM,232,302
2025,Nanaimo Station,MF,2:00 to 3:00 AM,0,0
2025,Nanaimo Station,MF,2:00 to 3:00 PM,367,364
2025,Nanaimo Station,MF,3:00 to 4:00 AM,0,0
2025,Nanaimo Station,MF,3:00 to 4:00 PM,517,488
2025,Nanaimo Station,MF,4:00 to 5:00 PM,711,506
2025,Nanaimo Station,MF,5:00 to 6:00 AM,31,125
2025,Nanaimo Station,MF,5:00 to 6:00 PM,785,484
2025,Nanaimo Station,MF,6:00 to 7:00 AM,220,365
2025,Nanaimo Station,MF,6:00 to 7:00 PM,588,368
2025,Nanaimo Station,MF,7:00 to 8:00 AM,316,582
2025,Nanaimo Station,MF,7:00 to 8:00 PM,400,221
2025,Nanaimo Station,MF,8:00 to 9:00 AM,344,808
2025,Nanaimo Station,MF,8:00 to 9:00 PM,343,159
2025,Nanaimo Station,MF,9:00 to 10:00 AM,227,500
2025,Nanaimo Station,MF,9:00 to 10:00 PM,333,124
2025,Nanaimo Station,Sat,1:00 to 2:00 AM,43,8
2025,Nanaimo Station,Sat,1:00 to 2:00 PM,306,407
2025,Nanaimo Station,Sat,10:00 to 11:00 AM,175,356
2025,Nanaimo Station,Sat,10:00 to 11:00 PM,283,115
2025,Nanaimo Station,Sat,11:00 AM to 12:00 PM,217,375
2025,Nanaimo Station,Sat,11:00 PM to 12:00 AM,233,110
2025,Nanaimo Station,Sat,12:00 to 1:00 AM,143,49
2025,Nanaimo Station,Sat,12:00 to 1:00 PM,251,374
2025,New Westminster Station,Sat,5:00 to 6:00 AM,0,1
2025,New Westminster Station,Sat,4:00 to 5:00 PM,902,851
2025,New Westminster Station,Sat,4:00 to 5:00 AM,0,0
2025,New Westminster Station,Sat,3:00 to 4:00 PM,844,865
2025,New Westminster Station,Sat,3:00 to 4:00 AM,0,0
2025,New Westminster Station,Sat,2:00 to 3:00 PM,805,781
2025,New Westminster Station,Sat,2:00 to 3:00 AM,0,0
2025,New Westminster Station,Sat,12:00 to 1:00 PM,624,683
2025,New Westminster Station,Sat,12:00 to 1:00 AM,172,143
2025,New Westminster Station,Sat,11:00 PM to 12:00 AM,283,246
2025,New Westminster Station,Sat,11:00 AM to 12:00 PM,545,586
2025,New Westminster Station,Sat,10:00 to 11:00 PM,417,352
2025,New Westminster Station,Sat,10:00 to 11:00 AM,474,500
2025,New Westminster Station,Sat,1:00 to 2:00 PM,686,719
2025,New Westminster Station,Sat,1:00 to 2:00 AM,75,30
2025,New Westminster Station,MF,9:00 to 10:00 PM,468,547
2025,New Westminster Station,MF,9:00 to 10:00 AM,772,574
2025,New Westminster Station,MF,8:00 to 9:00 PM,507,548
2025,New Westminster Station,MF,8:00 to 9:00 AM,955,949
2025,New Westminster Station,MF,7:00 to 8:00 PM,733,616
2025,New Westminster Station,MF,7:00 to 8:00 AM,556,1030
2025,New Westminster Station,MF,6:00 to 7:00 PM,1318,1037
2025,New Westminster Station,MF,6:00 to 7:00 AM,430,749
2025,New Westminster Station,MF,5:00 to 6:00 PM,1673,1198
2025,New Westminster Station,MF,5:00 to 6:00 AM,108,360
2025,New Westminster Station,MF,4:00 to 5:00 PM,1533,1354
2025,New Westminster Station,MF,4:00 to 5:00 AM,0,0
2025,New Westminster Station,MF,3:00 to 4:00 PM,1255,1198
2025,New Westminster Station,MF,3:00 to 4:00 AM,0,0
2025,New Westminster Station,MF,2:00 to 3:00 PM,884,949
2025,New Westminster Station,MF,2:00 to 3:00 AM,0,0
2025,New Westminster Station,MF,12:00 to 1:00 PM,866,754
2025,New Westminster Station,MF,12:00 to 1:00 AM,108,96
2025,New Westminster Station,MF,11:00 PM to 12:00 AM,221,200
2025,New Westminster Station,MF,1:00 to 2:00 AM,43,25
2025,New Westminster Station,MF,1:00 to 2:00 PM,695,725
2025,New Westminster Station,MF,10:00 to 11:00 AM,656,516
2025,New Westminster Station,MF,10:00 to 11:00 PM,364,304
2025,New Westminster Station,MF,11:00 AM to 12:00 PM,718,579
2025,New Westminster Station,Sun/Hol,9:00 to 10:00 PM,351,329
2025,New Westminster Station,Sun/Hol,9:00 to 10:00 AM,337,354
2025,New Westminster Station,Sun/Hol,8:00 to 9:00 PM,428,377
2025,New Westminster Station,Sun/Hol,8:00 to 9:00 AM,237,281
2025,New Westminster Station,Sun/Hol,7:00 to 8:00 PM,572,430
2025,New Westminster Station,Sun/Hol,7:00 to 8:00 AM,141,292
2025,New Westminster Station,Sun/Hol,6:00 to 7:00 PM,698,549
2025,New Westminster Station,Sun/Hol,6:00 to 7:00 AM,6,10
2025,New Westminster Station,Sun/Hol,5:00 to 6:00 PM,720,609
2025,New Westminster Station,Sun/Hol,5:00 to 6:00 AM,1,3
2025,New Westminster Station,Sun/Hol,4:00 to 5:00 PM,719,627
2025,New Westminster Station,Sun/Hol,4:00 to 5:00 AM,0,0
2025,New Westminster Station,Sun/Hol,3:00 to 4:00 PM,694,672
2025,New Westminster Station,Sun/Hol,3:00 to 4:00 AM,0,0
2025,New Westminster Station,Sun/Hol,2:00 to 3:00 PM,677,624
2025,New Westminster Station,Sun/Hol,2:00 to 3:00 AM,0,0
2025,New Westminster Station,Sun/Hol,12:00 to 1:00 PM,503,572
2025,New Westminster Station,Sun/Hol,12:00 to 1:00 AM,70,57
2025,New Westminster Station,Sun/Hol,11:00 PM to 12:00 AM,180,183
2025,New Westminster Station,Sun/Hol,11:00 AM to 12:00 PM,431,486
2025,New Westminster Station,Sun/Hol,10:00 to 11:00 PM,288,234
2025,New Westminster Station,Sun/Hol,10:00 to 11:00 AM,381,446
2025,New Westminster Station,Sun/Hol,1:00 to 2:00 PM,578,604
2025,New Westminster Station,Sun/Hol,1:00 to 2:00 AM,2,1
2025,New Westminster Station,Sat,9:00 to 10:00 PM,506,468
2025,New Westminster Station,Sat,9:00 to 10:00 AM,463,435
2025,New Westminster Station,Sat,8:00 to 9:00 PM,526,463
2025,New Westminster Station,Sat,8:00 to 9:00 AM,384,412
2025,New Westminster Station,Sat,7:00 to 8:00 PM,679,551
2025,New Westminster Station,Sat,7:00 to 8:00 AM,243,341
2025,New Westminster Station,Sat,6:00 to 7:00 PM,848,747
2025,New Westminster Station,Sat,6:00 to 7:00 AM,98,221
2025,New Westminster Station,Sat,5:00 to 6:00 PM,878,845
2025,Oakridge-41st Avenue Station,Sat,5:00 to 6:00 PM,412,338
2025,Oakridge-41st Avenue Station,Sat,6:00 to 7:00 AM,68,165
2025,Oakridge-41st Avenue Station,Sat,6:00 to 7:00 PM,374,277
2025,Oakridge-41st Avenue Station,Sat,7:00 to 8:00 AM,146,207
2025,Oakridge-41st Avenue Station,Sat,7:00 to 8:00 PM,300,185
2025,Oakridge-41st Avenue Station,Sat,8:00 to 9:00 AM,151,247
2025,Oakridge-41st Avenue Station,Sat,8:00 to 9:00 PM,286,136
2025,Oakridge-41st Avenue Station,Sat,9:00 to 10:00 AM,162,339
2025,Oakridge-41st Avenue Station,Sat,9:00 to 10:00 PM,288,109
2025,Oakridge-41st Avenue Station,Sun/Hol,1:00 to 2:00 AM,21,4
2025,Oakridge-41st Avenue Station,Sun/Hol,1:00 to 2:00 PM,240,351
2025,Oakridge-41st Avenue Station,Sun/Hol,10:00 to 11:00 AM,131,337
2025,Oakridge-41st Avenue Station,Sun/Hol,10:00 to 11:00 PM,211,57
2025,Oakridge-41st Avenue Station,Sun/Hol,11:00 AM to 12:00 PM,160,341
2025,Oakridge-41st Avenue Station,Sun/Hol,11:00 PM to 12:00 AM,129,29
2025,Oakridge-41st Avenue Station,Sun/Hol,12:00 to 1:00 AM,79,11
2025,Oakridge-41st Avenue Station,Sun/Hol,12:00 to 1:00 PM,195,345
2025,Oakridge-41st Avenue Station,Sun/Hol,2:00 to 3:00 AM,0,0
2025,Oakridge-41st Avenue Station,Sun/Hol,2:00 to 3:00 PM,290,341
2025,Oakridge-41st Avenue Station,Sun/Hol,3:00 to 4:00 AM,0,0
2025,Oakridge-41st Avenue Station,Sun/Hol,3:00 to 4:00 PM,330,319
2025,Oakridge-41st Avenue Station,Sun/Hol,4:00 to 5:00 AM,1,9
2025,Oakridge-41st Avenue Station,Sun/Hol,4:00 to 5:00 PM,366,286
2025,Oakridge-41st Avenue Station,Sun/Hol,5:00 to 6:00 AM,28,98
2025,Oakridge-41st Avenue Station,Sun/Hol,5:00 to 6:00 PM,377,246
2025,Oakridge-41st Avenue Station,Sun/Hol,6:00 to 7:00 AM,56,161
2025,Oakridge-41st Avenue Station,Sun/Hol,6:00 to 7:00 PM,340,197
2025,Oakridge-41st Avenue Station,Sun/Hol,7:00 to 8:00 AM,83,163
2025,Oakridge-41st Avenue Station,MF,11:00 AM to 12:00 PM,231,334
2025,Oakridge-41st Avenue Station,MF,10:00 to 11:00 PM,234,78
2025,Oakridge-41st Avenue Station,MF,10:00 to 11:00 AM,226,343
2025,Oakridge-41st Avenue Station,MF,1:00 to 2:00 PM,284,352
2025,Oakridge-41st Avenue Station,MF,1:00 to 2:00 AM,23,5
2025,Oakridge-41st Avenue Station,Sat,5:00 to 6:00 AM,27,108
2025,Oakridge-41st Avenue Station,Sat,4:00 to 5:00 PM,422,378
2025,Oakridge-41st Avenue Station,Sat,4:00 to 5:00 AM,1,10
2025,Oakridge-41st Avenue Station,Sat,3:00 to 4:00 PM,373,406
2025,Oakridge-41st Avenue Station,Sat,3:00 to 4:00 AM,0,0
2025,Oakridge-41st Avenue Station,Sat,2:00 to 3:00 PM,330,437
2025,Oakridge-41st Avenue Station,Sat,2:00 to 3:00 AM,0,0
2025,Oakridge-41st Avenue Station,Sat,12:00 to 1:00 PM,243,414
2025,Oakridge-41st Avenue Station,Sat,12:00 to 1:00 AM,142,20
2025,Oakridge-41st Avenue Station,Sat,11:00 PM to 12:00 AM,202,46
2025,Oakridge-41st Avenue Station,Sat,11:00 AM to 12:00 PM,203,406
2025,Oakridge-41st Avenue Station,Sat,10:00 to 11:00 PM,256,80
2025,Oakridge-41st Avenue Station,Sat,10:00 to 11:00 AM,172,366
2025,Oakridge-41st Avenue Station,Sat,1:00 to 2:00 PM,281,439
2025,Oakridge-41st Avenue Station,Sat,1:00 to 2:00 AM,44,6
2025,Oakridge-41st Avenue Station,MF,9:00 to 10:00 PM,296,118
2025,Oakridge-41st Avenue Station,MF,9:00 to 10:00 AM,255,421
2025,Oakridge-41st Avenue Station,MF,8:00 to 9:00 PM,283,159
2025,Oakridge-41st Avenue Station,MF,8:00 to 9:00 AM,445,626
2025,Oakridge-41st Avenue Station,MF,7:00 to 8:00 PM,332,226
2025,Oakridge-41st Avenue Station,MF,7:00 to 8:00 AM,447,491
2025,Oakridge-41st Avenue Station,MF,6:00 to 7:00 PM,521,392
2025,Oakridge-41st Avenue Station,MF,6:00 to 7:00 AM,374,311
2025,Oakridge-41st Avenue Station,MF,5:00 to 6:00 PM,694,574
2025,Oakridge-41st Avenue Station,MF,5:00 to 6:00 AM,49,146
2025,Oakridge-41st Avenue Station,MF,4:00 to 5:00 PM,608,635
2025,Oakridge-41st Avenue Station,MF,4:00 to 5:00 AM,1,11
2025,Oakridge-41st Avenue Station,MF,3:00 to 4:00 PM,456,751
2025,Oakridge-41st Avenue Station,MF,3:00 to 4:00 AM,0,0
2025,Oakridge-41st Avenue Station,MF,2:00 to 3:00 PM,352,477
2025,Oakridge-41st Avenue Station,MF,2:00 to 3:00 AM,0,0
2025,Oakridge-41st Avenue Station,MF,12:00 to 1:00 PM,261,343
2025,Oakridge-41st Avenue Station,MF,12:00 to 1:00 AM,79,12
2025,Oakridge-41st Avenue Station,MF,11:00 PM to 12:00 AM,135,38
2025,Oakridge-41st Avenue Station,Sun/Hol,7:00 to 8:00 PM,299,134
2025,Oakridge-41st Avenue Station,Sun/Hol,8:00 to 9:00 AM,90,181
2025,Oakridge-41st Avenue Station,Sun/Hol,8:00 to 9:00 PM,254,99
2025,Oakridge-41st Avenue Station,Sun/Hol,9:00 to 10:00 AM,121,260
2025,Oakridge-41st Avenue Station,Sun/Hol,9:00 to 10:00 PM,256,88
2025,Olympic Village Station,Sat,4:00 to 5:00 AM,1,4
2025,Olympic Village Station,Sat,4:00 to 5:00 PM,239,265
2025,Olympic Village Station,Sat,5:00 to 6:00 AM,7,15
2025,Olympic Village Station,Sat,5:00 to 6:00 PM,212,252
2025,Olympic Village Station,Sat,6:00 to 7:00 AM,24,32
2025,Olympic Village Station,Sat,6:00 to 7:00 PM,175,230
2025,Olympic Village Station,Sat,7:00 to 8:00 AM,59,55
2025,Olympic Village Station,Sat,7:00 to 8:00 PM,129,156
2025,Olympic Village Station,Sat,8:00 to 9:00 AM,94,81
2025,Olympic Village Station,Sat,8:00 to 9:00 PM,105,114
2025,Olympic Village Station,Sat,9:00 to 10:00 AM,149,124
2025,Olympic Village Station,Sat,9:00 to 10:00 PM,91,94
2025,Olympic Village Station,Sun/Hol,1:00 to 2:00 AM,4,2
2025,Olympic Village Station,Sun/Hol,1:00 to 2:00 PM,202,195
2025,Olympic Village Station,Sun/Hol,10:00 to 11:00 AM,146,140
2025,Olympic Village Station,Sun/Hol,10:00 to 11:00 PM,52,41
2025,Olympic Village Station,Sun/Hol,11:00 AM to 12:00 PM,183,166
2025,Olympic Village Station,Sun/Hol,11:00 PM to 12:00 AM,33,26
2025,Olympic Village Station,Sun/Hol,12:00 to 1:00 AM,15,10
2025,Olympic Village Station,Sun/Hol,12:00 to 1:00 PM,185,182
2025,Olympic Village Station,Sun/Hol,2:00 to 3:00 AM,0,1
2025,Olympic Village Station,Sun/Hol,2:00 to 3:00 PM,195,208
2025,Olympic Village Station,Sun/Hol,3:00 to 4:00 AM,0,0
2025,Olympic Village Station,Sun/Hol,3:00 to 4:00 PM,192,216
2025,Olympic Village Station,Sun/Hol,4:00 to 5:00 AM,1,4
2025,Olympic Village Station,Sun/Hol,4:00 to 5:00 PM,186,207
2025,Olympic Village Station,Sun/Hol,5:00 to 6:00 AM,7,15
2025,Olympic Village Station,Sun/Hol,5:00 to 6:00 PM,172,195
2025,Olympic Village Station,Sun/Hol,6:00 to 7:00 AM,23,31
2025,Olympic Village Station,Sun/Hol,9:00 to 10:00 PM,69,61
2025,Olympic Village Station,Sun/Hol,9:00 to 10:00 AM,113,105
2025,Olympic Village Station,Sun/Hol,8:00 to 9:00 PM,76,76
2025,Olympic Village Station,Sun/Hol,8:00 to 9:00 AM,76,79
2025,Olympic Village Station,Sun/Hol,7:00 to 8:00 PM,99,112
2025,Olympic Village Station,Sun/Hol,7:00 to 8:00 AM,44,48
2025,Olympic Village Station,Sun/Hol,6:00 to 7:00 PM,135,176
2025,Olympic Village Station,MF,1:00 to 2:00 AM,5,3
2025,Olympic Village Station,MF,1:00 to 2:00 PM,191,201
2025,Olympic Village Station,MF,10:00 to 11:00 AM,173,154
2025,Olympic Village Station,MF,10:00 to 11:00 PM,62,74
2025,Olympic Village Station,MF,11:00 AM to 12:00 PM,186,176
2025,Olympic Village Station,MF,11:00 PM to 12:00 AM,36,36
2025,Olympic Village Station,MF,12:00 to 1:00 AM,17,14
2025,Olympic Village Station,MF,12:00 to 1:00 PM,201,194
2025,Olympic Village Station,MF,2:00 to 3:00 AM,0,0
2025,Olympic Village Station,MF,2:00 to 3:00 PM,212,231
2025,Olympic Village Station,MF,3:00 to 4:00 AM,0,0
2025,Olympic Village Station,MF,3:00 to 4:00 PM,269,348
2025,Olympic Village Station,MF,4:00 to 5:00 AM,1,5
2025,Olympic Village Station,MF,4:00 to 5:00 PM,348,502
2025,Olympic Village Station,MF,5:00 to 6:00 AM,22,29
2025,Olympic Village Station,MF,5:00 to 6:00 PM,379,508
2025,Olympic Village Station,MF,6:00 to 7:00 AM,111,114
2025,Olympic Village Station,MF,6:00 to 7:00 PM,260,351
2025,Olympic Village Station,MF,7:00 to 8:00 AM,250,246
2025,Olympic Village Station,MF,7:00 to 8:00 PM,150,182
2025,Olympic Village Station,MF,8:00 to 9:00 AM,421,339
2025,Olympic Village Station,MF,8:00 to 9:00 PM,111,131
2025,Olympic Village Station,MF,9:00 to 10:00 AM,291,200
2025,Olympic Village Station,MF,9:00 to 10:00 PM,91,110
2025,Olympic Village Station,Sat,1:00 to 2:00 AM,7,5
2025,Olympic Village Station,Sat,1:00 to 2:00 PM,228,236
2025,Olympic Village Station,Sat,10:00 to 11:00 AM,176,158
2025,Olympic Village Station,Sat,10:00 to 11:00 PM,74,69
2025,Olympic Village Station,Sat,11:00 AM to 12:00 PM,200,187
2025,Olympic Village Station,Sat,11:00 PM to 12:00 AM,52,53
2025,Olympic Village Station,Sat,12:00 to 1:00 AM,27,29
2025,Olympic Village Station,Sat,12:00 to 1:00 PM,224,208
2025,Olympic Village Station,Sat,2:00 to 3:00 AM,0,0
2025,Olympic Village Station,Sat,2:00 to 3:00 PM,243,248
2025,Olympic Village Station,Sat,3:00 to 4:00 AM,0,0
2025,Olympic Village Station,Sat,3:00 to 4:00 PM,249,266
2025,Patterson Station,Sat,12:00 to 1:00 AM,77,30
2025,Patterson Station,Sat,11:00 PM to 12:00 AM,124,63
2025,Patterson Station,Sat,11:00 AM to 12:00 PM,178,237
2025,Patterson Station,Sat,10:00 to 11:00 PM,174,89
2025,Patterson Station,Sat,10:00 to 11:00 AM,144,227
2025,Patterson Station,Sat,1:00 to 2:00 PM,229,249
2025,Patterson Station,Sat,1:00 to 2:00 AM,28,6
2025,Patterson Station,MF,9:00 to 10:00 PM,178,100
2025,Patterson Station,MF,9:00 to 10:00 AM,156,308
2025,Patterson Station,MF,8:00 to 9:00 PM,191,121
2025,Patterson Station,MF,8:00 to 9:00 AM,204,497
2025,Patterson Station,MF,7:00 to 8:00 PM,256,157
2025,Patterson Station,MF,7:00 to 8:00 AM,201,400
2025,Patterson Station,MF,6:00 to 7:00 PM,430,235
2025,Patterson Station,MF,6:00 to 7:00 AM,242,237
2025,Patterson Station,MF,5:00 to 6:00 PM,565,333
2025,Patterson Station,MF,5:00 to 6:00 AM,33,73
2025,Patterson Station,MF,4:00 to 5:00 PM,472,334
2025,Patterson Station,MF,4:00 to 5:00 AM,0,0
2025,Patterson Station,MF,3:00 to 4:00 PM,357,337
2025,Patterson Station,MF,3:00 to 4:00 AM,0,0
2025,Patterson Station,MF,2:00 to 3:00 PM,230,227
2025,Patterson Station,MF,2:00 to 3:00 AM,0,0
2025,Patterson Station,MF,12:00 to 1:00 PM,162,190
2025,Patterson Station,MF,12:00 to 1:00 AM,44,21
2025,Patterson Station,MF,11:00 PM to 12:00 AM,87,54
2025,Patterson Station,MF,11:00 AM to 12:00 PM,131,193
2025,Patterson Station,MF,10:00 to 11:00 PM,151,79
2025,Patterson Station,MF,10:00 to 11:00 AM,129,210
2025,Patterson Station,MF,1:00 to 2:00 PM,180,187
2025,Patterson Station,MF,1:00 to 2:00 AM,13,5
2025,Patterson Station,Sat,12:00 to 1:00 PM,199,243
2025,Patterson Station,Sat,2:00 to 3:00 AM,0,0
2025,Patterson Station,Sat,2:00 to 3:00 PM,264,255
2025,Patterson Station,Sat,3:00 to 4:00 PM,293,277
2025,Patterson Station,Sat,4:00 to 5:00 AM,0,0
2025,Patterson Station,Sat,4:00 to 5:00 PM,286,276
2025,Patterson Station,Sat,5:00 to 6:00 AM,0,0
2025,Patterson Station,Sat,5:00 to 6:00 PM,292,250
2025,Patterson Station,Sat,6:00 to 7:00 AM,19,40
2025,Patterson Station,Sat,6:00 to 7:00 PM,277,234
2025,Patterson Station,Sat,7:00 to 8:00 AM,84,121
2025,Patterson Station,Sat,7:00 to 8:00 PM,216,162
2025,Patterson Station,Sat,8:00 to 9:00 AM,137,164
2025,Patterson Station,Sat,8:00 to 9:00 PM,175,124
2025,Patterson Station,Sat,9:00 to 10:00 AM,125,218
2025,Patterson Station,Sat,9:00 to 10:00 PM,177,113
2025,Patterson Station,Sun/Hol,1:00 to 2:00 AM,1,0
2025,Patterson Station,Sun/Hol,1:00 to 2:00 PM,198,226
2025,Patterson Station,Sun/Hol,10:00 to 11:00 AM,127,209
2025,Patterson Station,Sun/Hol,10:00 to 11:00 PM,136,111
2025,Patterson Station,Sun/Hol,11:00 AM to 12:00 PM,155,204
2025,Patterson Station,Sun/Hol,11:00 PM to 12:00 AM,69,68
2025,Patterson Station,Sun/Hol,12:00 to 1:00 AM,26,10
2025,Patterson Station,Sun/Hol,12:00 to 1:00 PM,185,219
2025,Patterson Station,Sun/Hol,2:00 to 3:00 AM,0,0
2025,Patterson Station,Sun/Hol,2:00 to 3:00 PM,231,225
2025,Patterson Station,Sun/Hol,3:00 to 4:00 PM,234,226
2025,Patterson Station,Sun/Hol,4:00 to 5:00 AM,0,0
2025,Patterson Station,Sun/Hol,4:00 to 5:00 PM,249,203
2025,Patterson Station,Sun/Hol,5:00 to 6:00 AM,0,1
2025,Patterson Station,Sun/Hol,5:00 to 6:00 PM,263,184
2025,Patterson Station,Sun/Hol,6:00 to 7:00 AM,2,2
2025,Patterson Station,Sun/Hol,6:00 to 7:00 PM,257,153
2025,Patterson Station,Sun/Hol,7:00 to 8:00 AM,35,63
2025,Patterson Station,Sun/Hol,7:00 to 8:00 PM,220,128
2025,Patterson Station,Sun/Hol,8:00 to 9:00 AM,69,124
2025,Patterson Station,Sun/Hol,8:00 to 9:00 PM,193,109
2025,Patterson Station,Sun/Hol,9:00 to 10:00 AM,97,173
2025,Patterson Station,Sun/Hol,9:00 to 10:00 PM,182,88
2025,Production Way-University Station,Sun/Hol,9:00 to 10:00 PM,69,41
2025,Production Way-University Station,Sun/Hol,9:00 to 10:00 AM,65,67
2025,Production Way-University Station,Sun/Hol,8:00 to 9:00 PM,73,55
2025,Production Way-University Station,Sun/Hol,8:00 to 9:00 AM,60,48
2025,Production Way-University Station,Sun/Hol,7:00 to 8:00 PM,87,63
2025,Production Way-University Station,Sun/Hol,7:00 to 8:00 AM,49,62
2025,Production Way-University Station,Sun/Hol,6:00 to 7:00 PM,98,99
2025,Production Way-University Station,Sun/Hol,6:00 to 7:00 AM,3,3
2025,Production Way-University Station,Sun/Hol,5:00 to 6:00 PM,120,140
2025,Production Way-University Station,Sun/Hol,5:00 to 6:00 AM,1,0
2025,Production Way-University Station,Sun/Hol,4:00 to 5:00 PM,129,162
2025,Production Way-University Station,Sun/Hol,4:00 to 5:00 AM,0,0
2025,Production Way-University Station,Sun/Hol,3:00 to 4:00 PM,129,138
2025,Production Way-University Station,Sun/Hol,2:00 to 3:00 PM,131,126
2025,Production Way-University Station,Sun/Hol,2:00 to 3:00 AM,0,0
2025,Production Way-University Station,Sun/Hol,12:00 to 1:00 PM,95,109
2025,Production Way-University Station,Sun/Hol,12:00 to 1:00 AM,16,6
2025,Production Way-University Station,Sun/Hol,11:00 PM to 12:00 AM,33,25
2025,Production Way-University Station,Sun/Hol,11:00 AM to 12:00 PM,81,100
2025,Production Way-University Station,Sun/Hol,10:00 to 11:00 PM,44,35
2025,Production Way-University Station,Sun/Hol,10:00 to 11:00 AM,71,89
2025,Production Way-University Station,Sun/Hol,1:00 to 2:00 PM,115,131
2025,Production Way-University Station,Sun/Hol,1:00 to 2:00 AM,0,0
2025,Production Way-University Station,Sat,9:00 to 10:00 PM,85,55
2025,Production Way-University Station,Sat,9:00 to 10:00 AM,92,88
2025,Production Way-University Station,Sat,8:00 to 9:00 PM,82,70
2025,Production Way-University Station,Sat,8:00 to 9:00 AM,87,64
2025,Production Way-University Station,Sat,7:00 to 8:00 PM,100,80
2025,Production Way-University Station,Sat,7:00 to 8:00 AM,74,57
2025,Production Way-University Station,Sat,6:00 to 7:00 PM,114,134
2025,Production Way-University Station,Sat,6:00 to 7:00 AM,23,51
2025,Production Way-University Station,Sat,5:00 to 6:00 PM,148,185
2025,Production Way-University Station,Sat,5:00 to 6:00 AM,0,0
2025,Production Way-University Station,Sat,4:00 to 5:00 PM,157,204
2025,Production Way-University Station,MF,1:00 to 2:00 AM,7,4
2025,Production Way-University Station,MF,1:00 to 2:00 PM,293,257
2025,Production Way-University Station,MF,10:00 to 11:00 AM,311,131
2025,Production Way-University Station,MF,10:00 to 11:00 PM,74,82
2025,Production Way-University Station,MF,11:00 AM to 12:00 PM,269,185
2025,Production Way-University Station,MF,11:00 PM to 12:00 AM,35,51
2025,Production Way-University Station,MF,12:00 to 1:00 AM,19,11
2025,Production Way-University Station,MF,12:00 to 1:00 PM,252,245
2025,Production Way-University Station,MF,2:00 to 3:00 AM,0,0
2025,Production Way-University Station,MF,2:00 to 3:00 PM,229,335
2025,Production Way-University Station,MF,3:00 to 4:00 AM,0,0
2025,Production Way-University Station,MF,3:00 to 4:00 PM,213,536
2025,Production Way-University Station,MF,4:00 to 5:00 AM,0,1
2025,Production Way-University Station,MF,4:00 to 5:00 PM,266,701
2025,Production Way-University Station,MF,5:00 to 6:00 AM,57,58
2025,Production Way-University Station,MF,5:00 to 6:00 PM,286,682
2025,Production Way-University Station,MF,6:00 to 7:00 AM,217,143
2025,Production Way-University Station,MF,6:00 to 7:00 PM,194,315
2025,Production Way-University Station,MF,7:00 to 8:00 AM,495,201
2025,Production Way-University Station,MF,7:00 to 8:00 PM,124,198
2025,Production Way-University Station,MF,8:00 to 9:00 AM,671,182
2025,Production Way-University Station,MF,8:00 to 9:00 PM,92,168
2025,Production Way-University Station,MF,9:00 to 10:00 AM,462,137
2025,Production Way-University Station,MF,9:00 to 10:00 PM,97,107
2025,Production Way-University Station,Sat,1:00 to 2:00 AM,12,4
2025,Production Way-University Station,Sat,1:00 to 2:00 PM,139,157
2025,Production Way-University Station,Sat,10:00 to 11:00 AM,100,109
2025,Production Way-University Station,Sat,10:00 to 11:00 PM,73,44
2025,Production Way-University Station,Sat,11:00 AM to 12:00 PM,112,127
2025,Production Way-University Station,Sat,11:00 PM to 12:00 AM,53,31
2025,Production Way-University Station,Sat,12:00 to 1:00 AM,32,9
2025,Production Way-University Station,Sat,12:00 to 1:00 PM,114,151
2025,Production Way-University Station,Sat,2:00 to 3:00 AM,0,0
2025,Production Way-University Station,Sat,2:00 to 3:00 PM,159,171
2025,Production Way-University Station,Sat,3:00 to 4:00 PM,149,183
2025,Renfrew Station,Sat,4:00 to 5:00 PM,144,206
2025,Renfrew Station,Sat,5:00 to 6:00 PM,128,217
2025,Renfrew Station,Sat,6:00 to 7:00 AM,19,25
2025,Renfrew Station,Sat,6:00 to 7:00 PM,118,127
2025,Renfrew Station,Sat,7:00 to 8:00 AM,63,54
2025,Renfrew Station,Sat,7:00 to 8:00 PM,94,80
2025,Renfrew Station,Sat,8:00 to 9:00 AM,199,85
2025,Renfrew Station,Sat,8:00 to 9:00 PM,80,69
2025,Renfrew Station,Sat,9:00 to 10:00 AM,94,112
2025,Renfrew Station,Sat,9:00 to 10:00 PM,83,62
2025,Renfrew Station,Sun/Hol,1:00 to 2:00 AM,0,1
2025,Renfrew Station,Sun/Hol,1:00 to 2:00 PM,131,165
2025,Renfrew Station,Sun/Hol,10:00 to 11:00 AM,99,119
2025,Renfrew Station,Sun/Hol,10:00 to 11:00 PM,52,37
2025,Renfrew Station,Sun/Hol,11:00 AM to 12:00 PM,97,119
2025,Renfrew Station,Sun/Hol,11:00 PM to 12:00 AM,39,26
2025,Renfrew Station,Sun/Hol,12:00 to 1:00 AM,12,6
2025,Renfrew Station,Sun/Hol,12:00 to 1:00 PM,111,176
2025,Renfrew Station,Sun/Hol,2:00 to 3:00 AM,0,0
2025,Renfrew Station,Sun/Hol,2:00 to 3:00 PM,107,147
2025,Renfrew Station,Sun/Hol,3:00 to 4:00 PM,117,150
2025,Renfrew Station,Sun/Hol,4:00 to 5:00 AM,0,0
2025,Renfrew Station,Sun/Hol,4:00 to 5:00 PM,123,163
2025,Renfrew Station,Sun/Hol,5:00 to 6:00 AM,0,0
2025,Renfrew Station,Sun/Hol,5:00 to 6:00 PM,117,160
2025,Renfrew Station,Sun/Hol,6:00 to 7:00 AM,1,2
2025,Renfrew Station,Sun/Hol,6:00 to 7:00 PM,104,88
2025,Renfrew Station,Sun/Hol,7:00 to 8:00 AM,45,37
2025,Renfrew Station,Sun/Hol,7:00 to 8:00 PM,84,65
2025,Renfrew Station,Sun/Hol,8:00 to 9:00 AM,106,60
2025,Renfrew Station,Sun/Hol,8:00 to 9:00 PM,72,52
2025,Renfrew Station,Sun/Hol,9:00 to 10:00 AM,72,84
2025,Renfrew Station,Sun/Hol,9:00 to 10:00 PM,62,48
2025,Renfrew Station,MF,1:00 to 2:00 AM,6,3
2025,Renfrew Station,Sat,4:00 to 5:00 AM,0,0
2025,Renfrew Station,Sat,3:00 to 4:00 PM,132,188
2025,Renfrew Station,Sat,2:00 to 3:00 PM,132,168
2025,Renfrew Station,Sat,2:00 to 3:00 AM,0,0
2025,Renfrew Station,Sat,12:00 to 1:00 PM,124,188
2025,Renfrew Station,Sat,12:00 to 1:00 AM,32,19
2025,Renfrew Station,Sat,11:00 PM to 12:00 AM,58,36
2025,Renfrew Station,Sat,11:00 AM to 12:00 PM,101,149
2025,Renfrew Station,Sat,10:00 to 11:00 PM,70,52
2025,Renfrew Station,Sat,10:00 to 11:00 AM,92,137
2025,Renfrew Station,Sat,1:00 to 2:00 PM,168,161
2025,Renfrew Station,Sat,1:00 to 2:00 AM,11,5
2025,Renfrew Station,MF,9:00 to 10:00 PM,81,141
2025,Renfrew Station,MF,9:00 to 10:00 AM,235,165
2025,Renfrew Station,MF,8:00 to 9:00 PM,92,101
2025,Renfrew Station,MF,8:00 to 9:00 AM,561,200
2025,Renfrew Station,MF,7:00 to 8:00 PM,114,153
2025,Renfrew Station,MF,7:00 to 8:00 AM,329,150
2025,Renfrew Station,MF,6:00 to 7:00 PM,185,222
2025,Renfrew Station,MF,6:00 to 7:00 AM,96,125
2025,Renfrew Station,MF,5:00 to 6:00 PM,309,415
2025,Renfrew Station,MF,5:00 to 6:00 AM,35,42
2025,Renfrew Station,MF,4:00 to 5:00 PM,260,477
2025,Renfrew Station,MF,4:00 to 5:00 AM,0,0
2025,Renfrew Station,MF,3:00 to 4:00 PM,204,382
2025,Renfrew Station,MF,3:00 to 4:00 AM,0,0
2025,Renfrew Station,MF,2:00 to 3:00 PM,174,260
2025,Renfrew Station,MF,2:00 to 3:00 AM,0,0
2025,Renfrew Station,MF,12:00 to 1:00 PM,264,231
2025,Renfrew Station,MF,12:00 to 1:00 AM,20,10
2025,Renfrew Station,MF,11:00 PM to 12:00 AM,41,26
2025,Renfrew Station,MF,11:00 AM to 12:00 PM,135,209
2025,Renfrew Station,MF,10:00 to 11:00 PM,63,68
2025,Renfrew Station,MF,10:00 to 11:00 AM,186,159
2025,Renfrew Station,MF,1:00 to 2:00 PM,193,191
2025,Richmond-Brighouse Station,MF,1:00 to 2:00 AM,37,2
2025,Richmond-Brighouse Station,MF,1:00 to 2:00 PM,528,592
2025,Richmond-Brighouse Station,Sun/Hol,9:00 to 10:00 PM,295,162
2025,Richmond-Brighouse Station,Sun/Hol,9:00 to 10:00 AM,243,429
2025,Richmond-Brighouse Station,Sun/Hol,8:00 to 9:00 PM,338,198
2025,Richmond-Brighouse Station,Sun/Hol,8:00 to 9:00 AM,162,298
2025,Richmond-Brighouse Station,Sun/Hol,7:00 to 8:00 PM,430,339
2025,Richmond-Brighouse Station,Sun/Hol,7:00 to 8:00 AM,145,264
2025,Richmond-Brighouse Station,Sun/Hol,6:00 to 7:00 PM,540,428
2025,Richmond-Brighouse Station,Sun/Hol,6:00 to 7:00 AM,82,242
2025,Richmond-Brighouse Station,Sun/Hol,5:00 to 6:00 PM,701,508
2025,Richmond-Brighouse Station,Sun/Hol,5:00 to 6:00 AM,15,131
2025,Richmond-Brighouse Station,Sun/Hol,4:00 to 5:00 PM,641,580
2025,Richmond-Brighouse Station,Sun/Hol,4:00 to 5:00 AM,1,16
2025,Richmond-Brighouse Station,Sun/Hol,3:00 to 4:00 PM,707,615
2025,Richmond-Brighouse Station,Sun/Hol,3:00 to 4:00 AM,0,0
2025,Richmond-Brighouse Station,Sun/Hol,2:00 to 3:00 PM,565,627
2025,Richmond-Brighouse Station,Sun/Hol,2:00 to 3:00 AM,1,1
2025,Richmond-Brighouse Station,Sun/Hol,12:00 to 1:00 PM,434,586
2025,Richmond-Brighouse Station,Sun/Hol,12:00 to 1:00 AM,79,20
2025,Richmond-Brighouse Station,Sun/Hol,11:00 PM to 12:00 AM,167,51
2025,Richmond-Brighouse Station,Sun/Hol,11:00 AM to 12:00 PM,416,555
2025,Richmond-Brighouse Station,Sun/Hol,10:00 to 11:00 PM,239,97
2025,Richmond-Brighouse Station,Sun/Hol,10:00 to 11:00 AM,312,524
2025,Richmond-Brighouse Station,Sun/Hol,1:00 to 2:00 PM,561,640
2025,Richmond-Brighouse Station,Sun/Hol,1:00 to 2:00 AM,26,2
2025,Richmond-Brighouse Station,Sat,9:00 to 10:00 PM,350,279
2025,Richmond-Brighouse Station,Sat,9:00 to 10:00 AM,299,499
2025,Richmond-Brighouse Station,Sat,8:00 to 9:00 PM,398,310
2025,Richmond-Brighouse Station,Sat,8:00 to 9:00 AM,249,405
2025,Richmond-Brighouse Station,Sat,7:00 to 8:00 PM,512,378
2025,Richmond-Brighouse Station,Sat,7:00 to 8:00 AM,164,291
2025,Richmond-Brighouse Station,Sat,6:00 to 7:00 PM,722,537
2025,Richmond-Brighouse Station,Sat,6:00 to 7:00 AM,79,232
2025,Richmond-Brighouse Station,Sat,5:00 to 6:00 PM,710,654
2025,Richmond-Brighouse Station,Sat,5:00 to 6:00 AM,18,144
2025,Richmond-Brighouse Station,MF,10:00 to 11:00 AM,354,644
2025,Richmond-Brighouse Station,MF,10:00 to 11:00 PM,290,114
2025,Richmond-Brighouse Station,MF,11:00 AM to 12:00 PM,356,608
2025,Richmond-Brighouse Station,MF,11:00 PM to 12:00 AM,186,51
2025,Richmond-Brighouse Station,MF,12:00 to 1:00 AM,99,21
2025,Richmond-Brighouse Station,MF,12:00 to 1:00 PM,530,602
2025,Richmond-Brighouse Station,MF,2:00 to 3:00 AM,1,1
2025,Richmond-Brighouse Station,MF,2:00 to 3:00 PM,711,600
2025,Richmond-Brighouse Station,MF,3:00 to 4:00 AM,0,0
2025,Richmond-Brighouse Station,MF,3:00 to 4:00 PM,920,748
2025,Richmond-Brighouse Station,MF,4:00 to 5:00 AM,1,50
2025,Richmond-Brighouse Station,MF,4:00 to 5:00 PM,1178,754
2025,Richmond-Brighouse Station,MF,5:00 to 6:00 AM,24,248
2025,Richmond-Brighouse Station,MF,5:00 to 6:00 PM,1329,729
2025,Richmond-Brighouse Station,MF,6:00 to 7:00 AM,242,577
2025,Richmond-Brighouse Station,MF,6:00 to 7:00 PM,1073,498
2025,Richmond-Brighouse Station,MF,7:00 to 8:00 AM,344,1183
2025,Richmond-Brighouse Station,MF,7:00 to 8:00 PM,631,296
2025,Richmond-Brighouse Station,MF,8:00 to 9:00 AM,415,1223
2025,Richmond-Brighouse Station,MF,8:00 to 9:00 PM,440,252
2025,Richmond-Brighouse Station,MF,9:00 to 10:00 AM,369,828
2025,Richmond-Brighouse Station,MF,9:00 to 10:00 PM,373,244
2025,Richmond-Brighouse Station,Sat,1:00 to 2:00 AM,58,2
2025,Richmond-Brighouse Station,Sat,1:00 to 2:00 PM,571,708
2025,Richmond-Brighouse Station,Sat,10:00 to 11:00 AM,387,583
2025,Richmond-Brighouse Station,Sat,10:00 to 11:00 PM,327,147
2025,Richmond-Brighouse Station,Sat,11:00 AM to 12:00 PM,418,638
2025,Richmond-Brighouse Station,Sat,11:00 PM to 12:00 AM,254,69
2025,Richmond-Brighouse Station,Sat,12:00 to 1:00 AM,148,30
2025,Richmond-Brighouse Station,Sat,12:00 to 1:00 PM,577,677
2025,Richmond-Brighouse Station,Sat,2:00 to 3:00 AM,1,1
2025,Richmond-Brighouse Station,Sat,2:00 to 3:00 PM,714,726
2025,Richmond-Brighouse Station,Sat,3:00 to 4:00 AM,0,0
2025,Richmond-Brighouse Station,Sat,3:00 to 4:00 PM,712,742
2025,Richmond-Brighouse Station,Sat,4:00 to 5:00 AM,1,18
2025,Richmond-Brighouse Station,Sat,4:00 to 5:00 PM,828,721
2025,Royal Oak Station,Sat,2:00 to 3:00 AM,0,0
2025,Royal Oak Station,Sat,12:00 to 1:00 PM,204,288
2025,Royal Oak Station,Sat,12:00 to 1:00 AM,106,27
2025,Royal Oak Station,Sat,11:00 PM to 12:00 AM,149,58
2025,Royal Oak Station,Sat,11:00 AM to 12:00 PM,173,272
2025,Royal Oak Station,Sat,10:00 to 11:00 PM,198,102
2025,Royal Oak Station,Sat,10:00 to 11:00 AM,157,262
2025,Royal Oak Station,Sat,1:00 to 2:00 PM,227,284
2025,Royal Oak Station,Sat,1:00 to 2:00 AM,39,6
2025,Royal Oak Station,MF,9:00 to 10:00 PM,214,123
2025,Royal Oak Station,MF,9:00 to 10:00 AM,256,395
2025,Royal Oak Station,MF,8:00 to 9:00 PM,230,138
2025,Royal Oak Station,MF,8:00 to 9:00 AM,452,645
2025,Royal Oak Station,MF,7:00 to 8:00 PM,330,178
2025,Royal Oak Station,MF,7:00 to 8:00 AM,214,531
2025,Royal Oak Station,MF,6:00 to 7:00 PM,552,289
2025,Royal Oak Station,MF,6:00 to 7:00 AM,123,363
2025,Royal Oak Station,MF,5:00 to 6:00 PM,713,399
2025,Royal Oak Station,MF,5:00 to 6:00 AM,28,123
2025,Royal Oak Station,MF,4:00 to 5:00 PM,588,405
2025,Royal Oak Station,MF,4:00 to 5:00 AM,0,0
2025,Royal Oak Station,MF,3:00 to 4:00 PM,395,542
2025,Royal Oak Station,MF,3:00 to 4:00 AM,0,0
2025,Royal Oak Station,MF,2:00 to 3:00 PM,263,264
2025,Royal Oak Station,MF,2:00 to 3:00 AM,0,0
2025,Royal Oak Station,MF,12:00 to 1:00 PM,194,249
2025,Royal Oak Station,MF,12:00 to 1:00 AM,64,18
2025,Royal Oak Station,MF,11:00 PM to 12:00 AM,122,44
2025,Royal Oak Station,MF,11:00 AM to 12:00 PM,154,241
2025,Royal Oak Station,MF,10:00 to 11:00 PM,184,85
2025,Royal Oak Station,MF,10:00 to 11:00 AM,156,263
2025,Royal Oak Station,MF,1:00 to 2:00 PM,206,236
2025,Royal Oak Station,MF,1:00 to 2:00 AM,21,4
2025,Royal Oak Station,Sat,2:00 to 3:00 PM,263,295
2025,Royal Oak Station,Sat,3:00 to 4:00 PM,290,289
2025,Royal Oak Station,Sat,4:00 to 5:00 PM,320,298
2025,Royal Oak Station,Sat,5:00 to 6:00 PM,335,292
2025,Royal Oak Station,Sat,6:00 to 7:00 AM,21,74
2025,Royal Oak Station,Sat,6:00 to 7:00 PM,327,249
2025,Royal Oak Station,Sat,7:00 to 8:00 AM,76,155
2025,Royal Oak Station,Sat,7:00 to 8:00 PM,251,174
2025,Royal Oak Station,Sat,8:00 to 9:00 AM,127,213
2025,Royal Oak Station,Sat,8:00 to 9:00 PM,202,132
2025,Royal Oak Station,Sat,9:00 to 10:00 AM,149,258
2025,Royal Oak Station,Sat,9:00 to 10:00 PM,211,121
2025,Royal Oak Station,Sun/Hol,1:00 to 2:00 AM,1,0
2025,Royal Oak Station,Sun/Hol,1:00 to 2:00 PM,209,262
2025,Royal Oak Station,Sun/Hol,10:00 to 11:00 AM,147,251
2025,Royal Oak Station,Sun/Hol,10:00 to 11:00 PM,144,73
2025,Royal Oak Station,Sun/Hol,11:00 AM to 12:00 PM,154,249
2025,Royal Oak Station,Sun/Hol,11:00 PM to 12:00 AM,101,40
2025,Royal Oak Station,Sun/Hol,12:00 to 1:00 AM,39,11
2025,Royal Oak Station,Sun/Hol,12:00 to 1:00 PM,184,273
2025,Royal Oak Station,Sun/Hol,2:00 to 3:00 AM,0,0
2025,Royal Oak Station,Sun/Hol,2:00 to 3:00 PM,221,253
2025,Royal Oak Station,Sun/Hol,3:00 to 4:00 PM,239,246
2025,Royal Oak Station,Sun/Hol,4:00 to 5:00 PM,273,233
2025,Royal Oak Station,Sun/Hol,5:00 to 6:00 AM,0,1
2025,Royal Oak Station,Sun/Hol,5:00 to 6:00 PM,283,208
2025,Royal Oak Station,Sun/Hol,6:00 to 7:00 AM,2,5
2025,Royal Oak Station,Sun/Hol,6:00 to 7:00 PM,284,175
2025,Royal Oak Station,Sun/Hol,7:00 to 8:00 AM,33,102
2025,Royal Oak Station,Sun/Hol,7:00 to 8:00 PM,228,128
2025,Royal Oak Station,Sun/Hol,8:00 to 9:00 AM,94,154
2025,Royal Oak Station,Sun/Hol,8:00 to 9:00 PM,187,112
2025,Royal Oak Station,Sun/Hol,9:00 to 10:00 AM,130,208
2025,Royal Oak Station,Sun/Hol,9:00 to 10:00 PM,159,94
2025,Rupert Station,MF,1:00 to 2:00 AM,8,2
2025,Rupert Station,MF,1:00 to 2:00 PM,136,142
2025,Rupert Station,Sun/Hol,9:00 to 10:00 PM,74,53
2025,Rupert Station,Sun/Hol,9:00 to 10:00 AM,66,91
2025,Rupert Station,Sun/Hol,8:00 to 9:00 PM,75,62
2025,Rupert Station,Sun/Hol,8:00 to 9:00 AM,48,63
2025,Rupert Station,Sun/Hol,7:00 to 8:00 PM,96,77
2025,Rupert Station,Sun/Hol,7:00 to 8:00 AM,25,44
2025,Rupert Station,Sun/Hol,6:00 to 7:00 PM,115,99
2025,Rupert Station,Sun/Hol,6:00 to 7:00 AM,1,2
2025,Rupert Station,Sun/Hol,5:00 to 6:00 PM,129,121
2025,Rupert Station,Sun/Hol,5:00 to 6:00 AM,0,0
2025,Rupert Station,Sun/Hol,4:00 to 5:00 PM,133,132
2025,Rupert Station,Sun/Hol,4:00 to 5:00 AM,0,0
2025,Rupert Station,Sun/Hol,3:00 to 4:00 PM,130,144
2025,Rupert Station,Sun/Hol,2:00 to 3:00 PM,132,142
2025,Rupert Station,Sun/Hol,2:00 to 3:00 AM,0,0
2025,Rupert Station,Sun/Hol,12:00 to 1:00 PM,100,130
2025,Rupert Station,Sun/Hol,12:00 to 1:00 AM,14,5
2025,Rupert Station,Sun/Hol,11:00 PM to 12:00 AM,38,32
2025,Rupert Station,Sun/Hol,11:00 AM to 12:00 PM,88,111
2025,Rupert Station,Sun/Hol,10:00 to 11:00 PM,61,36
2025,Rupert Station,Sun/Hol,10:00 to 11:00 AM,88,109
2025,Rupert Station,Sun/Hol,1:00 to 2:00 PM,114,138
2025,Rupert Station,Sun/Hol,1:00 to 2:00 AM,0,0
2025,Rupert Station,Sat,9:00 to 10:00 PM,82,64
2025,Rupert Station,Sat,9:00 to 10:00 AM,77,110
2025,Rupert Station,Sat,8:00 to 9:00 PM,80,71
2025,Rupert Station,Sat,8:00 to 9:00 AM,65,91
2025,Rupert Station,Sat,7:00 to 8:00 PM,103,91
2025,Rupert Station,Sat,7:00 to 8:00 AM,36,69
2025,Rupert Station,Sat,6:00 to 7:00 PM,124,120
2025,Rupert Station,Sat,6:00 to 7:00 AM,25,28
2025,Rupert Station,Sat,5:00 to 6:00 PM,146,140
2025,Rupert Station,Sat,5:00 to 6:00 AM,0,0
2025,Rupert Station,Sat,4:00 to 5:00 PM,151,160
2025,Rupert Station,Sat,4:00 to 5:00 AM,0,0
2025,Rupert Station,Sat,3:00 to 4:00 PM,155,167
2025,Rupert Station,Sat,2:00 to 3:00 PM,161,163
2025,Rupert Station,Sat,2:00 to 3:00 AM,0,0
2025,Rupert Station,Sat,12:00 to 1:00 PM,123,146
2025,Rupert Station,Sat,12:00 to 1:00 AM,31,9
2025,Rupert Station,Sat,11:00 PM to 12:00 AM,48,37
2025,Rupert Station,Sat,11:00 AM to 12:00 PM,103,136
2025,Rupert Station,Sat,10:00 to 11:00 PM,77,49
2025,Rupert Station,Sat,10:00 to 11:00 AM,96,132
2025,Rupert Station,Sat,1:00 to 2:00 PM,139,155
2025,Rupert Station,Sat,1:00 to 2:00 AM,13,3
2025,Rupert Station,MF,9:00 to 10:00 PM,92,54
2025,Rupert Station,MF,9:00 to 10:00 AM,90,147
2025,Rupert Station,MF,8:00 to 9:00 PM,96,68
2025,Rupert Station,MF,8:00 to 9:00 AM,117,202
2025,Rupert Station,MF,7:00 to 8:00 PM,112,90
2025,Rupert Station,MF,7:00 to 8:00 AM,79,169
2025,Rupert Station,MF,6:00 to 7:00 PM,172,137
2025,Rupert Station,MF,6:00 to 7:00 AM,72,109
2025,Rupert Station,MF,5:00 to 6:00 PM,231,182
2025,Rupert Station,MF,5:00 to 6:00 AM,17,32
2025,Rupert Station,MF,4:00 to 5:00 PM,237,196
2025,Rupert Station,MF,4:00 to 5:00 AM,0,0
2025,Rupert Station,MF,3:00 to 4:00 PM,207,188
2025,Rupert Station,MF,3:00 to 4:00 AM,0,0
2025,Rupert Station,MF,2:00 to 3:00 PM,156,154
2025,Rupert Station,MF,2:00 to 3:00 AM,0,0
2025,Rupert Station,MF,12:00 to 1:00 PM,121,138
2025,Rupert Station,MF,12:00 to 1:00 AM,21,7
2025,Rupert Station,MF,11:00 PM to 12:00 AM,41,32
2025,Rupert Station,MF,11:00 AM to 12:00 PM,95,136
2025,Rupert Station,MF,10:00 to 11:00 PM,73,41
2025,Rupert Station,MF,10:00 to 11:00 AM,89,138
2025,Sapperton Station,Sun/Hol,9:00 to 10:00 PM,57,38
2025,Sapperton Station,Sun/Hol,9:00 to 10:00 AM,45,72
2025,Sapperton Station,Sun/Hol,8:00 to 9:00 PM,62,47
2025,Sapperton Station,Sun/Hol,8:00 to 9:00 AM,45,57
2025,Sapperton Station,Sun/Hol,7:00 to 8:00 PM,89,76
2025,Sapperton Station,Sun/Hol,7:00 to 8:00 AM,38,99
2025,Sapperton Station,Sun/Hol,6:00 to 7:00 PM,115,66
2025,Sapperton Station,Sun/Hol,6:00 to 7:00 AM,3,3
2025,Sapperton Station,Sun/Hol,5:00 to 6:00 PM,100,90
2025,Sapperton Station,Sun/Hol,5:00 to 6:00 AM,0,1
2025,Sapperton Station,Sun/Hol,4:00 to 5:00 PM,98,102
2025,Sapperton Station,Sun/Hol,4:00 to 5:00 AM,0,0
2025,Sapperton Station,Sun/Hol,3:00 to 4:00 PM,108,139
2025,Sapperton Station,Sun/Hol,3:00 to 4:00 AM,0,0
2025,Sapperton Station,Sun/Hol,2:00 to 3:00 PM,99,112
2025,Sapperton Station,Sun/Hol,2:00 to 3:00 AM,0,0
2025,Sapperton Station,Sun/Hol,12:00 to 1:00 PM,68,113
2025,Sapperton Station,Sun/Hol,12:00 to 1:00 AM,21,11
2025,Sapperton Station,Sun/Hol,11:00 PM to 12:00 AM,40,29
2025,Sapperton Station,Sun/Hol,11:00 AM to 12:00 PM,54,97
2025,Sapperton Station,Sun/Hol,10:00 to 11:00 PM,54,40
2025,Sapperton Station,Sun/Hol,10:00 to 11:00 AM,54,94
2025,Sapperton Station,Sun/Hol,1:00 to 2:00 PM,80,109
2025,Sapperton Station,Sun/Hol,1:00 to 2:00 AM,1,0
2025,Sapperton Station,Sat,9:00 to 10:00 PM,77,48
2025,Sapperton Station,Sat,9:00 to 10:00 AM,64,88
2025,Sapperton Station,Sat,8:00 to 9:00 PM,72,59
2025,Sapperton Station,Sat,8:00 to 9:00 AM,68,83
2025,Sapperton Station,Sat,7:00 to 8:00 PM,101,102
2025,Sapperton Station,Sat,7:00 to 8:00 AM,85,105
2025,Sapperton Station,Sat,6:00 to 7:00 PM,139,93
2025,Sapperton Station,Sat,6:00 to 7:00 AM,57,42
2025,Sapperton Station,Sat,5:00 to 6:00 PM,120,126
2025,Sapperton Station,Sat,5:00 to 6:00 AM,0,0
2025,Sapperton Station,Sat,4:00 to 5:00 PM,119,148
2025,Sapperton Station,Sat,4:00 to 5:00 AM,0,0
2025,Sapperton Station,Sat,3:00 to 4:00 PM,125,183
2025,Sapperton Station,Sat,3:00 to 4:00 AM,0,0
2025,Sapperton Station,Sat,2:00 to 3:00 PM,116,146
2025,Sapperton Station,Sat,2:00 to 3:00 AM,0,0
2025,Sapperton Station,Sat,12:00 to 1:00 PM,89,126
2025,Sapperton Station,Sat,12:00 to 1:00 AM,38,17
2025,Sapperton Station,Sat,11:00 PM to 12:00 AM,58,36
2025,Sapperton Station,Sat,11:00 AM to 12:00 PM,77,121
2025,Sapperton Station,Sat,10:00 to 11:00 PM,79,48
2025,Sapperton Station,Sat,10:00 to 11:00 AM,64,109
2025,Sapperton Station,Sat,1:00 to 2:00 PM,95,152
2025,Sapperton Station,Sat,1:00 to 2:00 AM,22,5
2025,Sapperton Station,MF,9:00 to 10:00 PM,78,43
2025,Sapperton Station,MF,9:00 to 10:00 AM,140,149
2025,Sapperton Station,MF,8:00 to 9:00 PM,78,58
2025,Sapperton Station,MF,8:00 to 9:00 AM,269,226
2025,Sapperton Station,MF,7:00 to 8:00 PM,120,122
2025,Sapperton Station,MF,7:00 to 8:00 AM,336,285
2025,Sapperton Station,MF,6:00 to 7:00 PM,211,143
2025,Sapperton Station,MF,6:00 to 7:00 AM,330,154
2025,Sapperton Station,MF,5:00 to 6:00 PM,264,275
2025,Sapperton Station,MF,5:00 to 6:00 AM,43,78
2025,Sapperton Station,MF,4:00 to 5:00 PM,219,366
2025,Sapperton Station,MF,4:00 to 5:00 AM,0,0
2025,Sapperton Station,MF,3:00 to 4:00 PM,181,421
2025,Sapperton Station,MF,3:00 to 4:00 AM,0,0
2025,Sapperton Station,MF,2:00 to 3:00 PM,154,219
2025,Sapperton Station,MF,2:00 to 3:00 AM,0,0
2025,Sapperton Station,MF,12:00 to 1:00 PM,108,133
2025,Sapperton Station,MF,12:00 to 1:00 AM,26,15
2025,Sapperton Station,MF,11:00 PM to 12:00 AM,46,38
2025,Sapperton Station,MF,11:00 AM to 12:00 PM,93,132
2025,Sapperton Station,MF,10:00 to 11:00 PM,72,68
2025,Sapperton Station,MF,10:00 to 11:00 AM,102,125
2025,Sapperton Station,MF,1:00 to 2:00 PM,133,143
2025,Sapperton Station,MF,1:00 to 2:00 AM,12,4
2025,Scott Road Station,Sun/Hol,7:00 to 8:00 PM,642,279
2025,Scott Road Station,Sun/Hol,8:00 to 9:00 AM,261,394
2025,Scott Road Station,Sun/Hol,8:00 to 9:00 PM,518,272
2025,Scott Road Station,Sun/Hol,9:00 to 10:00 AM,216,436
2025,Scott Road Station,Sun/Hol,9:00 to 10:00 PM,401,263
2025,Scott Road Station,MF,1:00 to 2:00 AM,147,12
2025,Scott Road Station,MF,1:00 to 2:00 PM,435,582
2025,Scott Road Station,MF,10:00 to 11:00 AM,217,547
2025,Scott Road Station,MF,10:00 to 11:00 PM,507,245
2025,Scott Road Station,MF,11:00 AM to 12:00 PM,292,572
2025,Scott Road Station,Sun/Hol,7:00 to 8:00 AM,136,513
2025,Scott Road Station,Sun/Hol,6:00 to 7:00 PM,627,311
2025,Scott Road Station,Sun/Hol,6:00 to 7:00 AM,8,74
2025,Scott Road Station,Sun/Hol,5:00 to 6:00 PM,622,367
2025,Scott Road Station,Sun/Hol,5:00 to 6:00 AM,3,6
2025,Scott Road Station,Sun/Hol,4:00 to 5:00 PM,552,444
2025,Scott Road Station,Sun/Hol,4:00 to 5:00 AM,0,0
2025,Scott Road Station,Sun/Hol,3:00 to 4:00 PM,445,518
2025,Scott Road Station,Sun/Hol,2:00 to 3:00 PM,324,562
2025,Scott Road Station,Sun/Hol,2:00 to 3:00 AM,0,0
2025,Scott Road Station,Sun/Hol,12:00 to 1:00 PM,263,481
2025,Scott Road Station,Sun/Hol,12:00 to 1:00 AM,319,38
2025,Scott Road Station,Sun/Hol,11:00 PM to 12:00 AM,402,129
2025,Scott Road Station,Sun/Hol,11:00 AM to 12:00 PM,239,474
2025,Scott Road Station,Sun/Hol,10:00 to 11:00 PM,365,194
2025,Scott Road Station,Sun/Hol,10:00 to 11:00 AM,219,471
2025,Scott Road Station,Sun/Hol,1:00 to 2:00 PM,290,589
2025,Scott Road Station,Sun/Hol,1:00 to 2:00 AM,6,1
2025,Scott Road Station,Sat,9:00 to 10:00 PM,575,327
2025,Scott Road Station,Sat,9:00 to 10:00 AM,207,529
2025,Scott Road Station,Sat,8:00 to 9:00 PM,580,299
2025,Scott Road Station,Sat,8:00 to 9:00 AM,275,569
2025,Scott Road Station,Sat,7:00 to 8:00 PM,649,328
2025,Scott Road Station,Sat,7:00 to 8:00 AM,301,630
2025,Scott Road Station,Sat,6:00 to 7:00 PM,707,429
2025,Scott Road Station,Sat,6:00 to 7:00 AM,124,460
2025,Scott Road Station,Sat,5:00 to 6:00 PM,718,511
2025,Scott Road Station,Sat,5:00 to 6:00 AM,0,39
2025,Scott Road Station,Sat,4:00 to 5:00 PM,709,554
2025,Scott Road Station,Sat,3:00 to 4:00 PM,547,642
2025,Scott Road Station,Sat,3:00 to 4:00 AM,0,0
2025,Scott Road Station,Sat,2:00 to 3:00 PM,409,640
2025,Scott Road Station,Sat,2:00 to 3:00 AM,0,0
2025,Scott Road Station,Sat,12:00 to 1:00 PM,326,576
2025,Scott Road Station,Sat,12:00 to 1:00 AM,409,77
2025,Scott Road Station,Sat,11:00 PM to 12:00 AM,545,152
2025,Scott Road Station,Sat,11:00 AM to 12:00 PM,261,548
2025,Scott Road Station,Sat,10:00 to 11:00 PM,566,279
2025,Scott Road Station,Sat,10:00 to 11:00 AM,205,478
2025,Scott Road Station,Sat,1:00 to 2:00 PM,345,622
2025,Scott Road Station,Sat,1:00 to 2:00 AM,187,18
2025,Scott Road Station,MF,9:00 to 10:00 PM,634,284
2025,Scott Road Station,MF,9:00 to 10:00 AM,243,761
2025,Scott Road Station,MF,8:00 to 9:00 PM,669,252
2025,Scott Road Station,MF,8:00 to 9:00 AM,343,1146
2025,Scott Road Station,MF,7:00 to 8:00 PM,770,294
2025,Scott Road Station,MF,7:00 to 8:00 AM,477,1515
2025,Scott Road Station,MF,6:00 to 7:00 PM,1132,454
2025,Scott Road Station,MF,6:00 to 7:00 AM,440,1117
2025,Scott Road Station,MF,5:00 to 6:00 PM,1420,645
2025,Scott Road Station,MF,5:00 to 6:00 AM,226,629
2025,Scott Road Station,MF,4:00 to 5:00 PM,1353,760
2025,Scott Road Station,MF,4:00 to 5:00 AM,0,19
2025,Scott Road Station,MF,3:00 to 4:00 PM,996,682
2025,Scott Road Station,MF,3:00 to 4:00 AM,0,0
2025,Scott Road Station,MF,2:00 to 3:00 PM,575,604
2025,Scott Road Station,MF,2:00 to 3:00 AM,0,0
2025,Scott Road Station,MF,12:00 to 1:00 PM,415,563
2025,Scott Road Station,MF,12:00 to 1:00 AM,305,56
2025,Scott Road Station,MF,11:00 PM to 12:00 AM,448,139
2025,Sea Island Station,MF,1:00 to 2:00 AM,5,1
2025,Sea Island Station,MF,1:00 to 2:00 PM,80,44
2025,Sea Island Station,MF,2:00 to 3:00 PM,112,94
2025,Sea Island Station,MF,3:00 to 4:00 AM,0,0
2025,Sea Island Station,MF,3:00 to 4:00 PM,111,94
2025,Sea Island Station,MF,4:00 to 5:00 AM,0,1
2025,Sea Island Station,MF,4:00 to 5:00 PM,62,98
2025,Sea Island Station,MF,5:00 to 6:00 AM,56,60
2025,Sea Island Station,MF,5:00 to 6:00 PM,50,80
2025,Sea Island Station,MF,6:00 to 7:00 AM,85,65
2025,Sea Island Station,MF,6:00 to 7:00 PM,27,71
2025,Sea Island Station,MF,7:00 to 8:00 AM,80,55
2025,Sea Island Station,MF,7:00 to 8:00 PM,22,39
2025,Sea Island Station,MF,8:00 to 9:00 AM,84,51
2025,Sea Island Station,MF,8:00 to 9:00 PM,22,26
2025,Sea Island Station,MF,9:00 to 10:00 AM,43,57
2025,Sea Island Station,MF,9:00 to 10:00 PM,42,30
2025,Sea Island Station,Sat,1:00 to 2:00 AM,2,1
2025,Sea Island Station,Sat,1:00 to 2:00 PM,57,37
2025,Sea Island Station,Sat,10:00 to 11:00 AM,28,42
2025,Sea Island Station,Sat,10:00 to 11:00 PM,51,31
2025,Sea Island Station,Sat,11:00 AM to 12:00 PM,31,54
2025,Sea Island Station,Sat,11:00 PM to 12:00 AM,23,19
2025,Sea Island Station,Sat,12:00 to 1:00 AM,14,9
2025,Sea Island Station,Sat,12:00 to 1:00 PM,38,39
2025,Sea Island Station,Sat,2:00 to 3:00 AM,0,0
2025,Sea Island Station,Sat,2:00 to 3:00 PM,88,75
2025,Sea Island Station,Sat,3:00 to 4:00 AM,0,0
2025,Sea Island Station,Sat,3:00 to 4:00 PM,57,54
2025,Sea Island Station,Sat,4:00 to 5:00 AM,0,1
2025,Sea Island Station,Sat,4:00 to 5:00 PM,40,42
2025,Sea Island Station,Sat,5:00 to 6:00 AM,29,50
2025,Sea Island Station,Sat,5:00 to 6:00 PM,31,34
2025,Sea Island Station,Sat,6:00 to 7:00 AM,44,57
2025,Sea Island Station,Sat,6:00 to 7:00 PM,24,28
2025,Sea Island Station,Sat,7:00 to 8:00 AM,54,46
2025,Sea Island Station,Sat,7:00 to 8:00 PM,19,18
2025,Sea Island Station,Sat,8:00 to 9:00 AM,24,33
2025,Sea Island Station,Sat,8:00 to 9:00 PM,23,21
2025,Sea Island Station,Sat,9:00 to 10:00 AM,23,23
2025,Sea Island Station,Sat,9:00 to 10:00 PM,43,23
2025,Sea Island Station,Sun/Hol,1:00 to 2:00 AM,4,1
2025,Sea Island Station,Sun/Hol,1:00 to 2:00 PM,58,33
2025,Sea Island Station,Sun/Hol,10:00 to 11:00 AM,27,31
2025,Sea Island Station,Sun/Hol,10:00 to 11:00 PM,53,31
2025,Sea Island Station,Sun/Hol,11:00 AM to 12:00 PM,33,26
2025,Sea Island Station,Sun/Hol,11:00 PM to 12:00 AM,20,18
2025,Sea Island Station,Sun/Hol,12:00 to 1:00 AM,17,8
2025,Sea Island Station,Sun/Hol,12:00 to 1:00 PM,36,26
2025,Sea Island Station,Sun/Hol,2:00 to 3:00 AM,0,0
2025,Sea Island Station,Sun/Hol,2:00 to 3:00 PM,76,70
2025,Sea Island Station,Sun/Hol,3:00 to 4:00 AM,0,0
2025,Sea Island Station,Sun/Hol,3:00 to 4:00 PM,64,54
2025,Sea Island Station,Sun/Hol,4:00 to 5:00 AM,0,1
2025,Sea Island Station,Sun/Hol,4:00 to 5:00 PM,42,39
2025,Sea Island Station,Sun/Hol,5:00 to 6:00 AM,26,51
2025,Sea Island Station,Sun/Hol,5:00 to 6:00 PM,36,35
2025,Sea Island Station,Sun/Hol,6:00 to 7:00 AM,37,56
2025,Sea Island Station,Sun/Hol,6:00 to 7:00 PM,24,30
2025,Sea Island Station,Sun/Hol,7:00 to 8:00 AM,28,47
2025,Sea Island Station,Sun/Hol,7:00 to 8:00 PM,21,18
2025,Sea Island Station,Sun/Hol,8:00 to 9:00 AM,20,29
2025,Sea Island Station,Sun/Hol,8:00 to 9:00 PM,27,19
2025,Sea Island Station,Sun/Hol,9:00 to 10:00 AM,21,21
2025,Sea Island Station,Sun/Hol,9:00 to 10:00 PM,43,24
2025,Sea Island Station,MF,2:00 to 3:00 AM,0,0
2025,Sea Island Station,MF,12:00 to 1:00 PM,55,37
2025,Sea Island Station,MF,12:00 to 1:00 AM,14,11
2025,Sea Island Station,MF,11:00 PM to 12:00 AM,20,23
2025,Sea Island Station,MF,11:00 AM to 12:00 PM,41,36
2025,Sea Island Station,MF,10:00 to 11:00 PM,51,47
2025,Sea Island Station,MF,10:00 to 11:00 AM,38,44
2025,Sperling-Burnaby Lake Station,Sun/Hol,12:00 to 1:00 AM,12,3
2025,Sperling-Burnaby Lake Station,Sun/Hol,12:00 to 1:00 PM,42,85
2025,Sperling-Burnaby Lake Station,Sun/Hol,11:00 PM to 12:00 AM,31,11
2025,Sperling-Burnaby Lake Station,Sun/Hol,11:00 AM to 12:00 PM,36,79
2025,Sperling-Burnaby Lake Station,Sun/Hol,10:00 to 11:00 PM,39,18
2025,Sperling-Burnaby Lake Station,Sun/Hol,10:00 to 11:00 AM,33,75
2025,Sperling-Burnaby Lake Station,Sun/Hol,1:00 to 2:00 PM,58,85
2025,Sperling-Burnaby Lake Station,Sun/Hol,1:00 to 2:00 AM,0,0
2025,Sperling-Burnaby Lake Station,Sat,9:00 to 10:00 PM,60,34
2025,Sperling-Burnaby Lake Station,Sat,9:00 to 10:00 AM,38,87
2025,Sperling-Burnaby Lake Station,Sat,8:00 to 9:00 PM,63,41
2025,Sperling-Burnaby Lake Station,Sat,8:00 to 9:00 AM,27,71
2025,Sperling-Burnaby Lake Station,Sat,7:00 to 8:00 PM,76,48
2025,Sperling-Burnaby Lake Station,Sat,7:00 to 8:00 AM,17,44
2025,Sperling-Burnaby Lake Station,Sat,6:00 to 7:00 PM,97,70
2025,Sperling-Burnaby Lake Station,Sat,6:00 to 7:00 AM,7,20
2025,Sperling-Burnaby Lake Station,Sat,5:00 to 6:00 PM,102,82
2025,Sperling-Burnaby Lake Station,Sat,5:00 to 6:00 AM,0,0
2025,Sperling-Burnaby Lake Station,Sat,4:00 to 5:00 PM,93,96
2025,Sperling-Burnaby Lake Station,Sat,3:00 to 4:00 PM,83,95
2025,Sperling-Burnaby Lake Station,Sat,2:00 to 3:00 PM,72,96
2025,Sperling-Burnaby Lake Station,Sat,2:00 to 3:00 AM,0,0
2025,Sperling-Burnaby Lake Station,Sat,12:00 to 1:00 PM,55,102
2025,Sperling-Burnaby Lake Station,Sat,12:00 to 1:00 AM,26,7
2025,Sperling-Burnaby Lake Station,Sat,11:00 PM to 12:00 AM,41,15
2025,Sperling-Burnaby Lake Station,Sat,11:00 AM to 12:00 PM,40,98
2025,Sperling-Burnaby Lake Station,Sat,10:00 to 11:00 PM,61,32
2025,Sperling-Burnaby Lake Station,Sat,10:00 to 11:00 AM,36,90
2025,Sperling-Burnaby Lake Station,Sat,1:00 to 2:00 PM,67,105
2025,Sperling-Burnaby Lake Station,Sat,1:00 to 2:00 AM,9,2
2025,Sperling-Burnaby Lake Station,MF,9:00 to 10:00 PM,68,31
2025,Sperling-Burnaby Lake Station,MF,9:00 to 10:00 AM,61,130
2025,Sperling-Burnaby Lake Station,MF,8:00 to 9:00 PM,79,38
2025,Sperling-Burnaby Lake Station,MF,8:00 to 9:00 AM,89,185
2025,Sperling-Burnaby Lake Station,MF,7:00 to 8:00 PM,94,48
2025,Sperling-Burnaby Lake Station,MF,7:00 to 8:00 AM,106,171
2025,Sperling-Burnaby Lake Station,MF,6:00 to 7:00 PM,155,87
2025,Sperling-Burnaby Lake Station,MF,6:00 to 7:00 AM,53,125
2025,Sperling-Burnaby Lake Station,MF,5:00 to 6:00 PM,202,137
2025,Sperling-Burnaby Lake Station,MF,5:00 to 6:00 AM,8,43
2025,Sperling-Burnaby Lake Station,MF,4:00 to 5:00 PM,178,158
2025,Sperling-Burnaby Lake Station,MF,3:00 to 4:00 PM,144,144
2025,Sperling-Burnaby Lake Station,MF,3:00 to 4:00 AM,0,0
2025,Sperling-Burnaby Lake Station,MF,2:00 to 3:00 PM,91,105
2025,Sperling-Burnaby Lake Station,MF,2:00 to 3:00 AM,0,0
2025,Sperling-Burnaby Lake Station,MF,12:00 to 1:00 PM,62,94
2025,Sperling-Burnaby Lake Station,MF,12:00 to 1:00 AM,17,6
2025,Sperling-Burnaby Lake Station,MF,11:00 PM to 12:00 AM,33,14
2025,Sperling-Burnaby Lake Station,MF,11:00 AM to 12:00 PM,50,85
2025,Sperling-Burnaby Lake Station,MF,10:00 to 11:00 PM,52,25
2025,Sperling-Burnaby Lake Station,MF,10:00 to 11:00 AM,45,91
2025,Sperling-Burnaby Lake Station,MF,1:00 to 2:00 PM,73,89
2025,Sperling-Burnaby Lake Station,MF,1:00 to 2:00 AM,5,2
2025,Sperling-Burnaby Lake Station,Sun/Hol,2:00 to 3:00 AM,0,0
2025,Sperling-Burnaby Lake Station,Sun/Hol,2:00 to 3:00 PM,63,83
2025,Sperling-Burnaby Lake Station,Sun/Hol,3:00 to 4:00 PM,71,82
2025,Sperling-Burnaby Lake Station,Sun/Hol,4:00 to 5:00 PM,82,76
2025,Sperling-Burnaby Lake Station,Sun/Hol,5:00 to 6:00 AM,0,0
2025,Sperling-Burnaby Lake Station,Sun/Hol,5:00 to 6:00 PM,84,65
2025,Sperling-Burnaby Lake Station,Sun/Hol,6:00 to 7:00 AM,0,1
2025,Sperling-Burnaby Lake Station,Sun/Hol,6:00 to 7:00 PM,81,49
2025,Sperling-Burnaby Lake Station,Sun/Hol,7:00 to 8:00 AM,13,31
2025,Sperling-Burnaby Lake Station,Sun/Hol,7:00 to 8:00 PM,67,36
2025,Sperling-Burnaby Lake Station,Sun/Hol,8:00 to 9:00 AM,25,46
2025,Sperling-Burnaby Lake Station,Sun/Hol,8:00 to 9:00 PM,61,28
2025,Sperling-Burnaby Lake Station,Sun/Hol,9:00 to 10:00 AM,29,71
2025,Sperling-Burnaby Lake Station,Sun/Hol,9:00 to 10:00 PM,55,28
2025,Stadium-Chinatown Station,MF,1:00 to 2:00 AM,11,38
2025,Stadium-Chinatown Station,MF,1:00 to 2:00 PM,750,700
2025,Stadium-Chinatown Station,MF,10:00 to 11:00 AM,771,336
2025,Stadium-Chinatown Station,MF,10:00 to 11:00 PM,210,689
2025,Stadium-Chinatown Station,MF,11:00 AM to 12:00 PM,728,425
2025,Stadium-Chinatown Station,MF,11:00 PM to 12:00 AM,111,501
2025,Stadium-Chinatown Station,MF,12:00 to 1:00 AM,45,201
2025,Stadium-Chinatown Station,Sun/Hol,9:00 to 10:00 PM,198,636
2025,Stadium-Chinatown Station,Sun/Hol,9:00 to 10:00 AM,499,218
2025,Stadium-Chinatown Station,Sun/Hol,8:00 to 9:00 PM,261,727
2025,Stadium-Chinatown Station,Sun/Hol,8:00 to 9:00 AM,393,154
2025,Stadium-Chinatown Station,Sun/Hol,7:00 to 8:00 PM,426,744
2025,Stadium-Chinatown Station,Sun/Hol,7:00 to 8:00 AM,266,91
2025,Stadium-Chinatown Station,Sun/Hol,6:00 to 7:00 PM,671,837
2025,Stadium-Chinatown Station,Sun/Hol,6:00 to 7:00 AM,5,3
2025,Stadium-Chinatown Station,Sun/Hol,5:00 to 6:00 PM,898,919
2025,Stadium-Chinatown Station,Sun/Hol,5:00 to 6:00 AM,1,1
2025,Stadium-Chinatown Station,Sun/Hol,4:00 to 5:00 PM,984,925
2025,Stadium-Chinatown Station,Sun/Hol,4:00 to 5:00 AM,0,0
2025,Stadium-Chinatown Station,Sun/Hol,3:00 to 4:00 PM,980,808
2025,Stadium-Chinatown Station,Sun/Hol,3:00 to 4:00 AM,0,0
2025,Stadium-Chinatown Station,Sun/Hol,2:00 to 3:00 PM,908,714
2025,Stadium-Chinatown Station,Sun/Hol,2:00 to 3:00 AM,0,0
2025,Stadium-Chinatown Station,Sun/Hol,12:00 to 1:00 PM,804,581
2025,Stadium-Chinatown Station,Sun/Hol,12:00 to 1:00 AM,24,84
2025,Stadium-Chinatown Station,Sun/Hol,11:00 PM to 12:00 AM,107,349
2025,Stadium-Chinatown Station,Sun/Hol,11:00 AM to 12:00 PM,721,478
2025,Stadium-Chinatown Station,Sun/Hol,10:00 to 11:00 PM,187,573
2025,Stadium-Chinatown Station,Sun/Hol,10:00 to 11:00 AM,636,346
2025,Stadium-Chinatown Station,Sun/Hol,1:00 to 2:00 PM,870,640
2025,Stadium-Chinatown Station,Sun/Hol,1:00 to 2:00 AM,1,2
2025,Stadium-Chinatown Station,Sat,9:00 to 10:00 PM,351,1398
2025,Stadium-Chinatown Station,Sat,9:00 to 10:00 AM,675,248
2025,Stadium-Chinatown Station,Sat,8:00 to 9:00 PM,418,888
2025,Stadium-Chinatown Station,Sat,8:00 to 9:00 AM,531,183
2025,Stadium-Chinatown Station,Sat,7:00 to 8:00 PM,717,909
2025,Stadium-Chinatown Station,Sat,7:00 to 8:00 AM,321,177
2025,Stadium-Chinatown Station,Sat,6:00 to 7:00 PM,1328,1065
2025,Stadium-Chinatown Station,Sat,6:00 to 7:00 AM,150,57
2025,Stadium-Chinatown Station,Sat,5:00 to 6:00 PM,1519,1047
2025,Stadium-Chinatown Station,Sat,5:00 to 6:00 AM,0,0
2025,Stadium-Chinatown Station,Sat,4:00 to 5:00 PM,1358,1102
2025,Stadium-Chinatown Station,Sat,4:00 to 5:00 AM,0,0
2025,Stadium-Chinatown Station,Sat,3:00 to 4:00 PM,1341,1081
2025,Stadium-Chinatown Station,Sat,3:00 to 4:00 AM,0,0
2025,Stadium-Chinatown Station,Sat,2:00 to 3:00 PM,1104,835
2025,Stadium-Chinatown Station,Sat,2:00 to 3:00 AM,0,0
2025,Stadium-Chinatown Station,Sat,12:00 to 1:00 PM,1017,591
2025,Stadium-Chinatown Station,Sat,12:00 to 1:00 AM,81,333
2025,Stadium-Chinatown Station,Sat,11:00 PM to 12:00 AM,177,617
2025,Stadium-Chinatown Station,Sat,11:00 AM to 12:00 PM,862,469
2025,Stadium-Chinatown Station,Sat,10:00 to 11:00 PM,299,1110
2025,Stadium-Chinatown Station,Sat,10:00 to 11:00 AM,738,356
2025,Stadium-Chinatown Station,Sat,1:00 to 2:00 PM,1031,698
2025,Stadium-Chinatown Station,Sat,1:00 to 2:00 AM,19,78
2025,Stadium-Chinatown Station,MF,9:00 to 10:00 PM,230,980
2025,Stadium-Chinatown Station,MF,9:00 to 10:00 AM,1278,312
2025,Stadium-Chinatown Station,MF,8:00 to 9:00 PM,315,724
2025,Stadium-Chinatown Station,MF,8:00 to 9:00 AM,1613,370
2025,Stadium-Chinatown Station,MF,7:00 to 8:00 PM,661,854
2025,Stadium-Chinatown Station,MF,7:00 to 8:00 AM,906,358
2025,Stadium-Chinatown Station,MF,6:00 to 7:00 PM,1215,1225
2025,Stadium-Chinatown Station,MF,6:00 to 7:00 AM,521,276
2025,Stadium-Chinatown Station,MF,5:00 to 6:00 PM,1247,1627
2025,Stadium-Chinatown Station,MF,5:00 to 6:00 AM,145,87
2025,Stadium-Chinatown Station,MF,4:00 to 5:00 PM,1141,1633
2025,Stadium-Chinatown Station,MF,4:00 to 5:00 AM,0,0
2025,Stadium-Chinatown Station,MF,3:00 to 4:00 PM,858,1193
2025,Stadium-Chinatown Station,MF,3:00 to 4:00 AM,0,0
2025,Stadium-Chinatown Station,MF,2:00 to 3:00 PM,761,877
2025,Stadium-Chinatown Station,MF,2:00 to 3:00 AM,0,0
2025,Stadium-Chinatown Station,MF,12:00 to 1:00 PM,840,606
2025,Surrey Central Station,Sat,12:00 to 1:00 AM,583,63
2025,Surrey Central Station,Sat,12:00 to 1:00 PM,663,793
2025,Surrey Central Station,Sat,2:00 to 3:00 AM,4,2
2025,Surrey Central Station,Sat,2:00 to 3:00 PM,882,859
2025,Surrey Central Station,Sat,3:00 to 4:00 AM,0,0
2025,Surrey Central Station,Sat,3:00 to 4:00 PM,1158,818
2025,Surrey Central Station,Sat,4:00 to 5:00 AM,0,0
2025,Surrey Central Station,Sat,4:00 to 5:00 PM,1365,757
2025,Surrey Central Station,Sat,5:00 to 6:00 AM,0,58
2025,Surrey Central Station,Sat,5:00 to 6:00 PM,1391,657
2025,Surrey Central Station,Sat,6:00 to 7:00 AM,158,723
2025,Surrey Central Station,Sat,6:00 to 7:00 PM,1329,568
2025,Surrey Central Station,Sat,7:00 to 8:00 AM,515,797
2025,Surrey Central Station,Sat,7:00 to 8:00 PM,1139,491
2025,Surrey Central Station,Sat,8:00 to 9:00 AM,532,789
2025,Surrey Central Station,Sat,8:00 to 9:00 PM,985,429
2025,Surrey Central Station,Sat,9:00 to 10:00 AM,464,656
2025,Surrey Central Station,Sat,9:00 to 10:00 PM,954,429
2025,Surrey Central Station,Sun/Hol,1:00 to 2:00 AM,13,2
2025,Surrey Central Station,Sun/Hol,1:00 to 2:00 PM,611,776
2025,Surrey Central Station,Sun/Hol,10:00 to 11:00 AM,421,615
2025,Surrey Central Station,Sun/Hol,10:00 to 11:00 PM,643,202
2025,Surrey Central Station,Sun/Hol,11:00 AM to 12:00 PM,440,608
2025,Surrey Central Station,Sun/Hol,11:00 PM to 12:00 AM,641,101
2025,Surrey Central Station,Sun/Hol,12:00 to 1:00 AM,439,25
2025,Surrey Central Station,Sun/Hol,12:00 to 1:00 PM,512,707
2025,Surrey Central Station,Sun/Hol,2:00 to 3:00 AM,0,0
2025,Surrey Central Station,Sun/Hol,2:00 to 3:00 PM,667,769
2025,Surrey Central Station,Sun/Hol,3:00 to 4:00 AM,0,0
2025,Surrey Central Station,Sun/Hol,3:00 to 4:00 PM,890,702
2025,Surrey Central Station,Sun/Hol,4:00 to 5:00 AM,0,1
2025,Surrey Central Station,Sun/Hol,4:00 to 5:00 PM,1045,611
2025,Surrey Central Station,Sun/Hol,5:00 to 6:00 AM,2,8
2025,Surrey Central Station,Sun/Hol,5:00 to 6:00 PM,1163,546
2025,Surrey Central Station,Sun/Hol,6:00 to 7:00 AM,10,141
2025,Surrey Central Station,Sun/Hol,6:00 to 7:00 PM,1156,480
2025,Surrey Central Station,Sun/Hol,7:00 to 8:00 AM,223,688
2025,Surrey Central Station,Sun/Hol,7:00 to 8:00 PM,1153,390
2025,Surrey Central Station,Sun/Hol,8:00 to 9:00 AM,479,545
2025,Surrey Central Station,Sun/Hol,8:00 to 9:00 PM,942,343
2025,Surrey Central Station,Sun/Hol,9:00 to 10:00 AM,401,593
2025,Surrey Central Station,Sun/Hol,9:00 to 10:00 PM,709,318
2025,Surrey Central Station,MF,1:00 to 2:00 AM,231,14
2025,Surrey Central Station,MF,1:00 to 2:00 PM,844,854
2025,Surrey Central Station,MF,10:00 to 11:00 AM,539,697
2025,Surrey Central Station,MF,10:00 to 11:00 PM,849,228
2025,Surrey Central Station,MF,11:00 AM to 12:00 PM,572,792
2025,Surrey Central Station,MF,11:00 PM to 12:00 AM,755,101
2025,Surrey Central Station,MF,12:00 to 1:00 AM,511,46
2025,Surrey Central Station,MF,12:00 to 1:00 PM,774,844
2025,Surrey Central Station,MF,2:00 to 3:00 AM,3,1
2025,Surrey Central Station,MF,2:00 to 3:00 PM,1050,888
2025,Surrey Central Station,MF,3:00 to 4:00 AM,0,0
2025,Surrey Central Station,MF,3:00 to 4:00 PM,1781,994
2025,Surrey Central Station,MF,4:00 to 5:00 AM,0,92
2025,Surrey Central Station,MF,4:00 to 5:00 PM,2398,1096
2025,Surrey Central Station,MF,5:00 to 6:00 AM,146,811
2025,Surrey Central Station,MF,5:00 to 6:00 PM,2495,929
2025,Surrey Central Station,MF,6:00 to 7:00 AM,706,1472
2025,Surrey Central Station,MF,6:00 to 7:00 PM,2108,622
2025,Surrey Central Station,MF,7:00 to 8:00 AM,806,1735
2025,Surrey Central Station,MF,7:00 to 8:00 PM,1385,433
2025,Surrey Central Station,MF,8:00 to 9:00 AM,821,1321
2025,Surrey Central Station,MF,8:00 to 9:00 PM,1102,398
2025,Surrey Central Station,MF,9:00 to 10:00 AM,555,908
2025,Surrey Central Station,MF,9:00 to 10:00 PM,1052,396
2025,Surrey Central Station,Sat,1:00 to 2:00 AM,282,16
2025,Surrey Central Station,Sat,1:00 to 2:00 PM,733,873
2025,Surrey Central Station,Sat,10:00 to 11:00 AM,444,651
2025,Surrey Central Station,Sat,10:00 to 11:00 PM,899,284
2025,Surrey Central Station,Sat,11:00 AM to 12:00 PM,538,751
2025,Surrey Central Station,Sat,11:00 PM to 12:00 AM,792,154
2025,Templeton Station,Sat,12:00 to 1:00 AM,81,10
2025,Templeton Station,Sat,12:00 to 1:00 PM,373,164
2025,Templeton Station,Sat,2:00 to 3:00 AM,0,0
2025,Templeton Station,Sat,2:00 to 3:00 PM,421,277
2025,Templeton Station,Sat,3:00 to 4:00 AM,0,0
2025,Templeton Station,Sat,3:00 to 4:00 PM,400,318
2025,Templeton Station,Sat,4:00 to 5:00 AM,0,4
2025,Templeton Station,Sat,4:00 to 5:00 PM,338,342
2025,Templeton Station,Sat,5:00 to 6:00 AM,18,132
2025,Templeton Station,Sat,5:00 to 6:00 PM,252,331
2025,Templeton Station,Sat,6:00 to 7:00 AM,31,184
2025,Templeton Station,Sat,6:00 to 7:00 PM,190,306
2025,Templeton Station,Sat,7:00 to 8:00 AM,48,127
2025,Templeton Station,Sat,7:00 to 8:00 PM,119,261
2025,Templeton Station,Sat,8:00 to 9:00 AM,67,101
2025,Templeton Station,Sat,8:00 to 9:00 PM,91,273
2025,Templeton Station,Sat,9:00 to 10:00 AM,138,102
2025,Templeton Station,Sat,9:00 to 10:00 PM,83,183
2025,Templeton Station,Sun/Hol,1:00 to 2:00 AM,4,1
2025,Templeton Station,Sun/Hol,1:00 to 2:00 PM,450,240
2025,Templeton Station,Sun/Hol,10:00 to 11:00 AM,216,120
2025,Templeton Station,Sun/Hol,10:00 to 11:00 PM,121,67
2025,Templeton Station,Sun/Hol,11:00 AM to 12:00 PM,305,152
2025,Templeton Station,Sun/Hol,11:00 PM to 12:00 AM,118,16
2025,Templeton Station,Sun/Hol,12:00 to 1:00 AM,79,14
2025,Templeton Station,Sun/Hol,12:00 to 1:00 PM,367,171
2025,Templeton Station,Sun/Hol,2:00 to 3:00 AM,0,0
2025,Templeton Station,Sun/Hol,2:00 to 3:00 PM,444,279
2025,Templeton Station,Sun/Hol,3:00 to 4:00 AM,0,0
2025,Templeton Station,Sat,11:00 PM to 12:00 AM,103,14
2025,Templeton Station,Sat,11:00 AM to 12:00 PM,277,143
2025,Templeton Station,Sat,10:00 to 11:00 PM,123,67
2025,Templeton Station,Sat,10:00 to 11:00 AM,218,116
2025,Templeton Station,Sat,1:00 to 2:00 PM,405,220
2025,Templeton Station,Sat,1:00 to 2:00 AM,1,0
2025,Templeton Station,MF,9:00 to 10:00 PM,98,144
2025,Templeton Station,MF,9:00 to 10:00 AM,140,152
2025,Templeton Station,MF,8:00 to 9:00 PM,90,201
2025,Templeton Station,MF,8:00 to 9:00 AM,76,189
2025,Templeton Station,MF,7:00 to 8:00 PM,108,182
2025,Templeton Station,MF,7:00 to 8:00 AM,81,218
2025,Templeton Station,MF,6:00 to 7:00 PM,198,217
2025,Templeton Station,MF,6:00 to 7:00 AM,55,231
2025,Templeton Station,MF,5:00 to 6:00 PM,273,248
2025,Templeton Station,MF,5:00 to 6:00 AM,27,147
2025,Templeton Station,MF,4:00 to 5:00 PM,357,282
2025,Templeton Station,MF,1:00 to 2:00 AM,6,1
2025,Templeton Station,MF,1:00 to 2:00 PM,290,202
2025,Templeton Station,MF,10:00 to 11:00 AM,182,136
2025,Templeton Station,MF,10:00 to 11:00 PM,118,56
2025,Templeton Station,MF,11:00 AM to 12:00 PM,217,154
2025,Templeton Station,MF,11:00 PM to 12:00 AM,132,14
2025,Templeton Station,MF,12:00 to 1:00 AM,83,24
2025,Templeton Station,MF,12:00 to 1:00 PM,274,160
2025,Templeton Station,MF,2:00 to 3:00 AM,0,0
2025,Templeton Station,MF,2:00 to 3:00 PM,355,223
2025,Templeton Station,MF,3:00 to 4:00 AM,0,0
2025,Templeton Station,MF,3:00 to 4:00 PM,405,259
2025,Templeton Station,MF,4:00 to 5:00 AM,0,3
2025,Templeton Station,Sun/Hol,9:00 to 10:00 PM,89,170
2025,Templeton Station,Sun/Hol,9:00 to 10:00 AM,142,107
2025,Templeton Station,Sun/Hol,8:00 to 9:00 PM,90,251
2025,Templeton Station,Sun/Hol,8:00 to 9:00 AM,74,83
2025,Templeton Station,Sun/Hol,7:00 to 8:00 PM,119,258
2025,Templeton Station,Sun/Hol,7:00 to 8:00 AM,61,118
2025,Templeton Station,Sun/Hol,6:00 to 7:00 PM,182,302
2025,Templeton Station,Sun/Hol,6:00 to 7:00 AM,29,163
2025,Templeton Station,Sun/Hol,5:00 to 6:00 PM,250,346
2025,Templeton Station,Sun/Hol,5:00 to 6:00 AM,17,119
2025,Templeton Station,Sun/Hol,4:00 to 5:00 PM,346,360
2025,Templeton Station,Sun/Hol,4:00 to 5:00 AM,0,3
2025,Templeton Station,Sun/Hol,3:00 to 4:00 PM,444,344
2025,VCC-Clark Station,Sun/Hol,12:00 to 1:00 AM,7,9
2025,VCC-Clark Station,Sun/Hol,12:00 to 1:00 PM,78,62
2025,VCC-Clark Station,Sun/Hol,2:00 to 3:00 AM,0,0
2025,VCC-Clark Station,Sun/Hol,2:00 to 3:00 PM,72,76
2025,VCC-Clark Station,Sun/Hol,3:00 to 4:00 AM,0,0
2025,VCC-Clark Station,Sun/Hol,3:00 to 4:00 PM,72,87
2025,VCC-Clark Station,Sun/Hol,4:00 to 5:00 AM,0,0
2025,VCC-Clark Station,Sun/Hol,4:00 to 5:00 PM,62,93
2025,VCC-Clark Station,Sun/Hol,5:00 to 6:00 AM,1,0
2025,VCC-Clark Station,Sun/Hol,5:00 to 6:00 PM,55,100
2025,VCC-Clark Station,Sun/Hol,6:00 to 7:00 AM,2,1
2025,VCC-Clark Station,Sun/Hol,6:00 to 7:00 PM,47,80
2025,VCC-Clark Station,Sun/Hol,7:00 to 8:00 AM,22,23
2025,VCC-Clark Station,Sun/Hol,7:00 to 8:00 PM,38,60
2025,VCC-Clark Station,Sun/Hol,8:00 to 9:00 AM,41,30
2025,VCC-Clark Station,Sun/Hol,8:00 to 9:00 PM,26,36
2025,VCC-Clark Station,Sun/Hol,9:00 to 10:00 AM,62,39
2025,VCC-Clark Station,Sun/Hol,9:00 to 10:00 PM,25,31
2025,VCC-Clark Station,MF,3:00 to 4:00 AM,0,0
2025,VCC-Clark Station,MF,2:00 to 3:00 PM,113,209
2025,VCC-Clark Station,MF,2:00 to 3:00 AM,0,0
2025,VCC-Clark Station,MF,12:00 to 1:00 PM,156,126
2025,VCC-Clark Station,MF,12:00 to 1:00 AM,10,12
2025,VCC-Clark Station,MF,11:00 PM to 12:00 AM,19,32
2025,VCC-Clark Station,MF,11:00 AM to 12:00 PM,138,101
2025,VCC-Clark Station,MF,10:00 to 11:00 PM,25,48
2025,VCC-Clark Station,MF,10:00 to 11:00 AM,151,67
2025,VCC-Clark Station,MF,1:00 to 2:00 PM,106,131
2025,VCC-Clark Station,MF,1:00 to 2:00 AM,4,5
2025,VCC-Clark Station,Sat,1:00 to 2:00 PM,100,102
2025,VCC-Clark Station,Sat,1:00 to 2:00 AM,6,5
2025,VCC-Clark Station,MF,9:00 to 10:00 PM,28,82
2025,VCC-Clark Station,MF,9:00 to 10:00 AM,256,79
2025,VCC-Clark Station,MF,8:00 to 9:00 PM,36,91
2025,VCC-Clark Station,MF,8:00 to 9:00 AM,484,133
2025,VCC-Clark Station,MF,7:00 to 8:00 PM,53,131
2025,VCC-Clark Station,MF,7:00 to 8:00 AM,369,123
2025,VCC-Clark Station,MF,6:00 to 7:00 PM,89,266
2025,VCC-Clark Station,MF,6:00 to 7:00 AM,196,87
2025,VCC-Clark Station,MF,5:00 to 6:00 PM,141,438
2025,VCC-Clark Station,MF,5:00 to 6:00 AM,25,22
2025,VCC-Clark Station,MF,4:00 to 5:00 PM,135,426
2025,VCC-Clark Station,MF,4:00 to 5:00 AM,0,0
2025,VCC-Clark Station,MF,3:00 to 4:00 PM,129,390
2025,VCC-Clark Station,Sat,10:00 to 11:00 AM,96,63
2025,VCC-Clark Station,Sat,10:00 to 11:00 PM,27,29
2025,VCC-Clark Station,Sat,11:00 AM to 12:00 PM,89,72
2025,VCC-Clark Station,Sat,11:00 PM to 12:00 AM,22,25
2025,VCC-Clark Station,Sat,12:00 to 1:00 AM,13,12
2025,VCC-Clark Station,Sat,12:00 to 1:00 PM,98,89
2025,VCC-Clark Station,Sat,2:00 to 3:00 AM,0,0
2025,VCC-Clark Station,Sat,2:00 to 3:00 PM,100,121
2025,VCC-Clark Station,Sat,3:00 to 4:00 AM,0,0
2025,VCC-Clark Station,Sat,3:00 to 4:00 PM,92,138
2025,VCC-Clark Station,Sat,4:00 to 5:00 AM,0,0
2025,VCC-Clark Station,Sat,4:00 to 5:00 PM,91,138
2025,VCC-Clark Station,Sat,5:00 to 6:00 AM,0,0
2025,VCC-Clark Station,Sat,5:00 to 6:00 PM,85,150
2025,VCC-Clark Station,Sat,6:00 to 7:00 AM,18,15
2025,VCC-Clark Station,Sat,6:00 to 7:00 PM,61,121
2025,VCC-Clark Station,Sat,7:00 to 8:00 AM,39,37
2025,VCC-Clark Station,Sat,7:00 to 8:00 PM,47,82
2025,VCC-Clark Station,Sat,8:00 to 9:00 AM,65,53
2025,VCC-Clark Station,Sat,8:00 to 9:00 PM,42,52
2025,VCC-Clark Station,Sat,9:00 to 10:00 AM,82,55
2025,VCC-Clark Station,Sat,9:00 to 10:00 PM,34,56
2025,VCC-Clark Station,Sun/Hol,1:00 to 2:00 AM,1,1
2025,VCC-Clark Station,Sun/Hol,1:00 to 2:00 PM,73,69
2025,VCC-Clark Station,Sun/Hol,10:00 to 11:00 AM,66,50
2025,VCC-Clark Station,Sun/Hol,10:00 to 11:00 PM,17,23
2025,VCC-Clark Station,Sun/Hol,11:00 AM to 12:00 PM,67,57
2025,VCC-Clark Station,Sun/Hol,11:00 PM to 12:00 AM,19,21
2025,Vancouver City Centre Station,Sun/Hol,4:00 to 5:00 AM,1,17
2025,Vancouver City Centre Station,Sun/Hol,3:00 to 4:00 PM,934,910
2025,Vancouver City Centre Station,Sun/Hol,3:00 to 4:00 AM,0,0
2025,Vancouver City Centre Station,Sun/Hol,2:00 to 3:00 PM,946,809
2025,Vancouver City Centre Station,Sun/Hol,2:00 to 3:00 AM,0,1
2025,Vancouver City Centre Station,Sun/Hol,12:00 to 1:00 PM,878,625
2025,Vancouver City Centre Station,Sun/Hol,12:00 to 1:00 AM,56,89
2025,Vancouver City Centre Station,Sun/Hol,11:00 PM to 12:00 AM,120,198
2025,Vancouver City Centre Station,Sun/Hol,11:00 AM to 12:00 PM,771,493
2025,Vancouver City Centre Station,Sun/Hol,10:00 to 11:00 PM,205,322
2025,Vancouver City Centre Station,Sun/Hol,10:00 to 11:00 AM,729,408
2025,Vancouver City Centre Station,Sun/Hol,1:00 to 2:00 PM,943,723
2025,Vancouver City Centre Station,Sun/Hol,1:00 to 2:00 AM,19,18
2025,Vancouver City Centre Station,Sat,9:00 to 10:00 PM,348,608
2025,Vancouver City Centre Station,Sat,9:00 to 10:00 AM,594,355
2025,Vancouver City Centre Station,Sat,8:00 to 9:00 PM,411,670
2025,Vancouver City Centre Station,Sat,8:00 to 9:00 AM,429,257
2025,Vancouver City Centre Station,Sat,7:00 to 8:00 PM,612,801
2025,Vancouver City Centre Station,Sat,7:00 to 8:00 AM,298,201
2025,Vancouver City Centre Station,Sat,6:00 to 7:00 PM,855,998
2025,Vancouver City Centre Station,Sat,6:00 to 7:00 AM,180,122
2025,Vancouver City Centre Station,Sat,5:00 to 6:00 PM,1005,1101
2025,Vancouver City Centre Station,Sat,5:00 to 6:00 AM,65,55
2025,Vancouver City Centre Station,Sat,4:00 to 5:00 PM,1109,1105
2025,Vancouver City Centre Station,Sat,4:00 to 5:00 AM,1,16
2025,Vancouver City Centre Station,Sat,3:00 to 4:00 PM,1115,1016
2025,Vancouver City Centre Station,Sat,3:00 to 4:00 AM,0,0
2025,Vancouver City Centre Station,Sat,2:00 to 3:00 PM,1095,888
2025,Vancouver City Centre Station,Sat,2:00 to 3:00 AM,1,1
2025,Vancouver City Centre Station,Sat,12:00 to 1:00 PM,1011,644
2025,Vancouver City Centre Station,Sat,12:00 to 1:00 AM,93,200
2025,Vancouver City Centre Station,Sat,11:00 PM to 12:00 AM,172,394
2025,Vancouver City Centre Station,Sat,11:00 AM to 12:00 PM,900,553
2025,Vancouver City Centre Station,Sat,10:00 to 11:00 PM,275,556
2025,Vancouver City Centre Station,Sat,10:00 to 11:00 AM,706,442
2025,Vancouver City Centre Station,Sat,1:00 to 2:00 PM,1088,751
2025,Vancouver City Centre Station,Sun/Hol,9:00 to 10:00 PM,263,408
2025,Vancouver City Centre Station,Sun/Hol,9:00 to 10:00 AM,481,299
2025,Vancouver City Centre Station,Sun/Hol,8:00 to 9:00 PM,314,487
2025,Vancouver City Centre Station,Sun/Hol,8:00 to 9:00 AM,439,192
2025,Vancouver City Centre Station,Sun/Hol,7:00 to 8:00 PM,415,698
2025,Vancouver City Centre Station,Sun/Hol,7:00 to 8:00 AM,281,178
2025,Vancouver City Centre Station,Sun/Hol,6:00 to 7:00 PM,604,873
2025,Vancouver City Centre Station,Sun/Hol,6:00 to 7:00 AM,180,122
2025,Vancouver City Centre Station,Sun/Hol,5:00 to 6:00 PM,759,986
2025,Vancouver City Centre Station,Sun/Hol,5:00 to 6:00 AM,60,50
2025,Vancouver City Centre Station,Sun/Hol,4:00 to 5:00 PM,873,988
2025,Vancouver City Centre Station,MF,1:00 to 2:00 AM,20,23
2025,Vancouver City Centre Station,MF,1:00 to 2:00 PM,838,757
2025,Vancouver City Centre Station,MF,10:00 to 11:00 AM,835,453
2025,Vancouver City Centre Station,MF,10:00 to 11:00 PM,209,411
2025,Vancouver City Centre Station,MF,11:00 AM to 12:00 PM,802,528
2025,Vancouver City Centre Station,MF,11:00 PM to 12:00 AM,113,242
2025,Vancouver City Centre Station,MF,12:00 to 1:00 AM,59,105
2025,Vancouver City Centre Station,MF,12:00 to 1:00 PM,853,645
2025,Vancouver City Centre Station,MF,2:00 to 3:00 AM,0,1
2025,Vancouver City Centre Station,MF,2:00 to 3:00 PM,883,924
2025,Vancouver City Centre Station,MF,3:00 to 4:00 AM,0,0
2025,Vancouver City Centre Station,MF,3:00 to 4:00 PM,1008,1309
2025,Vancouver City Centre Station,MF,4:00 to 5:00 AM,1,15
2025,Vancouver City Centre Station,MF,4:00 to 5:00 PM,1238,1975
2025,Vancouver City Centre Station,MF,5:00 to 6:00 AM,144,96
2025,Vancouver City Centre Station,MF,5:00 to 6:00 PM,1194,2179
2025,Vancouver City Centre Station,MF,6:00 to 7:00 AM,571,297
2025,Vancouver City Centre Station,MF,6:00 to 7:00 PM,849,1354
2025,Vancouver City Centre Station,MF,7:00 to 8:00 AM,1258,485
2025,Vancouver City Centre Station,MF,7:00 to 8:00 PM,493,824
2025,Vancouver City Centre Station,MF,8:00 to 9:00 AM,2246,568
2025,Vancouver City Centre Station,MF,8:00 to 9:00 PM,341,624
2025,Vancouver City Centre Station,MF,9:00 to 10:00 AM,1374,480
2025,Vancouver City Centre Station,MF,9:00 to 10:00 PM,282,563
2025,Vancouver City Centre Station,Sat,1:00 to 2:00 AM,27,46
2025,Waterfront Station,Sat,4:00 to 5:00 AM,1,11
2025,Waterfront Station,Sat,4:00 to 5:00 PM,1844,2425
2025,Waterfront Station,Sat,5:00 to 6:00 AM,36,44
2025,Waterfront Station,Sat,5:00 to 6:00 PM,1649,2481
2025,Waterfront Station,Sat,6:00 to 7:00 AM,316,164
2025,Waterfront Station,Sat,6:00 to 7:00 PM,1372,2155
2025,Waterfront Station,Sat,7:00 to 8:00 AM,759,368
2025,Waterfront Station,Sat,7:00 to 8:00 PM,1035,1680
2025,Waterfront Station,Sat,8:00 to 9:00 AM,995,523
2025,Waterfront Station,Sat,8:00 to 9:00 PM,844,1471
2025,Waterfront Station,Sat,9:00 to 10:00 AM,1329,759
2025,Waterfront Station,Sat,9:00 to 10:00 PM,853,1366
2025,Waterfront Station,Sun/Hol,1:00 to 2:00 AM,15,10
2025,Waterfront Station,Sun/Hol,1:00 to 2:00 PM,1733,1379
2025,Waterfront Station,Sun/Hol,10:00 to 11:00 AM,1416,795
2025,Waterfront Station,Sun/Hol,10:00 to 11:00 PM,463,747
2025,Waterfront Station,Sun/Hol,11:00 AM to 12:00 PM,1613,889
2025,Waterfront Station,Sun/Hol,11:00 PM to 12:00 AM,272,508
2025,Waterfront Station,Sun/Hol,12:00 to 1:00 AM,85,126
2025,Waterfront Station,Sun/Hol,12:00 to 1:00 PM,1699,1097
2025,Waterfront Station,Sun/Hol,2:00 to 3:00 AM,1,1
2025,Waterfront Station,Sun/Hol,2:00 to 3:00 PM,1714,1642
2025,Waterfront Station,Sun/Hol,3:00 to 4:00 AM,1,1
2025,Waterfront Station,Sun/Hol,3:00 to 4:00 PM,1626,1958
2025,Waterfront Station,Sun/Hol,4:00 to 5:00 AM,1,12
2025,Waterfront Station,Sun/Hol,4:00 to 5:00 PM,1493,2179
2025,Waterfront Station,Sun/Hol,5:00 to 6:00 AM,32,41
2025,Waterfront Station,Sun/Hol,5:00 to 6:00 PM,1281,2164
2025,Waterfront Station,Sun/Hol,6:00 to 7:00 AM,120,75
2025,Waterfront Station,Sun/Hol,6:00 to 7:00 PM,1019,1835
2025,Waterfront Station,Sun/Hol,7:00 to 8:00 AM,520,295
2025,Waterfront Station,Sun/Hol,7:00 to 8:00 PM,813,1475
2025,Waterfront Station,Sun/Hol,8:00 to 9:00 AM,868,495
2025,Waterfront Station,Sun/Hol,8:00 to 9:00 PM,658,1168
2025,Waterfront Station,Sun/Hol,9:00 to 10:00 AM,1045,671
2025,Waterfront Station,Sun/Hol,9:00 to 10:00 PM,564,1022
2025,Waterfront Station,Sat,3:00 to 4:00 PM,1906,2178
2025,Waterfront Station,Sat,3:00 to 4:00 AM,1,1
2025,Waterfront Station,Sat,2:00 to 3:00 PM,1921,1795
2025,Waterfront Station,Sat,2:00 to 3:00 AM,1,1
2025,Waterfront Station,Sat,12:00 to 1:00 PM,1853,1227
2025,Waterfront Station,Sat,12:00 to 1:00 AM,233,638
2025,Waterfront Station,Sat,11:00 PM to 12:00 AM,450,1009
2025,Waterfront Station,Sat,11:00 AM to 12:00 PM,1802,1000
2025,Waterfront Station,Sat,10:00 to 11:00 PM,751,1148
2025,Waterfront Station,Sat,10:00 to 11:00 AM,1548,834
2025,Waterfront Station,Sat,1:00 to 2:00 PM,1881,1495
2025,Waterfront Station,Sat,1:00 to 2:00 AM,43,115
2025,Waterfront Station,MF,9:00 to 10:00 PM,641,1375
2025,Waterfront Station,MF,9:00 to 10:00 AM,2480,857
2025,Waterfront Station,MF,8:00 to 9:00 PM,658,1420
2025,Waterfront Station,MF,8:00 to 9:00 AM,3974,1671
2025,Waterfront Station,MF,7:00 to 8:00 PM,877,1733
2025,Waterfront Station,MF,7:00 to 8:00 AM,2293,1274
2025,Waterfront Station,MF,6:00 to 7:00 PM,1489,2686
2025,Waterfront Station,MF,6:00 to 7:00 AM,1208,698
2025,Waterfront Station,MF,5:00 to 6:00 PM,2387,4630
2025,Waterfront Station,MF,5:00 to 6:00 AM,284,162
2025,Waterfront Station,MF,4:00 to 5:00 PM,2728,4400
2025,Waterfront Station,MF,4:00 to 5:00 AM,1,10
2025,Waterfront Station,MF,3:00 to 4:00 PM,2145,3041
2025,Waterfront Station,MF,3:00 to 4:00 AM,1,1
2025,Waterfront Station,MF,2:00 to 3:00 PM,1586,1938
2025,Waterfront Station,MF,2:00 to 3:00 AM,1,1
2025,Waterfront Station,MF,12:00 to 1:00 PM,1542,1270
2025,Waterfront Station,MF,12:00 to 1:00 AM,140,362
2025,Waterfront Station,MF,11:00 PM to 12:00 AM,294,638
2025,Waterfront Station,MF,11:00 AM to 12:00 PM,1501,962
2025,Waterfront Station,MF,10:00 to 11:00 PM,509,921
2025,Waterfront Station,MF,10:00 to 11:00 AM,1566,807
2025,Waterfront Station,MF,1:00 to 2:00 PM,1498,1554
2025,Waterfront Station,MF,1:00 to 2:00 AM,30,57
2025,YVR-Airport Station,MF,1:00 to 2:00 AM,12,2
2025,YVR-Airport Station,MF,1:00 to 2:00 PM,529,595
2025,YVR-Airport Station,Sun/Hol,9:00 to 10:00 PM,188,440
2025,YVR-Airport Station,Sun/Hol,9:00 to 10:00 AM,466,263
2025,YVR-Airport Station,Sun/Hol,8:00 to 9:00 PM,250,391
2025,YVR-Airport Station,Sun/Hol,8:00 to 9:00 AM,405,173
2025,YVR-Airport Station,Sun/Hol,7:00 to 8:00 PM,257,373
2025,YVR-Airport Station,Sun/Hol,7:00 to 8:00 AM,401,202
2025,YVR-Airport Station,Sun/Hol,6:00 to 7:00 PM,288,412
2025,YVR-Airport Station,Sun/Hol,6:00 to 7:00 AM,459,107
2025,YVR-Airport Station,Sun/Hol,5:00 to 6:00 PM,300,500
2025,YVR-Airport Station,Sun/Hol,5:00 to 6:00 AM,313,64
2025,YVR-Airport Station,Sun/Hol,4:00 to 5:00 PM,378,679
2025,YVR-Airport Station,Sun/Hol,4:00 to 5:00 AM,0,3
2025,YVR-Airport Station,Sun/Hol,3:00 to 4:00 PM,424,712
2025,YVR-Airport Station,Sun/Hol,2:00 to 3:00 PM,533,666
2025,YVR-Airport Station,Sun/Hol,2:00 to 3:00 AM,0,0
2025,YVR-Airport Station,Sun/Hol,12:00 to 1:00 PM,470,593
2025,YVR-Airport Station,Sun/Hol,12:00 to 1:00 AM,21,232
2025,YVR-Airport Station,Sun/Hol,11:00 PM to 12:00 AM,35,373
2025,YVR-Airport Station,Sun/Hol,11:00 AM to 12:00 PM,506,496
2025,YVR-Airport Station,Sun/Hol,10:00 to 11:00 PM,104,492
2025,YVR-Airport Station,Sun/Hol,10:00 to 11:00 AM,609,356
2025,YVR-Airport Station,Sun/Hol,1:00 to 2:00 PM,475,584
2025,YVR-Airport Station,Sun/Hol,1:00 to 2:00 AM,11,1
2025,YVR-Airport Station,Sat,9:00 to 10:00 PM,209,384
2025,YVR-Airport Station,Sat,9:00 to 10:00 AM,508,282
2025,YVR-Airport Station,Sat,8:00 to 9:00 PM,258,342
2025,YVR-Airport Station,Sat,8:00 to 9:00 AM,409,206
2025,YVR-Airport Station,Sat,7:00 to 8:00 PM,267,332
2025,YVR-Airport Station,Sat,7:00 to 8:00 AM,465,218
2025,YVR-Airport Station,Sat,6:00 to 7:00 PM,247,365
2025,YVR-Airport Station,Sat,6:00 to 7:00 AM,508,109
2025,YVR-Airport Station,Sat,5:00 to 6:00 PM,322,494
2025,YVR-Airport Station,Sat,5:00 to 6:00 AM,342,65
2025,YVR-Airport Station,Sat,4:00 to 5:00 PM,342,622
2025,YVR-Airport Station,MF,10:00 to 11:00 AM,539,364
2025,YVR-Airport Station,MF,10:00 to 11:00 PM,124,445
2025,YVR-Airport Station,MF,11:00 AM to 12:00 PM,575,487
2025,YVR-Airport Station,MF,11:00 PM to 12:00 AM,40,354
2025,YVR-Airport Station,MF,12:00 to 1:00 AM,22,219
2025,YVR-Airport Station,MF,12:00 to 1:00 PM,425,601
2025,YVR-Airport Station,MF,2:00 to 3:00 AM,0,0
2025,YVR-Airport Station,MF,2:00 to 3:00 PM,517,695
2025,YVR-Airport Station,MF,3:00 to 4:00 AM,0,0
2025,YVR-Airport Station,MF,3:00 to 4:00 PM,471,828
2025,YVR-Airport Station,MF,4:00 to 5:00 AM,0,5
2025,YVR-Airport Station,MF,4:00 to 5:00 PM,399,829
2025,YVR-Airport Station,MF,5:00 to 6:00 AM,392,69
2025,YVR-Airport Station,MF,5:00 to 6:00 PM,341,609
2025,YVR-Airport Station,MF,6:00 to 7:00 AM,645,114
2025,YVR-Airport Station,MF,6:00 to 7:00 PM,278,419
2025,YVR-Airport Station,MF,7:00 to 8:00 AM,625,234
2025,YVR-Airport Station,MF,7:00 to 8:00 PM,266,339
2025,YVR-Airport Station,MF,8:00 to 9:00 AM,560,201
2025,YVR-Airport Station,MF,8:00 to 9:00 PM,267,353
2025,YVR-Airport Station,MF,9:00 to 10:00 AM,540,282
2025,YVR-Airport Station,MF,9:00 to 10:00 PM,219,405
2025,YVR-Airport Station,Sat,1:00 to 2:00 AM,14,1
2025,YVR-Airport Station,Sat,1:00 to 2:00 PM,496,564
2025,YVR-Airport Station,Sat,10:00 to 11:00 AM,527,368
2025,YVR-Airport Station,Sat,10:00 to 11:00 PM,126,439
2025,YVR-Airport Station,Sat,11:00 AM to 12:00 PM,529,498
2025,YVR-Airport Station,Sat,11:00 PM to 12:00 AM,44,353
2025,YVR-Airport Station,Sat,12:00 to 1:00 AM,25,224
2025,YVR-Airport Station,Sat,12:00 to 1:00 PM,380,571
2025,YVR-Airport Station,Sat,2:00 to 3:00 AM,0,0
2025,YVR-Airport Station,Sat,2:00 to 3:00 PM,484,618
2025,YVR-Airport Station,Sat,3:00 to 4:00 PM,473,659
2025,YVR-Airport Station,Sat,4:00 to 5:00 AM,0,3
2025,Yaletown-Roundhouse Station,Sat,4:00 to 5:00 AM,1,12
2025,Yaletown-Roundhouse Station,Sat,4:00 to 5:00 PM,706,606
2025,Yaletown-Roundhouse Station,Sat,5:00 to 6:00 AM,27,55
2025,Yaletown-Roundhouse Station,Sat,5:00 to 6:00 PM,716,548
2025,Yaletown-Roundhouse Station,Sat,6:00 to 7:00 AM,105,112
2025,Yaletown-Roundhouse Station,Sat,6:00 to 7:00 PM,622,505
2025,Yaletown-Roundhouse Station,Sat,7:00 to 8:00 AM,208,178
2025,Yaletown-Roundhouse Station,Sat,7:00 to 8:00 PM,443,443
2025,Yaletown-Roundhouse Station,Sat,8:00 to 9:00 AM,249,223
2025,Yaletown-Roundhouse Station,Sat,8:00 to 9:00 PM,379,399
2025,Yaletown-Roundhouse Station,Sat,9:00 to 10:00 AM,362,317
2025,Yaletown-Roundhouse Station,Sat,9:00 to 10:00 PM,325,416
2025,Yaletown-Roundhouse Station,Sun/Hol,1:00 to 2:00 AM,13,15
2025,Yaletown-Roundhouse Station,Sun/Hol,1:00 to 2:00 PM,506,442
2025,Yaletown-Roundhouse Station,Sun/Hol,10:00 to 11:00 AM,327,364
2025,Yaletown-Roundhouse Station,Sun/Hol,10:00 to 11:00 PM,174,240
2025,Yaletown-Roundhouse Station,Sun/Hol,11:00 AM to 12:00 PM,385,389
2025,Yaletown-Roundhouse Station,Sun/Hol,11:00 PM to 12:00 AM,101,162
2025,Yaletown-Roundhouse Station,Sun/Hol,12:00 to 1:00 AM,48,73
2025,Yaletown-Roundhouse Station,Sun/Hol,12:00 to 1:00 PM,459,419
2025,Yaletown-Roundhouse Station,Sun/Hol,2:00 to 3:00 AM,1,0
2025,Yaletown-Roundhouse Station,Sun/Hol,2:00 to 3:00 PM,516,485
2025,Yaletown-Roundhouse Station,Sun/Hol,3:00 to 4:00 AM,0,0
2025,Yaletown-Roundhouse Station,Sun/Hol,3:00 to 4:00 PM,539,521
2025,Yaletown-Roundhouse Station,Sun/Hol,4:00 to 5:00 AM,0,13
2025,Yaletown-Roundhouse Station,Sun/Hol,4:00 to 5:00 PM,540,530
2025,Yaletown-Roundhouse Station,Sun/Hol,5:00 to 6:00 AM,27,51
2025,Yaletown-Roundhouse Station,Sun/Hol,5:00 to 6:00 PM,499,483
2025,Yaletown-Roundhouse Station,Sun/Hol,6:00 to 7:00 AM,109,103
2025,Yaletown-Roundhouse Station,Sun/Hol,6:00 to 7:00 PM,419,426
2025,Yaletown-Roundhouse Station,Sun/Hol,7:00 to 8:00 AM,202,152
2025,Yaletown-Roundhouse Station,Sun/Hol,7:00 to 8:00 PM,312,377
2025,Yaletown-Roundhouse Station,Sun/Hol,8:00 to 9:00 AM,187,176
2025,Yaletown-Roundhouse Station,Sun/Hol,8:00 to 9:00 PM,252,334
2025,Yaletown-Roundhouse Station,Sun/Hol,9:00 to 10:00 AM,277,253
2025,Yaletown-Roundhouse Station,Sun/Hol,9:00 to 10:00 PM,211,293
2025,Yaletown-Roundhouse Station,Sat,3:00 to 4:00 PM,643,600
2025,Yaletown-Roundhouse Station,Sat,3:00 to 4:00 AM,0,0
2025,Yaletown-Roundhouse Station,Sat,2:00 to 3:00 PM,594,547
2025,Yaletown-Roundhouse Station,Sat,2:00 to 3:00 AM,1,0
2025,Yaletown-Roundhouse Station,Sat,12:00 to 1:00 PM,527,471
2025,Yaletown-Roundhouse Station,Sat,12:00 to 1:00 AM,81,216
2025,Yaletown-Roundhouse Station,Sat,11:00 PM to 12:00 AM,154,359
2025,Yaletown-Roundhouse Station,Sat,11:00 AM to 12:00 PM,461,443
2025,Yaletown-Roundhouse Station,Sat,10:00 to 11:00 PM,252,397
2025,Yaletown-Roundhouse Station,Sat,10:00 to 11:00 AM,391,379
2025,Yaletown-Roundhouse Station,Sat,1:00 to 2:00 PM,552,494
2025,Yaletown-Roundhouse Station,Sat,1:00 to 2:00 AM,21,51
2025,Yaletown-Roundhouse Station,MF,9:00 to 10:00 PM,256,376
2025,Yaletown-Roundhouse Station,MF,9:00 to 10:00 AM,591,437
2025,Yaletown-Roundhouse Station,MF,8:00 to 9:00 PM,291,382
2025,Yaletown-Roundhouse Station,MF,8:00 to 9:00 AM,674,638
2025,Yaletown-Roundhouse Station,MF,7:00 to 8:00 PM,385,462
2025,Yaletown-Roundhouse Station,MF,7:00 to 8:00 AM,492,500
2025,Yaletown-Roundhouse Station,MF,6:00 to 7:00 PM,691,641
2025,Yaletown-Roundhouse Station,MF,6:00 to 7:00 AM,218,304
2025,Yaletown-Roundhouse Station,MF,5:00 to 6:00 PM,918,857
2025,Yaletown-Roundhouse Station,MF,5:00 to 6:00 AM,37,90
2025,Yaletown-Roundhouse Station,MF,4:00 to 5:00 PM,859,826
2025,Yaletown-Roundhouse Station,MF,4:00 to 5:00 AM,0,14
2025,Yaletown-Roundhouse Station,MF,3:00 to 4:00 PM,663,645
2025,Yaletown-Roundhouse Station,MF,3:00 to 4:00 AM,0,0
2025,Yaletown-Roundhouse Station,MF,2:00 to 3:00 PM,527,511
2025,Yaletown-Roundhouse Station,MF,2:00 to 3:00 AM,1,0
2025,Yaletown-Roundhouse Station,MF,12:00 to 1:00 PM,468,425
2025,Yaletown-Roundhouse Station,MF,1:00 to 2:00 AM,14,21
2025,Yaletown-Roundhouse Station,MF,1:00 to 2:00 PM,462,441
2025,Yaletown-Roundhouse Station,MF,10:00 to 11:00 AM,404,388
2025,Yaletown-Roundhouse Station,MF,10:00 to 11:00 PM,199,277
2025,Yaletown-Roundhouse Station,MF,11:00 AM to 12:00 PM,400,389
2025,Yaletown-Roundhouse Station,MF,11:00 PM to 12:00 AM,106,199
2025,Yaletown-Roundhouse Station,MF,12:00 to 1:00 AM,56,94
